station_code,station_name,state_name,state_code,state_border_key,station_state_border_key,railway_zone,is_corridor_station,total_halt_events
AA,Ataria,Uttar Pradesh,UP,SB-UP,SB-UP-AA,NER,0,8
AABH,AMBIKA BHAWANI HALT,Bihar,BR,SB-BR,SB-BR-AABH,IR,0,4
AADR,Amb Andaura,Himachal Pradesh,HP,SB-HP,SB-HP-AADR,IR,0,21
AAG,Angar,Maharashtra,MH,SB-MH,SB-MH-AAG,IR,0,4
AAGH,ANTAGARH,Chhattisgarh,CG,SB-CG,SB-CG-AAGH,IR,0,6
AAH,Itehar,Madhya Pradesh,MP,SB-MP,SB-MP-AAH,NCR,0,6
AAK,ANKAI KILA,Uttar Pradesh,UP,SB-UP,SB-UP-AAK,NR,0,0
AAL,Amlai,Madhya Pradesh,MP,SB-MP,SB-MP-AAL,IR,0,28
AAM,Angadippuram,Kerala,KL,SB-KL,SB-KL-AAM,SR,0,16
AAP,Ambiapur,Uttar Pradesh,UP,SB-UP,SB-UP-AAP,IR,0,8
AAR,Adesar,Gujarat,GJ,SB-GJ,SB-GJ-AAR,WR,0,6
AAS,Asranada,Rajasthan,RJ,SB-RJ,SB-RJ-AAS,IR,0,8
AAV,Ambav,Gujarat,GJ,SB-GJ,SB-GJ-AAV,WR,0,0
AAY,Aralvaymozhi,Tamil Nadu,TN,SB-TN,SB-TN-AAY,SR,0,10
AB,Ambur,Tamil Nadu,TN,SB-TN,SB-TN-AB,IR,0,29
ABB,Abada,West Bengal,WB,SB-WB,SB-WB-ABB,SER,0,120
ABD,Ambli Road,Gujarat,GJ,SB-GJ,SB-GJ-ABD,IR,0,14
ABE,Ambikeshwar,Madhya Pradesh,MP,SB-MP,SB-MP-ABE,NCR,0,6
ABEO,Pattaravakkam,Uttar Pradesh,UP,SB-UP,SB-UP-ABEO,NR,0,0
ABFC,Ambari Falakata,West Bengal,WB,SB-WB,SB-WB-ABFC,ER,0,8
ABGM,AMBALGRAM,West Bengal,WB,SB-WB,SB-WB-ABGM,IR,0,8
ABGT,Arabagatta H,Karnataka,KA,SB-KA,SB-KA-ABGT,SWR,0,2
ABH,Ambarnath,Maharashtra,MH,SB-MH,SB-MH-ABH,IR,0,232
ABI,Ambaturai,Tamil Nadu,TN,SB-TN,SB-TN-ABI,IR,0,12
ABKA,Ambika Kalna,West Bengal,WB,SB-WB,SB-WB-ABKA,ER,0,59
ABKP,Ambikapur,Chhattisgarh,CG,SB-CG,SB-CG-ABKP,SECR,0,12
ABLE,Ambale,Maharashtra,MH,SB-MH,SB-MH-ABLE,CR,0,3
ABO,Asthal Bohar,Haryana,HR,SB-HR,SB-HR-ABO,NR,0,22
ABP,Akbarpur,Uttar Pradesh,UP,SB-UP,SB-UP-ABP,IR,0,46
ABR,Abu Road,Rajasthan,RJ,SB-RJ,SB-RJ-ABR,NWR,1,127
ABRV,AMBARI RICHHAVI,Gujarat,GJ,SB-GJ,SB-GJ-ABRV,IR,0,9
ABS,Abohar,Punjab,PB,SB-PB,SB-PB-ABS,NR,0,28
ABSA,Ambasa,Tripura,TR,SB-TR,SB-TR-ABSA,NFR,0,28
ABT,AMBAGARATTUR,Tamil Nadu,TN,SB-TN,SB-TN-ABT,IR,0,4
ABU,Ambattur,Tamil Nadu,TN,SB-TN,SB-TN-ABU,SR,0,224
ABW,Abutara Halt,West Bengal,WB,SB-WB,SB-WB-ABW,ER,0,4
ABX,Ambari,Maharashtra,MH,SB-MH,SB-MH-ABX,SCR,0,4
ABY,Ambivli,Maharashtra,MH,SB-MH,SB-MH-ABY,CR,0,155
ABZ,Adgaon Buzurg,Maharashtra,MH,SB-MH,SB-MH-ABZ,SCR,0,0
ACAB,A-CABIN BONDAMUNDA,Uttar Pradesh,UP,SB-UP,SB-UP-ACAB,NR,0,0
ACG,ACHEGAON,Maharashtra,MH,SB-MH,SB-MH-ACG,IR,0,2
ACH,Achalganj,Uttar Pradesh,UP,SB-UP,SB-UP-ACH,NR,0,4
ACK,Acharapakkam,Tamil Nadu,TN,SB-TN,SB-TN-ACK,SR,0,4
ACL,ANCHELI,Gujarat,GJ,SB-GJ,SB-GJ-ACL,WR,0,19
ACLE,Azimganj City,West Bengal,WB,SB-WB,SB-WB-ACLE,ER,0,31
ACLN,NEW ANCHELI,Gujarat,GJ,SB-GJ,SB-GJ-ACLN,WR,0,2
ACN,ADHICHCHANUR,Tamil Nadu,TN,SB-TN,SB-TN-ACN,IR,0,6
ACND,A N Dev Nagar,Punjab,PB,SB-PB,SB-PB-ACND,IR,0,0
ACRN,ACHIRNE,Maharashtra,MH,SB-MH,SB-MH-ACRN,IR,0,2
ACU,ACHUARA HALT,Bihar,BR,SB-BR,SB-BR-ACU,IR,0,7
AD,Adoni,Andhra Pradesh,AP,SB-AP,SB-AP-AD,IR,1,79
ADB,Adilabad,Telangana,TS,SB-TS,SB-TS-ADB,SCR,0,16
ADD,Adas Road,Maharashtra,MH,SB-MH,SB-MH-ADD,IR,0,10
ADE,ADARI ROAD,Gujarat,GJ,SB-GJ,SB-GJ-ADE,WR,0,4
ADF,ADINA,Uttar Pradesh,UP,SB-UP,SB-UP-ADF,IR,0,12
ADH,Andheri,Maharashtra,MH,SB-MH,SB-MH-ADH,WR,0,37
ADHL,ADIHALLI,Karnataka,KA,SB-KA,SB-KA-ADHL,SWR,0,8
ADHT,ASHOKDHAM,Bihar,BR,SB-BR,SB-BR-ADHT,IR,0,2
ADI,Ahmedabad Junction,Gujarat,GJ,SB-GJ,SB-GJ-ADI,IR,1,302
ADIJ,AHMEDABAD JN,Uttar Pradesh,UP,SB-UP,SB-UP-ADIJ,NR,0,0
ADL,ANDUL,West Bengal,WB,SB-WB,SB-WB-ADL,IR,0,161
ADPT,ANDIPATTI,Tamil Nadu,TN,SB-TN,SB-TN-ADPT,IR,0,6
ADQ,Adhikari,West Bengal,WB,SB-WB,SB-WB-ADQ,IR,0,12
ADR,Mandi Adampur,Haryana,HR,SB-HR,SB-HR-ADR,NWR,0,24
ADRA,Adra Junction,West Bengal,WB,SB-WB,SB-WB-ADRA,ER,1,104
ADRE,ADRA EAST CABIN,Uttar Pradesh,UP,SB-UP,SB-UP-ADRE,NR,0,0
ADSR,ADSR,Uttar Pradesh,UP,SB-UP,SB-UP-ADSR,NR,0,0
ADST,ADI SAPTAGRAM,West Bengal,WB,SB-WB,SB-WB-ADST,IR,0,63
ADT,ADUTURAI,Tamil Nadu,TN,SB-TN,SB-TN-ADT,SR,0,20
ADTL,ADHARTAL,Madhya Pradesh,MP,SB-MP,SB-MP-ADTL,WCR,0,10
ADTP,Adityapur,Jharkhand,JH,SB-JH,SB-JH-ADTP,IR,0,34
ADVI,ADAVALI,Maharashtra,MH,SB-MH,SB-MH-ADVI,KR,0,31
ADX,ADAPUR,Bihar,BR,SB-BR,SB-BR-ADX,IR,0,12
AE,Amreli,Gujarat,GJ,SB-GJ,SB-GJ-AE,WR,0,0
AED,Aulenda,Uttar Pradesh,UP,SB-UP,SB-UP-AED,NCR,0,6
AEH,ANANT PAITH,Madhya Pradesh,MP,SB-MP,SB-MP-AEH,IR,0,2
AEJ,ARNEJ,Gujarat,GJ,SB-GJ,SB-GJ-AEJ,WR,0,6
AEK,Anekal Road,Karnataka,KA,SB-KA,SB-KA-AEK,SWR,0,12
AEL,Ateli,Haryana,HR,SB-HR,SB-HR-AEL,NWR,0,30
AEP,Amreli Para,Gujarat,GJ,SB-GJ,SB-GJ-AEP,WR,0,0
AEX,Adderi,Karnataka,KA,SB-KA,SB-KA-AEX,IR,0,4
AF,Agra Fort,Uttar Pradesh,UP,SB-UP,SB-UP-AF,IR,0,42
AFK,Angamaly,Kerala,KL,SB-KL,SB-KL-AFK,IR,0,49
AFR,Asafpur,Uttar Pradesh,UP,SB-UP,SB-UP-AFR,NR,0,12
AG,Aranghata,West Bengal,WB,SB-WB,SB-WB-AG,ER,0,46
AGA,Agra City,Uttar Pradesh,UP,SB-UP,SB-UP-AGA,IR,0,6
AGAE,AGRADWIP,West Bengal,WB,SB-WB,SB-WB-AGAE,ER,0,42
AGAS,Agas,Gujarat,GJ,SB-GJ,SB-GJ-AGAS,IR,0,16
AGB,Ambagaon,Odisha,OD,SB-OD,SB-OD-AGB,ECOR,0,2
AGC,Agra Cantonment,Uttar Pradesh,UP,SB-UP,SB-UP-AGC,IR,1,226
AGCI,Angadi,Gujarat,GJ,SB-GJ,SB-GJ-AGCI,WR,0,13
AGD,Agasod,Madhya Pradesh,MP,SB-MP,SB-MP-AGD,IR,0,2
AGDL,AGRAN DHULGAON,Maharashtra,MH,SB-MH,SB-MH-AGDL,CR,0,0
AGE,Angai,Rajasthan,RJ,SB-RJ,SB-RJ-AGE,NCR,0,0
AGI,Amguri,Assam,AS,SB-AS,SB-AS-AGI,NFR,0,14
AGL,AMARGOL,Karnataka,KA,SB-KA,SB-KA-AGL,SWR,0,0
AGM,AGARAM SIBBANDI,Tamil Nadu,TN,SB-TN,SB-TN-AGM,IR,0,3
AGMN,Agomoni,Assam,AS,SB-AS,SB-AS-AGMN,NFR,0,6
AGN,Amgaon,Maharashtra,MH,SB-MH,SB-MH-AGN,IR,1,27
AGP,AGARPARA,West Bengal,WB,SB-WB,SB-WB-AGP,IR,0,205
AGQ,ASIRGARH ROAD,Madhya Pradesh,MP,SB-MP,SB-MP-AGQ,CR,0,0
AGR,AMARGARH,Madhya Pradesh,MP,SB-MP,SB-MP-AGR,IR,0,8
AGT,Agthori,Assam,AS,SB-AS,SB-AS-AGT,NFR,0,12
AGTL,Agartala,Tripura,TR,SB-TR,SB-TR-AGTL,NFR,0,40
AGTR,Agauthar Halt,Bihar,BR,SB-BR,SB-BR-AGTR,IR,0,6
AGV,ANGUA,Andhra Pradesh,AP,SB-AP,SB-AP-AGV,IR,0,11
AGX,AGASTIYAMPALLI,Tamil Nadu,TN,SB-TN,SB-TN-AGX,IR,0,4
AGY,Agori Khas,Uttar Pradesh,UP,SB-UP,SB-UP-AGY,NCR,0,4
AGZ,AMAGURA,Chhattisgarh,CG,SB-CG,SB-CG-AGZ,ECOR,0,2
AH,Achhnera Junction,Uttar Pradesh,UP,SB-UP,SB-UP-AH,IR,0,56
AHA,Abhaipur,Bihar,BR,SB-BR,SB-BR-AHA,ER,0,83
AHD,AHERWADI,Karnataka,KA,SB-KA,SB-KA-AHD,SWR,0,0
AHH,Ahmadgarh,Punjab,PB,SB-PB,SB-PB-AHH,NR,0,20
AHI,ASHTI,Maharashtra,MH,SB-MH,SB-MH-AHI,CR,0,0
AHJU,AHJU,Himachal Pradesh,HP,SB-HP,SB-HP-AHJU,NR,0,2
AHL,AJHARAIL,Bihar,BR,SB-BR,SB-BR-AHL,IR,0,6
AHLR,Ahalyapur,Uttar Pradesh,UP,SB-UP,SB-UP-AHLR,IR,0,6
AHM,AHIMANPUR,Uttar Pradesh,UP,SB-UP,SB-UP-AHM,NER,0,8
AHMP,ADARSH MANPUR,Bihar,BR,SB-BR,SB-BR-AHMP,IR,0,2
AHN,AHIRAN,West Bengal,WB,SB-WB,SB-WB-AHN,ER,0,14
AHO,Adarshnagar,Rajasthan,RJ,SB-RJ,SB-RJ-AHO,NWR,0,2
AHQ,AHERA HALT,Uttar Pradesh,UP,SB-UP,SB-UP-AHQ,NR,0,22
AHT,AMGHATA,West Bengal,WB,SB-WB,SB-WB-AHT,IR,0,10
AHU,Ahirauli,Uttar Pradesh,UP,SB-UP,SB-UP-AHU,NER,0,4
AHZ,ADHINPUR,Uttar Pradesh,UP,SB-UP,SB-UP-AHZ,IR,0,2
AI,Adipur,Gujarat,GJ,SB-GJ,SB-GJ-AI,WR,0,12
AIA,Ajaraka,Rajasthan,RJ,SB-RJ,SB-RJ-AIA,NWR,0,8
AIG,Algawan,Uttar Pradesh,UP,SB-UP,SB-UP-AIG,IR,0,4
AIH,ALAWALPUR I PUR,Uttar Pradesh,UP,SB-UP,SB-UP-AIH,NR,0,17
AII,Ajmer Junction,Rajasthan,RJ,SB-RJ,SB-RJ-AII,NWR,1,195
AILM,AILAM,Uttar Pradesh,UP,SB-UP,SB-UP-AILM,NR,0,20
AIP,Athipattu,Tamil Nadu,TN,SB-TN,SB-TN-AIP,SR,0,90
AIPP,Athipattu Pudhunagar,Tamil Nadu,TN,SB-TN,SB-TN-AIPP,SR,0,90
AIR,ALINDRA ROAD,Uttar Pradesh,UP,SB-UP,SB-UP-AIR,NR,0,0
AIRL,AIROLI,Maharashtra,MH,SB-MH,SB-MH-AIRL,IR,0,2
AIT,Ait,Uttar Pradesh,UP,SB-UP,SB-UP-AIT,IR,0,24
AJ,Ajgain,Uttar Pradesh,UP,SB-UP,SB-UP-AJ,IR,0,11
AJE,Anjar,Gujarat,GJ,SB-GJ,SB-GJ-AJE,WR,0,16
AJH,Ajhai,Uttar Pradesh,UP,SB-UP,SB-UP-AJH,IR,0,14
AJI,Anjhi Shahabad,Uttar Pradesh,UP,SB-UP,SB-UP-AJI,IR,0,16
AJIT,Ajit,Rajasthan,RJ,SB-RJ,SB-RJ-AJIT,NWR,0,10
AJJ,Arakkonam Junction,Tamil Nadu,TN,SB-TN,SB-TN-AJJ,SR,1,250
AJJN,ARAKKONAM JN NORTH,Uttar Pradesh,UP,SB-UP,SB-UP-AJJN,NR,0,0
AJK,AJAKOLLU,Andhra Pradesh,AP,SB-AP,SB-AP-AJK,IR,0,5
AJKI,AJITKHERI,Madhya Pradesh,MP,SB-MP,SB-MP-AJKI,WR,0,0
AJL,Ajitwal,Punjab,PB,SB-PB,SB-PB-AJL,NR,0,13
AJLE,AZIMGANJ JN CABIN,Uttar Pradesh,UP,SB-UP,SB-UP-AJLE,NR,0,0
AJM,Adraj Moti,Gujarat,GJ,SB-GJ,SB-GJ-AJM,WR,0,0
AJN,Ajnod,Madhya Pradesh,MP,SB-MP,SB-MP-AJN,WR,0,12
AJNI,Ajni,Maharashtra,MH,SB-MH,SB-MH-AJNI,IR,1,28
AJP,AJJAMPUR,Karnataka,KA,SB-KA,SB-KA-AJP,SWR,0,16
AJR,Ajaibpur,Uttar Pradesh,UP,SB-UP,SB-UP-AJR,IR,0,22
AJRE,Aujari,Assam,AS,SB-AS,SB-AS-AJRE,NFR,0,4
AJTM,AJITGILL MATTA,Punjab,PB,SB-PB,SB-PB-AJTM,NR,0,9
AJU,Arjuni,Maharashtra,MH,SB-MH,SB-MH-AJU,SECR,0,9
AJUG,ABJUGANJ,Bihar,BR,SB-BR,SB-BR-AJUG,IR,0,12
AK,Akola Junction,Maharashtra,MH,SB-MH,SB-MH-AK,IR,1,181
AKAT,AKKAMPET,Andhra Pradesh,AP,SB-AP,SB-AP-AKAT,IR,0,28
AKD,Akodia,Madhya Pradesh,MP,SB-MP,SB-MP-AKD,IR,0,29
AKE,Akanapet,Andhra Pradesh,AP,SB-AP,SB-AP-AKE,SCR,0,26
AKI,ADARKI,Maharashtra,MH,SB-MH,SB-MH-AKI,CR,0,0
AKIP,Anakapalle,Andhra Pradesh,AP,SB-AP,SB-AP-AKIP,IR,0,35
AKJ,Akbarganj,Uttar Pradesh,UP,SB-UP,SB-UP-AKJ,IR,0,4
AKK,Akkihebbalu,Karnataka,KA,SB-KA,SB-KA-AKK,SWR,0,10
AKL,Anakhol,Gujarat,GJ,SB-GJ,SB-GJ-AKL,WR,0,0
AKLA,AKLERA,Rajasthan,RJ,SB-RJ,SB-RJ-AKLA,IR,0,8
AKM,ARAMBAKKAM,Andhra Pradesh,AP,SB-AP,SB-AP-AKM,IR,0,28
AKN,AKBARNAGAR,Bihar,BR,SB-BR,SB-BR-AKN,IR,0,32
AKNR,ADHYATMIK NAGAR,Uttar Pradesh,UP,SB-UP,SB-UP-AKNR,IR,0,4
AKOR,Akalkot Road,Maharashtra,MH,SB-MH,SB-MH-AKOR,IR,1,24
AKOT,Akot,Maharashtra,MH,SB-MH,SB-MH-AKOT,SCR,0,6
AKP,ANAKAPALLE,Andhra Pradesh,AP,SB-AP,SB-AP-AKP,SCR,1,103
AKR,Akolner,Maharashtra,MH,SB-MH,SB-MH-AKR,IR,0,2
AKRA,Akra,West Bengal,WB,SB-WB,SB-WB-AKRA,ER,0,54
AKRD,Akurdi,Maharashtra,MH,SB-MH,SB-MH-AKRD,IR,0,42
AKS,ANKUSPUR,Uttar Pradesh,UP,SB-UP,SB-UP-AKS,NER,0,14
AKT,Akaltara,Chhattisgarh,CG,SB-CG,SB-CG-AKT,IR,1,48
AKU,ANGALAKUDURU,Andhra Pradesh,AP,SB-AP,SB-AP-AKU,SCR,0,0
AKV,Ankleshwar Junction,Gujarat,GJ,SB-GJ,SB-GJ-AKV,IR,0,87
AKVD,Akividu,Andhra Pradesh,AP,SB-AP,SB-AP-AKVD,SCR,0,62
AKW,Akora,Rajasthan,RJ,SB-RJ,SB-RJ-AKW,NCR,0,4
AKY,AKKURTI,Uttar Pradesh,UP,SB-UP,SB-UP-AKY,NR,0,0
AKZ,Akashi,Jharkhand,JH,SB-JH,SB-JH-AKZ,SER,0,7
AL,ATTILI,Andhra Pradesh,AP,SB-AP,SB-AP-AL,SCR,0,20
ALAI,ALAI,Rajasthan,RJ,SB-RJ,SB-RJ-ALAI,IR,0,2
ALAL,ALAL,Punjab,PB,SB-PB,SB-PB-ALAL,IR,0,5
ALAT,AVULADATLA,Andhra Pradesh,AP,SB-AP,SB-AP-ALAT,IR,0,2
ALAU,ALAU,Gujarat,GJ,SB-GJ,SB-GJ-ALAU,IR,0,6
ALB,Alia Bada,Odisha,OD,SB-OD,SB-OD-ALB,WR,0,6
ALD,Allahabad Junction,Uttar Pradesh,UP,SB-UP,SB-UP-ALD,IR,0,0
ALER,Aler,Telangana,TS,SB-TS,SB-TS-ALER,IR,0,24
ALGP,Algapur,Assam,AS,SB-AS,SB-AS-ALGP,NFR,0,4
ALJ,ALAI,Uttarakhand,UK,SB-UK,SB-UK-ALJ,NER,0,10
ALJN,Aligarh Junction,Uttar Pradesh,UP,SB-UP,SB-UP-ALJN,IR,1,133
ALK,ALAKKUDI,Tamil Nadu,TN,SB-TN,SB-TN-ALK,SR,0,19
ALL,ALAL,Punjab,PB,SB-PB,SB-PB-ALL,NR,0,0
ALLP,Alappuzha,Kerala,KL,SB-KL,SB-KL-ALLP,IR,0,71
ALM,ALAMANDA,Andhra Pradesh,AP,SB-AP,SB-AP-ALM,IR,0,12
ALMR,ALAMPUR,Gujarat,GJ,SB-GJ,SB-GJ-ALMR,WR,0,10
ALMW,ALMAW,Uttar Pradesh,UP,SB-UP,SB-UP-ALMW,NER,0,8
ALN,ALANDI,Maharashtra,MH,SB-MH,SB-MH-ALN,CR,0,2
ALNI,Alniya,Rajasthan,RJ,SB-RJ,SB-RJ-ALNI,IR,0,14
ALNP,Akelahanspur Halt,Uttar Pradesh,UP,SB-UP,SB-UP-ALNP,NER,0,8
ALP,ALAPAKAM,Tamil Nadu,TN,SB-TN,SB-TN-ALP,SR,0,8
ALPD,ADALPAHARI,Jharkhand,JH,SB-JH,SB-JH-ALPD,IR,0,2
ALPR,ALAMPUR ROAD,Andhra Pradesh,AP,SB-AP,SB-AP-ALPR,IR,0,4
ALS,Amlori Sarsar,Bihar,BR,SB-BR,SB-BR-ALS,NER,0,14
ALU,Ariyalur,Tamil Nadu,TN,SB-TN,SB-TN-ALU,IR,0,48
ALUH,ALAULI,Bihar,BR,SB-BR,SB-BR-ALUH,IR,0,2
ALUR,Alur Halt,Karnataka,KA,SB-KA,SB-KA-ALUR,SWR,0,0
ALV,Anklav,Gujarat,GJ,SB-GJ,SB-GJ-ALV,WR,0,0
ALW,ALWAL,Andhra Pradesh,AP,SB-AP,SB-AP-ALW,SCR,0,28
ALY,Allahabad City,Uttar Pradesh,UP,SB-UP,SB-UP-ALY,NER,0,0
AMA,ATAMANDA,Uttar Pradesh,UP,SB-UP,SB-UP-AMA,NER,0,10
AMB,Ambodala,Odisha,OD,SB-OD,SB-OD-AMB,IR,0,22
AMBG,ARAMBAG,West Bengal,WB,SB-WB,SB-WB-AMBG,IR,0,39
AMBR,Ambika Rohina,Maharashtra,MH,SB-MH,SB-MH-AMBR,SCR,0,0
AMC,Amritapura,Karnataka,KA,SB-KA,SB-KA-AMC,SWR,0,6
AMD,AMILA,Uttar Pradesh,UP,SB-UP,SB-UP-AMD,IR,0,4
AMDI,Amdi Halt,Maharashtra,MH,SB-MH,SB-MH-AMDI,SECR,0,4
AME,Amethi,Uttar Pradesh,UP,SB-UP,SB-UP-AME,IR,0,52
AMG,Alamnagar,Bihar,BR,SB-BR,SB-BR-AMG,IR,0,45
AMGA,AMJONGA,Assam,AS,SB-AS,SB-AS-AMGA,IR,0,10
AMGU,AMMUGUDA,Telangana,TS,SB-TS,SB-TS-AMGU,SCR,0,4
AMH,Azamgarh,Uttar Pradesh,UP,SB-UP,SB-UP-AMH,IR,0,38
AMHA,,Rajasthan,RJ,SB-RJ,SB-RJ-AMHA,IR,0,4
AMI,Amravati,Maharashtra,MH,SB-MH,SB-MH-AMI,CR,0,24
AMIN,Machavaram,Andhra Pradesh,AP,SB-AP,SB-AP-AMIN,IR,0,8
AMJ,Amin Gaon,Assam,AS,SB-AS,SB-AS-AMJ,NFR,0,0
AML,Amalsad,Gujarat,GJ,SB-GJ,SB-GJ-AML,WR,0,28
AMLA,Amla Junction,Madhya Pradesh,MP,SB-MP,SB-MP-AMLA,IR,1,57
AMLI,AMLI,Rajasthan,RJ,SB-RJ,SB-RJ-AMLI,IR,0,10
AMLO,AMLO,Jharkhand,JH,SB-JH,SB-JH-AMLO,ECR,0,6
AMLP,Amalpur,Gujarat,GJ,SB-GJ,SB-GJ-AMLP,WR,0,10
AMLR,AMALA NAGAR,Kerala,KL,SB-KL,SB-KL-AMLR,SR,0,0
AMLX,AMLX,Uttar Pradesh,UP,SB-UP,SB-UP-AMLX,NR,0,0
AMM,Atirampattinam,Tamil Nadu,TN,SB-TN,SB-TN-AMM,SR,0,12
AMNE,AMALNER B,Maharashtra,MH,SB-MH,SB-MH-AMNE,IR,0,2
AMNR,Ammanur,Tamil Nadu,TN,SB-TN,SB-TN-AMNR,SR,0,8
AMO,Amolwa,Bihar,BR,SB-BR,SB-BR-AMO,ECR,0,4
AMOD,Amod,Gujarat,GJ,SB-GJ,SB-GJ-AMOD,WR,0,0
AMP,Ahmedpur Junction,West Bengal,WB,SB-WB,SB-WB-AMP,ER,0,40
AMPA,Ambalappuzha,Kerala,KL,SB-KL,SB-KL-AMPA,SR,0,27
AMPL,AMMAPALLI HALT,Bihar,BR,SB-BR,SB-BR-AMPL,IR,0,14
AMPR,AMARPURA RATHAN,Rajasthan,RJ,SB-RJ,SB-RJ-AMPR,NWR,0,4
AMQ,AMMUGUDA,Andhra Pradesh,AP,SB-AP,SB-AP-AMQ,SCR,0,28
AMRA,AMHA PIPRA,Bihar,BR,SB-BR,SB-BR-AMRA,IR,0,2
AMRI,ANAJ MANDI,Uttar Pradesh,UP,SB-UP,SB-UP-AMRI,NR,0,0
AMRO,Amroha,Uttar Pradesh,UP,SB-UP,SB-UP-AMRO,IR,0,53
AMS,Amausi,Uttar Pradesh,UP,SB-UP,SB-UP-AMS,IR,0,11
AMSA,Ammasandra,Karnataka,KA,SB-KA,SB-KA-AMSA,SWR,0,16
AMT,AMMAPET,Tamil Nadu,TN,SB-TN,SB-TN-AMT,SR,0,12
AMTA,AMTA,West Bengal,WB,SB-WB,SB-WB-AMTA,IR,0,22
AMV,LUCKNOW ALAMBAGH,Uttar Pradesh,UP,SB-UP,SB-UP-AMV,NR,0,0
AMVA,AMARAVILA HALT,Kerala,KL,SB-KL,SB-KL-AMVA,SR,0,9
AMW,Aman Vadi,Maharashtra,MH,SB-MH,SB-MH-AMW,SCR,0,4
AMX,Amlakhurd,Madhya Pradesh,MP,SB-MP,SB-MP-AMX,SCR,0,0
AMY,AKATHUMURI,Kerala,KL,SB-KL,SB-KL-AMY,IR,0,5
AN,Asangaon,Maharashtra,MH,SB-MH,SB-MH-AN,CR,0,68
ANA,Aslana,Madhya Pradesh,MP,SB-MP,SB-MP-ANA,IR,0,10
ANAH,AUNTA HALT,Bihar,BR,SB-BR,SB-BR-ANAH,IR,0,1
ANAS,Anas,Madhya Pradesh,MP,SB-MP,SB-MP-ANAS,IR,0,11
ANB,AMMANABROLU,Andhra Pradesh,AP,SB-AP,SB-AP-ANB,IR,0,16
ANC,Annechakanahali,Karnataka,KA,SB-KA,SB-KA-ANC,SWR,0,6
ANCR,ANCHURI,West Bengal,WB,SB-WB,SB-WB-ANCR,SER,0,18
AND,ANDAMPALIAM,Tamil Nadu,TN,SB-TN,SB-TN-AND,SR,0,3
ANDI,ADARSH NAGAR DELHI,Delhi,DL,SB-DL,SB-DL-ANDI,IR,0,24
ANDN,Anand Nagar,Andhra Pradesh,AP,SB-AP,SB-AP-ANDN,NER,0,44
ANE,ANANTARAJUPET,Andhra Pradesh,AP,SB-AP,SB-AP-ANE,IR,0,4
ANF,Anandapuram,Karnataka,KA,SB-KA,SB-KA-ANF,SWR,0,12
ANG,Ahmednagar,Maharashtra,MH,SB-MH,SB-MH-ANG,IR,0,88
ANGL,Angul,Odisha,OD,SB-OD,SB-OD-ANGL,ECOR,0,60
ANGM,Aungari Dham,Bihar,BR,SB-BR,SB-BR-ANGM,IR,0,8
ANGR,ANGADGERI HALT,Karnataka,KA,SB-KA,SB-KA-ANGR,SWR,0,3
ANH,ANKORAH AKORHA,Bihar,BR,SB-BR,SB-BR-ANH,IR,0,16
ANI,Ajanti,Madhya Pradesh,MP,SB-MP,SB-MP-ANI,WR,0,4
ANJ,Anjangaon,Maharashtra,MH,SB-MH,SB-MH-ANJ,CR,0,0
ANJE,ANGARPATHRA HALT,Uttar Pradesh,UP,SB-UP,SB-UP-ANJE,NR,0,0
ANK,Ankai,Maharashtra,MH,SB-MH,SB-MH-ANK,IR,0,4
ANKI,Anakhi,Gujarat,GJ,SB-GJ,SB-GJ-ANKI,WR,0,0
ANKL,Ankola,Karnataka,KA,SB-KA,SB-KA-ANKL,KR,0,18
ANLG,AMAN LODGE,Maharashtra,MH,SB-MH,SB-MH-ANLG,IR,0,16
ANM,ANAIMALAI ROAD,Kerala,KL,SB-KL,SB-KL-ANM,IR,0,4
ANMD,ARANG MAHANADI,Chhattisgarh,CG,SB-CG,SB-CG-ANMD,IR,0,6
ANMP,ARJUN NAGAR,Jharkhand,JH,SB-JH,SB-JH-ANMP,IR,0,5
ANND,Anand Junction,Gujarat,GJ,SB-GJ,SB-GJ-ANND,IR,1,284
ANNR,Annanur,Tamil Nadu,TN,SB-TN,SB-TN-ANNR,SR,0,213
ANO,Anjani,Maharashtra,MH,SB-MH,SB-MH-ANO,KR,0,8
ANP,Anandtandavpur,Tamil Nadu,TN,SB-TN,SB-TN-ANP,SR,0,10
ANPM,ANUPALEM,Uttar Pradesh,UP,SB-UP,SB-UP-ANPM,NR,0,0
ANPR,Anpara,Uttar Pradesh,UP,SB-UP,SB-UP-ANPR,ECR,0,4
ANQ,AMNAPUR,Maharashtra,MH,SB-MH,SB-MH-ANQ,IR,0,2
ANR,Anara,West Bengal,WB,SB-WB,SB-WB-ANR,ER,0,47
ANSB,Anandpur Sahib,Punjab,PB,SB-PB,SB-PB-ANSB,IR,0,31
ANT,Anantnag,Jammu and Kashmir,JK,SB-JK,SB-JK-ANT,NR,0,16
ANTU,Antu,Uttar Pradesh,UP,SB-UP,SB-UP-ANTU,IR,0,0
ANU,ANANGUR,Tamil Nadu,TN,SB-TN,SB-TN-ANU,IR,0,8
ANV,Annavaram,Andhra Pradesh,AP,SB-AP,SB-AP-ANV,IR,1,57
ANVR,Anand Vihar,Delhi,DL,SB-DL,SB-DL-ANVR,IR,0,38
ANVT,ANAND VIHAR TRM,Delhi,DL,SB-DL,SB-DL-ANVT,NR,1,156
ANW,Anawal,Gujarat,GJ,SB-GJ,SB-GJ-ANW,WR,0,4
ANY,Arumuganeri,Tamil Nadu,TN,SB-TN,SB-TN-ANY,SR,0,14
AO,Aonla,Uttar Pradesh,UP,SB-UP,SB-UP-AO,NR,0,26
AON,ARAON,Uttar Pradesh,UP,SB-UP,SB-UP-AON,NCR,0,4
AONI,Amoni,Assam,AS,SB-AS,SB-AS-AONI,NFR,0,6
AOR,Argora,Jharkhand,JH,SB-JH,SB-JH-AOR,SER,0,7
AP,ASHOKAPURAM,Karnataka,KA,SB-KA,SB-KA-AP,SWR,0,30
APA,Amarpura,Rajasthan,RJ,SB-RJ,SB-RJ-APA,NWR,0,4
APB,ANUPPAMBATTU,Tamil Nadu,TN,SB-TN,SB-TN-APB,IR,0,90
APCH,ALIPURDUAR COLLEGE,Uttar Pradesh,UP,SB-UP,SB-UP-APCH,NR,0,0
APD,Alipurduar,West Bengal,WB,SB-WB,SB-WB-APD,NFR,0,4
APDC,Alipur Duar Court,West Bengal,WB,SB-WB,SB-WB-APDC,NFR,0,2
APDJ,Alipurduar Junction,West Bengal,WB,SB-WB,SB-WB-APDJ,NFR,0,40
APE,ANDANAPPETTAI,Tamil Nadu,TN,SB-TN,SB-TN-APE,SR,0,10
APG,ANUPGANJ,Uttar Pradesh,UP,SB-UP,SB-UP-APG,IR,0,2
APH,Anupgarh,Rajasthan,RJ,SB-RJ,SB-RJ-APH,NWR,0,12
API,Akkaraippatti,Tamil Nadu,TN,SB-TN,SB-TN-API,IR,0,2
APJ,Amarpur Jorasi,Rajasthan,RJ,SB-RJ,SB-RJ-APJ,NWR,0,8
APK,Aruppukottai,Tamil Nadu,TN,SB-TN,SB-TN-APK,SR,0,14
APKH,ASANPUR  KUPHA  HALT,Bihar,BR,SB-BR,SB-BR-APKH,IR,0,8
APL,APPIKATLA,Andhra Pradesh,AP,SB-AP,SB-AP-APL,IR,0,8
APMR,APPAIPALLI,Andhra Pradesh,AP,SB-AP,SB-AP-APMR,IR,0,4
APN,AYODHYAPATTANAM,Tamil Nadu,TN,SB-TN,SB-TN-APN,IR,0,8
APP,Ambapendarpur Halt,Bihar,BR,SB-BR,SB-BR-APP,IR,0,6
APQ,ADITPARA,Uttar Pradesh,UP,SB-UP,SB-UP-APQ,NR,0,0
APR,Anuppur Junction,Madhya Pradesh,MP,SB-MP,SB-MP-APR,IR,0,79
APRD,Ashapurna Devi,West Bengal,WB,SB-WB,SB-WB-APRD,IR,0,10
APRH,Alehpur Halt,Bihar,BR,SB-BR,SB-BR-APRH,IR,0,4
APT,Anaparti,Andhra Pradesh,AP,SB-AP,SB-AP-APT,IR,0,34
APTA,APTA,Maharashtra,MH,SB-MH,SB-MH-APTA,CR,0,20
APU,Anipur,Assam,AS,SB-AS,SB-AS-APU,NFR,0,4
AQG,ASHAPURA GOMAT,Rajasthan,RJ,SB-RJ,SB-RJ-AQG,NWR,0,6
AQX,AQX,Uttar Pradesh,UP,SB-UP,SB-UP-AQX,NR,0,0
ARA,Ara,Bihar,BR,SB-BR,SB-BR-ARA,ECR,1,222
ARAG,ARAG,Maharashtra,MH,SB-MH,SB-MH-ARAG,CR,0,4
ARCL,Arunachal,Assam,AS,SB-AS,SB-AS-ARCL,NFR,0,14
ARD,AMARDA ROAD,Odisha,OD,SB-OD,SB-OD-ARD,IR,0,13
ARE,Arnetha,Rajasthan,RJ,SB-RJ,SB-RJ-ARE,IR,0,8
ARG,ANGAR GHAT,Bihar,BR,SB-BR,SB-BR-ARG,IR,0,14
ARGD,ARIGADA,Jharkhand,JH,SB-JH,SB-JH-ARGD,ECR,0,10
ARGL,ARGUL,Odisha,OD,SB-OD,SB-OD-ARGL,IR,0,6
ARGP,ARALAGUPPE,Karnataka,KA,SB-KA,SB-KA-ARGP,SWR,0,10
ARH,AMHERA,Uttar Pradesh,UP,SB-UP,SB-UP-ARH,NR,0,4
ARI,ANTRI,Madhya Pradesh,MP,SB-MP,SB-MP-ARI,IR,0,4
ARJ,Aunrihar Junction,Uttar Pradesh,UP,SB-UP,SB-UP-ARJ,NER,0,101
ARK,Arakku,Andhra Pradesh,AP,SB-AP,SB-AP-ARK,ECOR,0,4
ARKA,Arkha,Uttar Pradesh,UP,SB-UP,SB-UP-ARKA,NR,0,2
ARL,AROUL,Uttar Pradesh,UP,SB-UP,SB-UP-ARL,IR,0,10
ARMU,ARMUR,Telangana,TS,SB-TS,SB-TS-ARMU,IR,0,10
ARN,ARAND,Chhattisgarh,CG,SB-CG,SB-CG-ARN,IR,0,4
ARNA,ARNIA,Rajasthan,RJ,SB-RJ,SB-RJ-ARNA,IR,0,8
ARNB,AMARUN,West Bengal,WB,SB-WB,SB-WB-ARNB,IR,0,14
ARNG,Arunnagar,Maharashtra,MH,SB-MH,SB-MH-ARNG,IR,0,9
ARNH,Arjunahalli,Karnataka,KA,SB-KA,SB-KA-ARNH,SWR,0,6
AROR,AROOR HALT,Kerala,KL,SB-KL,SB-KL-AROR,IR,0,6
ARP,Atrampur,Uttar Pradesh,UP,SB-UP,SB-UP-ARP,NR,0,2
ARPL,AREPALLI HALT,Telangana,TS,SB-TS,SB-TS-ARPL,IR,0,5
ARPR,ALIRAJPUR,Gujarat,GJ,SB-GJ,SB-GJ-ARPR,IR,0,9
ARQ,Arariya Court,Bihar,BR,SB-BR,SB-BR-ARQ,IR,0,26
ARR,Arariya,Bihar,BR,SB-BR,SB-BR-ARR,IR,0,18
ARS,Arasur,Tamil Nadu,TN,SB-TN,SB-TN-ARS,SR,0,0
ARU,Arasalu,Karnataka,KA,SB-KA,SB-KA-ARU,SWR,0,10
ARV,Arni Road,Tamil Nadu,TN,SB-TN,SB-TN-ARV,SR,0,16
ARVI,Arvi,Maharashtra,MH,SB-MH,SB-MH-ARVI,CR,0,0
ARW,Ahraura Road,Uttar Pradesh,UP,SB-UP,SB-UP-ARW,IR,0,0
ARX,Areli,Uttar Pradesh,UP,SB-UP,SB-UP-ARX,NER,0,8
AS,Arjansar,Rajasthan,RJ,SB-RJ,SB-RJ-AS,NWR,0,14
ASAF,ASIFABAD ROAD,Telangana,TS,SB-TS,SB-TS-ASAF,IR,0,11
ASAN,ASAN,Haryana,HR,SB-HR,SB-HR-ASAN,NR,0,6
ASAR,ASRA HALT,Uttar Pradesh,UP,SB-UP,SB-UP-ASAR,IR,0,15
ASB,ASANBONI,Jharkhand,JH,SB-JH,SB-JH-ASB,IR,0,16
ASCE,ATHSARAI,Uttar Pradesh,UP,SB-UP,SB-UP-ASCE,IR,0,2
ASD,Ambasamudram,Tamil Nadu,TN,SB-TN,SB-TN-ASD,IR,0,17
ASE,ASAUDAH,Haryana,HR,SB-HR,SB-HR-ASE,NR,0,16
ASH,Aishbagh,Uttar Pradesh,UP,SB-UP,SB-UP-ASH,IR,0,62
ASI,Arseni,Uttar Pradesh,UP,SB-UP,SB-UP-ASI,NR,0,4
ASJP,AMAR SAHEED JAGDEV P HALT,Bihar,BR,SB-BR,SB-BR-ASJP,IR,0,2
ASK,Arsikere Junction,Karnataka,KA,SB-KA,SB-KA-ASK,SWR,0,131
ASKN,Ashok Nagar,Madhya Pradesh,MP,SB-MP,SB-MP-ASKN,IR,0,50
ASKR,ASHOK NAGAR RD,West Bengal,WB,SB-WB,SB-WB-ASKR,IR,0,99
ASL,Aslaoda,Madhya Pradesh,MP,SB-MP,SB-MP-ASL,IR,0,16
ASLU,Aslu,Rajasthan,RJ,SB-RJ,SB-RJ-ASLU,NWR,0,10
ASM,Asarma,Gujarat,GJ,SB-GJ,SB-GJ-ASM,WR,0,0
ASN,Asansol Junction,West Bengal,WB,SB-WB,SB-WB-ASN,ER,1,288
ASNE,ASANSOL EAST,Uttar Pradesh,UP,SB-UP,SB-UP-ASNE,NR,0,0
ASO,ASANGAON,Maharashtra,MH,SB-MH,SB-MH-ASO,IR,0,76
ASP,ASPARI,Uttar Pradesh,UP,SB-UP,SB-UP-ASP,NR,0,0
ASR,Amritsar Junction,Punjab,PB,SB-PB,SB-PB-ASR,IR,0,141
ASSH,AISHBAGH,Uttar Pradesh,UP,SB-UP,SB-UP-ASSH,NR,0,0
AST,Asaoti,Haryana,HR,SB-HR,SB-HR-AST,IR,0,30
ASTG,Astegaon,Uttar Pradesh,UP,SB-UP,SB-UP-ASTG,NR,0,0
ASV,ASARVA JN,Gujarat,GJ,SB-GJ,SB-GJ-ASV,WR,0,22
AT,Asnoti,Karnataka,KA,SB-KA,SB-KA-AT,KR,0,6
ATA,ATA,Uttar Pradesh,UP,SB-UP,SB-UP-ATA,IR,0,4
ATB,Alattambadi,Tamil Nadu,TN,SB-TN,SB-TN-ATB,SR,0,8
ATC,ARTS COLLEGE,Telangana,TS,SB-TS,SB-TS-ATC,IR,0,58
ATDA,Atladara,Gujarat,GJ,SB-GJ,SB-GJ-ATDA,WR,0,0
ATE,Atarra,Uttar Pradesh,UP,SB-UP,SB-UP-ATE,NCR,0,34
ATG,Atgaon,Maharashtra,MH,SB-MH,SB-MH-ATG,CR,0,36
ATH,Antah,Rajasthan,RJ,SB-RJ,SB-RJ-ATH,WCR,0,12
ATKS,Atwa Kursath,Uttar Pradesh,UP,SB-UP,SB-UP-ATKS,NR,0,4
ATL,ATHMAL GOLA,Bihar,BR,SB-BR,SB-BR-ATL,IR,0,30
ATM,ALTAGRAM,West Bengal,WB,SB-WB,SB-WB-ATM,IR,0,2
ATMO,Aithal,Uttarakhand,UK,SB-UK,SB-UK-ATMO,NR,0,8
ATNR,AWATAR NAGAR,Bihar,BR,SB-BR,SB-BR-ATNR,IR,0,14
ATP,Anantapur,Andhra Pradesh,AP,SB-AP,SB-AP-ATP,IR,0,114
ATPA,AWANTIPURA,Jammu and Kashmir,JK,SB-JK,SB-JK-ATPA,IR,0,16
ATQ,Arantangi,Tamil Nadu,TN,SB-TN,SB-TN-ATQ,SR,0,12
ATR,Attar,Madhya Pradesh,MP,SB-MP,SB-MP-ATR,WR,0,4
ATRI,ATRI PH,Odisha,OD,SB-OD,SB-OD-ATRI,IR,0,8
ATRR,ATRAURA,Uttar Pradesh,UP,SB-UP,SB-UP-ATRR,NER,0,8
ATRU,Atru,Rajasthan,RJ,SB-RJ,SB-RJ-ATRU,WCR,0,12
ATS,Attabira,Odisha,OD,SB-OD,SB-OD-ATS,IR,0,10
ATT,Atari,Punjab,PB,SB-PB,SB-PB-ATT,NR,0,4
ATTR,Attur,Tamil Nadu,TN,SB-TN,SB-TN-ATTR,IR,0,0
ATU,ATTUR,Tamil Nadu,TN,SB-TN,SB-TN-ATU,IR,0,12
ATUL,ATUL,Gujarat,GJ,SB-GJ,SB-GJ-ATUL,WR,0,18
ATW,Atwa Muthia Halt,Uttar Pradesh,UP,SB-UP,SB-UP-ATW,NR,0,4
ATWN,ASTHWAN,Bihar,BR,SB-BR,SB-BR-ATWN,IR,0,4
ATX,Alinagar Tola,Bihar,BR,SB-BR,SB-BR-ATX,ECR,0,12
AUB,Aluabari Road,West Bengal,WB,SB-WB,SB-WB-AUB,NFR,1,62
AUBR,Anugraha N Road,Bihar,BR,SB-BR,SB-BR-AUBR,IR,1,82
AUI,Aurahi,Bihar,BR,SB-BR,SB-BR-AUI,ECR,0,6
AUL,AGSAULI,Uttar Pradesh,UP,SB-UP,SB-UP-AUL,IR,0,10
AUN,Aurang Nagar,Haryana,HR,SB-HR,SB-HR-AUN,IR,0,10
AUNG,AUNG,Uttar Pradesh,UP,SB-UP,SB-UP-AUNG,IR,0,6
AUR,Atrauli Road,Uttar Pradesh,UP,SB-UP,SB-UP-AUR,NR,0,8
AUS,Anupshahr,Uttar Pradesh,UP,SB-UP,SB-UP-AUS,NWR,0,12
AUWA,Auwa,Rajasthan,RJ,SB-RJ,SB-RJ-AUWA,NWR,0,2
AV,ASVALI,Maharashtra,MH,SB-MH,SB-MH-AV,IR,0,2
AVC,AMRAVATHI COLONY,Andhra Pradesh,AP,SB-AP,SB-AP-AVC,IR,0,6
AVD,Avadi,Tamil Nadu,TN,SB-TN,SB-TN-AVD,SR,0,227
AVK,Aravankadu,Tamil Nadu,TN,SB-TN,SB-TN-AVK,SR,0,14
AVL,Amritvel,Gujarat,GJ,SB-GJ,SB-GJ-AVL,WR,0,2
AVLI,ARAVALLI,Andhra Pradesh,AP,SB-AP,SB-AP-AVLI,SCR,0,10
AVN,ANAVARDIKHANPET,Tamil Nadu,TN,SB-TN,SB-TN-AVN,IR,0,14
AVP,Abhanpur Junction,Chhattisgarh,CG,SB-CG,SB-CG-AVP,SECR,0,6
AVRD,Aravalli Road,Karnataka,KA,SB-KA,SB-KA-AVRD,KR,0,40
AVS,Auvaneswarem,Kerala,KL,SB-KL,SB-KL-AVS,SR,0,23
AVT,Avati,Karnataka,KA,SB-KA,SB-KA-AVT,SWR,0,12
AWB,Aurangabad,Maharashtra,MH,SB-MH,SB-MH-AWB,SCR,0,0
AWG,Awa Garh,Uttar Pradesh,UP,SB-UP,SB-UP-AWG,NCR,0,2
AWH,Alewahi,Maharashtra,MH,SB-MH,SB-MH-AWH,SECR,0,9
AWL,ALAWALPUR,Punjab,PB,SB-PB,SB-PB-AWL,NR,0,6
AWM,Aswapuram,Andhra Pradesh,AP,SB-AP,SB-AP-AWM,SCR,0,0
AWP,Aghwanpur,Uttar Pradesh,UP,SB-UP,SB-UP-AWP,IR,0,4
AWPR,AWAPUR,Bihar,BR,SB-BR,SB-BR-AWPR,IR,0,10
AWR,Alwar,Rajasthan,RJ,SB-RJ,SB-RJ-AWR,NWR,1,101
AWS,ASWANI HALT,Bihar,BR,SB-BR,SB-BR-AWS,ECR,0,6
AWT,Alwar Tirunagri,Tamil Nadu,TN,SB-TN,SB-TN-AWT,SR,0,12
AWY,Aluva,Kerala,KL,SB-KL,SB-KL-AWY,IR,0,167
AXA,AMARSAR,Gujarat,GJ,SB-GJ,SB-GJ-AXA,WR,0,1
AXK,Asokhar,Madhya Pradesh,MP,SB-MP,SB-MP-AXK,NCR,0,6
AXR,ALLURU ROAD,Uttar Pradesh,UP,SB-UP,SB-UP-AXR,NR,0,0
AY,Ayodhya,Uttar Pradesh,UP,SB-UP,SB-UP-AY,IR,0,77
AYB,Aliyabad,Karnataka,KA,SB-KA,SB-KA-AYB,SWR,0,0
AYC,AYODHYA CANTT,Uttar Pradesh,UP,SB-UP,SB-UP-AYC,NR,0,107
AYD,AYANDUR,Tamil Nadu,TN,SB-TN,SB-TN-AYD,IR,0,3
AYI,Ayingudi,Tamil Nadu,TN,SB-TN,SB-TN-AYI,SR,0,4
AYM,ADIYAKKAMANGALAM,Tamil Nadu,TN,SB-TN,SB-TN-AYM,SR,0,10
AYN,AIYANAPURAM,Tamil Nadu,TN,SB-TN,SB-TN-AYN,SR,0,19
AYR,AYYALUR,Tamil Nadu,TN,SB-TN,SB-TN-AYR,IR,0,2
AYRN,AKSHAYWAT RAI NAGAR,Bihar,BR,SB-BR,SB-BR-AYRN,ECR,0,17
AYU,Abhayapuri,Assam,AS,SB-AS,SB-AS-AYU,NFR,0,12
AYV,Aryankavu,Kerala,KL,SB-KL,SB-KL-AYV,IR,0,4
AYVN,ARYANKAVU NEW BLOCK,Kerala,KL,SB-KL,SB-KL-AYVN,IR,0,2
AZ,Azimganj Junction,West Bengal,WB,SB-WB,SB-WB-AZ,ER,1,109
AZA,Azara,Assam,AS,SB-AS,SB-AS-AZA,NFR,0,12
AZK,AZHWARKURICHI,Tamil Nadu,TN,SB-TN,SB-TN-AZK,IR,0,8
AZP,AYYAMPET,Tamil Nadu,TN,SB-TN,SB-TN-AZP,SR,0,8
AZR,Azamnagar Road,Bihar,BR,SB-BR,SB-BR-AZR,IR,0,28
BA,Bandra,Maharashtra,MH,SB-MH,SB-MH-BA,WR,0,18
BAA,Barala,West Bengal,WB,SB-WB,SB-WB-BAA,ER,0,16
BAAR,Bandar P.H.,West Bengal,WB,SB-WB,SB-WB-BAAR,?,0,8
BAB,Babina,Madhya Pradesh,MP,SB-MP,SB-MP-BAB,IR,0,22
BABH,BAHALBA HALT,Haryana,HR,SB-HR,SB-HR-BABH,IR,0,4
BABR,BALANAGAR,Andhra Pradesh,AP,SB-AP,SB-AP-BABR,IR,0,14
BAC,BARGACHIA,West Bengal,WB,SB-WB,SB-WB-BAC,IR,0,22
BAD,BAAD,Uttar Pradesh,UP,SB-UP,SB-UP-BAD,IR,0,8
BADA,BARDHA HALT,Bihar,BR,SB-BR,SB-BR-BADA,IR,0,2
BADH,BADHAUNA HALT,Bihar,BR,SB-BR,SB-BR-BADH,IR,0,2
BADK,BARKA,Uttar Pradesh,UP,SB-UP,SB-UP-BADK,NR,0,17
BADR,Bhader,Gujarat,GJ,SB-GJ,SB-GJ-BADR,WR,0,2
BAE,BALIAKHERI,Uttarakhand,UK,SB-UK,SB-UK-BAE,IR,0,6
BAF,Bap,Rajasthan,RJ,SB-RJ,SB-RJ-BAF,?,0,2
BAGA,Bhagega,Rajasthan,RJ,SB-RJ,SB-RJ-BAGA,NWR,0,10
BAGD,BAGWADA,Gujarat,GJ,SB-GJ,SB-GJ-BAGD,IR,0,6
BAGJ,Barharagani,Maharashtra,MH,SB-MH,SB-MH-BAGJ,IR,0,8
BAGL,BARAGOPAL,Bihar,BR,SB-BR,SB-BR-BAGL,IR,0,14
BAH,BHABHAR,Gujarat,GJ,SB-GJ,SB-GJ-BAH,WR,0,12
BAHI,Balenahalli,Karnataka,KA,SB-KA,SB-KA-BAHI,SWR,0,4
BAHL,BANIHAL,Jammu and Kashmir,JK,SB-JK,SB-JK-BAHL,IR,0,20
BAHN,BABHABGAON HALT,Bihar,BR,SB-BR,SB-BR-BAHN,IR,0,4
BAHP,Band Hamirpur,Uttar Pradesh,UP,SB-UP,SB-UP-BAHP,NR,0,4
BAHW,Bahir Khanda,West Bengal,WB,SB-WB,SB-WB-BAHW,ER,0,77
BAI,BASSI,Rajasthan,RJ,SB-RJ,SB-RJ-BAI,IR,0,10
BAJ,Bhalej,Gujarat,GJ,SB-GJ,SB-GJ-BAJ,WR,0,16
BAJE,Bajakare Halt,Karnataka,KA,SB-KA,SB-KA-BAJE,SWR,0,6
BAJN,BAJANA,Uttar Pradesh,UP,SB-UP,SB-UP-BAJN,NR,0,0
BAK,BHAN KARI,Rajasthan,RJ,SB-RJ,SB-RJ-BAK,IR,0,4
BAKA,Banka,Bihar,BR,SB-BR,SB-BR-BAKA,?,0,20
BAKK,BAKKAL,Jammu and Kashmir,JK,SB-JK,SB-JK-BAKK,IR,0,4
BAKL,BAKAL,Chhattisgarh,CG,SB-CG,SB-CG-BAKL,IR,0,14
BAKT,Barhara Kothi,Bihar,BR,SB-BR,SB-BR-BAKT,ECR,0,6
BAL,BUDALUR,Tamil Nadu,TN,SB-TN,SB-TN-BAL,SR,0,39
BALE,BALE,Uttar Pradesh,UP,SB-UP,SB-UP-BALE,NR,0,0
BALI,Bhaili,Gujarat,GJ,SB-GJ,SB-GJ-BALI,WR,0,0
BALR,BAITALPUR,Uttar Pradesh,UP,SB-UP,SB-UP-BALR,IR,0,6
BALU,Balugan,Odisha,OD,SB-OD,SB-OD-BALU,IR,1,102
BAM,Brahmapur,Odisha,OD,SB-OD,SB-OD-BAM,IR,1,190
BAMA,BIRAMBAD,Rajasthan,RJ,SB-RJ,SB-RJ-BAMA,NCR,0,6
BAMR,BAMUR,Odisha,OD,SB-OD,SB-OD-BAMR,IR,0,6
BAND,BANASWADI,Karnataka,KA,SB-KA,SB-KA-BAND,IR,0,29
BANE,Basni,Rajasthan,RJ,SB-RJ,SB-RJ-BANE,NWR,0,16
BANI,BANI,Uttar Pradesh,UP,SB-UP,SB-UP-BANI,IR,0,2
BANL,BHATANGLI,Maharashtra,MH,SB-MH,SB-MH-BANL,?,0,0
BANO,BANO,Odisha,OD,SB-OD,SB-OD-BANO,IR,0,18
BANR,Bhaner,Uttar Pradesh,UP,SB-UP,SB-UP-BANR,NR,0,0
BAO,BANMOR,Madhya Pradesh,MP,SB-MP,SB-MP-BAO,IR,0,8
BAOL,BAOLI,Uttar Pradesh,UP,SB-UP,SB-UP-BAOL,NR,0,19
BAP,Belapur,Maharashtra,MH,SB-MH,SB-MH-BAP,IR,0,45
BAPN,BARAIPURA HALT,Bihar,BR,SB-BR,SB-BR-BAPN,IR,0,14
BAPR,Ballupur,Uttar Pradesh,UP,SB-UP,SB-UP-BAPR,IR,0,8
BAQ,Ganj Basoda,Madhya Pradesh,MP,SB-MP,SB-MP-BAQ,IR,1,61
BAR,BAR,Rajasthan,RJ,SB-RJ,SB-RJ-BAR,NWR,0,4
BARA,BARA,Madhya Pradesh,MP,SB-MP,SB-MP-BARA,IR,0,2
BARD,DUVRI KALAN,Madhya Pradesh,MP,SB-MP,SB-MP-BARD,WCR,0,2
BARH,Barh,Bihar,BR,SB-BR,SB-BR-BARH,IR,1,78
BARI,Bari,Rajasthan,RJ,SB-RJ,SB-RJ-BARI,NCR,0,0
BARJ,BHARATGARH,Punjab,PB,SB-PB,SB-PB-BARJ,IR,0,12
BARL,Baral,Uttar Pradesh,UP,SB-UP,SB-UP-BARL,NR,0,7
BARN,Baranagar,West Bengal,WB,SB-WB,SB-WB-BARN,ER,0,50
BARS,Barsana,Rajasthan,RJ,SB-RJ,SB-RJ-BARS,IR,0,2
BARU,Baharu,West Bengal,WB,SB-WB,SB-WB-BARU,ER,0,62
BASA,Banosa,Maharashtra,MH,SB-MH,SB-MH-BASA,CR,0,0
BASN,BHAINSWAN,Haryana,HR,SB-HR,SB-HR-BASN,NR,0,6
BASR,BATESAR,Uttar Pradesh,UP,SB-UP,SB-UP-BASR,IR,0,2
BAT,Batala Junction,Punjab,PB,SB-PB,SB-PB-BAT,NR,0,28
BATL,BAIHATOLA,Madhya Pradesh,MP,SB-MP,SB-MP-BATL,SECR,0,12
BATM,Batala Sugar Mills,Punjab,PB,SB-PB,SB-PB-BATM,IR,0,9
BATS,Bhatsar,Gujarat,GJ,SB-GJ,SB-GJ-BATS,WR,0,0
BAU,Burhanpur,Madhya Pradesh,MP,SB-MP,SB-MP-BAU,CR,1,72
BAV,BARUVA,Andhra Pradesh,AP,SB-AP,SB-AP-BAV,IR,0,6
BAW,CHIK BANAVAR,Karnataka,KA,SB-KA,SB-KA-BAW,SWR,0,54
BAWA,Balwara,Rajasthan,RJ,SB-RJ,SB-RJ-BAWA,NWR,0,4
BAWD,BHADWAD,Maharashtra,MH,SB-MH,SB-MH-BAWD,IR,0,2
BAY,Bellary Junction,Karnataka,KA,SB-KA,SB-KA-BAY,SWR,0,50
BAYD,Beyad,Gujarat,GJ,SB-GJ,SB-GJ-BAYD,WR,0,0
BAZ,Baran,Rajasthan,RJ,SB-RJ,SB-RJ-BAZ,WCR,0,36
BBA,Babrala,Uttar Pradesh,UP,SB-UP,SB-UP-BBA,NR,0,14
BBAE,BAIDYABATI,West Bengal,WB,SB-WB,SB-WB-BBAE,IR,0,143
BBAI,BHADBHUNJA,Gujarat,GJ,SB-GJ,SB-GJ-BBAI,IR,0,10
BBAR,BARA,Madhya Pradesh,MP,SB-MP,SB-MP-BBAR,WCR,0,0
BBC,Bhachhbar,Rajasthan,RJ,SB-RJ,SB-RJ-BBC,NWR,0,4
BBD,BABLAD,Karnataka,KA,SB-KA,SB-KA-BBD,IR,0,4
BBDA,BARBENDA (RNC DIVISION),Uttar Pradesh,UP,SB-UP,SB-UP-BBDA,NR,0,0
BBDB,BENOY BADAL DINESH GARDENS,West Bengal,WB,SB-WB,SB-WB-BBDB,IR,0,30
BBDE,Babarpur,Haryana,HR,SB-HR,SB-HR-BBDE,IR,0,8
BBE,BAGHI BARDIHA,Bihar,BR,SB-BR,SB-BR-BBE,ECR,0,14
BBGN,Barua Bamungaon,Assam,AS,SB-AS,SB-AS-BBGN,NFR,0,6
BBHL,Bela Bela,Uttar Pradesh,UP,SB-UP,SB-UP-BBHL,NR,0,0
BBHT,Barabar Halt,Bihar,BR,SB-BR,SB-BR-BBHT,?,0,12
BBI,BARA BANI,West Bengal,WB,SB-WB,SB-WB-BBI,IR,0,2
BBJ,Babaganj,Uttar Pradesh,UP,SB-UP,SB-UP-BBJ,NER,0,4
BBK,Barabanki Junction,Uttar Pradesh,UP,SB-UP,SB-UP-BBK,IR,0,113
BBKR,BABA BAKALARAYA,Punjab,PB,SB-PB,SB-PB-BBKR,IR,0,2
BBL,BALRAI,Uttar Pradesh,UP,SB-UP,SB-UP-BBL,IR,0,8
BBLA,Bhyabla Halt,West Bengal,WB,SB-WB,SB-WB-BBLA,ER,0,56
BBLK,B L DASPURI,Uttar Pradesh,UP,SB-UP,SB-UP-BBLK,NCR,0,4
BBM,Barabhum,West Bengal,WB,SB-WB,SB-WB-BBM,ER,0,33
BBMN,Bari Brahman,Jammu and Kashmir,JK,SB-JK,SB-JK-BBMN,NR,0,6
BBN,Barabil,Odisha,OD,SB-OD,SB-OD-BBN,SER,0,6
BBO,Babugarh,Uttar Pradesh,UP,SB-UP,SB-UP-BBO,IR,0,4
BBPM,BALABHADRAPURAM,Uttar Pradesh,UP,SB-UP,SB-UP-BBPM,NR,0,0
BBPR,BABUPUR,Uttar Pradesh,UP,SB-UP,SB-UP-BBPR,IR,0,4
BBQ,Basin Bridge,Tamil Nadu,TN,SB-TN,SB-TN-BBQ,SR,0,240
BBR,BAGH BAZAR,West Bengal,WB,SB-WB,SB-WB-BBR,IR,0,26
BBRA,Bbra,Uttar Pradesh,UP,SB-UP,SB-UP-BBRA,NR,0,0
BBRI,BANSHBARI HALT,Bihar,BR,SB-BR,SB-BR-BBRI,IR,0,2
BBRM,BABA BHAGWAN RAM HALT,Uttar Pradesh,UP,SB-UP,SB-UP-BBRM,NR,0,0
BBS,Bhubaneshwar,Odisha,OD,SB-OD,SB-OD-BBS,IR,1,318
BBSL,BABA SODHAL NAGAR,Uttar Pradesh,UP,SB-UP,SB-UP-BBSL,NR,0,0
BBSN,BHUBANESWAR NEW,Odisha,OD,SB-OD,SB-OD-BBSN,IR,0,34
BBT,Birati,West Bengal,WB,SB-WB,SB-WB-BBT,ER,0,163
BBTR,BARBATPUR,Madhya Pradesh,MP,SB-MP,SB-MP-BBTR,IR,0,2
BBU,Bhabua Road,Bihar,BR,SB-BR,SB-BR-BBU,ECR,1,100
BBV,BABHULGOAN,Maharashtra,MH,SB-MH,SB-MH-BBV,CR,0,0
BBW,BODARWAR,Uttar Pradesh,UP,SB-UP,SB-UP-BBW,NER,0,12
BBY,BHADROLI,Madhya Pradesh,MP,SB-MP,SB-MP-BBY,NCR,0,6
BC,BAREILLY CITY,Uttar Pradesh,UP,SB-UP,SB-UP-BC,IR,0,55
BCA,Bachwara Junction,Bihar,BR,SB-BR,SB-BR-BCA,IR,0,44
BCB,Bhowra Junction,Jharkhand,JH,SB-JH,SB-JH-BCB,SER,0,10
BCD,BANSDIH ROAD,Bihar,BR,SB-BR,SB-BR-BCD,IR,0,6
BCF,Bankapasi,West Bengal,WB,SB-WB,SB-WB-BCF,ER,0,14
BCGM,BAINCHIGRAM,West Bengal,WB,SB-WB,SB-WB-BCGM,IR,0,60
BCH,Berchha,Madhya Pradesh,MP,SB-MP,SB-MP-BCH,IR,0,51
BCHL,Bacheli,Chhattisgarh,CG,SB-CG,SB-CG-BCHL,ECOR,0,4
BCHN,Bochasan Junction,Gujarat,GJ,SB-GJ,SB-GJ-BCHN,WR,0,2
BCHR,Bachar,Gujarat,GJ,SB-GJ,SB-GJ-BCHR,WR,0,0
BCHT,BARH COURT HALT,Bihar,BR,SB-BR,SB-BR-BCHT,IR,0,1
BCJ,BAGAHABISHUNPUR,Bihar,BR,SB-BR,SB-BR-BCJ,IR,0,8
BCK,BALICHAK,West Bengal,WB,SB-WB,SB-WB-BCK,IR,0,65
BCL,Mumbai Central,Maharashtra,MH,SB-MH,SB-MH-BCL,WR,0,16
BCM,Buranpudi,Bihar,BR,SB-BR,SB-BR-BCM,ECR,0,0
BCN,Bachhrawan,Uttar Pradesh,UP,SB-UP,SB-UP-BCN,IR,0,27
BCO,Bhachau,Gujarat,GJ,SB-GJ,SB-GJ-BCO,IR,0,0
BCOB,BHACHAU BG,Gujarat,GJ,SB-GJ,SB-GJ-BCOB,IR,0,38
BCP,Bichpuri,Uttar Pradesh,UP,SB-UP,SB-UP-BCP,IR,0,12
BCPR,BACHHARPUR HALT,Bihar,BR,SB-BR,SB-BR-BCPR,IR,0,10
BCQ,BARACHAK,West Bengal,WB,SB-WB,SB-WB-BCQ,IR,0,22
BCRD,Barchi Road,Madhya Pradesh,MP,SB-MP,SB-MP-BCRD,CR,0,6
BCT,Mumbai Central,Maharashtra,MH,SB-MH,SB-MH-BCT,WR,0,0
BCU,BHUCHCHU,Punjab,PB,SB-PB,SB-PB-BCU,NR,0,12
BCW,BHAWI,Rajasthan,RJ,SB-RJ,SB-RJ-BCW,IR,0,2
BCY,Varanasi City,Uttar Pradesh,UP,SB-UP,SB-UP-BCY,NER,0,54
BCYN,BUDHDEVCHAK Y NAGAR,Bihar,BR,SB-BR,SB-BR-BCYN,IR,0,10
BD,Badnera Junction,Maharashtra,MH,SB-MH,SB-MH-BD,IR,1,135
BDA,VADODARA C CABIN,Uttar Pradesh,UP,SB-UP,SB-UP-BDA,NR,0,0
BDAG,BONIDANGA,Jharkhand,JH,SB-JH,SB-JH-BDAG,IR,0,8
BDB,Vrindavan,Uttar Pradesh,UP,SB-UP,SB-UP-BDB,IR,0,0
BDBA,Badabandha Road,Odisha,OD,SB-OD,SB-OD-BDBA,ECOR,0,8
BDBG,Badhai Balamgarh Halt,Punjab,PB,SB-PB,SB-PB-BDBG,NR,0,9
BDBP,BASUDEBPUR,Bihar,BR,SB-BR,SB-BR-BDBP,ER,0,10
BDBR,BHOGDBAR HALT,Bihar,BR,SB-BR,SB-BR-BDBR,IR,0,2
BDBS,BINDUBASINI HAL,Jharkhand,JH,SB-JH,SB-JH-BDBS,IR,0,8
BDC,Bandel Junction,West Bengal,WB,SB-WB,SB-WB-BDC,ER,1,342
BDCR,Bhadrachalam Road,Telangana,TS,SB-TS,SB-TS-BDCR,SCR,0,8
BDDR,BADODAR,Gujarat,GJ,SB-GJ,SB-GJ-BDDR,WR,0,6
BDE,Bodeli,Gujarat,GJ,SB-GJ,SB-GJ-BDE,WR,0,13
BDGM,Badgam,Jammu and Kashmir,JK,SB-JK,SB-JK-BDGM,IR,0,25
BDGP,BADANAGUPPE,Karnataka,KA,SB-KA,SB-KA-BDGP,SWR,0,10
BDGU,BUDAGUMPA,Karnataka,KA,SB-KA,SB-KA-BDGU,IR,0,6
BDH,BHEDIA,West Bengal,WB,SB-WB,SB-WB-BDH,IR,0,18
BDHA,Badhada,Gujarat,GJ,SB-GJ,SB-GJ-BDHA,WR,0,2
BDHL,Badhal,Rajasthan,RJ,SB-RJ,SB-RJ-BDHL,NWR,0,8
BDHN,Bodhan,Telangana,TS,SB-TS,SB-TS-BDHN,SCR,0,4
BDHP,BHUDPUR,Uttar Pradesh,UP,SB-UP,SB-UP-BDHP,NR,0,15
BDHT,Bardi Halt,Madhya Pradesh,MP,SB-MP,SB-MP-BDHT,SECR,0,4
BDHY,BUDHI,Jammu and Kashmir,JK,SB-JK,SB-JK-BDHY,NR,0,4
BDI,BHADLI,Maharashtra,MH,SB-MH,SB-MH-BDI,IR,0,8
BDIN,BHADAIYAN,Uttar Pradesh,UP,SB-UP,SB-UP-BDIN,IR,0,2
BDJ,Badagara (Vatakara),Kerala,KL,SB-KL,SB-KL-BDJ,SR,0,80
BDJR,BHADORA JAGIR,Uttar Pradesh,UP,SB-UP,SB-UP-BDJR,NR,0,0
BDK,BEDAG,Uttar Pradesh,UP,SB-UP,SB-UP-BDK,NR,0,0
BDKD,BHANDARKUND,Madhya Pradesh,MP,SB-MP,SB-MP-BDKD,IR,0,4
BDKE,Bhadsivni,Maharashtra,MH,SB-MH,SB-MH-BDKE,CR,0,0
BDKN,BANDHUA KALAN,Uttar Pradesh,UP,SB-UP,SB-UP-BDKN,IR,0,2
BDKT,Badakhandita,Odisha,OD,SB-OD,SB-OD-BDKT,ECOR,0,4
BDL,Vindhyachal,Uttar Pradesh,UP,SB-UP,SB-UP-BDL,IR,1,51
BDLC,BONIDANGA LINK CABIN,Uttar Pradesh,UP,SB-UP,SB-UP-BDLC,NR,0,0
BDLN,BORDOLANI,Assam,AS,SB-AS,SB-AS-BDLN,IR,0,10
BDM,Badami,Karnataka,KA,SB-KA,SB-KA-BDM,SWR,0,31
BDMA,Budhma,Bihar,BR,SB-BR,SB-BR-BDMA,ECR,0,12
BDME,Baidyanathdham,Jharkhand,JH,SB-JH,SB-JH-BDME,ER,0,20
BDMJ,Bhodwal Majri,Haryana,HR,SB-HR,SB-HR-BDMJ,IR,0,18
BDN,BHADAN,Uttar Pradesh,UP,SB-UP,SB-UP-BDN,IR,0,8
BDNH,BHUDEVINAGAR HALT,Telangana,TS,SB-TS,SB-TS-BDNH,SCR,0,4
BDNK,BODINAYAKKANUR,Tamil Nadu,TN,SB-TN,SB-TN-BDNK,IR,0,6
BDNP,BIDANPUR,Uttar Pradesh,UP,SB-UP,SB-UP-BDNP,IR,0,2
BDO,Bahalda Road,Odisha,OD,SB-OD,SB-OD-BDO,SER,0,13
BDPA,Badalpur Ph,West Bengal,WB,SB-WB,SB-WB-BDPA,?,0,10
BDPG,BADA PADAGAON,Odisha,OD,SB-OD,SB-OD-BDPG,IR,0,4
BDPK,BURHAPANKA,Odisha,OD,SB-OD,SB-OD-BDPK,IR,0,6
BDPL,BANDARUPALLE,Andhra Pradesh,AP,SB-AP,SB-AP-BDPL,IR,0,4
BDPR,BRINDABANPUR,West Bengal,WB,SB-WB,SB-WB-BDPR,IR,0,13
BDQ,BUDORA,Uttar Pradesh,UP,SB-UP,SB-UP-BDQ,NR,0,0
BDRI,BHADRAULI,Uttar Pradesh,UP,SB-UP,SB-UP-BDRI,IR,0,2
BDRL,BYADARAHALLI,Karnataka,KA,SB-KA,SB-KA-BDRL,SWR,0,12
BDRN,Bhadran,Gujarat,GJ,SB-GJ,SB-GJ-BDRN,WR,0,0
BDS,BARADIGHI,West Bengal,WB,SB-WB,SB-WB-BDS,IR,0,4
BDSW,Budhsinghwala,Rajasthan,RJ,SB-RJ,SB-RJ-BDSW,NWR,0,7
BDT,BORDUBI ROAD,Assam,AS,SB-AS,SB-AS-BDT,NFR,0,4
BDTS,Bandra Terminus,Maharashtra,MH,SB-MH,SB-MH-BDTS,WR,1,138
BDU,Badnapur,Maharashtra,MH,SB-MH,SB-MH-BDU,SCR,0,14
BDUA,BASUDEOPUR CHANDAIL HALT,Bihar,BR,SB-BR,SB-BR-BDUA,IR,0,10
BDV,BADANAVALU,Karnataka,KA,SB-KA,SB-KA-BDV,SWR,0,0
BDVL,BUDVEL,Telangana,TS,SB-TS,SB-TS-BDVL,IR,0,36
BDVR,Bodavara,Andhra Pradesh,AP,SB-AP,SB-AP-BDVR,IR,0,2
BDVT,Bhadravati,Karnataka,KA,SB-KA,SB-KA-BDVT,SWR,0,29
BDW,Bandanwara,Rajasthan,RJ,SB-RJ,SB-RJ-BDW,NWR,0,4
BDWA,BADHWA BARA,Madhya Pradesh,MP,SB-MP,SB-MP-BDWA,IR,0,6
BDWD,BODWAD,Maharashtra,MH,SB-MH,SB-MH-BDWD,CR,1,15
BDWL,BIRADHWAL,Rajasthan,RJ,SB-RJ,SB-RJ-BDWL,NWR,0,6
BDWS,BADARWAS,Madhya Pradesh,MP,SB-MP,SB-MP-BDWS,WCR,0,16
BDX,BDX,Uttar Pradesh,UP,SB-UP,SB-UP-BDX,NR,0,0
BDXT,BASAI DHANKOT,Haryana,HR,SB-HR,SB-HR-BDXT,NR,0,29
BDXX,Bade Arapur,Chhattisgarh,CG,SB-CG,SB-CG-BDXX,ECOR,0,2
BDY,BUDDIREDDIPPATI,Tamil Nadu,TN,SB-TN,SB-TN-BDY,IR,0,8
BDYD,BDYD,Uttar Pradesh,UP,SB-UP,SB-UP-BDYD,NR,0,0
BDYK,BINDAYAKA,Rajasthan,RJ,SB-RJ,SB-RJ-BDYK,IR,0,2
BDYP,Bidyadharpur,West Bengal,WB,SB-WB,SB-WB-BDYP,ER,0,66
BDYR,Bidyadabri,Assam,AS,SB-AS,SB-AS-BDYR,NFR,0,4
BDZ,Badkulla,West Bengal,WB,SB-WB,SB-WB-BDZ,ER,0,61
BE,Bareilly,Uttar Pradesh,UP,SB-UP,SB-UP-BE,IR,1,223
BEA,Bihiya,Bihar,BR,SB-BR,SB-BR-BEA,IR,0,42
BEAS,Beas,Punjab,PB,SB-PB,SB-PB-BEAS,IR,0,124
BEB,Beldanga,West Bengal,WB,SB-WB,SB-WB-BEB,ER,0,36
BEC,BERACH JN CABIN,Uttar Pradesh,UP,SB-UP,SB-UP-BEC,NR,0,0
BECN,Bikaner East,Uttar Pradesh,UP,SB-UP,SB-UP-BECN,NR,0,0
BED,Baseri,Uttar Pradesh,UP,SB-UP,SB-UP-BED,NCR,0,0
BEDM,Bedham,Rajasthan,RJ,SB-RJ,SB-RJ-BEDM,NCR,0,11
BEE,Bebejia,Assam,AS,SB-AS,SB-AS-BEE,NFR,0,4
BEED,BEED,Maharashtra,MH,SB-MH,SB-MH-BEED,IR,0,2
BEF,BHUPDEOPUR,Chhattisgarh,CG,SB-CG,SB-CG-BEF,IR,0,8
BEG,BEHTAGOKUL,Uttar Pradesh,UP,SB-UP,SB-UP-BEG,IR,0,4
BEH,BAGDIHI,Madhya Pradesh,MP,SB-MP,SB-MP-BEH,IR,0,22
BEHI,BENNEHALLI,Andhra Pradesh,AP,SB-AP,SB-AP-BEHI,IR,0,6
BEHJ,Behj,Rajasthan,RJ,SB-RJ,SB-RJ-BEHJ,IR,0,10
BEHR,BEOHARI,Madhya Pradesh,MP,SB-MP,SB-MP-BEHR,WCR,0,24
BEHS,Bihar Sharif,Bihar,BR,SB-BR,SB-BR-BEHS,ECR,0,34
BEHT,BIHAT HALT,Bihar,BR,SB-BR,SB-BR-BEHT,IR,0,6
BEI,Shimoga Bidare,Uttar Pradesh,UP,SB-UP,SB-UP-BEI,NR,0,0
BEJ,Beniganj,Uttar Pradesh,UP,SB-UP,SB-UP-BEJ,NR,0,4
BEK,BUNDKI,Uttarakhand,UK,SB-UK,SB-UK-BEK,IR,0,4
BEL,Belgharia,West Bengal,WB,SB-WB,SB-WB-BEL,IR,0,0
BELA,Bela,Bihar,BR,SB-BR,SB-BR-BELA,ECR,0,35
BELD,BELKHERA,Madhya Pradesh,MP,SB-MP,SB-MP-BELD,WCR,0,8
BELG,BELG,Uttar Pradesh,UP,SB-UP,SB-UP-BELG,NR,0,0
BELT,Bela Halt,Bihar,BR,SB-BR,SB-BR-BELT,IR,0,18
BEM,Budaun,Uttar Pradesh,UP,SB-UP,SB-UP-BEM,NER,0,34
BEML,BEML Nagar,Karnataka,KA,SB-KA,SB-KA-BEML,SWR,0,20
BENA,BELONIA,Tripura,TR,SB-TR,SB-TR-BENA,IR,0,10
BENL,BENL,Karnataka,KA,SB-KA,SB-KA-BENL,SWR,0,4
BEO,BIROHE,Uttar Pradesh,UP,SB-UP,SB-UP-BEO,IR,0,6
BEP,BHEERPUR,Uttar Pradesh,UP,SB-UP,SB-UP-BEP,IR,0,6
BEPR,BELAPUR CBD,Maharashtra,MH,SB-MH,SB-MH-BEPR,IR,0,2
BEQ,BELUR,West Bengal,WB,SB-WB,SB-WB-BEQ,IR,0,298
BER,Beawar,Rajasthan,RJ,SB-RJ,SB-RJ-BER,NWR,0,70
BERO,BERO,West Bengal,WB,SB-WB,SB-WB-BERO,SER,0,26
BES,BES,Jharkhand,JH,SB-JH,SB-JH-BES,IR,0,4
BET,BARETH,Madhya Pradesh,MP,SB-MP,SB-MP-BET,IR,0,4
BETI,Bhetasi,Uttar Pradesh,UP,SB-UP,SB-UP-BETI,NR,0,0
BEU,Bisheshwarganj,Uttar Pradesh,UP,SB-UP,SB-UP-BEU,NER,0,6
BEW,BETAVAD,Maharashtra,MH,SB-MH,SB-MH-BEW,IR,0,6
BEX,BELBONI,West Bengal,WB,SB-WB,SB-WB-BEX,IR,0,13
BEY,B CEMENT NAGAR,Andhra Pradesh,AP,SB-AP,SB-AP-BEY,IR,0,6
BF,Bagetar,Assam,AS,SB-AS,SB-AS-BF,NFR,0,0
BFD,BORHAT,Assam,AS,SB-AS,SB-AS-BFD,NFR,0,8
BFE,BAHAWAL BASI,Punjab,PB,SB-PB,SB-PB-BFE,NR,0,8
BFF,Barabhati,Maharashtra,MH,SB-MH,SB-MH-BFF,IR,0,9
BFG,Bagthar,Uttar Pradesh,UP,SB-UP,SB-UP-BFG,NCR,0,0
BFJ,Bhoras Budrukh,Maharashtra,MH,SB-MH,SB-MH-BFJ,CR,0,8
BFM,BHALUI,Bihar,BR,SB-BR,SB-BR-BFM,IR,0,14
BFN,Bugana,Haryana,HR,SB-HR,SB-HR-BFN,NR,0,0
BFP,BILOCHPURA AGRA,Uttar Pradesh,UP,SB-UP,SB-UP-BFP,NCR,1,6
BFPA,Bhopatpur,Uttar Pradesh,UP,SB-UP,SB-UP-BFPA,NER,0,10
BFQ,BENDI,Jharkhand,JH,SB-JH,SB-JH-BFQ,IR,0,8
BFR,BEKAL FORT,Kerala,KL,SB-KL,SB-KL-BFR,SR,0,9
BFT,Bhabta,West Bengal,WB,SB-WB,SB-WB-BFT,ER,0,30
BFV,BAHELIA BUZURG,Uttar Pradesh,UP,SB-UP,SB-UP-BFV,NER,0,8
BFW,BYATRAYANHALLI,Karnataka,KA,SB-KA,SB-KA-BFW,IR,0,19
BFX,BAGHI GHAUSPUR,Bihar,BR,SB-BR,SB-BR-BFX,ECR,0,12
BFY,BHESANA,Rajasthan,RJ,SB-RJ,SB-RJ-BFY,NWR,0,0
BFZ,BHANDARTIKURI,West Bengal,WB,SB-WB,SB-WB-BFZ,ER,0,41
BG,Bhongir,Telangana,TS,SB-TS,SB-TS-BG,IR,0,30
BGA,BAGALIA,West Bengal,WB,SB-WB,SB-WB-BGA,SER,0,22
BGAE,BALAGARH,West Bengal,WB,SB-WB,SB-WB-BGAE,ER,0,44
BGAN,Bangain,Uttar Pradesh,UP,SB-UP,SB-UP-BGAN,NER,0,8
BGAR,BANGARI,Bihar,BR,SB-BR,SB-BR-BGAR,IR,0,9
BGB,Budge Budge,West Bengal,WB,SB-WB,SB-WB-BGB,ER,0,0
BGBR,Bagbahra,Chhattisgarh,CG,SB-CG,SB-CG-BGBR,IR,0,24
BGD,Bara Gudah,Haryana,HR,SB-HR,SB-HR-BGD,NWR,0,10
BGDA,Bogada,Odisha,OD,SB-OD,SB-OD-BGDA,?,0,0
BGDI,Bagadia Ph,Odisha,OD,SB-OD,SB-OD-BGDI,IR,0,6
BGDS,BHAGWANPUR DESU,Bihar,BR,SB-BR,SB-BR-BGDS,IR,0,14
BGF,BAGILA,West Bengal,WB,SB-WB,SB-WB-BGF,IR,0,60
BGG,BANTA RAGHUNATHGARH,Rajasthan,RJ,SB-RJ,SB-RJ-BGG,NWR,0,0
BGH,BAGHAULI,Uttar Pradesh,UP,SB-UP,SB-UP-BGH,IR,0,4
BGHI,BAGAHAI ROAD,Madhya Pradesh,MP,SB-MP,SB-MP-BGHI,WCR,0,4
BGHT,BARKA GAON,Bihar,BR,SB-BR,SB-BR-BGHT,IR,0,4
BGHU,Borra Guhalu,Andhra Pradesh,AP,SB-AP,SB-AP-BGHU,ECOR,0,2
BGJT,Bagha Jatin,West Bengal,WB,SB-WB,SB-WB-BGJT,ER,0,231
BGK,Bagalkot,Karnataka,KA,SB-KA,SB-KA-BGK,SWR,0,35
BGKA,BANGURKELA,Odisha,OD,SB-OD,SB-OD-BGKA,IR,0,4
BGKT,Bhagat Ki Kothi,Rajasthan,RJ,SB-RJ,SB-RJ-BGKT,NWR,0,62
BGL,Bagula,West Bengal,WB,SB-WB,SB-WB-BGL,ER,0,46
BGLI,Bargolai,Assam,AS,SB-AS,SB-AS-BGLI,NFR,0,2
BGM,Belgaum,Karnataka,KA,SB-KA,SB-KA-BGM,SWR,0,70
BGMN,Bamuni Gaon,Assam,AS,SB-AS,SB-AS-BGMN,NFR,0,0
BGMR,BAGUMRA,Gujarat,GJ,SB-GJ,SB-GJ-BGMR,IR,0,6
BGMU,Bangarmau,Uttar Pradesh,UP,SB-UP,SB-UP-BGMU,NR,0,4
BGN,BORGAON,Maharashtra,MH,SB-MH,SB-MH-BGN,IR,0,6
BGNA,Balgona,West Bengal,WB,SB-WB,SB-WB-BGNA,ER,0,14
BGND,BOGINADI,Assam,AS,SB-AS,SB-AS-BGND,IR,0,10
BGNP,BANAGANAPALLE,Andhra Pradesh,AP,SB-AP,SB-AP-BGNP,IR,0,6
BGNR,B.G.NAGAR,Karnataka,KA,SB-KA,SB-KA-BGNR,IR,0,16
BGO,BOGRI ROAD,West Bengal,WB,SB-WB,SB-WB-BGO,SER,0,14
BGP,Bhagalpur,Bihar,BR,SB-BR,SB-BR-BGP,IR,0,129
BGPA,Bageshapura,Karnataka,KA,SB-KA,SB-KA-BGPA,SWR,0,6
BGPL,Baghuapal,Odisha,OD,SB-OD,SB-OD-BGPL,ECOR,0,6
BGPR,BHAGWANPURA,Rajasthan,RJ,SB-RJ,SB-RJ-BGPR,NWR,0,0
BGQ,Bhongaon,Uttar Pradesh,UP,SB-UP,SB-UP-BGQ,NCR,0,10
BGR,Bhagdara,Maharashtra,MH,SB-MH,SB-MH-BGR,CR,0,0
BGRA,BAGHNAPARA,West Bengal,WB,SB-WB,SB-WB-BGRA,ER,0,42
BGRD,Beliaghata Road,West Bengal,WB,SB-WB,SB-WB-BGRD,ER,0,56
BGRM,Biggabas Ramsara,Rajasthan,RJ,SB-RJ,SB-RJ-BGRM,NWR,0,8
BGRR,BAGARPUR HALT,Uttar Pradesh,UP,SB-UP,SB-UP-BGRR,IR,0,6
BGS,Begu Sarai,Bihar,BR,SB-BR,SB-BR-BGS,ECR,0,124
BGSF,BISUGIRSHARIF,Telangana,TS,SB-TS,SB-TS-BGSF,IR,0,6
BGTA,Bagra Tawa,Madhya Pradesh,MP,SB-MP,SB-MP-BGTA,WCR,0,6
BGTN,BHAGTANWALA,Punjab,PB,SB-PB,SB-PB-BGTN,IR,0,8
BGU,BAIRGANIA,Bihar,BR,SB-BR,SB-BR-BGU,ECR,0,50
BGUA,Baiguda,Odisha,OD,SB-OD,SB-OD-BGUA,IR,0,2
BGV,Balegundi,Uttar Pradesh,UP,SB-UP,SB-UP-BGV,NR,0,0
BGVN,BHIGWAN,Maharashtra,MH,SB-MH,SB-MH-BGVN,IR,0,12
BGW,BEGDEWADI,Uttar Pradesh,UP,SB-UP,SB-UP-BGW,NR,0,0
BGWD,BAGEWADI,Karnataka,KA,SB-KA,SB-KA-BGWD,SWR,0,6
BGWI,BEGDAEWADI,Maharashtra,MH,SB-MH,SB-MH-BGWI,IR,0,41
BGX,BAGRI SAJJANPUR,Rajasthan,RJ,SB-RJ,SB-RJ-BGX,NWR,0,0
BGY,Bangriposi,Odisha,OD,SB-OD,SB-OD-BGY,IR,0,6
BGZ,Bahadurgarh,Haryana,HR,SB-HR,SB-HR-BGZ,NR,0,62
BH,Bharuch Junction,Gujarat,GJ,SB-GJ,SB-GJ-BH,IR,1,195
BHA,BHANDAI,Uttar Pradesh,UP,SB-UP,SB-UP-BHA,IR,0,8
BHAD,BARHAPUR HALT,Bihar,BR,SB-BR,SB-BR-BHAD,IR,0,7
BHAL,BHATIEL,Gujarat,GJ,SB-GJ,SB-GJ-BHAL,IR,0,16
BHAN,Bhoyani,Gujarat,GJ,SB-GJ,SB-GJ-BHAN,WR,0,2
BHAS,BHOJRAS,Rajasthan,RJ,SB-RJ,SB-RJ-BHAS,IR,0,2
BHAT,Bhatpura,Madhya Pradesh,MP,SB-MP,SB-MP-BHAT,NCR,0,6
BHAU,BHALUA,Bihar,BR,SB-BR,SB-BR-BHAU,IR,0,10
BHAW,BLOCK HUT A (BHA),Uttar Pradesh,UP,SB-UP,SB-UP-BHAW,NR,0,0
BHB,BADLA GHAT,Bihar,BR,SB-BR,SB-BR-BHB,ECR,0,22
BHBK,BODHADI BUJRUG,Maharashtra,MH,SB-MH,SB-MH-BHBK,SCR,0,10
BHBR,Bathua Bazar,Uttar Pradesh,UP,SB-UP,SB-UP-BHBR,NER,0,2
BHBT,BLOCK HUT BASANTPUR,Uttar Pradesh,UP,SB-UP,SB-UP-BHBT,NR,0,0
BHBV,BLOCK HUT B,Uttar Pradesh,UP,SB-UP,SB-UP-BHBV,IR,0,2
BHC,Bhadrakh,Odisha,OD,SB-OD,SB-OD-BHC,IR,1,187
BHCH,BLOCK CABIN CHAKKI BANK,Uttar Pradesh,UP,SB-UP,SB-UP-BHCH,NR,0,0
BHCL,BAHORA CHANDIL,Uttar Pradesh,UP,SB-UP,SB-UP-BHCL,IR,0,12
BHD,Bhadra,Rajasthan,RJ,SB-RJ,SB-RJ-BHD,IR,0,20
BHDH,BAHADURPUR HALT,Uttar Pradesh,UP,SB-UP,SB-UP-BHDH,IR,0,2
BHDR,Bhadri,Uttar Pradesh,UP,SB-UP,SB-UP-BHDR,NR,0,2
BHEL,BHEL HALT,Telangana,TS,SB-TS,SB-TS-BHEL,IR,0,6
BHET,BHESTAN,Gujarat,GJ,SB-GJ,SB-GJ-BHET,WR,0,34
BHG,Bhaton Ki Gali,Rajasthan,RJ,SB-RJ,SB-RJ-BHG,NWR,0,6
BHGH,Bhairgachhi,West Bengal,WB,SB-WB,SB-WB-BHGH,ER,0,46
BHGJ,Bihariganj,Bihar,BR,SB-BR,SB-BR-BHGJ,ECR,0,6
BHGN,BHILGAON,Assam,AS,SB-AS,SB-AS-BHGN,NFR,0,2
BHGP,Bhagirathpur,Uttar Pradesh,UP,SB-UP,SB-UP-BHGP,NER,0,6
BHHT,Barhara,Bihar,BR,SB-BR,SB-BR-BHHT,?,0,4
BHHZ,BEHTA HAZIPUR HALT,Uttar Pradesh,UP,SB-UP,SB-UP-BHHZ,NR,0,18
BHI,BAHERI,Uttar Pradesh,UP,SB-UP,SB-UP-BHI,NER,0,30
BHID,BHIDI,Maharashtra,MH,SB-MH,SB-MH-BHID,IR,0,2
BHJ,Barhaj Bazar,Uttar Pradesh,UP,SB-UP,SB-UP-BHJ,NER,0,8
BHJA,Bheja,Odisha,OD,SB-OD,SB-OD-BHJA,ECOR,0,2
BHK,BADHARI KALAN,Uttar Pradesh,UP,SB-UP,SB-UP-BHK,IR,0,6
BHKA,Bahira Kalibari,West Bengal,WB,SB-WB,SB-WB-BHKA,ER,0,56
BHKD,BHURKUNDA,Jharkhand,JH,SB-JH,SB-JH-BHKD,IR,0,10
BHKH,BAGHOI KUSA,Bihar,BR,SB-BR,SB-BR-BHKH,IR,0,12
BHKL,BHAKRAULI,Uttar Pradesh,UP,SB-UP,SB-UP-BHKL,NR,0,6
BHL,Bhilwara,Rajasthan,RJ,SB-RJ,SB-RJ-BHL,NWR,0,71
BHLA,BEHULA,West Bengal,WB,SB-WB,SB-WB-BHLA,ER,0,42
BHLE,Barahat,Bihar,BR,SB-BR,SB-BR-BHLE,ER,0,40
BHLI,BOHALI,Maharashtra,MH,SB-MH,SB-MH-BHLI,CR,0,0
BHLK,Bhalki,Karnataka,KA,SB-KA,SB-KA-BHLK,SCR,0,22
BHLP,BHULANPUR,Uttar Pradesh,UP,SB-UP,SB-UP-BHLP,NER,0,16
BHM,Bahram,Punjab,PB,SB-PB,SB-PB-BHM,NR,0,6
BHMA,Baghmara Halt,Bihar,BR,SB-BR,SB-BR-BHMA,IR,0,6
BHME,BHANDARIDAH,Jharkhand,JH,SB-JH,SB-JH-BHME,ECR,0,8
BHMW,BHAMBHEWA,Haryana,HR,SB-HR,SB-HR-BHMW,IR,0,8
BHN,BHULI,Jharkhand,JH,SB-JH,SB-JH-BHN,IR,0,14
BHNA,Bhayna,West Bengal,WB,SB-WB,SB-WB-BHNA,ER,0,46
BHNE,BHONE,Maharashtra,MH,SB-MH,SB-MH-BHNE,IR,0,4
BHNG,BHALUKPONG,Assam,AS,SB-AS,SB-AS-BHNG,IR,0,2
BHNP,BISHANPUR HALT,Bihar,BR,SB-BR,SB-BR-BHNP,IR,0,8
BHNS,Bhansi,Chhattisgarh,CG,SB-CG,SB-CG-BHNS,ECOR,0,2
BHOI,DHANDARIKALAN BLOCK HUT,Uttar Pradesh,UP,SB-UP,SB-UP-BHOI,NR,0,0
BHOJ,Bhoj Padra,Gujarat,GJ,SB-GJ,SB-GJ-BHOJ,WR,0,0
BHP,Bolpur — Santiniketan,West Bengal,WB,SB-WB,SB-WB-BHP,ER,1,107
BHPA,Bahrupiya Halt,West Bengal,WB,SB-WB,SB-WB-BHPA,ER,0,54
BHPI,BICHHUPALI,Odisha,OD,SB-OD,SB-OD-BHPI,IR,0,14
BHR,BHADRESHWAR,West Bengal,WB,SB-WB,SB-WB-BHR,IR,0,143
BHRB,Bairabi (Bhairabi),Mizoram,MZ,SB-MZ,SB-MZ-BHRB,NFR,0,10
BHRD,Baghara Road,Uttar Pradesh,UP,SB-UP,SB-UP-BHRD,NR,0,0
BHRH,Bhuyar Halt,Uttar Pradesh,UP,SB-UP,SB-UP-BHRH,NR,0,0
BHRJ,Becharji,Gujarat,GJ,SB-GJ,SB-GJ-BHRJ,WR,0,0
BHRL,BHAROLI JUNCTION,Punjab,PB,SB-PB,SB-PB-BHRL,NR,0,16
BHRM,BISHRAMGANJ,Tripura,TR,SB-TR,SB-TR-BHRM,IR,0,8
BHS,Vidisha,Madhya Pradesh,MP,SB-MP,SB-MP-BHS,IR,1,101
BHSA,BHISA HALT,Bihar,BR,SB-BR,SB-BR-BHSA,IR,0,12
BHT,Bhattu,Haryana,HR,SB-HR,SB-HR-BHT,NWR,0,22
BHTA,BHATIYA,Gujarat,GJ,SB-GJ,SB-GJ-BHTA,WR,0,18
BHTH,Bhairopatti Halt,Bihar,BR,SB-BR,SB-BR-BHTH,IR,0,10
BHTK,BHANWAR TONK,Chhattisgarh,CG,SB-CG,SB-CG-BHTK,IR,0,6
BHTL,BHATEL,Gujarat,GJ,SB-GJ,SB-GJ-BHTL,WR,0,4
BHTN,BHITONI,Madhya Pradesh,MP,SB-MP,SB-MP-BHTN,WCR,0,10
BHTR,BHATPAR RANI,Bihar,BR,SB-BR,SB-BR-BHTR,IR,0,26
BHTS,BHATASA,Uttar Pradesh,UP,SB-UP,SB-UP-BHTS,IR,0,6
BHU,BHANDU MOTIDAU,Gujarat,GJ,SB-GJ,SB-GJ-BHU,WR,0,0
BHUA,BHUA,Uttar Pradesh,UP,SB-UP,SB-UP-BHUA,IR,0,4
BHUJ,Bhuj,Gujarat,GJ,SB-GJ,SB-GJ-BHUJ,WR,0,24
BHUN,NEW MOTIDAU,Gujarat,GJ,SB-GJ,SB-GJ-BHUN,WR,0,2
BHV,Bhoma,Madhya Pradesh,MP,SB-MP,SB-MP-BHV,SECR,0,6
BHW,Barharwa Junction,Jharkhand,JH,SB-JH,SB-JH-BHW,ECR,0,54
BHWA,BECHHIWARA,Rajasthan,RJ,SB-RJ,SB-RJ-BHWA,NWR,0,6
BHWR,Bhitiharwa Ashram,Bihar,BR,SB-BR,SB-BR-BHWR,ECR,0,4
BHX,BULLUANA,Punjab,PB,SB-PB,SB-PB-BHX,NR,0,12
BHY,Bhayavadar,Gujarat,GJ,SB-GJ,SB-GJ-BHY,WR,0,6
BHZ,Bihara,Assam,AS,SB-AS,SB-AS-BHZ,NFR,0,6
BI,BARI SADRI,Rajasthan,RJ,SB-RJ,SB-RJ-BI,NWR,0,4
BIA,BHILAI,Chhattisgarh,CG,SB-CG,SB-CG-BIA,SECR,1,33
BIB,Birpur,Rajasthan,RJ,SB-RJ,SB-RJ-BIB,NCR,0,6
BIC,Bichia,Uttar Pradesh,UP,SB-UP,SB-UP-BIC,NER,0,6
BICI,Barkichampi,Jharkhand,JH,SB-JH,SB-JH-BICI,IR,0,2
BID,Bidadi,Karnataka,KA,SB-KA,SB-KA-BID,SWR,0,38
BIDD,BIDIYAD,Rajasthan,RJ,SB-RJ,SB-RJ-BIDD,IR,0,2
BIDR,Bidar,Karnataka,KA,SB-KA,SB-KA-BIDR,SCR,0,46
BIE,BHISTENHATTI,Uttar Pradesh,UP,SB-UP,SB-UP-BIE,NR,0,0
BIF,BHAIRONPUR,Madhya Pradesh,MP,SB-MP,SB-MP-BIF,WCR,0,0
BIG,BELGAHNA,Chhattisgarh,CG,SB-CG,SB-CG-BIG,IR,0,18
BIGA,Bigga,Rajasthan,RJ,SB-RJ,SB-RJ-BIGA,NWR,0,8
BIGH,BAGRIGRAM HALT,Bihar,BR,SB-BR,SB-BR-BIGH,IR,0,3
BIGJ,BIBIGANJ,Bihar,BR,SB-BR,SB-BR-BIGJ,IR,0,2
BIGN,10510461,Bihar,BR,SB-BR,SB-BR-BIGN,IR,0,6
BIH,Bhopal Bairagarh,Madhya Pradesh,MP,SB-MP,SB-MP-BIH,IR,0,0
BIJ,Birnagar,West Bengal,WB,SB-WB,SB-WB-BIJ,ER,0,61
BIJR,Bijoor,Karnataka,KA,SB-KA,SB-KA-BIJR,KR,0,2
BIK,BHIRA KHERI,Uttar Pradesh,UP,SB-UP,SB-UP-BIK,NER,0,6
BILA,Bheslana,Rajasthan,RJ,SB-RJ,SB-RJ-BILA,NWR,0,6
BILD,BILDI,Madhya Pradesh,MP,SB-MP,SB-MP-BILD,IR,0,10
BILK,Bilkha,Gujarat,GJ,SB-GJ,SB-GJ-BILK,WR,0,10
BILP,Bhilpur,Gujarat,GJ,SB-GJ,SB-GJ-BILP,WR,0,8
BIM,Bilimora Junction,Gujarat,GJ,SB-GJ,SB-GJ-BIM,WR,0,53
BIML,Bhimal,Rajasthan,RJ,SB-RJ,SB-RJ-BIML,NWR,0,12
BINA,Bina Junction,Madhya Pradesh,MP,SB-MP,SB-MP-BINA,IR,1,228
BINR,Brij Nagar,Rajasthan,RJ,SB-RJ,SB-RJ-BINR,NCR,0,17
BIO,BORDI,Gujarat,GJ,SB-GJ,SB-GJ-BIO,IR,0,9
BIP,Bairapur,Madhya Pradesh,MP,SB-MP,SB-MP-BIP,NCR,0,6
BIPR,Bheempura,Rajasthan,RJ,SB-RJ,SB-RJ-BIPR,NWR,0,4
BIQ,BANSI PAHARPUR,Rajasthan,RJ,SB-RJ,SB-RJ-BIQ,NCR,0,6
BIR,Bir,Madhya Pradesh,MP,SB-MP,SB-MP-BIR,WCR,0,6
BIRA,BIRA,West Bengal,WB,SB-WB,SB-WB-BIRA,IR,0,99
BIRD,Bhiwandi,Maharashtra,MH,SB-MH,SB-MH-BIRD,CR,0,77
BIRL,Biraul,Bihar,BR,SB-BR,SB-BR-BIRL,ECR,0,6
BIRP,BIRARAJPUR,Jharkhand,JH,SB-JH,SB-JH-BIRP,IR,0,12
BIS,Biswa Bridge,Maharashtra,MH,SB-MH,SB-MH-BIS,IR,0,4
BISH,Bishengarh,Rajasthan,RJ,SB-RJ,SB-RJ-BISH,NWR,0,4
BIU,Bidupur,Bihar,BR,SB-BR,SB-BR-BIU,IR,0,0
BIV,Bamhani Banjur,Madhya Pradesh,MP,SB-MP,SB-MP-BIV,SECR,0,6
BIWK,BISALWAS KALAN,Rajasthan,RJ,SB-RJ,SB-RJ-BIWK,WR,0,10
BIX,Bhind,Madhya Pradesh,MP,SB-MP,SB-MP-BIX,NCR,0,28
BIY,Bardoli,Gujarat,GJ,SB-GJ,SB-GJ-BIY,IR,0,26
BIYA,BANIYANA,Rajasthan,RJ,SB-RJ,SB-RJ-BIYA,IR,0,2
BIZ,Baihata Chariali,Assam,AS,SB-AS,SB-AS-BIZ,NFR,0,8
BJ,BAHJOI,Uttar Pradesh,UP,SB-UP,SB-UP-BJ,NR,0,12
BJA,BIJROTHA,Madhya Pradesh,MP,SB-MP,SB-MP-BJA,IR,0,4
BJBA,BIJBIARA,Jammu and Kashmir,JK,SB-JK,SB-JK-BJBA,IR,0,12
BJD,BAREJADI,Gujarat,GJ,SB-GJ,SB-GJ-BJD,IR,0,22
BJE,Bhojudih Junction,Jharkhand,JH,SB-JH,SB-JH-BJE,ECR,0,28
BJF,Bijni,Assam,AS,SB-AS,SB-AS-BJF,NFR,0,20
BJG,BAJRANGARH,Madhya Pradesh,MP,SB-MP,SB-MP-BJG,IR,0,8
BJI,BIJAULI,Madhya Pradesh,MP,SB-MP,SB-MP-BJI,IR,0,4
BJIH,BIJULI HALT,Bihar,BR,SB-BR,SB-BR-BJIH,IR,0,24
BJK,BIJORA,Rajasthan,RJ,SB-RJ,SB-RJ-BJK,WCR,0,4
BJKN,Bajekan,Haryana,HR,SB-HR,SB-HR-BJKN,IR,0,8
BJL,BRAHMAJAN,Assam,AS,SB-AS,SB-AS-BJL,IR,0,4
BJLP,BARAI JALALPUR,Uttar Pradesh,UP,SB-UP,SB-UP-BJLP,NER,0,8
BJM,BHAGAVATHIPURAM,Kerala,KL,SB-KL,SB-KL-BJM,IR,0,2
BJMA,Burj Mohar,Punjab,PB,SB-PB,SB-PB-BJMA,IR,0,2
BJMD,Bara Jamda,Jharkhand,JH,SB-JH,SB-JH-BJMD,SER,0,10
BJMR,BAIJNATH MANDIR,Himachal Pradesh,HP,SB-HP,SB-HP-BJMR,NR,0,0
BJN,Bejnal,Rajasthan,RJ,SB-RJ,SB-RJ-BJN,NWR,0,0
BJNR,BIJAINAGAR,Rajasthan,RJ,SB-RJ,SB-RJ-BJNR,NWR,0,52
BJO,Bijnor,Uttar Pradesh,UP,SB-UP,SB-UP-BJO,NR,0,12
BJP,Bijapur,Karnataka,KA,SB-KA,SB-KA-BJP,SWR,0,39
BJPD,BAJIPADA,Odisha,OD,SB-OD,SB-OD-BJPD,IR,0,2
BJPL,BAIJNATH PAPROLA,Himachal Pradesh,HP,SB-HP,SB-HP-BJPL,NR,0,13
BJPR,Bijaipur Road,Madhya Pradesh,MP,SB-MP,SB-MP-BJPR,NCR,0,6
BJQ,Baghora,Madhya Pradesh,MP,SB-MP,SB-MP-BJQ,IR,0,8
BJR,BARRAJPUR,Uttar Pradesh,UP,SB-UP,SB-UP-BJR,IR,0,14
BJRA,BHAJERA,Rajasthan,RJ,SB-RJ,SB-RJ-BJRA,IR,0,4
BJRI,BIJURI,Madhya Pradesh,MP,SB-MP,SB-MP-BJRI,SECR,0,23
BJT,BAJPATTI,Bihar,BR,SB-BR,SB-BR-BJT,IR,0,12
BJU,Barauni Junction,Bihar,BR,SB-BR,SB-BR-BJU,IR,0,213
BJUD,BAJUD,Gujarat,GJ,SB-GJ,SB-GJ-BJUD,WR,0,6
BJUP,BJUP,Uttar Pradesh,UP,SB-UP,SB-UP-BJUP,NR,0,0
BJV,Bijauria,Uttar Pradesh,UP,SB-UP,SB-UP-BJV,NER,0,10
BJW,BAJVA,Gujarat,GJ,SB-GJ,SB-GJ-BJW,IR,0,15
BJWS,Bojawas,Haryana,HR,SB-HR,SB-HR-BJWS,NWR,0,12
BJY,Bangalbaree,West Bengal,WB,SB-WB,SB-WB-BJY,NFR,0,12
BK,Bakra Road,Rajasthan,RJ,SB-RJ,SB-RJ-BK,NWR,0,4
BKA,BARKHERA,Uttar Pradesh,UP,SB-UP,SB-UP-BKA,NR,0,0
BKAC,BARKAKANA AVOIDING CABIN,Uttar Pradesh,UP,SB-UP,SB-UP-BKAC,NR,0,0
BKC,BHIKAMKOR,Rajasthan,RJ,SB-RJ,SB-RJ-BKC,NWR,0,2
BKCA,BOKARO STEEL CITY A CABIN,Uttar Pradesh,UP,SB-UP,SB-UP-BKCA,NR,0,0
BKD,Bhankoda,Gujarat,GJ,SB-GJ,SB-GJ-BKD,WR,0,4
BKDE,BUDHAKHERA,Haryana,HR,SB-HR,SB-HR-BKDE,NR,0,6
BKDR,BEGUN KUDAR,West Bengal,WB,SB-WB,SB-WB-BKDR,IR,0,14
BKF,Bhikhna Thori,Bihar,BR,SB-BR,SB-BR-BKF,ECR,0,0
BKG,BANKA GHAT,Bihar,BR,SB-BR,SB-BR-BKG,IR,0,30
BKH,BANKHEDI,Madhya Pradesh,MP,SB-MP,SB-MP-BKH,WCR,0,17
BKHR,BAKHRI,Bihar,BR,SB-BR,SB-BR-BKHR,IR,0,8
BKI,Bandikui Junction,Rajasthan,RJ,SB-RJ,SB-RJ-BKI,IR,0,113
BKIT,BINKADAKATTI,Uttar Pradesh,UP,SB-UP,SB-UP-BKIT,NR,0,0
BKJ,Barkur,Karnataka,KA,SB-KA,SB-KA-BKJ,KR,0,12
BKKA,Bhukarka,Rajasthan,RJ,SB-RJ,SB-RJ-BKKA,NWR,0,6
BKKI,BAKARKUDI,Jharkhand,JH,SB-JH,SB-JH-BKKI,IR,0,4
BKKS,BAKAS,Uttar Pradesh,UP,SB-UP,SB-UP-BKKS,IR,0,2
BKL,BONA KALU,Andhra Pradesh,AP,SB-AP,SB-AP-BKL,SCR,0,8
BKLA,BAKULHA,Bihar,BR,SB-BR,SB-BR-BKLA,IR,0,8
BKLE,BAKUDI,Jharkhand,JH,SB-JH,SB-JH-BKLE,IR,0,18
BKN,Bikaner Junction,Rajasthan,RJ,SB-RJ,SB-RJ-BKN,IR,0,91
BKNA,BAKAINA HALT,Uttar Pradesh,UP,SB-UP,SB-UP-BKNA,IR,0,6
BKNG,Bhakti Nagar,Gujarat,GJ,SB-GJ,SB-GJ-BKNG,WR,0,29
BKNM,BANKRA NAYABAJ,West Bengal,WB,SB-WB,SB-WB-BKNM,IR,0,22
BKNO,BIKNA,West Bengal,WB,SB-WB,SB-WB-BKNO,IR,0,13
BKO,Bindki Road,Uttar Pradesh,UP,SB-UP,SB-UP-BKO,IR,0,12
BKP,Bakhtiyarpur Junction,Bihar,BR,SB-BR,SB-BR-BKP,IR,1,146
BKPR,BAKASPUR,Odisha,OD,SB-OD,SB-OD-BKPR,IR,0,6
BKPT,BHAKARAPET,Andhra Pradesh,AP,SB-AP,SB-AP-BKPT,IR,0,4
BKRD,BHALUKA ROAD F,Bihar,BR,SB-BR,SB-BR-BKRD,IR,0,29
BKRH,Brij Kishor Halt,Bihar,BR,SB-BR,SB-BR-BKRH,IR,0,4
BKRL,BAKROL,Gujarat,GJ,SB-GJ,SB-GJ-BKRL,IR,0,7
BKRO,Bokaro Thermal,Jharkhand,JH,SB-JH,SB-JH-BKRO,ECR,0,16
BKS,Balikotia,Assam,AS,SB-AS,SB-AS-BKS,NFR,0,2
BKSA,BAKHSHA,Uttar Pradesh,UP,SB-UP,SB-UP-BKSA,IR,0,2
BKSC,Bokaro Steel City,Jharkhand,JH,SB-JH,SB-JH-BKSC,ECR,0,95
BKSL,BIKRAM SHILA,Bihar,BR,SB-BR,SB-BR-BKSL,IR,0,14
BKSN,BKSC NORTH CABIN,Uttar Pradesh,UP,SB-UP,SB-UP-BKSN,NR,0,0
BKT,BAKSHI KA TALAB,Uttar Pradesh,UP,SB-UP,SB-UP-BKT,NER,0,8
BKTB,BINDUKURI,Assam,AS,SB-AS,SB-AS-BKTB,IR,0,8
BKTH,BAIKUNTH,Chhattisgarh,CG,SB-CG,SB-CG-BKTH,IR,0,12
BKTL,BAKTAL,Madhya Pradesh,MP,SB-MP,SB-MP-BKTL,IR,0,4
BKTS,BAKOTHIKHAS,Uttar Pradesh,UP,SB-UP,SB-UP-BKTS,IR,0,8
BKTU,BARI KHATU,Rajasthan,RJ,SB-RJ,SB-RJ-BKTU,IR,0,8
BKTW,Baikunth,Uttar Pradesh,UP,SB-UP,SB-UP-BKTW,NR,0,0
BKU,BHIKNUR,Andhra Pradesh,AP,SB-AP,SB-AP-BKU,SCR,0,10
BKWA,BAKAYANWALA,Rajasthan,RJ,SB-RJ,SB-RJ-BKWA,NR,0,5
BL,Valsad,Gujarat,GJ,SB-GJ,SB-GJ-BL,WR,1,207
BLA,BAJALTA,Jammu and Kashmir,JK,SB-JK,SB-JK-BLA,NR,0,4
BLAE,BALARAMBATI,West Bengal,WB,SB-WB,SB-WB-BLAE,IR,0,64
BLAX,BARLAI,Madhya Pradesh,MP,SB-MP,SB-MP-BLAX,WR,0,4
BLC,BOLDA,Maharashtra,MH,SB-MH,SB-MH-BLC,SCR,0,4
BLCA,BLOCK HUT BEAS,Uttar Pradesh,UP,SB-UP,SB-UP-BLCA,NR,0,0
BLD,Bhilad,Gujarat,GJ,SB-GJ,SB-GJ-BLD,WR,0,30
BLDA,BELDA,Odisha,OD,SB-OD,SB-OD-BLDA,IR,0,37
BLDI,Bhildi,Gujarat,GJ,SB-GJ,SB-GJ-BLDI,WR,0,46
BLDK,Balauda Takun,Madhya Pradesh,MP,SB-MP,SB-MP-BLDK,WR,0,12
BLDL,BALLE-DA-PIR-LA,Himachal Pradesh,HP,SB-HP,SB-HP-BLDL,NR,0,10
BLF,Balajan,Uttar Pradesh,UP,SB-UP,SB-UP-BLF,NR,0,0
BLG,BILHAR GHAT,Uttar Pradesh,UP,SB-UP,SB-UP-BLG,IR,0,1
BLGA,Belagula,Karnataka,KA,SB-KA,SB-KA-BLGA,SWR,0,8
BLGH,BISHALGARH,Tripura,TR,SB-TR,SB-TR-BLGH,IR,0,8
BLGR,Balangir,Odisha,OD,SB-OD,SB-OD-BLGR,IR,0,70
BLGT,BALURGHAT,West Bengal,WB,SB-WB,SB-WB-BLGT,IR,0,20
BLH,BELGHARIA,West Bengal,WB,SB-WB,SB-WB-BLH,IR,0,222
BLHI,Bisalehalli,Karnataka,KA,SB-KA,SB-KA-BLHI,IR,0,8
BLHR,BALAHAPUR HALT,Bihar,BR,SB-BR,SB-BR-BLHR,IR,0,3
BLK,BELAKOBA,West Bengal,WB,SB-WB,SB-WB-BLK,IR,0,14
BLKR,BALLEKERE HALT,Karnataka,KA,SB-KA,SB-KA-BLKR,SWR,0,6
BLL,BANTANAHAL,Andhra Pradesh,AP,SB-AP,SB-AP-BLL,SCR,0,10
BLLI,BALLI,Goa,GA,SB-GA,SB-GA-BLLI,KR,0,4
BLLT,Ballupete,Uttar Pradesh,UP,SB-UP,SB-UP-BLLT,NR,0,0
BLM,BALAMU JN,Uttar Pradesh,UP,SB-UP,SB-UP-BLM,IR,0,39
BLME,BHOLLDIH,Jharkhand,JH,SB-JH,SB-JH-BLME,IR,0,4
BLMK,Bhalumaska,Odisha,OD,SB-OD,SB-OD-BLMK,ECOR,0,2
BLMR,Bhalukmara,Assam,AS,SB-AS,SB-AS-BLMR,NFR,0,2
BLN,BALLYGUNGE JN,West Bengal,WB,SB-WB,SB-WB-BLN,IR,0,301
BLND,Bolinna Doaba,Punjab,PB,SB-PB,SB-PB-BLND,NR,0,12
BLNG,BARLANGA,Jharkhand,JH,SB-JH,SB-JH-BLNG,IR,0,4
BLNI,BHALWANI,Maharashtra,MH,SB-MH,SB-MH-BLNI,IR,0,4
BLNK,BELANKI,Maharashtra,MH,SB-MH,SB-MH-BLNK,CR,0,2
BLNR,Gwalior Birlanagar,Madhya Pradesh,MP,SB-MP,SB-MP-BLNR,IR,0,14
BLO,BHULON,Rajasthan,RJ,SB-RJ,SB-RJ-BLO,WCR,0,6
BLOR,Bilaspur Road,Himachal Pradesh,HP,SB-HP,SB-HP-BLOR,IR,0,0
BLP,Balrampur,Madhya Pradesh,MP,SB-MP,SB-MP-BLP,NER,0,28
BLPA,BILASIPARA,Assam,AS,SB-AS,SB-AS-BLPA,IR,0,2
BLPE,BALAPALLE,Andhra Pradesh,AP,SB-AP,SB-AP-BLPE,IR,0,6
BLPR,Badulipar,Assam,AS,SB-AS,SB-AS-BLPR,NFR,0,2
BLPU,BILPUR,Uttar Pradesh,UP,SB-UP,SB-UP-BLPU,IR,0,10
BLQR,BILASPUR ROAD,Uttar Pradesh,UP,SB-UP,SB-UP-BLQR,NER,0,21
BLR,BALGANUR,Karnataka,KA,SB-KA,SB-KA-BLR,SWR,0,8
BLRA,BILARA,Rajasthan,RJ,SB-RJ,SB-RJ-BLRA,IR,0,2
BLRD,BALA ROAD,Gujarat,GJ,SB-GJ,SB-GJ-BLRD,WR,0,0
BLRE,BELSIRI,Assam,AS,SB-AS,SB-AS-BLRE,IR,0,6
BLRG,BALASIRING,Odisha,OD,SB-OD,SB-OD-BLRG,IR,0,6
BLRI,BELARI HALT,Bihar,BR,SB-BR,SB-BR-BLRI,IR,0,2
BLRR,Belandur Road,Karnataka,KA,SB-KA,SB-KA-BLRR,SWR,0,12
BLS,Balasore,Odisha,OD,SB-OD,SB-OD-BLS,IR,1,208
BLSA,BOLSA,Maharashtra,MH,SB-MH,SB-MH-BLSA,SCR,0,6
BLSD,Balsamand,Rajasthan,RJ,SB-RJ,SB-RJ-BLSD,NWR,0,6
BLSN,BELSONDA,Chhattisgarh,CG,SB-CG,SB-CG-BLSN,IR,0,6
BLSR,Belasar,Rajasthan,RJ,SB-RJ,SB-RJ-BLSR,IR,0,8
BLT,BALOTRA JN,Rajasthan,RJ,SB-RJ,SB-RJ-BLT,NWR,0,27
BLTR,BELTHARA ROAD,Uttar Pradesh,UP,SB-UP,SB-UP-BLTR,NER,0,40
BLU,BILHAUR,Uttar Pradesh,UP,SB-UP,SB-UP-BLU,IR,0,26
BLV,Bhelwa,Bihar,BR,SB-BR,SB-BR-BLV,IR,0,10
BLW,BALAWALI,Uttarakhand,UK,SB-UK,SB-UK-BLW,IR,0,4
BLWD,BOLWAD,Maharashtra,MH,SB-MH,SB-MH-BLWD,CR,0,0
BLWR,BILESHWAR,Gujarat,GJ,SB-GJ,SB-GJ-BLWR,WR,0,0
BLX,BOLAI,Madhya Pradesh,MP,SB-MP,SB-MP-BLX,IR,0,4
BLY,Bally,West Bengal,WB,SB-WB,SB-WB-BLY,ER,0,239
BLYC,BALLY CHORD,West Bengal,WB,SB-WB,SB-WB-BLYC,IR,0,68
BLYG,BALLY GHAT,West Bengal,WB,SB-WB,SB-WB-BLYG,IR,0,50
BLYH,BALIHALT,West Bengal,WB,SB-WB,SB-WB-BLYH,IR,0,50
BLZ,Budhlada,Punjab,PB,SB-PB,SB-PB-BLZ,NR,0,14
BM,BODMA,Uttar Pradesh,UP,SB-UP,SB-UP-BM,NR,0,0
BMA,BAGMAR,Madhya Pradesh,MP,SB-MP,SB-MP-BMA,CR,0,0
BMAE,BELMURI,West Bengal,WB,SB-WB,SB-WB-BMAE,IR,0,59
BMB,Bamra,Madhya Pradesh,MP,SB-MP,SB-MP-BMB,IR,1,37
BMBE,BIMBARI,Maharashtra,MH,SB-MH,SB-MH-BMBE,SCR,0,4
BMC,Bhimalgondi,Madhya Pradesh,MP,SB-MP,SB-MP-BMC,SECR,0,4
BMCK,Bissam Cuttack,Odisha,OD,SB-OD,SB-OD-BMCK,IR,0,10
BMD,BHIMADOLU,Andhra Pradesh,AP,SB-AP,SB-AP-BMD,IR,0,12
BMDI,Brahmanwada,Gujarat,GJ,SB-GJ,SB-GJ-BMDI,WR,0,0
BME,Barmer,Rajasthan,RJ,SB-RJ,SB-RJ-BME,NWR,0,31
BMF,Basmat,Maharashtra,MH,SB-MH,SB-MH-BMF,SCR,0,40
BMG,Bamangachhi,West Bengal,WB,SB-WB,SB-WB-BMG,ER,0,114
BMGA,BHIMGARA,West Bengal,WB,SB-WB,SB-WB-BMGA,ER,0,12
BMGM,BRAHMANAGUDEM,Uttar Pradesh,UP,SB-UP,SB-UP-BMGM,NR,0,0
BMGN,BAMUNI GAON,Assam,AS,SB-AS,SB-AS-BMGN,IR,0,10
BMGR,Bamangram,West Bengal,WB,SB-WB,SB-WB-BMGR,NFR,0,10
BMH,BETAMCHERLA,Andhra Pradesh,AP,SB-AP,SB-AP-BMH,IR,0,17
BMHR,BAMANHERI,Uttar Pradesh,UP,SB-UP,SB-UP-BMHR,NR,0,5
BMHT,Baraw More,Bihar,BR,SB-BR,SB-BR-BMHT,IR,0,8
BMI,BAMNIA,Madhya Pradesh,MP,SB-MP,SB-MP-BMI,IR,0,23
BMJ,Bridgemanganj,Uttar Pradesh,UP,SB-UP,SB-UP-BMJ,NER,0,16
BMK,BIRANG KHERA,Punjab,PB,SB-PB,SB-PB-BMK,NWR,0,4
BMKD,BELLAMKONDA,Andhra Pradesh,AP,SB-AP,SB-AP-BMKD,IR,0,5
BMKI,BAPUDHAM MOTIHARI,Bihar,BR,SB-BR,SB-BR-BMKI,ECR,0,53
BMKJ,BHIMKHOJ,Chhattisgarh,CG,SB-CG,SB-CG-BMKJ,IR,0,4
BMLL,Bamla,Haryana,HR,SB-HR,SB-HR-BMLL,NWR,0,10
BMM,BHASKARPARA,Uttar Pradesh,UP,SB-UP,SB-UP-BMM,NR,0,0
BMMP,BOMMAYAPALLI,Uttar Pradesh,UP,SB-UP,SB-UP-BMMP,NR,0,0
BMN,BHIMANA,Rajasthan,RJ,SB-RJ,SB-RJ-BMN,NWR,0,2
BMND,Bhopal Mandideep,Madhya Pradesh,MP,SB-MP,SB-MP-BMND,IR,0,0
BMNI,BAMANI,Maharashtra,MH,SB-MH,SB-MH-BMNI,CR,0,0
BMNL,BAMANWALI HALT,Rajasthan,RJ,SB-RJ,SB-RJ-BMNL,IR,0,4
BMO,Bolarum,Telangana,TS,SB-TS,SB-TS-BMO,SCR,0,55
BMP,Bramhapuri,Maharashtra,MH,SB-MH,SB-MH-BMP,SECR,0,9
BMPL,BRAHMANPALLI,Andhra Pradesh,AP,SB-AP,SB-AP-BMPL,SCR,0,10
BMPR,Badampahar,Jharkhand,JH,SB-JH,SB-JH-BMPR,SER,0,13
BMPT,Banni Mahamman,Bihar,BR,SB-BR,SB-BR-BMPT,IR,0,6
BMQ,BHIMARLAI,Rajasthan,RJ,SB-RJ,SB-RJ-BMQ,NWR,0,6
BMR,BIKRAMPUR,Madhya Pradesh,MP,SB-MP,SB-MP-BMR,WCR,0,6
BMRN,BHIMRANA,Gujarat,GJ,SB-GJ,SB-GJ-BMRN,IR,0,3
BMSB,BHIMASAR BG,Gujarat,GJ,SB-GJ,SB-GJ-BMSB,IR,0,2
BMSD,Bhopal Misrod,Madhya Pradesh,MP,SB-MP,SB-MP-BMSD,IR,0,0
BMSN,Bamsin,Rajasthan,RJ,SB-RJ,SB-RJ-BMSN,NWR,0,4
BMSR,Bhimasar,Gujarat,GJ,SB-GJ,SB-GJ-BMSR,WR,0,0
BMT,Begampet,Telangana,TS,SB-TS,SB-TS-BMT,IR,0,134
BMU,BAMHRAULI,Uttar Pradesh,UP,SB-UP,SB-UP-BMU,IR,0,3
BMW,Bamhni,Maharashtra,MH,SB-MH,SB-MH-BMW,SECR,0,0
BMWS,BAMANWAS,Rajasthan,RJ,SB-RJ,SB-RJ-BMWS,IR,0,2
BMY,Bamiana,Uttar Pradesh,UP,SB-UP,SB-UP-BMY,NER,0,7
BMZ,Bamour Gaon,Madhya Pradesh,MP,SB-MP,SB-MP-BMZ,NCR,0,6
BN,Bibinagar,Telangana,TS,SB-TS,SB-TS-BN,IR,0,19
BNA,BANNI KOPPA,Karnataka,KA,SB-KA,SB-KA-BNA,SWR,0,14
BNAA,BIBHUTI BHUSHAN  H,West Bengal,WB,SB-WB,SB-WB-BNAA,IR,0,47
BNAR,BINAUR,Uttar Pradesh,UP,SB-UP,SB-UP-BNAR,IR,0,4
BNB,BANSTOLA,West Bengal,WB,SB-WB,SB-WB-BNB,IR,0,18
BNBH,BANI BIHAR,Odisha,OD,SB-OD,SB-OD-BNBH,IR,0,20
BNBR,BAHANAGA BAZAR,Odisha,OD,SB-OD,SB-OD-BNBR,IR,0,15
BNC,Bangalore Cantonment,Karnataka,KA,SB-KA,SB-KA-BNC,SWR,0,101
BNCE,Bangalore East,Karnataka,KA,SB-KA,SB-KA-BNCE,SWR,0,28
BNCR,BANCHARI,Haryana,HR,SB-HR,SB-HR-BNCR,IR,0,16
BND,BHANDUP,Maharashtra,MH,SB-MH,SB-MH-BND,IR,0,4
BNDA,Banda Junction,Uttar Pradesh,UP,SB-UP,SB-UP-BNDA,NCR,0,52
BNDI,Barundini,Rajasthan,RJ,SB-RJ,SB-RJ-BNDI,WCR,0,4
BNDM,BONDAMUNDA,Odisha,OD,SB-OD,SB-OD-BNDM,IR,0,11
BNDN,BHANDANA,Uttar Pradesh,UP,SB-UP,SB-UP-BNDN,NR,0,0
BNDP,BUNIADPUR,West Bengal,WB,SB-WB,SB-WB-BNDP,IR,0,20
BNE,BOHANI,Madhya Pradesh,MP,SB-MP,SB-MP-BNE,WCR,0,10
BNF,BANDHUA,Bihar,BR,SB-BR,SB-BR-BNF,IR,0,4
BNG,Barnagar,West Bengal,WB,SB-WB,SB-WB-BNG,ER,0,24
BNGL,BHANGALA,Punjab,PB,SB-PB,SB-PB-BNGL,NR,0,6
BNGM,BANGURGRAM HALT,Rajasthan,RJ,SB-RJ,SB-RJ-BNGM,IR,0,4
BNGN,Bongaigaon,Assam,AS,SB-AS,SB-AS-BNGN,NFR,0,18
BNGO,BINGAON,Uttar Pradesh,UP,SB-UP,SB-UP-BNGO,NR,0,0
BNGY,BAHMAN JYOTIA,Uttar Pradesh,UP,SB-UP,SB-UP-BNGY,IR,0,6
BNH,BHIMNATH,Gujarat,GJ,SB-GJ,SB-GJ-BNH,WR,0,6
BNHL,Bellenahalli,Karnataka,KA,SB-KA,SB-KA-BNHL,SWR,0,0
BNHR,Banbihari Gwalipur,Odisha,OD,SB-OD,SB-OD-BNHR,ECOR,0,6
BNI,Budni,Madhya Pradesh,MP,SB-MP,SB-MP-BNI,IR,0,4
BNJ,BANGAON JN,West Bengal,WB,SB-WB,SB-WB-BNJ,IR,0,116
BNJL,BINJHOL HALT,Haryana,HR,SB-HR,SB-HR-BNJL,NR,0,6
BNJN,BINJANA,Uttar Pradesh,UP,SB-UP,SB-UP-BNJN,NR,0,0
BNK,BANASANKARAI HA,Karnataka,KA,SB-KA,SB-KA-BNK,SWR,0,8
BNKA,Bankim Nagar,West Bengal,WB,SB-WB,SB-WB-BNKA,ER,0,45
BNKH,BHAIRANAYAKANAH,Karnataka,KA,SB-KA,SB-KA-BNKH,SWR,0,17
BNKI,Banmankhi Junction,Bihar,BR,SB-BR,SB-BR-BNKI,ECR,0,34
BNKJ,BANKE GANJ,Uttar Pradesh,UP,SB-UP,SB-UP-BNKJ,NER,0,8
BNKM,VINAEKMA HALT,Bihar,BR,SB-BR,SB-BR-BNKM,IR,0,12
BNL,BEVINAHALU,Andhra Pradesh,AP,SB-AP,SB-AP-BNL,SCR,0,8
BNLS,Bangi Nihal Singh,Punjab,PB,SB-PB,SB-PB-BNLS,IR,0,10
BNLW,Banasthali Niwai,Rajasthan,RJ,SB-RJ,SB-RJ-BNLW,IR,0,35
BNLY,BHANUPLI,Punjab,PB,SB-PB,SB-PB-BNLY,IR,0,6
BNM,BARAGAON,Uttar Pradesh,UP,SB-UP,SB-UP-BNM,IR,0,2
BNN,Barnala,Punjab,PB,SB-PB,SB-PB-BNN,NR,0,26
BNNR,BHINDAR,Rajasthan,RJ,SB-RJ,SB-RJ-BNNR,IR,0,4
BNO,Banar,Rajasthan,RJ,SB-RJ,SB-RJ-BNO,IR,0,10
BNOD,Benoda,Maharashtra,MH,SB-MH,SB-MH-BNOD,IR,0,4
BNOI,BINDORI,Rajasthan,RJ,SB-RJ,SB-RJ-BNOI,IR,0,2
BNP,BHANAPUR,Karnataka,KA,SB-KA,SB-KA-BNP,SWR,0,18
BNPH,BASANTPUR,Bihar,BR,SB-BR,SB-BR-BNPH,IR,0,4
BNPR,BANIKPUR HALT,Bihar,BR,SB-BR,SB-BR-BNPR,IR,0,2
BNPT,BENNIPATTI PIRAPUR,Bihar,BR,SB-BR,SB-BR-BNPT,IR,0,8
BNQ,Banarhat,West Bengal,WB,SB-WB,SB-WB-BNQ,ER,0,10
BNQL,BHANKALA HALT,Uttar Pradesh,UP,SB-UP,SB-UP-BNQL,NR,0,6
BNR,BHAGWANPUR,Bihar,BR,SB-BR,SB-BR-BNR,IR,0,31
BNRD,BALANGIR ROAD,Odisha,OD,SB-OD,SB-OD-BNRD,IR,0,4
BNRS,BANARAS,Uttar Pradesh,UP,SB-UP,SB-UP-BNRS,IR,0,103
BNS,BANAS,Rajasthan,RJ,SB-RJ,SB-RJ-BNS,NWR,0,2
BNSA,Banbasa,Uttarakhand,UK,SB-UK,SB-UK-BNSA,NER,0,14
BNSL,BANSINALA HALT,Bihar,BR,SB-BR,SB-BR-BNSL,IR,0,4
BNSP,BANSAPAHAR,Uttar Pradesh,UP,SB-UP,SB-UP-BNSP,WCR,0,4
BNSR,BHAGWANSAR,Rajasthan,RJ,SB-RJ,SB-RJ-BNSR,NWR,0,15
BNT,BHARTHANA,Uttar Pradesh,UP,SB-UP,SB-UP-BNT,IR,0,24
BNTH,BANDHNATH,Gujarat,GJ,SB-GJ,SB-GJ-BNTH,WR,0,4
BNTL,Bantawala,Karnataka,KA,SB-KA,SB-KA-BNTL,SWR,0,20
BNTP,Bhopal Nishatpura,Madhya Pradesh,MP,SB-MP,SB-MP-BNTP,IR,0,0
BNU,BANDAKPUR,Madhya Pradesh,MP,SB-MP,SB-MP-BNU,IR,0,16
BNV,Binnaguri,West Bengal,WB,SB-WB,SB-WB-BNV,NFR,0,22
BNVD,BHANVAD,Gujarat,GJ,SB-GJ,SB-GJ-BNVD,WR,0,15
BNW,Bhiwani,Haryana,HR,SB-HR,SB-HR-BNW,NWR,0,50
BNWC,Bhiwani City,Haryana,HR,SB-HR,SB-HR-BNWC,NWR,0,16
BNWD,Bhandewadi Halt,Uttar Pradesh,UP,SB-UP,SB-UP-BNWD,NR,0,0
BNWS,BHANWASA,Uttar Pradesh,UP,SB-UP,SB-UP-BNWS,NR,0,0
BNXR,Bidhan Nagar Road,West Bengal,WB,SB-WB,SB-WB-BNXR,ER,0,397
BNY,Barhni,Uttar Pradesh,UP,SB-UP,SB-UP-BNY,NER,0,30
BNZ,Badshahnagar,Uttar Pradesh,UP,SB-UP,SB-UP-BNZ,IR,0,58
BO,Borsad,Gujarat,GJ,SB-GJ,SB-GJ-BO,WR,0,2
BOBS,BOBAS,Rajasthan,RJ,SB-RJ,SB-RJ-BOBS,IR,0,9
BOD,BANGROD,Madhya Pradesh,MP,SB-MP,SB-MP-BOD,IR,0,13
BODG,BODAGRAM PH,Jharkhand,JH,SB-JH,SB-JH-BODG,IR,0,2
BOE,Barsoi Junction,Bihar,BR,SB-BR,SB-BR-BOE,IR,0,126
BOF,Barog,Himachal Pradesh,HP,SB-HP,SB-HP-BOF,NR,0,10
BOG,BHAIRONGARH,Madhya Pradesh,MP,SB-MP,SB-MP-BOG,IR,0,11
BOI,Bainchi,West Bengal,WB,SB-WB,SB-WB-BOI,ER,0,66
BOJ,BHOJO,Assam,AS,SB-AS,SB-AS-BOJ,NFR,0,12
BOK,BORKHEDI,Maharashtra,MH,SB-MH,SB-MH-BOK,IR,0,2
BOKA,BOKRA,West Bengal,WB,SB-WB,SB-WB-BOKA,IR,0,11
BOKE,BHOKE,Maharashtra,MH,SB-MH,SB-MH-BOKE,KR,0,2
BOKO,Boko,Assam,AS,SB-AS,SB-AS-BOKO,NFR,0,10
BOKR,BHOKAR,Maharashtra,MH,SB-MH,SB-MH-BOKR,SCR,0,10
BOM,BOMADRA,Rajasthan,RJ,SB-RJ,SB-RJ-BOM,NWR,0,2
BOMN,Bommagundanakere,Karnataka,KA,SB-KA,SB-KA-BOMN,SWR,0,4
BON,BHONRA,Rajasthan,RJ,SB-RJ,SB-RJ-BON,WCR,0,4
BONA,BOINDA,Odisha,OD,SB-OD,SB-OD-BONA,IR,0,22
BOP,BHOGPUR,West Bengal,WB,SB-WB,SB-WB-BOP,IR,0,107
BOR,Boisar,Maharashtra,MH,SB-MH,SB-MH-BOR,WR,0,110
BORA,Bagdogra,West Bengal,WB,SB-WB,SB-WB-BORA,IR,0,28
BORT,BOLAGARH TOWN PH,Odisha,OD,SB-OD,SB-OD-BORT,IR,0,8
BOT,BOROTI,Maharashtra,MH,SB-MH,SB-MH-BOT,IR,0,7
BOTI,Baori Thikria,Rajasthan,RJ,SB-RJ,SB-RJ-BOTI,NWR,0,6
BOTR,Bhavdhari,Haryana,HR,SB-HR,SB-HR-BOTR,NWR,0,4
BOUH,BOUDH,Odisha,OD,SB-OD,SB-OD-BOUH,IR,0,10
BOV,Bhatgaon,Chhattisgarh,CG,SB-CG,SB-CG-BOV,SECR,0,0
BOW,Borawar,Rajasthan,RJ,SB-RJ,SB-RJ-BOW,IR,0,4
BOX,Bhojasar,Rajasthan,RJ,SB-RJ,SB-RJ-BOX,NWR,0,0
BOY,Bhadohi,Uttar Pradesh,UP,SB-UP,SB-UP-BOY,IR,0,44
BOYA,BOTHIA P.H.,Madhya Pradesh,MP,SB-MP,SB-MP-BOYA,IR,0,4
BOZ,BOLARUM BAZAR,Andhra Pradesh,AP,SB-AP,SB-AP-BOZ,SCR,0,28
BP,Barrackpore,West Bengal,WB,SB-WB,SB-WB-BP,ER,0,261
BPA,Belampalli,Telangana,TS,SB-TS,SB-TS-BPA,IR,1,62
BPAE,BEGUMPUR,West Bengal,WB,SB-WB,SB-WB-BPAE,IR,0,70
BPAH,Benipur Halt,Bihar,BR,SB-BR,SB-BR-BPAH,ECR,0,6
BPB,Badarpur Junction,Assam,AS,SB-AS,SB-AS-BPB,NFR,0,60
BPBS,BALLALPUR,West Bengal,WB,SB-WB,SB-WB-BPBS,IR,0,5
BPC,Berhampore Court,West Bengal,WB,SB-WB,SB-WB-BPC,ER,0,50
BPD,Bahadurpur,West Bengal,WB,SB-WB,SB-WB-BPD,ER,0,27
BPE,BENAPUR,West Bengal,WB,SB-WB,SB-WB-BPE,IR,0,13
BPF,Banapura,Madhya Pradesh,MP,SB-MP,SB-MP-BPF,WCR,0,14
BPG,Badurpur Ghat,Assam,AS,SB-AS,SB-AS-BPG,NFR,0,0
BPGJ,BHARPURA PAHLEJAGHAT JN,Bihar,BR,SB-BR,SB-BR-BPGJ,IR,0,16
BPGR,Benipurgram Halt,Bihar,BR,SB-BR,SB-BR-BPGR,IR,0,4
BPH,Belpahar,Odisha,OD,SB-OD,SB-OD-BPH,IR,1,23
BPHB,Bhilai Power House,Chhattisgarh,CG,SB-CG,SB-CG-BPHB,IR,1,61
BPJ,BARA HAPJAN,Assam,AS,SB-AS,SB-AS-BPJ,IR,0,2
BPK,BHUGAON,Maharashtra,MH,SB-MH,SB-MH-BPK,IR,0,2
BPKA,BHOPALKA,Gujarat,GJ,SB-GJ,SB-GJ-BPKA,WR,0,4
BPKH,BUDHA PUSHKAR,Rajasthan,RJ,SB-RJ,SB-RJ-BPKH,IR,0,2
BPL,Bhopal Junction,Madhya Pradesh,MP,SB-MP,SB-MP-BPL,WCR,1,273
BPM,BAGPAT ROAD,Uttar Pradesh,UP,SB-UP,SB-UP-BPM,NR,0,28
BPMH,BISHUNPUR MAHUARI,Bihar,BR,SB-BR,SB-BR-BPMH,IR,0,4
BPN,Banpur,West Bengal,WB,SB-WB,SB-WB-BPN,ER,0,46
BPO,Baripada,Odisha,OD,SB-OD,SB-OD-BPO,SER,0,19
BPP,Bapatla,Andhra Pradesh,AP,SB-AP,SB-AP-BPP,IR,1,92
BPQ,Balharshah,Maharashtra,MH,SB-MH,SB-MH-BPQ,IR,1,212
BPR,BHOJIPURA JN,Uttar Pradesh,UP,SB-UP,SB-UP-BPR,NER,0,42
BPRA,BARIPURA,Uttar Pradesh,UP,SB-UP,SB-UP-BPRA,NCR,0,8
BPRD,Barpeta Road,Assam,AS,SB-AS,SB-AS-BPRD,NFR,0,66
BPRH,Balpur Halt,Chhattisgarh,CG,SB-CG,SB-CG-BPRH,SECR,0,12
BPRS,Bhogpur Sirwal,Punjab,PB,SB-PB,SB-PB-BPRS,NR,0,8
BPS,BANPAS,West Bengal,WB,SB-WB,SB-WB-BPS,IR,0,16
BPTP,BHANUPRATAPPUR,Chhattisgarh,CG,SB-CG,SB-CG-BPTP,IR,0,6
BPU,BHAUPUR,Uttar Pradesh,UP,SB-UP,SB-UP-BPU,IR,0,8
BPUR,BAIDPUR,Uttar Pradesh,UP,SB-UP,SB-UP-BPUR,IR,0,2
BPV,BHOTEPATTI,West Bengal,WB,SB-WB,SB-WB-BPV,IR,0,4
BPW,BURHPURA,Madhya Pradesh,MP,SB-MP,SB-MP-BPW,IR,0,4
BPY,Badampudi,Andhra Pradesh,AP,SB-AP,SB-AP-BPY,IR,0,0
BPZ,Bazpur,Uttarakhand,UK,SB-UK,SB-UK-BPZ,NER,0,18
BPZA,BHARATHAPUZHA H,Uttar Pradesh,UP,SB-UP,SB-UP-BPZA,NR,0,0
BQA,Bankura,West Bengal,WB,SB-WB,SB-WB-BQA,ER,1,77
BQE,BAKANIAN BHAUNR,Madhya Pradesh,MP,SB-MP,SB-MP-BQE,IR,0,4
BQF,BARAHMUAFI,Uttar Pradesh,UP,SB-UP,SB-UP-BQF,WCR,0,0
BQG,Bhagwangola,West Bengal,WB,SB-WB,SB-WB-BQG,ER,0,34
BQH,Bhanohad Punjab,Punjab,PB,SB-PB,SB-PB-BQH,NR,0,0
BQI,BOMMIDI,Tamil Nadu,TN,SB-TN,SB-TN-BQI,IR,0,18
BQK,Bankura,West Bengal,WB,SB-WB,SB-WB-BQK,ER,0,0
BQM,Barelipur,Madhya Pradesh,MP,SB-MP,SB-MP-BQM,CR,0,6
BQN,BAGRI NAGAR,Rajasthan,RJ,SB-RJ,SB-RJ-BQN,NWR,0,4
BQP,Bighapur,Uttar Pradesh,UP,SB-UP,SB-UP-BQP,NR,0,8
BQQ,BAKHLETA,Madhya Pradesh,MP,SB-MP,SB-MP-BQQ,IR,0,8
BQR,Bhilainagar,Chhattisgarh,CG,SB-CG,SB-CG-BQR,IR,1,32
BQSP,BASUCHAK HALT,Bihar,BR,SB-BR,SB-BR-BQSP,IR,0,7
BQT,BAKTAR NAGAR,Uttar Pradesh,UP,SB-UP,SB-UP-BQT,NR,0,0
BQU,Bhattiprolu,Andhra Pradesh,AP,SB-AP,SB-AP-BQU,SCR,0,14
BQW,BARAKALAN,Bihar,BR,SB-BR,SB-BR-BQW,IR,0,12
BQY,BELERHAT,West Bengal,WB,SB-WB,SB-WB-BQY,ER,0,41
BQZ,BALLALPUR,West Bengal,WB,SB-WB,SB-WB-BQZ,ER,0,0
BR,CBD Belapur,Maharashtra,MH,SB-MH,SB-MH-BR,CR,0,6
BRA,BIRSOLA,Maharashtra,MH,SB-MH,SB-MH-BRA,IR,0,18
BRAG,BARANG,Odisha,OD,SB-OD,SB-OD-BRAG,IR,0,26
BRAM,BALARAMAPURAM,Kerala,KL,SB-KL,SB-KL-BRAM,SR,0,12
BRB,BORIBIAL,Uttar Pradesh,UP,SB-UP,SB-UP-BRB,NR,0,0
BRBD,BORABANDA,Telangana,TS,SB-TS,SB-TS-BRBD,IR,0,61
BRBG,BARBIGHA,Bihar,BR,SB-BR,SB-BR-BRBG,IR,0,2
BRBL,Birahalli,Karnataka,KA,SB-KA,SB-KA-BRBL,SWR,0,10
BRBR,BARBERA,Uttar Pradesh,UP,SB-UP,SB-UP-BRBR,NR,0,0
BRBS,BIRBANS,Jharkhand,JH,SB-JH,SB-JH-BRBS,IR,0,13
BRC,Vadodara Junction,Gujarat,GJ,SB-GJ,SB-GJ-BRC,WR,1,452
BRCK,BARUACHAK,Uttar Pradesh,UP,SB-UP,SB-UP-BRCK,IR,0,4
BRD,Bhandara Road,Maharashtra,MH,SB-MH,SB-MH-BRD,IR,1,51
BRDB,Barda,West Bengal,WB,SB-WB,SB-WB-BRDB,SER,0,8
BRDH,Bardhana Halt,Uttar Pradesh,UP,SB-UP,SB-UP-BRDH,NR,0,0
BRDT,BERIA DAULAT,Uttarakhand,UK,SB-UK,SB-UK-BRDT,NER,0,10
BRDV,Baradev,Uttar Pradesh,UP,SB-UP,SB-UP-BRDV,NR,0,4
BRE,BHARWARI,Uttar Pradesh,UP,SB-UP,SB-UP-BRE,IR,0,18
BRG,BARGARH,Uttar Pradesh,UP,SB-UP,SB-UP-BRG,NCR,0,8
BRGA,BARGARH ROAD,Odisha,OD,SB-OD,SB-OD-BRGA,IR,0,64
BRGJ,BARGAON GUJAR,Madhya Pradesh,MP,SB-MP,SB-MP-BRGJ,IR,0,4
BRGL,BURGULA HALT,Telangana,TS,SB-TS,SB-TS-BRGL,IR,0,5
BRGM,Baraigram Junction,Assam,AS,SB-AS,SB-AS-BRGM,NFR,0,12
BRGP,BAJRANGPURA,Uttar Pradesh,UP,SB-UP,SB-UP-BRGP,NR,0,0
BRGT,BHERAGHAT,Madhya Pradesh,MP,SB-MP,SB-MP-BRGT,WCR,0,8
BRGW,BARGAWAN,Madhya Pradesh,MP,SB-MP,SB-MP-BRGW,WCR,0,26
BRGY,VADODARA D CABIN,Uttar Pradesh,UP,SB-UP,SB-UP-BRGY,NR,0,0
BRGZ,VADODARA E CABIN,Uttar Pradesh,UP,SB-UP,SB-UP-BRGZ,NR,0,0
BRH,BAIKUNTHPUR RD,Chhattisgarh,CG,SB-CG,SB-CG-BRH,SECR,0,12
BRHD,BABA RAGHUNI HALT DWARIKA,Bihar,BR,SB-BR,SB-BR-BRHD,IR,0,9
BRHI,BARHI,Jharkhand,JH,SB-JH,SB-JH-BRHI,IR,0,6
BRHL,BARYAL HIMACHAL,Himachal Pradesh,HP,SB-HP,SB-HP-BRHL,NR,0,10
BRHU,Barahu,Assam,AS,SB-AS,SB-AS-BRHU,NFR,0,2
BRI,BHIRINGI,Madhya Pradesh,MP,SB-MP,SB-MP-BRI,WCR,0,4
BRIH,Bairi Halt,Uttar Pradesh,UP,SB-UP,SB-UP-BRIH,NR,0,0
BRIP,BAROGOPINATHPUR,West Bengal,WB,SB-WB,SB-WB-BRIP,IR,0,2
BRJ,Brace Bridge,West Bengal,WB,SB-WB,SB-WB-BRJ,ER,0,54
BRJN,Brajarajnagar,Odisha,OD,SB-OD,SB-OD-BRJN,IR,1,27
BRK,Bahraich,Uttar Pradesh,UP,SB-UP,SB-UP-BRK,NER,0,10
BRKA,Barkakana,Jharkhand,JH,SB-JH,SB-JH-BRKA,IR,0,56
BRKB,BHARATKHAND HALT,Bihar,BR,SB-BR,SB-BR-BRKB,IR,0,6
BRKD,BHARATKHAND HALT,Uttar Pradesh,UP,SB-UP,SB-UP-BRKD,NR,0,0
BRKH,Bisapur Kalan Halt,Madhya Pradesh,MP,SB-MP,SB-MP-BRKH,SECR,0,4
BRKP,BARKIPONA,Jharkhand,JH,SB-JH,SB-JH-BRKP,IR,0,4
BRKY,BORAKI,Uttar Pradesh,UP,SB-UP,SB-UP-BRKY,IR,0,22
BRL,BARWALA ROAD,Uttar Pradesh,UP,SB-UP,SB-UP-BRL,NR,0,0
BRLA,BRAYLA CHAURASI,Madhya Pradesh,MP,SB-MP,SB-MP-BRLA,WR,0,4
BRLF,BAR LANGFER S,Assam,AS,SB-AS,SB-AS-BRLF,NFR,0,2
BRLI,Barauli,Uttar Pradesh,UP,SB-UP,SB-UP-BRLI,NCR,0,0
BRLY,BIROLIYA,Rajasthan,RJ,SB-RJ,SB-RJ-BRLY,NWR,0,2
BRM,BARABAMBO,Jharkhand,JH,SB-JH,SB-JH-BRM,IR,0,12
BRMA,BARMASIA,Jharkhand,JH,SB-JH,SB-JH-BRMA,IR,0,2
BRMD,BIRAMDIH,Jharkhand,JH,SB-JH,SB-JH-BRMD,IR,0,12
BRMH,BELUR MATH,West Bengal,WB,SB-WB,SB-WB-BRMH,IR,0,5
BRMI,BRAHMANI PH,Odisha,OD,SB-OD,SB-OD-BRMI,IR,0,12
BRML,BARAMULA,Jammu and Kashmir,JK,SB-JK,SB-JK-BRML,IR,0,17
BRMO,BERMO,Jharkhand,JH,SB-JH,SB-JH-BRMO,ECR,0,8
BRMP,Birmitrapur,Odisha,OD,SB-OD,SB-OD-BRMP,SER,0,2
BRMR,BHARMAR,Himachal Pradesh,HP,SB-HP,SB-HP-BRMR,NR,0,10
BRMT,Baramati,Maharashtra,MH,SB-MH,SB-MH-BRMT,CR,0,8
BRMX,Barmi,Uttar Pradesh,UP,SB-UP,SB-UP-BRMX,NR,0,4
BRN,BARHAN,Uttar Pradesh,UP,SB-UP,SB-UP-BRN,IR,0,14
BRNA,BERAWANYA,Madhya Pradesh,MP,SB-MP,SB-MP-BRNA,IR,0,8
BRND,Boridand,Chhattisgarh,CG,SB-CG,SB-CG-BRND,SECR,0,11
BRNI,BARWASNI HALT,Haryana,HR,SB-HR,SB-HR-BRNI,IR,0,6
BRNR,BARUANAGAR,Assam,AS,SB-AS,SB-AS-BRNR,NFR,0,4
BROR,BERORE,Rajasthan,RJ,SB-RJ,SB-RJ-BROR,IR,0,4
BRP,Baruipur Junction,West Bengal,WB,SB-WB,SB-WB-BRP,ER,0,173
BRPA,BARUIPARA,West Bengal,WB,SB-WB,SB-WB-BRPA,IR,0,72
BRPK,Bisharpara Kodaliya,West Bengal,WB,SB-WB,SB-WB-BRPK,ER,0,143
BRPL,Barpali,Odisha,OD,SB-OD,SB-OD-BRPL,IR,0,24
BRPM,Baripur Mandala,Gujarat,GJ,SB-GJ,SB-GJ-BRPM,WR,0,0
BRPS,BARAPALASI,Jharkhand,JH,SB-JH,SB-JH-BRPS,IR,0,14
BRPT,BIRAPATTI,Uttar Pradesh,UP,SB-UP,SB-UP-BRPT,IR,0,2
BRQ,BAGRAKOT,West Bengal,WB,SB-WB,SB-WB-BRQ,NFR,0,8
BRR,Barakar,West Bengal,WB,SB-WB,SB-WB-BRR,ER,1,36
BRRD,BORDI ROAD,Gujarat,GJ,SB-GJ,SB-GJ-BRRD,WR,0,4
BRRG,Biyavra Rajgarh,Madhya Pradesh,MP,SB-MP,SB-MP-BRRG,IR,0,36
BRRI,Birari,Madhya Pradesh,MP,SB-MP,SB-MP-BRRI,IR,0,4
BRRZ,Barara Buzurg,Uttar Pradesh,UP,SB-UP,SB-UP-BRRZ,IR,0,4
BRS,BIRSINGHPUR,Madhya Pradesh,MP,SB-MP,SB-MP-BRS,IR,0,28
BRSA,Barwa Kalan,Uttar Pradesh,UP,SB-UP,SB-UP-BRSA,IR,0,6
BRSQ,BRAR SQUARE,Delhi,DL,SB-DL,SB-DL-BRSQ,NR,0,1
BRSR,BIRANARSINGHPUR,Odisha,OD,SB-OD,SB-OD-BRSR,IR,0,6
BRST,BIR PURUSHOTTAMPUR,Odisha,OD,SB-OD,SB-OD-BRST,IR,0,16
BRT,BRAHMAVART,Uttar Pradesh,UP,SB-UP,SB-UP-BRT,IR,0,4
BRTA,BARTARA,Uttar Pradesh,UP,SB-UP,SB-UP-BRTA,IR,0,4
BRTG,BARITHENGARH,Odisha,OD,SB-OD,SB-OD-BRTG,IR,0,10
BRTK,BHORTEX,Maharashtra,MH,SB-MH,SB-MH-BRTK,IR,0,6
BRTL,Bharthali,Gujarat,GJ,SB-GJ,SB-GJ-BRTL,WR,0,0
BRU,BHAIROGANJ,Bihar,BR,SB-BR,SB-BR-BRU,ECR,0,12
BRUD,BARUD,Madhya Pradesh,MP,SB-MP,SB-MP-BRUD,WCR,0,4
BRVR,Borvihir,Maharashtra,MH,SB-MH,SB-MH-BRVR,CR,0,8
BRW,Bariwala,Punjab,PB,SB-PB,SB-PB-BRW,NR,0,12
BRWD,Barwadih Junction,Jharkhand,JH,SB-JH,SB-JH-BRWD,IR,0,42
BRWH,BAHERWA HALT,Uttar Pradesh,UP,SB-UP,SB-UP-BRWH,IR,0,8
BRY,Barelly,Madhya Pradesh,MP,SB-MP,SB-MP-BRY,NER,0,39
BRYA,BARHIYA,Bihar,BR,SB-BR,SB-BR-BRYA,IR,0,67
BRYC,BAREILLY CANTT,Uttar Pradesh,UP,SB-UP,SB-UP-BRYC,IR,0,2
BRZ,BARETA,Punjab,PB,SB-PB,SB-PB-BRZ,NR,0,12
BRZR,BARARI BAZAR,Uttar Pradesh,UP,SB-UP,SB-UP-BRZR,NR,0,0
BS,Vasai Road,Maharashtra,MH,SB-MH,SB-MH-BS,WR,0,8
BSA,BHAINSA,Uttar Pradesh,UP,SB-UP,SB-UP-BSA,IR,0,8
BSAE,BANSH BARIA,West Bengal,WB,SB-WB,SB-WB-BSAE,ER,0,43
BSB,Varanasi Junction,Uttar Pradesh,UP,SB-UP,SB-UP-BSB,IR,1,288
BSBH,BHAINSBODH P.H.,Chhattisgarh,CG,SB-CG,SB-CG-BSBH,IR,0,10
BSBN,BHUSAWAL B CABIN,Uttar Pradesh,UP,SB-UP,SB-UP-BSBN,NR,0,0
BSBP,BIR SHIBPUR,West Bengal,WB,SB-WB,SB-WB-BSBP,IR,0,123
BSBR,BANSHLAI BRIDGE,Jharkhand,JH,SB-JH,SB-JH-BSBR,IR,0,12
BSBY,VARANASI YARD,Uttar Pradesh,UP,SB-UP,SB-UP-BSBY,NR,0,0
BSC,Bulandshahr,Uttar Pradesh,UP,SB-UP,SB-UP-BSC,NR,0,10
BSCK,BASUCHAK,Uttar Pradesh,UP,SB-UP,SB-UP-BSCK,NER,0,14
BSCN,BHUSAWAL C CABIN,Uttar Pradesh,UP,SB-UP,SB-UP-BSCN,NR,0,0
BSCP,BASKATWA B. H.,Jharkhand,JH,SB-JH,SB-JH-BSCP,IR,0,5
BSD,Basuldanga,West Bengal,WB,SB-WB,SB-WB-BSD,ER,0,64
BSDA,BANIYA SANDA DHORA,Rajasthan,RJ,SB-RJ,SB-RJ-BSDA,NWR,0,6
BSDL,BHARSENDI,Madhya Pradesh,MP,SB-MP,SB-MP-BSDL,WCR,0,2
BSDP,BHUSANDPUR,Odisha,OD,SB-OD,SB-OD-BSDP,IR,0,14
BSDR,Bansadhara Halt,Andhra Pradesh,AP,SB-AP,SB-AP-BSDR,ECOR,0,6
BSE,Badshahpur,Haryana,HR,SB-HR,SB-HR-BSE,IR,0,16
BSGD,BAIS GODAM,Uttar Pradesh,UP,SB-UP,SB-UP-BSGD,NR,0,0
BSGN,Basugaon,Assam,AS,SB-AS,SB-AS-BSGN,NFR,0,14
BSGR,Bhagsar,Punjab,PB,SB-PB,SB-PB-BSGR,NR,0,10
BSGS,BSGS,Uttar Pradesh,UP,SB-UP,SB-UP-BSGS,NR,0,0
BSHT,Basirhat,West Bengal,WB,SB-WB,SB-WB-BSHT,ER,0,56
BSI,Basbari,Assam,AS,SB-AS,SB-AS-BSI,NFR,0,4
BSJ,Bhupalsagar,Rajasthan,RJ,SB-RJ,SB-RJ-BSJ,NWR,0,10
BSKH,Basukinath,Jharkhand,JH,SB-JH,SB-JH-BSKH,ER,0,12
BSKN,Bhesana Manknaj,Gujarat,GJ,SB-GJ,SB-GJ-BSKN,WR,0,0
BSKO,BANSKHO,Rajasthan,RJ,SB-RJ,SB-RJ-BSKO,IR,0,6
BSKR,BASI KIRATPUR,Uttar Pradesh,UP,SB-UP,SB-UP-BSKR,NR,0,10
BSL,Bhusaval,Maharashtra,MH,SB-MH,SB-MH-BSL,IR,1,401
BSLA,Bhasila,West Bengal,WB,SB-WB,SB-WB-BSLA,ER,0,56
BSLE,BATASPUR,West Bengal,WB,SB-WB,SB-WB-BSLE,IR,0,16
BSLX,BSLX,Uttar Pradesh,UP,SB-UP,SB-UP-BSLX,NR,0,0
BSM,BISANATTAM,Andhra Pradesh,AP,SB-AP,SB-AP-BSM,IR,0,10
BSMH,BIRSHAMUNDA HALT,West Bengal,WB,SB-WB,SB-WB-BSMH,IR,0,2
BSN,Banasandra,Karnataka,KA,SB-KA,SB-KA-BSN,SWR,0,14
BSNP,BISHUNPUR,Bihar,BR,SB-BR,SB-BR-BSNP,IR,0,4
BSP,Bilaspur,Chhattisgarh,CG,SB-CG,SB-CG-BSP,IR,1,171
BSPC,BSPC,Uttar Pradesh,UP,SB-UP,SB-UP-BSPC,NR,0,0
BSPD,BIASPIND,Uttar Pradesh,UP,SB-UP,SB-UP-BSPD,NR,0,0
BSPH,BISHANPUR HARYANA,Haryana,HR,SB-HR,SB-HR-BSPH,NR,0,14
BSPK,BISPUR,Uttar Pradesh,UP,SB-UP,SB-UP-BSPK,NR,0,0
BSPL,BASAMPALLE,Andhra Pradesh,AP,SB-AP,SB-AP-BSPL,IR,0,2
BSPN,BASSI PATHANAM,Punjab,PB,SB-PB,SB-PB-BSPN,IR,0,10
BSPR,BISHRAMPUR,Chhattisgarh,CG,SB-CG,SB-CG-BSPR,SECR,0,10
BSPX,Banspani,Odisha,OD,SB-OD,SB-OD-BSPX,SER,0,8
BSQ,Barsi Takli,Maharashtra,MH,SB-MH,SB-MH-BSQ,SCR,0,4
BSQP,BANSIPUR,Bihar,BR,SB-BR,SB-BR-BSQP,IR,0,16
BSR,VASAI ROAD,Maharashtra,MH,SB-MH,SB-MH-BSR,WR,0,199
BSRA,BASARHIA HALT,Bihar,BR,SB-BR,SB-BR-BSRA,IR,0,2
BSRI,BASARI,Madhya Pradesh,MP,SB-MP,SB-MP-BSRI,IR,0,4
BSRL,BESROLI,Rajasthan,RJ,SB-RJ,SB-RJ-BSRL,IR,0,4
BSRX,BAGEVADI RD,Karnataka,KA,SB-KA,SB-KA-BSRX,SWR,0,24
BSS,BAHADUR SINGH WALA,Punjab,PB,SB-PB,SB-PB-BSS,NR,0,10
BSSL,Basi Beriasal,Rajasthan,RJ,SB-RJ,SB-RJ-BSSL,WCR,0,8
BST,Basti,Uttar Pradesh,UP,SB-UP,SB-UP-BST,IR,0,166
BSTP,Basantapur,Odisha,OD,SB-OD,SB-OD-BSTP,ECOR,0,6
BSUR,Bisalpur,Uttar Pradesh,UP,SB-UP,SB-UP-BSUR,NER,0,10
BSW,Baneswar,West Bengal,WB,SB-WB,SB-WB-BSW,NFR,0,2
BSWA,Baiswara,Uttar Pradesh,UP,SB-UP,SB-UP-BSWA,NR,0,4
BSWD,BHEMSWADI,Gujarat,GJ,SB-GJ,SB-GJ-BSWD,IR,0,4
BSX,Basar,Telangana,TS,SB-TS,SB-TS-BSX,SCR,0,54
BSY,BARSATHI,Uttar Pradesh,UP,SB-UP,SB-UP-BSY,NR,0,6
BSYA,BARKISALALYA,Bihar,BR,SB-BR,SB-BR-BSYA,IR,0,10
BSZ,Bharwa Sumerpur,Uttar Pradesh,UP,SB-UP,SB-UP-BSZ,NCR,0,14
BT,Barasat Junction,West Bengal,WB,SB-WB,SB-WB-BT,ER,0,194
BTA,Bihta,Bihar,BR,SB-BR,SB-BR-BTA,IR,0,52
BTBR,BUTI BORI,Maharashtra,MH,SB-MH,SB-MH-BTBR,IR,0,2
BTC,Balaghat,Madhya Pradesh,MP,SB-MP,SB-MP-BTC,SECR,0,36
BTCN,Balaghat,Uttar Pradesh,UP,SB-UP,SB-UP-BTCN,NR,0,0
BTD,BOTAD JN,Gujarat,GJ,SB-GJ,SB-GJ-BTD,WR,0,62
BTDF,BOTAD JN,Uttar Pradesh,UP,SB-UP,SB-UP-BTDF,NR,0,0
BTDR,Batadrowa Road,Assam,AS,SB-AS,SB-AS-BTDR,NFR,0,2
BTE,Bharatpur Junction,Rajasthan,RJ,SB-RJ,SB-RJ-BTE,IR,0,150
BTF,BATHNAHA,Bihar,BR,SB-BR,SB-BR-BTF,IR,0,12
BTG,BASHARATGANJ,Uttar Pradesh,UP,SB-UP,SB-UP-BTG,NR,0,12
BTGH,Bettadnagenhali,Karnataka,KA,SB-KA,SB-KA-BTGH,SWR,0,4
BTH,Bettiah,Bihar,BR,SB-BR,SB-BR-BTH,ECR,0,49
BTHL,BITHAULI,Bihar,BR,SB-BR,SB-BR-BTHL,IR,0,8
BTHN,BITHAN,Bihar,BR,SB-BR,SB-BR-BTHN,IR,0,2
BTI,Bhatinda Junction,Punjab,PB,SB-PB,SB-PB-BTI,NR,0,107
BTIB,BHATINDA B CABIN,Uttar Pradesh,UP,SB-UP,SB-UP-BTIB,NR,0,0
BTIC,BHATINDA CANTT,Punjab,PB,SB-PB,SB-PB-BTIC,NR,0,7
BTJ,BISHNATHGANJ,Uttar Pradesh,UP,SB-UP,SB-UP-BTJ,NR,0,0
BTJL,BHATKAL,Karnataka,KA,SB-KA,SB-KA-BTJL,KR,0,36
BTK,BANKATA,Uttar Pradesh,UP,SB-UP,SB-UP-BTK,IR,0,11
BTKB,Bathna Krittibas Halt,West Bengal,WB,SB-WB,SB-WB-BTKB,ER,0,28
BTKD,BHARATKUND,Uttar Pradesh,UP,SB-UP,SB-UP-BTKD,NR,0,2
BTKL,Bhatkal,Karnataka,KA,SB-KA,SB-KA-BTKL,KR,0,0
BTKP,BHARAT KUP,Uttar Pradesh,UP,SB-UP,SB-UP-BTKP,NCR,0,6
BTL,BORTALAO,Chhattisgarh,CG,SB-CG,SB-CG-BTL,IR,0,10
BTM,Battulapuram,Andhra Pradesh,AP,SB-AP,SB-AP-BTM,SCR,0,0
BTNR,BHARTNAGAR,Telangana,TS,SB-TS,SB-TS-BTNR,IR,0,61
BTO,BHITAURA,Uttar Pradesh,UP,SB-UP,SB-UP-BTO,IR,0,2
BTP,Babatpur,Uttar Pradesh,UP,SB-UP,SB-UP-BTP,IR,0,17
BTPD,Bethampurdi,Andhra Pradesh,AP,SB-AP,SB-AP-BTPD,SCR,0,6
BTPG,Betheria Ghola,West Bengal,WB,SB-WB,SB-WB-BTPG,ER,0,60
BTPH,CHAKIA THERMAL HALT,Bihar,BR,SB-BR,SB-BR-BTPH,IR,0,2
BTQ,Betnoti,Odisha,OD,SB-OD,SB-OD-BTQ,SER,0,15
BTR,BUTARI,Punjab,PB,SB-PB,SB-PB-BTR,IR,0,4
BTRA,BANTHRA,Uttar Pradesh,UP,SB-UP,SB-UP-BTRA,IR,0,2
BTRB,BETUR,West Bengal,WB,SB-WB,SB-WB-BTRB,IR,0,11
BTRH,BHATAR,West Bengal,WB,SB-WB,SB-WB-BTRH,IR,0,14
BTRI,Bitrol,Uttar Pradesh,UP,SB-UP,SB-UP-BTRI,NER,0,8
BTRO,BASTOI HALT,Uttar Pradesh,UP,SB-UP,SB-UP-BTRO,IR,0,8
BTS,Basta,Odisha,OD,SB-OD,SB-OD-BTS,SER,0,27
BTSD,BHATISUDA,Madhya Pradesh,MP,SB-MP,SB-MP-BTSD,IR,0,14
BTSI,Batasi,West Bengal,WB,SB-WB,SB-WB-BTSI,IR,0,6
BTSR,BHUTESHWAR,Uttar Pradesh,UP,SB-UP,SB-UP-BTSR,IR,0,23
BTT,Bhatni Junction,Uttar Pradesh,UP,SB-UP,SB-UP-BTT,IR,0,88
BTTN,BHATIAN,Punjab,PB,SB-PB,SB-PB-BTTN,IR,0,1
BTTR,BITRAGUNTA,Andhra Pradesh,AP,SB-AP,SB-AP-BTTR,IR,0,28
BTU,BARAUT,Uttar Pradesh,UP,SB-UP,SB-UP-BTU,NR,0,30
BTV,BAITARANI ROAD,Odisha,OD,SB-OD,SB-OD-BTV,IR,0,18
BTVA,BATUVA,Andhra Pradesh,AP,SB-AP,SB-AP-BTVA,IR,0,4
BTW,Barsi Town,Maharashtra,MH,SB-MH,SB-MH-BTW,CR,0,26
BTWN,BETWA CABIN,Uttar Pradesh,UP,SB-UP,SB-UP-BTWN,NR,0,0
BTX,Bela Tal,Uttar Pradesh,UP,SB-UP,SB-UP-BTX,NCR,0,10
BTY,Bethuadahari,West Bengal,WB,SB-WB,SB-WB-BTY,ER,0,36
BTYA,Bhatariya,Gujarat,GJ,SB-GJ,SB-GJ-BTYA,IR,0,2
BTZ,BALIMARA,Assam,AS,SB-AS,SB-AS-BTZ,NFR,0,4
BU,BASWA,Haryana,HR,SB-HR,SB-HR-BU,NWR,0,17
BUA,BARADWAR,Chhattisgarh,CG,SB-CG,SB-CG-BUA,IR,0,19
BUB,Bissau,Rajasthan,RJ,SB-RJ,SB-RJ-BUB,NWR,0,8
BUBA,BIJUBIGHA HALT,Bihar,BR,SB-BR,SB-BR-BUBA,IR,0,4
BUBR,BHUTAKIA BHIMSA,Gujarat,GJ,SB-GJ,SB-GJ-BUBR,IR,0,2
BUBT,BURAHA BHARTHA,Uttar Pradesh,UP,SB-UP,SB-UP-BUBT,NCR,0,4
BUD,Badlapur,Maharashtra,MH,SB-MH,SB-MH-BUD,CR,0,148
BUDA,BHUDA,Rajasthan,RJ,SB-RJ,SB-RJ-BUDA,IR,0,4
BUDI,Bundi,Rajasthan,RJ,SB-RJ,SB-RJ-BUDI,WCR,0,26
BUDM,Badmal,Odisha,OD,SB-OD,SB-OD-BUDM,IR,0,8
BUDR,BAUDPUR,Uttar Pradesh,UP,SB-UP,SB-UP-BUDR,NR,0,0
BUE,BARUNA,Bihar,BR,SB-BR,SB-BR-BUE,IR,0,14
BUF,Bimlagarh Junction,Odisha,OD,SB-OD,SB-OD-BUF,SER,0,2
BUG,Bagaha,Bihar,BR,SB-BR,SB-BR-BUG,ECR,0,61
BUGL,Buglanwali,Rajasthan,RJ,SB-RJ,SB-RJ-BUGL,NWR,0,6
BUGM,BERUGRAM,West Bengal,WB,SB-WB,SB-WB-BUGM,IR,0,11
BUGN,BHURJIHA BARAGN,Uttar Pradesh,UP,SB-UP,SB-UP-BUGN,IR,0,8
BUGY,Bugia Halt,Rajasthan,RJ,SB-RJ,SB-RJ-BUGY,IR,0,6
BUH,Burhar,Madhya Pradesh,MP,SB-MP,SB-MP-BUH,IR,0,35
BUI,Ballia,Uttar Pradesh,UP,SB-UP,SB-UP-BUI,IR,0,104
BUJ,BARAUNI FLAG,Bihar,BR,SB-BR,SB-BR-BUJ,IR,0,20
BUJA,BHUJIA,Uttar Pradesh,UP,SB-UP,SB-UP-BUJA,IR,0,2
BUL,BHALULATA,Odisha,OD,SB-OD,SB-OD-BUL,IR,0,6
BUM,BOMMASAMUDRAM,Andhra Pradesh,AP,SB-AP,SB-AP-BUM,IR,0,6
BUP,Bariarpur,Bihar,BR,SB-BR,SB-BR-BUP,IR,0,56
BUPH,Babupeth,Maharashtra,MH,SB-MH,SB-MH-BUPH,IR,0,2
BUQ,Bargi,Madhya Pradesh,MP,SB-MP,SB-MP-BUQ,SECR,0,10
BUR,BINDAURA,Uttar Pradesh,UP,SB-UP,SB-UP-BUR,IR,0,2
BURA,Bahuara,Bihar,BR,SB-BR,SB-BR-BURA,IR,0,6
BURN,Burnpur,West Bengal,WB,SB-WB,SB-WB-BURN,ER,0,47
BUS,BADAUSA,Uttar Pradesh,UP,SB-UP,SB-UP-BUS,NCR,0,6
BUT,BAYTU,Rajasthan,RJ,SB-RJ,SB-RJ-BUT,NWR,0,23
BUTA,BHADUTALA,West Bengal,WB,SB-WB,SB-WB-BUTA,SER,0,2
BUTN,BUTANA HALT,Haryana,HR,SB-HR,SB-HR-BUTN,IR,0,6
BUU,BHADANPUR,Madhya Pradesh,MP,SB-MP,SB-MP-BUU,WCR,0,6
BUW,BURHWAL,Uttar Pradesh,UP,SB-UP,SB-UP-BUW,IR,0,32
BUX,BHANDAK,Maharashtra,MH,SB-MH,SB-MH-BUX,IR,0,8
BV,BABHNAN,Uttar Pradesh,UP,SB-UP,SB-UP-BV,IR,0,38
BVA,Bauria Junction,West Bengal,WB,SB-WB,SB-WB-BVA,SER,0,136
BVAC,BVAC,Uttar Pradesh,UP,SB-UP,SB-UP-BVAC,NR,0,0
BVB,BHADBHADAGHAT,Madhya Pradesh,MP,SB-MP,SB-MP-BVB,IR,0,2
BVBC,BVBC,Uttar Pradesh,UP,SB-UP,SB-UP-BVBC,NR,0,0
BVC,Bhavnagar Terminus,Gujarat,GJ,SB-GJ,SB-GJ-BVC,WR,0,38
BVH,Ballabgarh,Haryana,HR,SB-HR,SB-HR-BVH,IR,0,46
BVI,Borivali,Maharashtra,MH,SB-MH,SB-MH-BVI,WR,1,235
BVL,BIKKAVOLU,Andhra Pradesh,AP,SB-AP,SB-AP-BVL,IR,0,7
BVM,BAYYAVARAM,Uttar Pradesh,UP,SB-UP,SB-UP-BVM,NR,0,0
BVN,BISWAN,Uttar Pradesh,UP,SB-UP,SB-UP-BVN,IR,0,6
BVNR,BHAVANI NAGAR,Maharashtra,MH,SB-MH,SB-MH-BVNR,CR,0,4
BVO,BOGOLU,Andhra Pradesh,AP,SB-AP,SB-AP-BVO,IR,0,8
BVP,Bhavanagar Para,Gujarat,GJ,SB-GJ,SB-GJ-BVP,WR,0,38
BVQ,BHILAVDI,Maharashtra,MH,SB-MH,SB-MH-BVQ,CR,0,15
BVR,Biyavra,Madhya Pradesh,MP,SB-MP,SB-MP-BVR,SWR,0,14
BVRM,Bhimavaram Junction,Andhra Pradesh,AP,SB-AP,SB-AP-BVRM,SCR,0,40
BVRT,Bhimavaram Town,Andhra Pradesh,AP,SB-AP,SB-AP-BVRT,SCR,0,72
BVS,BHIVPURI ROAD,Maharashtra,MH,SB-MH,SB-MH-BVS,IR,0,70
BVU,Balipara,Assam,AS,SB-AS,SB-AS-BVU,IR,0,8
BVV,BEDETTI,Assam,AS,SB-AS,SB-AS-BVV,IR,0,4
BVW,Bahminiwala,Punjab,PB,SB-PB,SB-PB-BVW,NR,0,10
BVZ,Naloi Barwa,Haryana,HR,SB-HR,SB-HR-BVZ,IR,0,5
BW,BIWAI,Rajasthan,RJ,SB-RJ,SB-RJ-BW,IR,0,6
BWA,BHINWALIYA,Rajasthan,RJ,SB-RJ,SB-RJ-BWA,NWR,0,2
BWB,BAGWALI,Punjab,PB,SB-PB,SB-PB-BWB,NWR,0,4
BWBN,Bewar Bhojan,Rajasthan,RJ,SB-RJ,SB-RJ-BWBN,IR,0,8
BWC,Banwali,Rajasthan,RJ,SB-RJ,SB-RJ-BWC,NWR,0,12
BWCN,BOWAICHANDI,West Bengal,WB,SB-WB,SB-WB-BWCN,IR,0,11
BWD,BELVANDI,Maharashtra,MH,SB-MH,SB-MH-BWD,IR,0,2
BWF,BUTEWALA,Punjab,PB,SB-PB,SB-PB-BWF,NR,0,16
BWH,BHADAURA,Uttar Pradesh,UP,SB-UP,SB-UP-BWH,IR,0,22
BWI,BILWAI,Uttar Pradesh,UP,SB-UP,SB-UP-BWI,IR,0,6
BWIP,Bhawanipatna,Odisha,OD,SB-OD,SB-OD-BWIP,ECOR,0,10
BWK,Bawani Khera,Haryana,HR,SB-HR,SB-HR-BWK,NWR,0,24
BWL,Bawal,Haryana,HR,SB-HR,SB-HR-BWL,NWR,0,12
BWM,Bhawani Mandi,Rajasthan,RJ,SB-RJ,SB-RJ-BWM,IR,0,70
BWN,Barddhaman Junction,West Bengal,WB,SB-WB,SB-WB-BWN,ER,1,352
BWND,BWND,Uttar Pradesh,UP,SB-UP,SB-UP-BWND,NR,0,0
BWO,Buramara,Odisha,OD,SB-OD,SB-OD-BWO,IR,0,6
BWP,Bhawanipur Kalan,Uttar Pradesh,UP,SB-UP,SB-UP-BWP,NER,0,2
BWPB,BHAWANIPUR BIHAR,Bihar,BR,SB-BR,SB-BR-BWPB,IR,0,4
BWPL,Balwant Pura Chelasi,Rajasthan,RJ,SB-RJ,SB-RJ-BWPL,NWR,0,6
BWR,BARWA SAGAR,Uttar Pradesh,UP,SB-UP,SB-UP-BWR,NCR,0,12
BWRA,BHARATWADA,Maharashtra,MH,SB-MH,SB-MH-BWRA,IR,0,4
BWS,Badwasi,Rajasthan,RJ,SB-RJ,SB-RJ-BWS,IR,0,4
BWSN,BIJWASAN,Delhi,DL,SB-DL,SB-DL-BWSN,NR,0,30
BWT,Bangarapet,Karnataka,KA,SB-KA,SB-KA-BWT,IR,0,155
BWV,Bhiwapur,Maharashtra,MH,SB-MH,SB-MH-BWV,SECR,0,0
BWW,Barwaha,Madhya Pradesh,MP,SB-MP,SB-MP-BWW,WR,0,0
BWX,BAHMAN DIWANA,Punjab,PB,SB-PB,SB-PB-BWX,NR,0,8
BWY,Bangarapet,Karnataka,KA,SB-KA,SB-KA-BWY,IR,0,0
BWZ,Baddowal,Punjab,PB,SB-PB,SB-PB-BWZ,NR,0,11
BXA,Balod,Chhattisgarh,CG,SB-CG,SB-CG-BXA,SECR,0,10
BXB,Banga,Punjab,PB,SB-PB,SB-PB-BXB,NR,0,6
BXC,Barwala,Haryana,HR,SB-HR,SB-HR-BXC,NR,0,16
BXF,Barsuan,Odisha,OD,SB-OD,SB-OD-BXF,SER,0,2
BXG,Bhanga,Assam,AS,SB-AS,SB-AS-BXG,NFR,0,10
BXHT,Boxirhat,Assam,AS,SB-AS,SB-AS-BXHT,NFR,0,4
BXJ,Bokajan,Assam,AS,SB-AS,SB-AS-BXJ,NFR,0,14
BXK,Bandarkhal,Assam,AS,SB-AS,SB-AS-BXK,NFR,0,2
BXL,BHEDUASOL,West Bengal,WB,SB-WB,SB-WB-BXL,SER,0,20
BXLL,BILLI,Uttar Pradesh,UP,SB-UP,SB-UP-BXLL,ECR,0,4
BXM,BELRAYAN,Uttar Pradesh,UP,SB-UP,SB-UP-BXM,NER,0,6
BXN,Bayana Junction,Rajasthan,RJ,SB-RJ,SB-RJ-BXN,WCR,0,77
BXO,BOPARAI,Punjab,PB,SB-PB,SB-PB-BXO,IR,0,8
BXP,BARPATHAR,Assam,AS,SB-AS,SB-AS-BXP,NFR,0,8
BXQ,BRUNDAMAL,Odisha,OD,SB-OD,SB-OD-BXQ,IR,0,8
BXR,Buxar,Bihar,BR,SB-BR,SB-BR-BXR,IR,1,198
BXS,PICHCHANDARKOVL,Tamil Nadu,TN,SB-TN,SB-TN-BXS,IR,0,6
BXT,Bamanhat,West Bengal,WB,SB-WB,SB-WB-BXT,NFR,0,8
BXY,Bordhal,Madhya Pradesh,MP,SB-MP,SB-MP-BXY,CR,0,10
BY,Byculla,Maharashtra,MH,SB-MH,SB-MH-BY,CR,0,4
BYC,Bellary Cantonment,Karnataka,KA,SB-KA,SB-KA-BYC,SWR,0,8
BYCH,BELLARYCANT HALT,Andhra Pradesh,AP,SB-AP,SB-AP-BYCH,IR,0,6
BYD,BYADGI,Karnataka,KA,SB-KA,SB-KA-BYD,SWR,0,16
BYE,BANSI BOHERA,Rajasthan,RJ,SB-RJ,SB-RJ-BYE,IR,0,4
BYH,BHITI,Uttar Pradesh,UP,SB-UP,SB-UP-BYH,NER,0,8
BYHA,BARYA RAM,Uttar Pradesh,UP,SB-UP,SB-UP-BYHA,NR,0,6
BYL,BELHA,Chhattisgarh,CG,SB-CG,SB-CG-BYL,SECR,1,27
BYN,BANAHI,Bihar,BR,SB-BR,SB-BR-BYN,IR,0,18
BYNR,MOOKAMBIKA ROAD,Karnataka,KA,SB-KA,SB-KA-BYNR,KR,0,48
BYO,BAYALUVADDIGERI,Uttar Pradesh,UP,SB-UP,SB-UP-BYO,NR,0,0
BYP,Baijnathpur,Bihar,BR,SB-BR,SB-BR-BYP,ECR,0,14
BYPA,Baiyyappanahalli,Uttar Pradesh,UP,SB-UP,SB-UP-BYPA,NR,0,0
BYPL,BAIYYAPPANAHALI,Karnataka,KA,SB-KA,SB-KA-BYPL,IR,0,40
BYPY,BAIYYAPPANAHALLI YARD CABIN,Uttar Pradesh,UP,SB-UP,SB-UP-BYPY,NR,0,0
BYQ,Bahai,Uttar Pradesh,UP,SB-UP,SB-UP-BYQ,IR,0,8
BYR,Bhayandar,Maharashtra,MH,SB-MH,SB-MH-BYR,WR,0,22
BYS,BARSALI,Madhya Pradesh,MP,SB-MP,SB-MP-BYS,IR,0,4
BYSA,Basulyasutahata,West Bengal,WB,SB-WB,SB-WB-BYSA,SER,0,8
BYT,BHATAPARA,Chhattisgarh,CG,SB-CG,SB-CG-BYT,SECR,1,97
BYXA,BETGARA,West Bengal,WB,SB-WB,SB-WB-BYXA,IR,0,2
BYY,BYREE,Odisha,OD,SB-OD,SB-OD-BYY,IR,0,12
BYZA,BEGUNIA,Odisha,OD,SB-OD,SB-OD-BYZA,IR,0,8
BZ,BHARUR,Punjab,PB,SB-PB,SB-PB-BZ,NR,0,9
BZA,Vijayawada Junction,Andhra Pradesh,AP,SB-AP,SB-AP-BZA,SCR,1,483
BZB,BARRA BAZAR,West Bengal,WB,SB-WB,SB-WB-BZB,IR,0,26
BZC,BELIATOR,West Bengal,WB,SB-WB,SB-WB-BZC,IR,0,13
BZE,BASERIA,Jharkhand,JH,SB-JH,SB-JH-BZE,IR,0,4
BZG,Bilga,Punjab,PB,SB-PB,SB-PB-BZG,NR,0,12
BZGT,Bazurghat,Assam,AS,SB-AS,SB-AS-BZGT,NFR,0,4
BZJT,BAZIDA JATAN,Haryana,HR,SB-HR,SB-HR-BZJT,IR,0,8
BZK,BHAINI KHURD,Andhra Pradesh,AP,SB-AP,SB-AP-BZK,IR,0,8
BZL,BELANAGAR,West Bengal,WB,SB-WB,SB-WB-BZL,IR,0,68
BZLE,BAZARSAU,West Bengal,WB,SB-WB,SB-WB-BZLE,ER,0,37
BZM,Bhimsen,Uttar Pradesh,UP,SB-UP,SB-UP-BZM,IR,0,13
BZN,BAGNAN,West Bengal,WB,SB-WB,SB-WB-BZN,IR,0,160
BZO,BARSOLA,Haryana,HR,SB-HR,SB-HR-BZO,NR,0,15
BZR,BISRA,Odisha,OD,SB-OD,SB-OD-BZR,IR,0,14
BZS,BANSJORA,Jharkhand,JH,SB-JH,SB-JH-BZS,IR,0,4
BZU,Betul,Madhya Pradesh,MP,SB-MP,SB-MP-BZU,IR,1,104
BZY,BASAI,Madhya Pradesh,MP,SB-MP,SB-MP-BZY,IR,0,8
C/CH,Kurla,Maharashtra,MH,SB-MH,SB-MH-C/CH,CR,0,0
CAA,CHAKIA,Bihar,BR,SB-BR,SB-BR-CAA,ECR,0,45
CABN,BHILAI CABIN,Uttar Pradesh,UP,SB-UP,SB-UP-CABN,NR,0,0
CAC,CHAND PIPAR HALT,Bihar,BR,SB-BR,SB-BR-CAC,IR,0,10
CAER,CHHANERA,Madhya Pradesh,MP,SB-MP,SB-MP-CAER,WCR,0,14
CAF,Chanda Fort,Maharashtra,MH,SB-MH,SB-MH-CAF,SECR,0,20
CAG,CHHABRA GUGOR,Rajasthan,RJ,SB-RJ,SB-RJ-CAG,WCR,0,18
CAI,Chanpatia,Bihar,BR,SB-BR,SB-BR-CAI,ECR,0,28
CAJ,CHAKRAJ MAL,Uttarakhand,UK,SB-UK,SB-UK-CAJ,IR,0,4
CAM,CHHOTA AMBANA,Jharkhand,JH,SB-JH,SB-JH-CAM,IR,0,12
CAMU,CHAMUA,Bihar,BR,SB-BR,SB-BR-CAMU,ECR,0,8
CAN,Cannanore,Kerala,KL,SB-KL,SB-KL-CAN,SR,0,133
CAO,CHAURADANO,Bihar,BR,SB-BR,SB-BR-CAO,IR,0,12
CAP,Chhatrapur,Odisha,OD,SB-OD,SB-OD-CAP,IR,1,55
CAPA,Chhapra Jn,Uttar Pradesh,UP,SB-UP,SB-UP-CAPA,NR,0,0
CAPC,CHATRAPUR COURT,Odisha,OD,SB-OD,SB-OD-CAPC,IR,0,6
CAPE,Kanyakumari,Tamil Nadu,TN,SB-TN,SB-TN-CAPE,SR,0,41
CAPG,CHAPAGURI,West Bengal,WB,SB-WB,SB-WB-CAPG,IR,0,4
CAR,Chunar,Uttar Pradesh,UP,SB-UP,SB-UP-CAR,IR,1,50
CAS,CHAS ROAD,West Bengal,WB,SB-WB,SB-WB-CAS,IR,0,14
CASA,CHHANSARA,Gujarat,GJ,SB-GJ,SB-GJ-CASA,IR,0,2
CAT,CHATTAR HAT,West Bengal,WB,SB-WB,SB-WB-CAT,IR,0,2
CATA,CHHATA ASCHAURA,Bihar,BR,SB-BR,SB-BR-CATA,IR,0,4
CATD,Chataud,Uttar Pradesh,UP,SB-UP,SB-UP-CATD,NR,0,0
CAZ,CHAUHANI,Madhya Pradesh,MP,SB-MP,SB-MP-CAZ,IR,0,2
CBCC,CHANDLODIYA B CABIN,Gujarat,GJ,SB-GJ,SB-GJ-CBCC,IR,0,16
CBD,CHANGRABANDHA,West Bengal,WB,SB-WB,SB-WB-CBD,IR,0,2
CBDH,CBD P.H.,Chhattisgarh,CG,SB-CG,SB-CG-CBDH,IR,0,6
CBE,Coimbatore Junction,Tamil Nadu,TN,SB-TN,SB-TN-CBE,IR,0,187
CBF,Coimbatore North Junction,Tamil Nadu,TN,SB-TN,SB-TN-CBF,IR,0,29
CBG,Charbhuja Road,Rajasthan,RJ,SB-RJ,SB-RJ-CBG,NWR,0,0
CBH,CHAUBE,Jharkhand,JH,SB-JH,SB-JH-CBH,IR,0,8
CBJ,CLUTTER BUCK GANJ,Uttar Pradesh,UP,SB-UP,SB-UP-CBJ,IR,0,2
CBK,CHACHAURA BINAGANJ,Madhya Pradesh,MP,SB-MP,SB-MP-CBK,IR,0,16
CBM,Cumbum,Tamil Nadu,TN,SB-TN,SB-TN-CBM,IR,0,26
CBN,CHIT BARAGAON,Uttar Pradesh,UP,SB-UP,SB-UP-CBN,NER,0,8
CBP,Chikballapur,Karnataka,KA,SB-KA,SB-KA-CBP,SWR,0,12
CBR,CHAUBEPUR,Uttar Pradesh,UP,SB-UP,SB-UP-CBR,IR,0,8
CBSA,Chaibasa,Jharkhand,JH,SB-JH,SB-JH-CBSA,SER,0,16
CBT,CHARBATIA,Odisha,OD,SB-OD,SB-OD-CBT,IR,0,4
CBU,Chinna Babu Samudram,Tamil Nadu,TN,SB-TN,SB-TN-CBU,SR,0,10
CBX,CHAND BHAN,Punjab,PB,SB-PB,SB-PB-CBX,NR,0,12
CBY,KHAMBHAT,Gujarat,GJ,SB-GJ,SB-GJ-CBY,IR,0,16
CBZ,Churaibari,Tripura,TR,SB-TR,SB-TR-CBZ,NFR,0,6
CC,Chauri Chaura,Uttar Pradesh,UP,SB-UP,SB-UP-CC,IR,0,25
CCA,CHIGICHERLA,Andhra Pradesh,AP,SB-AP,SB-AP-CCA,IR,0,8
CCAB,BMY C CABIN,Uttar Pradesh,UP,SB-UP,SB-UP-CCAB,NR,0,0
CCBG,Chicholi Buzurg,Maharashtra,MH,SB-MH,SB-MH-CCBG,IR,0,9
CCD,CHICHONDA,Madhya Pradesh,MP,SB-MP,SB-MP-CCD,IR,0,4
CCG,Churchgate,Maharashtra,MH,SB-MH,SB-MH-CCG,WR,0,16
CCH,Chinchwad,Maharashtra,MH,SB-MH,SB-MH-CCH,IR,0,63
CCI,Chinnekuntapali,Andhra Pradesh,AP,SB-AP,SB-AP-CCI,SCR,0,4
CCK,CHICHAKI,Jharkhand,JH,SB-JH,SB-JH-CCK,IR,0,8
CCL,CHANCHELAV,Gujarat,GJ,SB-GJ,SB-GJ-CCL,IR,0,8
CCLW,CCLINK-WEST,Uttar Pradesh,UP,SB-UP,SB-UP-CCLW,NR,0,0
CCO,Chicholi,Maharashtra,MH,SB-MH,SB-MH-CCO,IR,0,10
CCP,Chhuchhapura Junction,Gujarat,GJ,SB-GJ,SB-GJ-CCP,WR,0,13
CCR,CHINCHURIA,West Bengal,WB,SB-WB,SB-WB-CCR,IR,0,2
CCRL,CC RLY LINK CAB,Uttar Pradesh,UP,SB-UP,SB-UP-CCRL,NR,0,0
CCSJ,CCSJ,Uttar Pradesh,UP,SB-UP,SB-UP-CCSJ,NR,0,0
CCT,Kakinada Town,Andhra Pradesh,AP,SB-AP,SB-AP-CCT,SCR,0,28
CD,Chandrapur,Maharashtra,MH,SB-MH,SB-MH-CD,IR,1,115
CDA,CHUDA,Gujarat,GJ,SB-GJ,SB-GJ-CDA,WR,0,10
CDAE,CHANDANPUR,West Bengal,WB,SB-WB,SB-WB-CDAE,IR,0,66
CDB,CHAUDHRIBANDH,Jharkhand,JH,SB-JH,SB-JH-CDB,IR,0,6
CDBN,CHEDHABANNI HALT,Bihar,BR,SB-BR,SB-BR-CDBN,IR,0,8
CDD,Chandod,Gujarat,GJ,SB-GJ,SB-GJ-CDD,WR,0,6
CDG,Chandigarh,Chandigarh,CH,SB-CH,SB-CH-CDG,NR,0,86
CDGR,CHANDRAKONA RD,West Bengal,WB,SB-WB,SB-WB-CDGR,SER,0,28
CDH,Chakdaha,West Bengal,WB,SB-WB,SB-WB-CDH,ER,0,138
CDI,CHANDNI,Madhya Pradesh,MP,SB-MP,SB-MP-CDI,CR,0,0
CDK,CHANDKHERA ROAD,Gujarat,GJ,SB-GJ,SB-GJ-CDK,WR,0,16
CDL,Chodiala,Uttarakhand,UK,SB-UK,SB-UK-CDL,IR,0,6
CDLD,Chandlodiya,Gujarat,GJ,SB-GJ,SB-GJ-CDLD,WR,0,0
CDM,Chidambaram,Tamil Nadu,TN,SB-TN,SB-TN-CDM,SR,0,72
CDMA,Chandeshwarsthan,Bihar,BR,SB-BR,SB-BR-CDMA,ECR,0,4
CDMR,CHANDAULI MJHWR,Bihar,BR,SB-BR,SB-BR-CDMR,IR,0,12
CDNR,CHANDANAGAR,Telangana,TS,SB-TS,SB-TS-CDNR,IR,0,62
CDP,CHANDPARA,West Bengal,WB,SB-WB,SB-WB-CDP,IR,0,81
CDQ,CHADOTAR,Gujarat,GJ,SB-GJ,SB-GJ-CDQ,WR,0,0
CDRA,CHANDERA,Kerala,KL,SB-KL,SB-KL-CDRA,SR,0,3
CDRL,CHHANDRAULI,Uttar Pradesh,UP,SB-UP,SB-UP-CDRL,IR,0,2
CDS,CHANDISAR,Gujarat,GJ,SB-GJ,SB-GJ-CDS,WR,0,2
CDSL,CHANDRESAL,Rajasthan,RJ,SB-RJ,SB-RJ-CDSL,WCR,0,4
CDV,CHANDARWA,Gujarat,GJ,SB-GJ,SB-GJ-CDV,IR,0,6
CE,CHHARODI,Gujarat,GJ,SB-GJ,SB-GJ-CE,IR,0,2
CEL,CHEBROL,Andhra Pradesh,AP,SB-AP,SB-AP-CEL,IR,0,6
CEM,CHEEKATEEGALPLM,Andhra Pradesh,AP,SB-AP,SB-AP-CEM,IR,0,2
CEME,CHEGRO,Jharkhand,JH,SB-JH,SB-JH-CEME,IR,0,4
CEU,CHIHERU,Punjab,PB,SB-PB,SB-PB-CEU,IR,0,8
CFG,CHAKITING,Assam,AS,SB-AS,SB-AS-CFG,NFR,0,2
CG,Canning,West Bengal,WB,SB-WB,SB-WB-CG,ER,0,64
CGA,CHENGEL,West Bengal,WB,SB-WB,SB-WB-CGA,IR,0,122
CGE,Charghat Pipari,Uttar Pradesh,UP,SB-UP,SB-UP-CGE,NR,0,0
CGF,CHARALI,Assam,AS,SB-AS,SB-AS-CGF,NFR,0,4
CGH,CHOLANG,Punjab,PB,SB-PB,SB-PB-CGH,NR,0,6
CGHD,CHINNADAGUDI,Karnataka,KA,SB-KA,SB-KA-CGHD,SWR,0,10
CGI,CHANDRAGIRI,Andhra Pradesh,AP,SB-AP,SB-AP-CGI,IR,0,14
CGKP,CHANDAGIRIKOPAL,Karnataka,KA,SB-KA,SB-KA-CGKP,SWR,0,0
CGKR,CHANDAGIRIKOPAL,Karnataka,KA,SB-KA,SB-KA-CGKR,?,0,8
CGL,Chengalpattu,Tamil Nadu,TN,SB-TN,SB-TN-CGL,IR,0,312
CGLA,Changotola,Madhya Pradesh,MP,SB-MP,SB-MP-CGLA,?,0,6
CGN,Chirgaon,Uttar Pradesh,UP,SB-UP,SB-UP-CGN,IR,0,12
CGO,CHHIDGAON,Madhya Pradesh,MP,SB-MP,SB-MP-CGO,WCR,0,0
CGON,Chaygaon,Assam,AS,SB-AS,SB-AS-CGON,NFR,0,12
CGR,Chandan Nagar,West Bengal,WB,SB-WB,SB-WB-CGR,IR,0,167
CGS,Changsari,Assam,AS,SB-AS,SB-AS-CGS,NFR,0,18
CGTA,CHEGUNTA,Karnataka,KA,SB-KA,SB-KA-CGTA,IR,0,2
CGV,CHINGAVANAM,Kerala,KL,SB-KL,SB-KL-CGV,IR,0,9
CGX,Chargola,Assam,AS,SB-AS,SB-AS-CGX,NFR,0,8
CGY,Changanacheri,Kerala,KL,SB-KL,SB-KL-CGY,IR,0,90
CH,Chandausi Junction,Uttar Pradesh,UP,SB-UP,SB-UP-CH,NR,0,48
CHA,CHAWAPALL,Punjab,PB,SB-PB,SB-PB-CHA,IR,0,6
CHAA,CHAPAR,Assam,AS,SB-AS,SB-AS-CHAA,IR,0,2
CHAF,Chaf Halt,Maharashtra,MH,SB-MH,SB-MH-CHAF,IR,0,8
CHAH,CHAILAHA HALT,Bihar,BR,SB-BR,SB-BR-CHAH,IR,0,5
CHAR,CHARMAL,Odisha,OD,SB-OD,SB-OD-CHAR,IR,0,2
CHB,Chabua,Assam,AS,SB-AS,SB-AS-CHB,NFR,0,6
CHBN,Chandkhira Bagn,Assam,AS,SB-AS,SB-AS-CHBN,NFR,0,4
CHBR,CHAURE BAZAR,Uttar Pradesh,UP,SB-UP,SB-UP-CHBR,NR,0,2
CHBS,CHAUBISI,Uttar Pradesh,UP,SB-UP,SB-UP-CHBS,IR,0,2
CHBT,CHAKARBHATHA,Chhattisgarh,CG,SB-CG,SB-CG-CHBT,IR,0,12
CHC,CHANCHAI,West Bengal,WB,SB-WB,SB-WB-CHC,IR,0,36
CHCR,CHACHER,Maharashtra,MH,SB-MH,SB-MH-CHCR,IR,0,10
CHD,CHANDIA ROAD,Madhya Pradesh,MP,SB-MP,SB-MP-CHD,IR,0,18
CHDA,CHANDA (HALT),Uttar Pradesh,UP,SB-UP,SB-UP-CHDA,NR,0,0
CHDX,CHHADA,Madhya Pradesh,MP,SB-MP,SB-MP-CHDX,IR,0,10
CHE,Srikakulam Road,Andhra Pradesh,AP,SB-AP,SB-AP-CHE,IR,1,140
CHF,CHUNNABHATTI,Maharashtra,MH,SB-MH,SB-MH-CHF,IR,0,2
CHG,Chinchpokli,Maharashtra,MH,SB-MH,SB-MH-CHG,CR,0,3
CHGA,CHIRUGODA,Jharkhand,JH,SB-JH,SB-JH-CHGA,IR,0,10
CHH,CHAUKHANDI,Uttar Pradesh,UP,SB-UP,SB-UP-CHH,IR,0,9
CHHU,Chhanva,Odisha,OD,SB-OD,SB-OD-CHHU,SER,0,0
CHI,Chiplun,Maharashtra,MH,SB-MH,SB-MH-CHI,KR,0,116
CHIB,CHIRAI BG,Gujarat,GJ,SB-GJ,SB-GJ-CHIB,IR,0,2
CHIT,CHITHARI HALT,Uttar Pradesh,UP,SB-UP,SB-UP-CHIT,IR,0,4
CHJ,CHATA,Uttar Pradesh,UP,SB-UP,SB-UP-CHJ,IR,0,24
CHJC,CHITODA,Uttar Pradesh,UP,SB-UP,SB-UP-CHJC,NR,0,0
CHK,Chakehri(Kanpur),Uttar Pradesh,UP,SB-UP,SB-UP-CHK,IR,0,4
CHKB,CHAKKI BANK,Punjab,PB,SB-PB,SB-PB-CHKB,NR,0,0
CHKE,Challakere,Karnataka,KA,SB-KA,SB-KA-CHKE,SWR,0,8
CHL,CHOLA,Rajasthan,RJ,SB-RJ,SB-RJ-CHL,IR,0,20
CHLK,CHAVALKHEDE,Maharashtra,MH,SB-MH,SB-MH-CHLK,IR,0,6
CHLR,CHHALESAR,Uttar Pradesh,UP,SB-UP,SB-UP-CHLR,IR,0,8
CHM,Chalthan,Gujarat,GJ,SB-GJ,SB-GJ-CHM,IR,0,23
CHMG,CHINTPURNI MARG,Himachal Pradesh,HP,SB-HP,SB-HP-CHMG,IR,0,2
CHN,Chhina,Punjab,PB,SB-PB,SB-PB-CHN,NR,0,12
CHNH,Channi Halt,Uttar Pradesh,UP,SB-UP,SB-UP-CHNH,NR,0,0
CHNN,CHANNANI,Rajasthan,RJ,SB-RJ,SB-RJ-CHNN,IR,0,4
CHNR,CHHAN ARORIAN,Jammu and Kashmir,JK,SB-JK,SB-JK-CHNR,NR,0,4
CHNU,CHHANUA,Jharkhand,JH,SB-JH,SB-JH-CHNU,IR,0,8
CHOK,Chowk,Uttar Pradesh,UP,SB-UP,SB-UP-CHOK,NR,0,0
CHP,Chhapi,Gujarat,GJ,SB-GJ,SB-GJ-CHP,WR,0,6
CHPD,CHEPPAD HALT,Kerala,KL,SB-KL,SB-KL-CHPD,SR,0,7
CHPT,Chatrappatti,Tamil Nadu,TN,SB-TN,SB-TN-CHPT,IR,0,2
CHQ,CHOKA,Uttar Pradesh,UP,SB-UP,SB-UP-CHQ,NR,0,0
CHR,CHILKAHAR,Rajasthan,RJ,SB-RJ,SB-RJ-CHR,IR,0,7
CHRA,CHHARRA,West Bengal,WB,SB-WB,SB-WB-CHRA,SER,0,22
CHRG,CHORGI,Karnataka,KA,SB-KA,SB-KA-CHRG,SWR,0,6
CHRI,CHARHI,Jharkhand,JH,SB-JH,SB-JH-CHRI,IR,0,4
CHRM,Chirmiri,Chhattisgarh,CG,SB-CG,SB-CG-CHRM,SECR,0,10
CHRU,CHAMRUA,Uttarakhand,UK,SB-UK,SB-UK-CHRU,NER,0,2
CHSM,Chinna Salem,Tamil Nadu,TN,SB-TN,SB-TN-CHSM,IR,0,12
CHT,Champahati,West Bengal,WB,SB-WB,SB-WB-CHT,ER,0,66
CHTI,CHANETI,Uttar Pradesh,UP,SB-UP,SB-UP-CHTI,NR,0,0
CHTL,Churaru Takrala,Himachal Pradesh,HP,SB-HP,SB-HP-CHTL,IR,0,6
CHTS,Cochin Harbour Terminus,Kerala,KL,SB-KL,SB-KL-CHTS,IR,0,0
CHTT,Chitta Halt,Uttar Pradesh,UP,SB-UP,SB-UP-CHTT,NCR,0,0
CHU,Champion,Karnataka,KA,SB-KA,SB-KA-CHU,SWR,0,20
CHUA,Chourai,Madhya Pradesh,MP,SB-MP,SB-MP-CHUA,IR,0,11
CHV,CHARVATTUR,Kerala,KL,SB-KL,SB-KL-CHV,SR,0,23
CHWT,Chhaprawat,Uttar Pradesh,UP,SB-UP,SB-UP-CHWT,NR,0,6
CHZ,CHARLAPALLI,Telangana,TS,SB-TS,SB-TS-CHZ,IR,0,151
CI,Chhapra Kacheri,Bihar,BR,SB-BR,SB-BR-CI,IR,0,22
CIA,CHHEHARTA,Punjab,PB,SB-PB,SB-PB-CIA,NR,0,10
CID,Chiraidongri,Madhya Pradesh,MP,SB-MP,SB-MP-CID,SECR,0,6
CIF,Chhapra Kacheri Jn.,Uttar Pradesh,UP,SB-UP,SB-UP-CIF,NR,0,0
CIH,Chilhia,Uttar Pradesh,UP,SB-UP,SB-UP-CIH,NER,0,12
CII,CHETTIYAPATTI,Tamil Nadu,TN,SB-TN,SB-TN-CII,IR,0,2
CIK,CHIKSANA,Rajasthan,RJ,SB-RJ,SB-RJ-CIK,IR,0,12
CIKA,CIKA,Uttar Pradesh,UP,SB-UP,SB-UP-CIKA,NR,0,0
CIKR,CHANDIKHOLE ROAD,Odisha,OD,SB-OD,SB-OD-CIKR,IR,0,2
CIL,CHILBILA JN,Uttar Pradesh,UP,SB-UP,SB-UP-CIL,IR,0,8
CIN,CHINTAKUNTA,Uttar Pradesh,UP,SB-UP,SB-UP-CIN,NR,0,0
CIO,Chikhli Road,Gujarat,GJ,SB-GJ,SB-GJ-CIO,WR,0,4
CIP,Chichpalli,Uttar Pradesh,UP,SB-UP,SB-UP-CIP,NR,0,0
CIRL,CHIRULA,Madhya Pradesh,MP,SB-MP,SB-MP-CIRL,IR,0,2
CIT,CHITALI,Maharashtra,MH,SB-MH,SB-MH-CIT,IR,0,2
CIV,Chinnaravuru,Andhra Pradesh,AP,SB-AP,SB-AP-CIV,SCR,0,14
CJ,Kanchipuram,Tamil Nadu,TN,SB-TN,SB-TN-CJ,SR,0,44
CJA,CHONGAJAN,Assam,AS,SB-AS,SB-AS-CJA,NFR,0,2
CJE,KANCHIPURAM EAST,Tamil Nadu,TN,SB-TN,SB-TN-CJE,SR,0,38
CJL,CHAJLI,Punjab,PB,SB-PB,SB-PB-CJL,NR,0,9
CJM,CHINNA GANJAM,Andhra Pradesh,AP,SB-AP,SB-AP-CJM,IR,0,17
CJN,CHHATNA,West Bengal,WB,SB-WB,SB-WB-CJN,SER,0,34
CJQ,Champajharam,Odisha,OD,SB-OD,SB-OD-CJQ,SER,0,2
CJR,CHAMARAJ,Gujarat,GJ,SB-GJ,SB-GJ-CJR,WR,0,0
CJS,CHARAMULA KUSUM,Chhattisgarh,CG,SB-CG,SB-CG-CJS,ECOR,0,2
CJW,CHAJAWA,Rajasthan,RJ,SB-RJ,SB-RJ-CJW,WCR,0,4
CK,CHIKSUGAR,Karnataka,KA,SB-KA,SB-KA-CK,IR,0,4
CKA,Chak Pakhhewala,Punjab,PB,SB-PB,SB-PB-CKA,NR,0,10
CKB,CHAUTH KA BARWARA,Rajasthan,RJ,SB-RJ,SB-RJ-CKB,IR,0,18
CKBK,CHIKKABENAKAL,Karnataka,KA,SB-KA,SB-KA-CKBK,IR,0,6
CKD,Charkhi Dadri,Haryana,HR,SB-HR,SB-HR-CKD,NWR,0,32
CKDL,CHAKDAYALA,Jammu and Kashmir,JK,SB-JK,SB-JK-CKDL,NR,0,4
CKE,CHOKI SORATH,Gujarat,GJ,SB-GJ,SB-GJ-CKE,WR,0,4
CKG,CHOWKA GHAT,Uttar Pradesh,UP,SB-UP,SB-UP-CKG,IR,0,6
CKH,Chakand,Bihar,BR,SB-BR,SB-BR-CKH,ECR,0,23
CKHS,Chikhale,Uttar Pradesh,UP,SB-UP,SB-UP-CKHS,NR,0,0
CKI,Chalakudi,Kerala,KL,SB-KL,SB-KL-CKI,IR,0,44
CKK,Chakarpur,Uttarakhand,UK,SB-UK,SB-UK-CKK,NER,0,8
CKKD,CHARKHERA KHURD,Madhya Pradesh,MP,SB-MP,SB-MP-CKKD,IR,0,4
CKKN,CHAK KALAN,Punjab,PB,SB-PB,SB-PB-CKKN,NR,0,0
CKLA,Chak Banwala,Punjab,PB,SB-PB,SB-PB-CKLA,NR,0,10
CKLT,CHAK KALI LAIT,Uttar Pradesh,UP,SB-UP,SB-UP-CKLT,IR,0,8
CKM,Chauki Man,Punjab,PB,SB-PB,SB-PB-CKM,NR,0,11
CKMI,Chhotaki Masaudhi Halt,Bihar,BR,SB-BR,SB-BR-CKMI,?,0,13
CKN,CHINTA KANI,Andhra Pradesh,AP,SB-AP,SB-AP-CKN,SCR,0,4
CKNA,Chikna,Bihar,BR,SB-BR,SB-BR-CKNA,ECR,0,8
CKNI,CHIKNI ROAD,Andhra Pradesh,AP,SB-AP,SB-AP-CKNI,IR,0,2
CKOD,CHAKROD,Madhya Pradesh,MP,SB-MP,SB-MP-CKOD,IR,0,4
CKP,Chakradharpur,Jharkhand,JH,SB-JH,SB-JH-CKP,IR,1,83
CKR,CHIKODI ROAD,Karnataka,KA,SB-KA,SB-KA-CKR,SWR,0,14
CKRD,CHAKMAKRAND,Bihar,BR,SB-BR,SB-BR-CKRD,IR,0,10
CKS,Chaksu,Rajasthan,RJ,SB-RJ,SB-RJ-CKS,IR,0,4
CKSR,Chak Safaura Halt,Uttar Pradesh,UP,SB-UP,SB-UP-CKSR,NER,0,8
CKTD,Chitrakuta,Madhya Pradesh,MP,SB-MP,SB-MP-CKTD,NCR,0,50
CKU,Chakulia,Jharkhand,JH,SB-JH,SB-JH-CKU,IR,1,31
CKV,CHERUKUVADA,Andhra Pradesh,AP,SB-AP,SB-AP-CKV,SCR,0,6
CKVD,Chikkandawadi,Karnataka,KA,SB-KA,SB-KA-CKVD,SWR,0,4
CKW,CHALKHOA,Assam,AS,SB-AS,SB-AS-CKW,NFR,0,2
CKX,Chakur,Maharashtra,MH,SB-MH,SB-MH-CKX,SCR,0,2
CKYD,CHAKRA ROAD,Uttar Pradesh,UP,SB-UP,SB-UP-CKYD,NER,0,6
CLA,KURLA JN,Maharashtra,MH,SB-MH,SB-MH-CLA,IR,0,6
CLC,Chalala,Gujarat,GJ,SB-GJ,SB-GJ-CLC,WR,0,2
CLD,CHALSA JN,West Bengal,WB,SB-WB,SB-WB-CLD,NFR,0,4
CLDB,CHANDLODIYA (B),Uttar Pradesh,UP,SB-UP,SB-UP-CLDB,NR,0,0
CLDR,Chilikidara,Odisha,OD,SB-OD,SB-OD-CLDR,ECOR,0,6
CLDY,Chandlodiya,Gujarat,GJ,SB-GJ,SB-GJ-CLDY,IR,0,20
CLE,CHINTALPALLI,Andhra Pradesh,AP,SB-AP,SB-AP-CLE,SCR,0,6
CLF,CHHULHA,Chhattisgarh,CG,SB-CG,SB-CG-CLF,IR,0,4
CLG,KAHALGAON,Bihar,BR,SB-BR,SB-BR-CLG,IR,0,44
CLHT,CHULHETA,Uttar Pradesh,UP,SB-UP,SB-UP-CLHT,NR,0,0
CLI,CHALGERI,Karnataka,KA,SB-KA,SB-KA-CLI,SWR,0,6
CLJ,Colonelganj,Uttar Pradesh,UP,SB-UP,SB-UP-CLJ,IR,0,22
CLK,Challakere,Karnataka,KA,SB-KA,SB-KA-CLK,IR,0,0
CLKA,Chilka,Odisha,OD,SB-OD,SB-OD-CLKA,IR,0,10
CLKN,CHUCHELA KALAN,Uttar Pradesh,UP,SB-UP,SB-UP-CLKN,IR,0,6
CLMD,CHULLIMADA,Uttar Pradesh,UP,SB-UP,SB-UP-CLMD,NR,0,0
CLN,Kollidam,Tamil Nadu,TN,SB-TN,SB-TN-CLN,SR,0,10
CLO,CHILO,Rajasthan,RJ,SB-RJ,SB-RJ-CLO,IR,0,2
CLPE,CHALLAVARIPALLI,Andhra Pradesh,AP,SB-AP,SB-AP-CLPE,IR,0,2
CLR,Castle Rock,Karnataka,KA,SB-KA,SB-KA-CLR,SWR,0,24
CLT,Kozhikode,Kerala,KL,SB-KL,SB-KL-CLT,SR,0,138
CLU,Chilakalapudi,Andhra Pradesh,AP,SB-AP,SB-AP-CLU,SCR,0,16
CLVR,CHILUVUR,Andhra Pradesh,AP,SB-AP,SB-AP-CLVR,IR,0,11
CLW,Chilwariya,Uttar Pradesh,UP,SB-UP,SB-UP-CLW,NER,0,6
CLWS,CLWS,Uttar Pradesh,UP,SB-UP,SB-UP-CLWS,NR,0,0
CLX,Chirala,Andhra Pradesh,AP,SB-AP,SB-AP-CLX,IR,1,140
CM,Chembur,Maharashtra,MH,SB-MH,SB-MH-CM,CR,0,26
CMA,Cinnamara,Assam,AS,SB-AS,SB-AS-CMA,NFR,0,4
CMBR,CHEMBUR,Maharashtra,MH,SB-MH,SB-MH-CMBR,IR,0,2
CMC,Chemancheri,Tamil Nadu,TN,SB-TN,SB-TN-CMC,SR,0,4
CMDG,CHAMARDIGHI,West Bengal,WB,SB-WB,SB-WB-CMDG,IR,0,14
CMDP,Chimidipalli,Andhra Pradesh,AP,SB-AP,SB-AP-CMDP,ECOR,0,2
CMGR,Chikkamagaluru railway station,Karnataka,KA,SB-KA,SB-KA-CMGR,SWR,0,8
CMJ,CHAMARAJAPURAM,Karnataka,KA,SB-KA,SB-KA-CMJ,SWR,0,22
CMK,Chamak,Maharashtra,MH,SB-MH,SB-MH-CMK,CR,0,0
CMMG,CHAMUNDA MARG,Himachal Pradesh,HP,SB-HP,SB-HP-CMMG,NR,0,11
CMNR,Chamarajanagar,Karnataka,KA,SB-KA,SB-KA-CMNR,SWR,0,12
CMP,CHROMEPET,Tamil Nadu,TN,SB-TN,SB-TN-CMP,IR,0,387
CMR,CHAMROLA,Uttar Pradesh,UP,SB-UP,SB-UP-CMR,IR,0,6
CMU,CHAU MAHLA,Madhya Pradesh,MP,SB-MP,SB-MP-CMU,IR,0,30
CMW,Chima Pahad,Andhra Pradesh,AP,SB-AP,SB-AP-CMW,SCR,0,4
CMX,CHAMAGRAM,West Bengal,WB,SB-WB,SB-WB-CMX,IR,0,6
CMY,Chintamani,Karnataka,KA,SB-KA,SB-KA-CMY,IR,0,4
CMZ,CHALAMA,Uttar Pradesh,UP,SB-UP,SB-UP-CMZ,NR,0,0
CNA,CHANDERIYA,Rajasthan,RJ,SB-RJ,SB-RJ-CNA,WR,0,48
CNB,Kanpur Central,Uttar Pradesh,UP,SB-UP,SB-UP-CNB,NCR,1,432
CNBI,Chandari(Kanpur),Uttar Pradesh,UP,SB-UP,SB-UP-CNBI,IR,0,4
CNC,CHINCHLI,Karnataka,KA,SB-KA,SB-KA-CNC,SWR,0,12
CND,Chandur,Maharashtra,MH,SB-MH,SB-MH-CND,IR,1,20
CNDB,Chandur Bazar,Maharashtra,MH,SB-MH,SB-MH-CNDB,IR,0,10
CNDI,CHANDI HALT,Bihar,BR,SB-BR,SB-BR-CNDI,IR,0,4
CNDM,Chandi Mandir,Himachal Pradesh,HP,SB-HP,SB-HP-CNDM,NR,0,7
CNDN,CHANDAN,Bihar,BR,SB-BR,SB-BR-CNDN,IR,0,10
CNE,Chandranathpur,Assam,AS,SB-AS,SB-AS-CNE,NFR,0,6
CNF,Chianki,Jharkhand,JH,SB-JH,SB-JH-CNF,IR,0,12
CNGR,Chengannur,Kerala,KL,SB-KL,SB-KL-CNGR,SR,0,120
CNH,Chaunrah,Uttar Pradesh,UP,SB-UP,SB-UP-CNH,IR,0,4
CNHL,CHINK HILL,Maharashtra,MH,SB-MH,SB-MH-CNHL,CR,0,0
CNI,Chandil Junction,Jharkhand,JH,SB-JH,SB-JH-CNI,IR,0,52
CNJ,CHANDER NAGAR,Uttar Pradesh,UP,SB-UP,SB-UP-CNJ,IR,0,34
CNJO,JUHI OUTER CABIN,Uttar Pradesh,UP,SB-UP,SB-UP-CNJO,NR,0,0
CNK,CHANDOK,Uttarakhand,UK,SB-UK,SB-UK-CNK,IR,0,10
CNKH,CHINNAKOTE,Karnataka,KA,SB-KA,SB-KA-CNKH,IR,0,20
CNKP,CHANAKYAPURI,Delhi,DL,SB-DL,SB-DL-CNKP,NR,0,1
CNL,CHANDAWAL,Rajasthan,RJ,SB-RJ,SB-RJ-CNL,NWR,0,4
CNM,CHENGMARI,Uttar Pradesh,UP,SB-UP,SB-UP-CNM,NR,0,0
CNN,Chintaman Ganes,Madhya Pradesh,MP,SB-MP,SB-MP-CNN,WR,0,4
CNO,Canacona,Goa,GA,SB-GA,SB-GA-CNO,KR,0,16
CNP,CNP,Uttar Pradesh,UP,SB-UP,SB-UP-CNP,NR,0,0
CNPA,CHANNARAYAPATNA,Karnataka,KA,SB-KA,SB-KA-CNPA,IR,0,18
CNPI,Chandanpahari,Jharkhand,JH,SB-JH,SB-JH-CNPI,ER,0,6
CNPR,CHAINPUR,Jharkhand,JH,SB-JH,SB-JH-CNPR,ECR,0,8
CNR,CHANDAR,Goa,GA,SB-GA,SB-GA-CNR,SWR,0,6
CNRF,CHANDRA,West Bengal,WB,SB-WB,SB-WB-CNRF,IR,0,13
CNS,Chuchura,West Bengal,WB,SB-WB,SB-WB-CNS,IR,0,165
CNT,Contai Road,West Bengal,WB,SB-WB,SB-WB-CNT,IR,0,0
CNV,KINATTUKKADAVU,Tamil Nadu,TN,SB-TN,SB-TN-CNV,IR,0,10
CNX,CHANDAUNA HALT,Bihar,BR,SB-BR,SB-BR-CNX,IR,0,10
CNY,KOLANALLI,Uttar Pradesh,UP,SB-UP,SB-UP-CNY,NR,0,0
COA,Kakinada Port,Andhra Pradesh,AP,SB-AP,SB-AP-COA,SCR,0,18
COAC,Coac,Uttar Pradesh,UP,SB-UP,SB-UP-COAC,NR,0,0
COB,Cooch Behar,West Bengal,WB,SB-WB,SB-WB-COB,NFR,0,6
COD,Chhota Gudha,Rajasthan,RJ,SB-RJ,SB-RJ-COD,NWR,0,6
COE,CHITROD,Gujarat,GJ,SB-GJ,SB-GJ-COE,WR,0,2
COI,CHEOKI,Uttar Pradesh,UP,SB-UP,SB-UP-COI,NR,0,0
COL,Coromandel,Karnataka,KA,SB-KA,SB-KA-COL,SWR,0,20
COM,Chomun Samod,Rajasthan,RJ,SB-RJ,SB-RJ-COM,NWR,0,22
COO,CHHOTI ODAI,Rajasthan,RJ,SB-RJ,SB-RJ-COO,WCR,0,6
COP,Kanpur M. G. Goods,Uttar Pradesh,UP,SB-UP,SB-UP-COP,NR,0,0
COR,Chittaurgarh,Rajasthan,RJ,SB-RJ,SB-RJ-COR,WR,0,75
CORD,BILASPUR CHORD CABIN,Uttar Pradesh,UP,SB-UP,SB-UP-CORD,NR,0,0
COT,Cuddalore Junction,Tamil Nadu,TN,SB-TN,SB-TN-COT,IR,0,0
CP,KOLKATA,Andhra Pradesh,AP,SB-AP,SB-AP-CP,IR,0,4
CPA,Kanpur Anwarganj,Uttar Pradesh,UP,SB-UP,SB-UP-CPA,IR,0,46
CPB,Kanpur BGE L BK,Uttar Pradesh,UP,SB-UP,SB-UP-CPB,IR,0,19
CPBH,CHIRAILA,Bihar,BR,SB-BR,SB-BR-CPBH,IR,0,8
CPD,Chinchpada,Maharashtra,MH,SB-MH,SB-MH-CPD,IR,0,12
CPDR,CHHIPADOHAR,Jharkhand,JH,SB-JH,SB-JH-CPDR,IR,0,14
CPE,Chandiposi,Odisha,OD,SB-OD,SB-OD-CPE,SER,0,2
CPH,Champa,Chhattisgarh,CG,SB-CG,SB-CG-CPH,IR,1,74
CPHT,COOPERS HALT,West Bengal,WB,SB-WB,SB-WB-CPHT,IR,0,15
CPJ,KAPTANGANJ JN,Uttar Pradesh,UP,SB-UP,SB-UP-CPJ,NER,0,81
CPK,Chaparmukh Junction,Assam,AS,SB-AS,SB-AS-CPK,NFR,0,58
CPL,CHAKARLAPALLI,Andhra Pradesh,AP,SB-AP,SB-AP-CPL,IR,0,4
CPLE,CHINPAI,West Bengal,WB,SB-WB,SB-WB-CPLE,ER,0,14
CPM,CHOLAPURAM,Uttar Pradesh,UP,SB-UP,SB-UP-CPM,NR,0,0
CPMR,CPMR,Uttar Pradesh,UP,SB-UP,SB-UP-CPMR,NR,0,0
CPN,CHAMPANER RD JN,Gujarat,GJ,SB-GJ,SB-GJ-CPN,IR,0,13
CPNL,KANPUR C PANEL,Uttar Pradesh,UP,SB-UP,SB-UP-CPNL,NR,0,0
CPP,Chipurupalle,Andhra Pradesh,AP,SB-AP,SB-AP-CPP,IR,1,33
CPPR,CHAMPAPUR HALT,Bihar,BR,SB-BR,SB-BR-CPPR,IR,0,6
CPQ,Chaprakata,Assam,AS,SB-AS,SB-AS-CPQ,NFR,0,8
CPR,Chhapra,Bihar,BR,SB-BR,SB-BR-CPR,IR,0,212
CPS,CHANDPUR SIAU HALT,Uttar Pradesh,UP,SB-UP,SB-UP-CPS,NR,0,12
CPSM,Kanpur SMU CBSA CPSM,Uttar Pradesh,UP,SB-UP,SB-UP-CPSM,IR,0,0
CPSN,CHHATRAPATI SAMBHAJINAGAR,Maharashtra,MH,SB-MH,SB-MH-CPSN,IR,0,67
CPT,Channapatna,Karnataka,KA,SB-KA,SB-KA-CPT,SWR,0,46
CPU,Chopan,Uttar Pradesh,UP,SB-UP,SB-UP-CPU,ECR,0,44
CPW,CHOTIPADOLI,Uttar Pradesh,UP,SB-UP,SB-UP-CPW,NR,0,0
CPY,CHAPRAMARI,Uttar Pradesh,UP,SB-UP,SB-UP-CPY,NR,0,0
CQA,Cherukara,Kerala,KL,SB-KL,SB-KL-CQA,SR,0,13
CQL,CHIRAKKAL,Kerala,KL,SB-KL,SB-KL-CQL,SR,0,3
CQR,Champapukur,West Bengal,WB,SB-WB,SB-WB-CQR,ER,0,56
CQS,CAPPER QUARRY,Tamil Nadu,TN,SB-TN,SB-TN-CQS,SR,0,8
CRAE,CHERAGRAM BH.,West Bengal,WB,SB-WB,SB-WB-CRAE,IR,0,1
CRC,CHARKHARI ROAD,Uttar Pradesh,UP,SB-UP,SB-UP-CRC,NCR,0,6
CRD,MUMBAI CURREY ROAD,Maharashtra,MH,SB-MH,SB-MH-CRD,CR,0,3
CRDA,CHAKARDAHA HALT,Bihar,BR,SB-BR,SB-BR-CRDA,IR,0,4
CRE,Charghat Piparia,Madhya Pradesh,MP,SB-MP,SB-MP-CRE,SECR,0,10
CRG,CHURAMAN NAGRI,Rajasthan,RJ,SB-RJ,SB-RJ-CRG,WCR,0,6
CRJ,Chittaranjan,West Bengal,WB,SB-WB,SB-WB-CRJ,IR,1,117
CRK,CHARKHERA,Madhya Pradesh,MP,SB-MP,SB-MP-CRK,WCR,0,4
CRKR,CHAURAKHERI,Rajasthan,RJ,SB-RJ,SB-RJ-CRKR,WCR,0,4
CRL,Choral,Madhya Pradesh,MP,SB-MP,SB-MP-CRL,WR,0,0
CRLM,"Carmelaram (Sarjapur Road, Bangalore)",Karnataka,KA,SB-KA,SB-KA-CRLM,SWR,0,20
CRN,Charegaon,Madhya Pradesh,MP,SB-MP,SB-MP-CRN,SECR,0,6
CRND,Choranda Junction,Gujarat,GJ,SB-GJ,SB-GJ-CRND,WR,0,0
CROA,Chautara,Assam,AS,SB-AS,SB-AS-CROA,NFR,0,6
CRP,Chandrapura,Jharkhand,JH,SB-JH,SB-JH-CRP,IR,0,81
CRPM,CHANDRAMPALEM,Uttar Pradesh,UP,SB-UP,SB-UP-CRPM,NR,0,0
CRQ,Charpokhari Halt,Bihar,BR,SB-BR,SB-BR-CRQ,ECR,0,10
CRR,KARAGOLA ROAD,Bihar,BR,SB-BR,SB-BR-CRR,IR,0,29
CRU,CHUDAWA,Maharashtra,MH,SB-MH,SB-MH-CRU,SCR,0,12
CRV,CHUREB,Uttar Pradesh,UP,SB-UP,SB-UP-CRV,IR,0,6
CRW,Charaud,Haryana,HR,SB-HR,SB-HR-CRW,NWR,0,9
CRWA,Chirawa,Rajasthan,RJ,SB-RJ,SB-RJ-CRWA,NWR,0,26
CRWL,CHAK RAKHWAL,Jammu and Kashmir,JK,SB-JK,SB-JK-CRWL,IR,0,2
CRX,CARRON,West Bengal,WB,SB-WB,SB-WB-CRX,NFR,0,2
CRY,Chirayinkil,Kerala,KL,SB-KL,SB-KL-CRY,IR,0,26
CRZ,CARANZOL,Uttar Pradesh,UP,SB-UP,SB-UP-CRZ,NR,0,0
CS,Cannanore South,Kerala,KL,SB-KL,SB-KL-CS,SR,0,8
CSA,Chausa,Bihar,BR,SB-BR,SB-BR-CSA,IR,0,20
CSB,Shivaji Bridge,Delhi,DL,SB-DL,SB-DL-CSB,IR,0,78
CSDR,CHANNASANDRA,Karnataka,KA,SB-KA,SB-KA-CSDR,SWR,0,0
CSM,CANSAULIM,Goa,GA,SB-GA,SB-GA-CSM,SWR,0,6
CSMA,Chanasma Junction,Gujarat,GJ,SB-GJ,SB-GJ-CSMA,WR,0,0
CSMT,C SHIVAJI MAH T,Maharashtra,MH,SB-MH,SB-MH-CSMT,CR,1,130
CSN,Chalisgaon Junction,Maharashtra,MH,SB-MH,SB-MH-CSN,IR,1,59
CSR,CHAK SIKANDAR,Bihar,BR,SB-BR,SB-BR-CSR,ECR,0,10
CST,Chatrapati Shivaji Terminus,Maharashtra,MH,SB-MH,SB-MH-CST,CR,0,0
CSTM,MUMBAI CST,Maharashtra,MH,SB-MH,SB-MH-CSTM,CR,0,0
CSY,COSSYE,Uttar Pradesh,UP,SB-UP,SB-UP-CSY,NR,0,0
CSZ,Cossimbazar,West Bengal,WB,SB-WB,SB-WB-CSZ,ER,0,44
CT,Chitapur,Karnataka,KA,SB-KA,SB-KA-CT,IR,0,32
CTA,Chitradurga,Karnataka,KA,SB-KA,SB-KA-CTA,SWR,0,16
CTC,Cuttack,Odisha,OD,SB-OD,SB-OD-CTC,IR,1,235
CTD,Chhota Udepur,Gujarat,GJ,SB-GJ,SB-GJ-CTD,WR,0,13
CTE,Chhitauni,Uttar Pradesh,UP,SB-UP,SB-UP-CTE,IR,0,0
CTF,CHITGIDDA,Telangana,TS,SB-TS,SB-TS-CTF,IR,0,7
CTGN,COTTON GREEN,Maharashtra,MH,SB-MH,SB-MH-CTGN,IR,0,2
CTH,CHIKALTHANA,Maharashtra,MH,SB-MH,SB-MH-CTH,SCR,0,8
CTHR,CHITAHRA,Madhya Pradesh,MP,SB-MP,SB-MP-CTHR,WCR,0,6
CTHT,CHATAR HALT,Bihar,BR,SB-BR,SB-BR-CTHT,ECR,0,12
CTJ,CHHATAINI,Madhya Pradesh,MP,SB-MP,SB-MP-CTJ,WCR,0,2
CTKT,Choti Khatu,Rajasthan,RJ,SB-RJ,SB-RJ-CTKT,NWR,0,20
CTL,Chital,Gujarat,GJ,SB-GJ,SB-GJ-CTL,WR,0,9
CTLI,CHATOULI,Uttar Pradesh,UP,SB-UP,SB-UP-CTLI,NR,0,0
CTM,KATTANGULATTUR,Tamil Nadu,TN,SB-TN,SB-TN-CTM,IR,0,171
CTMP,CHHIT MAKHANPUR,Bihar,BR,SB-BR,SB-BR-CTMP,IR,0,16
CTND,Chettinad,Tamil Nadu,TN,SB-TN,SB-TN-CTND,SR,0,8
CTO,Chittoor,Andhra Pradesh,AP,SB-AP,SB-AP-CTO,SCR,0,69
CTPE,Chandanattop Halt,Kerala,KL,SB-KL,SB-KL-CTPE,SR,0,6
CTPR,Chinta Parru Ha,Uttar Pradesh,UP,SB-UP,SB-UP-CTPR,NR,0,0
CTQ,CHETAR,Jharkhand,JH,SB-JH,SB-JH-CTQ,IR,0,8
CTR,CHATRA,West Bengal,WB,SB-WB,SB-WB-CTR,IR,0,14
CTRD,Chitrawad,Gujarat,GJ,SB-GJ,SB-GJ-CTRD,WR,0,8
CTRE,CHITTERI,Tamil Nadu,TN,SB-TN,SB-TN-CTRE,IR,0,11
CTRL,CHHATRAL,Gujarat,GJ,SB-GJ,SB-GJ-CTRL,WR,0,0
CTS,CHATTRIPUT,Odisha,OD,SB-OD,SB-OD-CTS,ECOR,0,2
CTT,CHITRASANI,Gujarat,GJ,SB-GJ,SB-GJ-CTT,NWR,0,4
CTTP,CHITRAPUR HALT,Karnataka,KA,SB-KA,SB-KA-CTTP,KR,0,2
CTU,CHHATAPUR ROAD,Bihar,BR,SB-BR,SB-BR-CTU,IR,0,4
CTW,Chhintanwala,Punjab,PB,SB-PB,SB-PB-CTW,NR,0,6
CTYL,CHITYALA,Telangana,TS,SB-TS,SB-TS-CTYL,IR,0,8
CTZ,CHAUNTRA BHATERH,Himachal Pradesh,HP,SB-HP,SB-HP-CTZ,NR,0,0
CU,CHAGALLU,Uttar Pradesh,UP,SB-UP,SB-UP-CU,NR,0,0
CUD,Tiruppappuliyur,Tamil Nadu,TN,SB-TN,SB-TN-CUD,SR,0,0
CUE,CHOUPALE,Maharashtra,MH,SB-MH,SB-MH-CUE,IR,0,4
CUK,Churk,Uttar Pradesh,UP,SB-UP,SB-UP-CUK,NCR,0,12
CUKI,CUKI,Uttar Pradesh,UP,SB-UP,SB-UP-CUKI,NR,0,0
CUL,CHULI,Uttar Pradesh,UP,SB-UP,SB-UP-CUL,NR,0,0
CUPJ,Cuddalore Port,Tamil Nadu,TN,SB-TN,SB-TN-CUPJ,SR,0,43
CUR,Churu,Rajasthan,RJ,SB-RJ,SB-RJ-CUR,NWR,0,67
CUX,CHAURA,Bihar,BR,SB-BR,SB-BR-CUX,IR,0,12
CV,KAVERI,Tamil Nadu,TN,SB-TN,SB-TN-CV,IR,0,10
CVB,CAVALRY BARRCKS,Andhra Pradesh,AP,SB-AP,SB-AP-CVB,SCR,0,34
CVD,CHAVADIPALAIYAM,Tamil Nadu,TN,SB-TN,SB-TN-CVD,SR,0,5
CVJ,CHAVAJ,Gujarat,GJ,SB-GJ,SB-GJ-CVJ,IR,0,8
CVP,Kovilpatti,Tamil Nadu,TN,SB-TN,SB-TN-CVP,SR,0,87
CVR,CHORVAD ROAD,Gujarat,GJ,SB-GJ,SB-GJ-CVR,WR,0,10
CVV,CHERUVU MADHAVARAM,Andhra Pradesh,AP,SB-AP,SB-AP-CVV,SCR,0,4
CW,CHAINWA,Bihar,BR,SB-BR,SB-BR-CW,IR,0,15
CWA,Chhindwara Junction,Madhya Pradesh,MP,SB-MP,SB-MP-CWA,SECR,0,23
CWDA,Chuhriwala Dhanna,Punjab,PB,SB-PB,SB-PB-CWDA,IR,0,4
CWI,CHONDI,Maharashtra,MH,SB-MH,SB-MH-CWI,SCR,0,4
CWLE,CHOWRIGACHA,West Bengal,WB,SB-WB,SB-WB-CWLE,ER,0,28
CWN,Charawan,Punjab,PB,SB-PB,SB-PB-CWN,NR,0,9
CWR,CHOVVARA,Kerala,KL,SB-KL,SB-KL-CWR,IR,0,8
CWT,CHOWHATTA,West Bengal,WB,SB-WB,SB-WB-CWT,IR,0,8
CX,CHANOL,Gujarat,GJ,SB-GJ,SB-GJ-CX,WR,0,0
CXA,Chandsara,Uttar Pradesh,UP,SB-UP,SB-UP-CXA,NR,0,4
CYI,CHHAYAPURI,Gujarat,GJ,SB-GJ,SB-GJ-CYI,IR,0,78
CYN,Cheriyanad,Kerala,KL,SB-KL,SB-KL-CYN,IR,0,20
CYR,Charni Road,Maharashtra,MH,SB-MH,SB-MH-CYR,WR,0,15
CYZ,CHIPYANA BUZURG,Uttar Pradesh,UP,SB-UP,SB-UP-CYZ,NR,0,0
D,Deula,West Bengal,WB,SB-WB,SB-WB-D,ER,0,64
DA,Aduturai,Tamil Nadu,TN,SB-TN,SB-TN-DA,IR,0,0
DAA,DATIA,Madhya Pradesh,MP,SB-MP,SB-MP-DAA,IR,0,56
DAB,DHARMABAD,Maharashtra,MH,SB-MH,SB-MH-DAB,SCR,0,38
DABN,DHABAN,Rajasthan,RJ,SB-RJ,SB-RJ-DABN,NWR,0,10
DAC,DAHINSARA JN,Gujarat,GJ,SB-GJ,SB-GJ-DAC,WR,0,0
DAD,DEVARGUDDA,Karnataka,KA,SB-KA,SB-KA-DAD,SWR,0,6
DADN,DR. AMBEDKAR NAGAR,Madhya Pradesh,MP,SB-MP,SB-MP-DADN,IR,0,32
DAE,DAHEGAON,Maharashtra,MH,SB-MH,SB-MH-DAE,IR,0,4
DAG,DHANG,Bihar,BR,SB-BR,SB-BR-DAG,ECR,0,10
DAH,DEHARE,Uttar Pradesh,UP,SB-UP,SB-UP-DAH,NR,0,0
DAJ,DUROJI,Karnataka,KA,SB-KA,SB-KA-DAJ,SWR,0,16
DAKD,DEKAKUND,Gujarat,GJ,SB-GJ,SB-GJ-DAKD,IR,0,3
DAKE,Dakhineswar,West Bengal,WB,SB-WB,SB-WB-DAKE,IR,0,62
DAL,DALIGANJ,Uttar Pradesh,UP,SB-UP,SB-UP-DAL,IR,0,14
DALF,DALI GANJ,Uttar Pradesh,UP,SB-UP,SB-UP-DALF,NR,0,0
DALR,Dalhousie Road,Punjab,PB,SB-PB,SB-PB-DALR,IR,0,0
DAM,DHAMORA,Uttar Pradesh,UP,SB-UP,SB-UP-DAM,NR,0,0
DAN,DHANETA,Uttar Pradesh,UP,SB-UP,SB-UP-DAN,NR,0,0
DANE,DANRE,Bihar,BR,SB-BR,SB-BR-DANE,IR,0,8
DAO,DAGHORA,Chhattisgarh,CG,SB-CG,SB-CG-DAO,IR,0,4
DAP,DAGMAGPUR,Uttar Pradesh,UP,SB-UP,SB-UP-DAP,IR,0,6
DAPD,DAPODI,Maharashtra,MH,SB-MH,SB-MH-DAPD,IR,0,42
DAQ,DAUD KHAN,Uttar Pradesh,UP,SB-UP,SB-UP-DAQ,IR,0,8
DAR,DANWAR,Rajasthan,RJ,SB-RJ,SB-RJ-DAR,IR,0,14
DARA,DARA,Rajasthan,RJ,SB-RJ,SB-RJ-DARA,IR,0,19
DARI,Dhari Junction,Gujarat,GJ,SB-GJ,SB-GJ-DARI,WR,0,2
DAS,DHASA JN,Gujarat,GJ,SB-GJ,SB-GJ-DAS,WR,0,18
DASF,Dhasa Jn,Uttar Pradesh,UP,SB-UP,SB-UP-DASF,NR,0,0
DAU,Dagru,Punjab,PB,SB-PB,SB-PB-DAU,NR,0,11
DAV,DEVALGAON AVCHAR,Maharashtra,MH,SB-MH,SB-MH-DAV,SCR,0,6
DAVC,Jalalabad DAV College,Punjab,PB,SB-PB,SB-PB-DAVC,NR,0,10
DAVJ,D.A.V.C.H. JALANDHAR,Punjab,PB,SB-PB,SB-PB-DAVJ,NR,0,20
DAVM,DHANUVACHAPURAM,Kerala,KL,SB-KL,SB-KL-DAVM,SR,0,13
DAYG,DARIYAGANJ,Madhya Pradesh,MP,SB-MP,SB-MP-DAYG,IR,0,10
DAZ,Delhi Azadpur,Delhi,DL,SB-DL,SB-DL-DAZ,IR,0,17
DB,Dabhoi Junction,Gujarat,GJ,SB-GJ,SB-GJ-DB,WR,0,21
DBA,DABRA,Madhya Pradesh,MP,SB-MP,SB-MP-DBA,IR,0,56
DBB,Dhubri,Assam,AS,SB-AS,SB-AS-DBB,NFR,0,8
DBD,DEOBAND,Uttar Pradesh,UP,SB-UP,SB-UP-DBD,NR,0,43
DBEC,DEVBALODA CHARODA,Chhattisgarh,CG,SB-CG,SB-CG-DBEC,SECR,1,17
DBF,Dabpal,Chhattisgarh,CG,SB-CG,SB-CG-DBF,?,0,2
DBG,Darbhanga Junction,Bihar,BR,SB-BR,SB-BR-DBG,IR,0,139
DBHL,DOBH BAHALI,Haryana,HR,SB-HR,SB-HR-DBHL,IR,0,4
DBI,DABLI RATHAN,Rajasthan,RJ,SB-RJ,SB-RJ-DBI,NWR,0,12
DBK,Darbari,Uttar Pradesh,UP,SB-UP,SB-UP-DBK,NR,0,0
DBKA,Dabka,Madhya Pradesh,MP,SB-MP,SB-MP-DBKA,SCR,0,0
DBL,DODBELE,Karnataka,KA,SB-KA,SB-KA-DBL,SWR,0,27
DBLA,Dabla,Rajasthan,RJ,SB-RJ,SB-RJ-DBLA,NWR,0,26
DBLG,DIBOLONG,Assam,AS,SB-AS,SB-AS-DBLG,IR,0,2
DBLI,DEBRABANDHAULI HALT,Bihar,BR,SB-BR,SB-BR-DBLI,IR,0,10
DBM,DABOLIM,Goa,GA,SB-GA,SB-GA-DBM,SWR,0,6
DBN,Dhablan,Punjab,PB,SB-PB,SB-PB-DBN,NR,0,6
DBNK,DERABABA NANAK,Punjab,PB,SB-PB,SB-PB-DBNK,IR,0,8
DBNR,Dibnapur,Uttar Pradesh,UP,SB-UP,SB-UP-DBNR,NER,0,8
DBO,DABHODA,Gujarat,GJ,SB-GJ,SB-GJ-DBO,WR,0,6
DBP,DEBIPUR,West Bengal,WB,SB-WB,SB-WB-DBP,IR,0,60
DBQ,DHULABARI,Uttar Pradesh,UP,SB-UP,SB-UP-DBQ,NR,0,0
DBR,DABHAURA,Uttar Pradesh,UP,SB-UP,SB-UP-DBR,NCR,0,40
DBRG,Dibrugarh,Assam,AS,SB-AS,SB-AS-DBRG,NFR,0,44
DBRT,Dibrugarh Town,Assam,AS,SB-AS,SB-AS-DBRT,NFR,0,0
DBS,DOBBSPET,Karnataka,KA,SB-KA,SB-KA-DBS,SWR,0,16
DBSI,DAYA BASTI,Delhi,DL,SB-DL,SB-DL-DBSI,NR,0,31
DBT,Dakshin Barasat,West Bengal,WB,SB-WB,SB-WB-DBT,ER,0,62
DBU,DODBALLAPUR,Karnataka,KA,SB-KA,SB-KA-DBU,IR,0,18
DBV,Dabilpur,Telangana,TS,SB-TS,SB-TS-DBV,SCR,0,10
DBW,DUBIA,Assam,AS,SB-AS,SB-AS-DBW,IR,0,4
DBY,Digboi,Assam,AS,SB-AS,SB-AS-DBY,NFR,0,6
DBZ,Dhing Bazar,Assam,AS,SB-AS,SB-AS-DBZ,NFR,0,2
DC,MAGUDANCHAVADI,Tamil Nadu,TN,SB-TN,SB-TN-DC,IR,0,10
DCA,Damchara,Assam,AS,SB-AS,SB-AS-DCA,NFR,0,2
DCAB,BMY D CABIN,Chhattisgarh,CG,SB-CG,SB-CG-DCAB,IR,0,1
DCH,DINHATTA CLGE H,West Bengal,WB,SB-WB,SB-WB-DCH,IR,0,4
DCK,DHANDHUKA,Gujarat,GJ,SB-GJ,SB-GJ-DCK,WR,0,20
DCOP,DURGAPUR COKE OVEN PLANT EXCHANGE YARD SDG WARIA,Uttar Pradesh,UP,SB-UP,SB-UP-DCOP,NR,0,0
DCP,DAL CHAPRA,Bihar,BR,SB-BR,SB-BR-DCP,IR,0,6
DCTL,DOMBIVLI CTL,Uttar Pradesh,UP,SB-UP,SB-UP-DCTL,NR,0,0
DCU,Damalcheruvu,Andhra Pradesh,AP,SB-AP,SB-AP-DCU,SCR,0,3
DCX,DHANICHHA,Bihar,BR,SB-BR,SB-BR-DCX,IR,0,6
DD,Daund Junction,Maharashtra,MH,SB-MH,SB-MH-DD,IR,1,109
DDA,DURAUNDHA JN,Bihar,BR,SB-BR,SB-BR-DDA,IR,0,25
DDAC,DDAC,Uttar Pradesh,UP,SB-UP,SB-UP-DDAC,NR,0,0
DDAM,DAUND A MMR,Uttar Pradesh,UP,SB-UP,SB-UP-DDAM,NR,0,0
DDAP,DAUND PATAS ROAD,Uttar Pradesh,UP,SB-UP,SB-UP-DDAP,NR,0,0
DDBC,DDBC,Uttar Pradesh,UP,SB-UP,SB-UP-DDBC,NR,0,0
DDC,Dum Dum Cantonment,West Bengal,WB,SB-WB,SB-WB-DDC,ER,0,166
DDCC,DAUND CHORD LINE,Maharashtra,MH,SB-MH,SB-MH-DDCC,IR,0,81
DDCE,DUNDI,Madhya Pradesh,MP,SB-MP,SB-MP-DDCE,WCR,0,14
DDD,DHONDHA DIH,Uttar Pradesh,UP,SB-UP,SB-UP-DDD,NER,0,6
DDDA,DUDDEDA,Andhra Pradesh,AP,SB-AP,SB-AP-DDDA,IR,0,4
DDDM,DEEN DAYAL DHAM,Uttar Pradesh,UP,SB-UP,SB-UP-DDDM,IR,0,4
DDE,DONDAICHA,Maharashtra,MH,SB-MH,SB-MH-DDE,IR,0,40
DDGA,DUGDA,Jharkhand,JH,SB-JH,SB-JH-DDGA,IR,0,2
DDGJ,DEEDARGANJ,Bihar,BR,SB-BR,SB-BR-DDGJ,IR,0,14
DDJ,Dum Dum,West Bengal,WB,SB-WB,SB-WB-DDJ,ER,0,461
DDJA,DAUND GOODS YARD,Uttar Pradesh,UP,SB-UP,SB-UP-DDJA,NR,0,0
DDK,Dhindsa,Punjab,PB,SB-PB,SB-PB-DDK,NR,0,8
DDL,DHANDARI KALAN,Punjab,PB,SB-PB,SB-PB-DDL,IR,0,28
DDM,DAM DIM,West Bengal,WB,SB-WB,SB-WB-DDM,NFR,0,8
DDMT,DARIMETA,Maharashtra,MH,SB-MH,SB-MH-DDMT,IR,0,4
DDN,DEHRADUN,Uttarakhand,UK,SB-UK,SB-UK-DDN,NR,0,39
DDNA,Dudhaunda,Uttar Pradesh,UP,SB-UP,SB-UP-DDNA,NER,0,4
DDNI,Dudhnoi,Assam,AS,SB-AS,SB-AS-DDNI,NFR,0,12
DDP,Daudpur,Bihar,BR,SB-BR,SB-BR-DDP,IR,0,17
DDR,Dadar (Western Railway),Maharashtra,MH,SB-MH,SB-MH-DDR,WR,0,54
DDS,DUDH SAGAR,Uttar Pradesh,UP,SB-UP,SB-UP-DDS,NR,0,0
DDU,PT.DEEN DAYAL UPADHYAYA JN,Uttar Pradesh,UP,SB-UP,SB-UP-DDU,ECR,1,414
DDV,DADHDEVI,Rajasthan,RJ,SB-RJ,SB-RJ-DDV,IR,0,14
DDW,DUDWA,Uttar Pradesh,UP,SB-UP,SB-UP-DDW,NER,0,6
DDWA,DEEDWANA,Rajasthan,RJ,SB-RJ,SB-RJ-DDWA,IR,0,2
DDX,DHAMDHAMIA,Jharkhand,JH,SB-JH,SB-JH-DDX,IR,0,17
DDY,DUDWINDI,Punjab,PB,SB-PB,SB-PB-DDY,NR,0,18
DDYX,DDYX,Uttar Pradesh,UP,SB-UP,SB-UP-DDYX,NR,0,0
DE,Delhi MG,Delhi,DL,SB-DL,SB-DL-DE,IR,0,0
DEA,Diara,West Bengal,WB,SB-WB,SB-WB-DEA,ER,0,81
DEB,Debagram,West Bengal,WB,SB-WB,SB-WB-DEB,ER,0,34
DEC,Delhi Cantonment,Delhi,DL,SB-DL,SB-DL-DEC,NR,1,101
DED,DANDELI,Karnataka,KA,SB-KA,SB-KA-DED,IR,0,6
DEE,Delhi Sarai Rohilla,Delhi,DL,SB-DL,SB-DL-DEE,NR,1,89
DEEG,Deeg,Rajasthan,RJ,SB-RJ,SB-RJ-DEEG,NCR,0,19
DEG,DELANG,Odisha,OD,SB-OD,SB-OD-DEG,IR,0,24
DEHR,DEHU ROAD,Maharashtra,MH,SB-MH,SB-MH-DEHR,IR,0,42
DEIA,DEORIA,Uttar Pradesh,UP,SB-UP,SB-UP-DEIA,NER,0,4
DEIT,Dehit,Uttar Pradesh,UP,SB-UP,SB-UP-DEIT,NR,0,0
DEL,DENDULURU,Uttar Pradesh,UP,SB-UP,SB-UP-DEL,NR,0,0
DELI,DEOLI,Maharashtra,MH,SB-MH,SB-MH-DELI,IR,0,2
DELO,DEORAKOT,Uttar Pradesh,UP,SB-UP,SB-UP-DELO,IR,0,2
DEMU,DEMU,Jharkhand,JH,SB-JH,SB-JH-DEMU,IR,0,8
DEO,DEOKALI,Uttar Pradesh,UP,SB-UP,SB-UP-DEO,NER,0,8
DEOR,DIYODAR,Gujarat,GJ,SB-GJ,SB-GJ-DEOR,WR,0,8
DEOS,DEORIA SADAR,Uttar Pradesh,UP,SB-UP,SB-UP-DEOS,IR,0,115
DEP,Depalsar,Rajasthan,RJ,SB-RJ,SB-RJ-DEP,NWR,0,12
DEPI,Deenapatti,Bihar,BR,SB-BR,SB-BR-DEPI,IR,0,10
DER,DADRI,Uttar Pradesh,UP,SB-UP,SB-UP-DER,IR,0,27
DERN,NEW DADRI JN,Uttar Pradesh,UP,SB-UP,SB-UP-DERN,NCR,0,2
DES,DESARI,Bihar,BR,SB-BR,SB-BR-DES,ECR,0,20
DET,DET,Rajasthan,RJ,SB-RJ,SB-RJ-DET,IR,0,4
DEU,Devsana,Gujarat,GJ,SB-GJ,SB-GJ-DEU,WR,0,0
DEV,DEVARAYI,Karnataka,KA,SB-KA,SB-KA-DEV,SWR,0,2
DEW,Dewalgaon,Maharashtra,MH,SB-MH,SB-MH-DEW,SECR,0,9
DEWA,Dewa,Gujarat,GJ,SB-GJ,SB-GJ-DEWA,WR,0,0
DFR,DEOGAN ROAD,Odisha,OD,SB-OD,SB-OD-DFR,IR,0,6
DG,Dindigul Junction,Tamil Nadu,TN,SB-TN,SB-TN-DG,IR,0,145
DGA,DIGHWARA,Bihar,BR,SB-BR,SB-BR-DGA,IR,0,53
DGB,DINDU GOPALA PURAM HALT,Andhra Pradesh,AP,SB-AP,SB-AP-DGB,IR,0,4
DGBH,DIGHA BRIDGE HALT,Bihar,BR,SB-BR,SB-BR-DGBH,IR,0,18
DGBZ,Dongri Buzurg,Maharashtra,MH,SB-MH,SB-MH-DGBZ,SECR,0,10
DGD,DANGIDHAR,Madhya Pradesh,MP,SB-MP,SB-MP-DGD,IR,0,8
DGDG,DURGADA GATE,Andhra Pradesh,AP,SB-AP,SB-AP-DGDG,IR,0,4
DGF,DHAGARIA,West Bengal,WB,SB-WB,SB-WB-DGF,IR,0,11
DGG,DONGARGARH,Chhattisgarh,CG,SB-CG,SB-CG-DGG,SECR,1,59
DGHA,Digha Flag Station,West Bengal,WB,SB-WB,SB-WB-DGHA,?,0,31
DGHL,DIGHAL,Haryana,HR,SB-HR,SB-HR-DGHL,IR,0,6
DGHR,Deoghar,Jharkhand,JH,SB-JH,SB-JH-DGHR,ER,0,42
DGI,DUNGRI,Gujarat,GJ,SB-GJ,SB-GJ-DGI,WR,0,21
DGJ,DUNGAR JN,Gujarat,GJ,SB-GJ,SB-GJ-DGJ,WR,0,4
DGLE,DHULIAN GANGA,West Bengal,WB,SB-WB,SB-WB-DGLE,ER,0,27
DGN,Dongargaon,Madhya Pradesh,MP,SB-MP,SB-MP-DGN,CR,0,4
DGNH,DERGAON HALT,Bihar,BR,SB-BR,SB-BR-DGNH,?,0,6
DGNR,Durganagar,West Bengal,WB,SB-WB,SB-WB-DGNR,ER,0,144
DGO,DURGAUTI,Bihar,BR,SB-BR,SB-BR-DGO,IR,0,12
DGPI,Durgapuri,Uttar Pradesh,UP,SB-UP,SB-UP-DGPI,NR,0,0
DGPP,DHENGLI PP GOAN,Maharashtra,MH,SB-MH,SB-MH-DGPP,SCR,0,6
DGQ,Dugdol,Gujarat,GJ,SB-GJ,SB-GJ-DGQ,NWR,0,4
DGR,Durgapur,West Bengal,WB,SB-WB,SB-WB-DGR,IR,1,179
DGS,DAGORI,Chhattisgarh,CG,SB-CG,SB-CG-DGS,IR,0,13
DGT,Dhulghat,Maharashtra,MH,SB-MH,SB-MH-DGT,SCR,0,0
DGU,Digaru,Assam,AS,SB-AS,SB-AS-DGU,NFR,0,16
DGW,DHIGAWARA,Rajasthan,RJ,SB-RJ,SB-RJ-DGW,NWR,0,6
DGX,Dagaon,Assam,AS,SB-AS,SB-AS-DGX,NFR,0,2
DGY,Dighori Buzurg,Uttar Pradesh,UP,SB-UP,SB-UP-DGY,NR,0,0
DGZ,DEVIGANJ,Bihar,BR,SB-BR,SB-BR-DGZ,IR,0,4
DH,Diamond Harbour,West Bengal,WB,SB-WB,SB-WB-DH,ER,0,64
DHA,DHEENA,Uttar Pradesh,UP,SB-UP,SB-UP-DHA,IR,0,22
DHAE,DAINHAT,West Bengal,WB,SB-WB,SB-WB-DHAE,ER,0,42
DHBI,DHABAULI HALT,Bihar,BR,SB-BR,SB-BR-DHBI,IR,0,2
DHCA,Dhaca Cantt.,Uttar Pradesh,UP,SB-UP,SB-UP-DHCA,NR,0,0
DHD,Dahod,Gujarat,GJ,SB-GJ,SB-GJ-DHD,IR,1,118
DHE,Dodhi,Uttar Pradesh,UP,SB-UP,SB-UP-DHE,NER,0,14
DHG,DHRANGDHRA,Gujarat,GJ,SB-GJ,SB-GJ-DHG,IR,0,28
DHH,Dinhata,West Bengal,WB,SB-WB,SB-WB-DHH,NFR,0,8
DHI,Dhule,Maharashtra,MH,SB-MH,SB-MH-DHI,CR,0,10
DHJ,DHINOJ,Gujarat,GJ,SB-GJ,SB-GJ-DHJ,WR,0,8
DHK,Dhakuria,West Bengal,WB,SB-WB,SB-WB-DHK,ER,0,231
DHKR,DHODA KHEDI,Haryana,HR,SB-HR,SB-HR-DHKR,IR,0,9
DHL,Devanhalli,Karnataka,KA,SB-KA,SB-KA-DHL,SWR,0,11
DHLI,Dethli,Gujarat,GJ,SB-GJ,SB-GJ-DHLI,WR,0,0
DHMA,DHAMARDA,Uttar Pradesh,UP,SB-UP,SB-UP-DHMA,NR,0,0
DHMZ,DHOLA MAZRA,Haryana,HR,SB-HR,SB-HR-DHMZ,IR,0,9
DHN,Dhanbad Junction,Jharkhand,JH,SB-JH,SB-JH-DHN,IR,1,164
DHNA,Dhachna,Bihar,BR,SB-BR,SB-BR-DHNA,NFR,0,10
DHND,DHINDA,Rajasthan,RJ,SB-RJ,SB-RJ-DHND,IR,0,10
DHNE,DHONE,Andhra Pradesh,AP,SB-AP,SB-AP-DHNE,IR,0,97
DHNL,DHANALA,Uttar Pradesh,UP,SB-UP,SB-UP-DHNL,NR,0,0
DHNR,DHANORA DECCAN,Maharashtra,MH,SB-MH,SB-MH-DHNR,SCR,0,4
DHO,Dhaulpur,Rajasthan,RJ,SB-RJ,SB-RJ-DHO,NCR,1,62
DHOA,Dhaulpur,Uttar Pradesh,UP,SB-UP,SB-UP-DHOA,NR,0,0
DHP,Dichpalli,Telangana,TS,SB-TS,SB-TS-DHP,SCR,0,8
DHPD,DHAPARA DHAM,West Bengal,WB,SB-WB,SB-WB-DHPD,ER,0,13
DHPR,DAPPAR,Punjab,PB,SB-PB,SB-PB-DHPR,NR,0,8
DHQ,DHARAKHOH,Uttar Pradesh,UP,SB-UP,SB-UP-DHQ,NR,0,0
DHR,DHARNAODA,Rajasthan,RJ,SB-RJ,SB-RJ-DHR,WCR,0,6
DHRJ,DHIRGANJ,Uttar Pradesh,UP,SB-UP,SB-UP-DHRJ,NR,0,4
DHRN,DHURANA,Haryana,HR,SB-HR,SB-HR-DHRN,NR,0,6
DHRR,DHIRERA,Rajasthan,RJ,SB-RJ,SB-RJ-DHRR,NWR,0,8
DHRY,Dhalpukhuri,Assam,AS,SB-AS,SB-AS-DHRY,NFR,0,4
DHS,DHAVALAS,Uttar Pradesh,UP,SB-UP,SB-UP-DHS,NR,0,0
DHT,DHAMARA GHAT,Bihar,BR,SB-BR,SB-BR-DHT,ECR,0,20
DHU,Dhubulia,West Bengal,WB,SB-WB,SB-WB-DHU,ER,0,30
DHW,Dhariwal,Punjab,PB,SB-PB,SB-PB-DHW,NR,0,22
DHWN,Dhaniyawan,Bihar,BR,SB-BR,SB-BR-DHWN,IR,0,12
DHWS,DHOSAWAS,Uttar Pradesh,UP,SB-UP,SB-UP-DHWS,NR,0,0
DHY,DHARODI,Haryana,HR,SB-HR,SB-HR-DHY,NR,0,4
DI,Dombivli,Maharashtra,MH,SB-MH,SB-MH-DI,CR,0,5
DIA,Didwana,Rajasthan,RJ,SB-RJ,SB-RJ-DIA,NWR,0,20
DIB,DIBAI,Uttar Pradesh,UP,SB-UP,SB-UP-DIB,NR,0,14
DIBL,Dholi Bhal,Gujarat,GJ,SB-GJ,SB-GJ-DIBL,WR,0,6
DIC,Dahisar,Maharashtra,MH,SB-MH,SB-MH-DIC,WR,0,1
DIE,Demai,Uttar Pradesh,UP,SB-UP,SB-UP-DIE,NR,0,0
DIG,Duggirala,Andhra Pradesh,AP,SB-AP,SB-AP-DIG,IR,0,14
DIGH,,Maharashtra,MH,SB-MH,SB-MH-DIGH,IR,0,2
DIH,DHARUADIHI,Madhya Pradesh,MP,SB-MP,SB-MP-DIH,IR,0,6
DIL,DILAWARNAGAR,Bihar,BR,SB-BR,SB-BR-DIL,IR,0,5
DIM,DHANSIMLA,West Bengal,WB,SB-WB,SB-WB-DIM,IR,0,11
DING,Ding,Haryana,HR,SB-HR,SB-HR-DING,NWR,0,16
DINR,Divine Nagar,Kerala,KL,SB-KL,SB-KL-DINR,IR,0,8
DIP,Dipore,Maharashtra,MH,SB-MH,SB-MH-DIP,IR,0,0
DIR,DHANAPUR ORISSA,Odisha,OD,SB-OD,SB-OD-DIR,ECOR,0,2
DISA,Disa,Gujarat,GJ,SB-GJ,SB-GJ-DISA,WR,0,10
DIT,DOHRIGHAT,Uttar Pradesh,UP,SB-UP,SB-UP-DIT,IR,0,4
DIU,Dhing,Assam,AS,SB-AS,SB-AS-DIU,NFR,0,2
DIVA,DIVA,Maharashtra,MH,SB-MH,SB-MH-DIVA,IR,0,34
DIW,DHILWAN,Punjab,PB,SB-PB,SB-PB-DIW,IR,0,5
DIWR,DIGWAR HALT,Jharkhand,JH,SB-JH,SB-JH-DIWR,IR,0,6
DJ,Darjeeling,West Bengal,WB,SB-WB,SB-WB-DJ,NFR,0,32
DJA,Daotuhaja,Assam,AS,SB-AS,SB-AS-DJA,NFR,0,2
DJB,DIJAOBRA,Uttar Pradesh,UP,SB-UP,SB-UP-DJB,NR,0,0
DJD,DIDARGANJ ROAD,Uttar Pradesh,UP,SB-UP,SB-UP-DJD,IR,0,4
DJG,Duliajan,Assam,AS,SB-AS,SB-AS-DJG,NFR,0,14
DJHR,Deojhar,Jharkhand,JH,SB-JH,SB-JH-DJHR,IR,0,2
DJI,DHORAJI,Gujarat,GJ,SB-GJ,SB-GJ-DJI,WR,0,10
DJKR,Dolaji Ka Khera,Rajasthan,RJ,SB-RJ,SB-RJ-DJKR,NWR,0,0
DJL,Dodajala Lake,Karnataka,KA,SB-KA,SB-KA-DJL,SWR,0,4
DJR,DOMJUR,West Bengal,WB,SB-WB,SB-WB-DJR,IR,0,22
DJRZ,To Darjeeling,West Bengal,WB,SB-WB,SB-WB-DJRZ,NFR,0,0
DJS,DHURANT JWAS HALT,Bihar,BR,SB-BR,SB-BR-DJS,IR,0,11
DJX,DUNGRIPADI,Odisha,OD,SB-OD,SB-OD-DJX,IR,0,10
DK,Dakor,Gujarat,GJ,SB-GJ,SB-GJ-DK,WR,0,19
DKAE,Dankuni,West Bengal,WB,SB-WB,SB-WB-DKAE,ER,0,166
DKB,DAKSHIN BARI,West Bengal,WB,SB-WB,SB-WB-DKB,IR,0,22
DKBJ,Dahar Ka Balaji,Rajasthan,RJ,SB-RJ,SB-RJ-DKBJ,NWR,0,30
DKC,DEVARKADRE,Andhra Pradesh,AP,SB-AP,SB-AP-DKC,IR,0,9
DKCH,DAKACHA,Uttar Pradesh,UP,SB-UP,SB-UP-DKCH,NR,0,0
DKD,DONAKONDA,Andhra Pradesh,AP,SB-AP,SB-AP-DKD,IR,0,26
DKDE,DANKAUR,Uttar Pradesh,UP,SB-UP,SB-UP-DKDE,IR,0,22
DKDP,Dakshin Durgapur,West Bengal,WB,SB-WB,SB-WB-DKDP,ER,0,64
DKE,Dihakho,Assam,AS,SB-AS,SB-AS-DKE,NFR,0,2
DKGN,DEKARGAON,Assam,AS,SB-AS,SB-AS-DKGN,IR,0,12
DKGS,SIMARIA,Bihar,BR,SB-BR,SB-BR-DKGS,IR,0,12
DKI,DHARMKUNDI,Madhya Pradesh,MP,SB-MP,SB-MP-DKI,WCR,0,4
DKJ,Dornakal Junction,Telangana,TS,SB-TS,SB-TS-DKJ,SCR,0,34
DKJB,Dornakal Bye Pass,Uttar Pradesh,UP,SB-UP,SB-UP-DKJB,NR,0,0
DKJC,DKJC,Uttar Pradesh,UP,SB-UP,SB-UP-DKJC,NR,0,0
DKJR,DHEKIAJILI ROAD,Assam,AS,SB-AS,SB-AS-DKJR,IR,0,15
DKLU,DOIKALLU,Odisha,OD,SB-OD,SB-OD-DKLU,IR,0,6
DKM,DIKOM,Assam,AS,SB-AS,SB-AS-DKM,NFR,0,2
DKMN,DEORIA KURHMA NARESH HALT,Bihar,BR,SB-BR,SB-BR-DKMN,IR,0,8
DKN,DEVANGONTHI,Karnataka,KA,SB-KA,SB-KA-DKN,IR,0,25
DKNT,DAKANIYA TALAV,Uttar Pradesh,UP,SB-UP,SB-UP-DKNT,NR,0,0
DKO,Devakottai Road,Tamil Nadu,TN,SB-TN,SB-TN-DKO,SR,0,15
DKQ,DHANI KASAR,Uttar Pradesh,UP,SB-UP,SB-UP-DKQ,NR,0,0
DKR,Dekpura Halt,Bihar,BR,SB-BR,SB-BR-DKR,IR,0,8
DKRA,DHUANKHERI,Rajasthan,RJ,SB-RJ,SB-RJ-DKRA,IR,0,8
DKRD,DOCKYARD ROAD,Maharashtra,MH,SB-MH,SB-MH-DKRD,IR,0,2
DKS,DAREKASA,Chhattisgarh,CG,SB-CG,SB-CG-DKS,IR,0,10
DKT,DHULKOT,Haryana,HR,SB-HR,SB-HR-DKT,NR,0,9
DKU,Dumri Khurd,Maharashtra,MH,SB-MH,SB-MH-DKU,SECR,0,4
DKUR,DOKUR,Uttar Pradesh,UP,SB-UP,SB-UP-DKUR,NR,0,0
DKW,DHANAKWADA,Gujarat,GJ,SB-GJ,SB-GJ-DKW,IR,0,2
DKWA,Dokwa,Rajasthan,RJ,SB-RJ,SB-RJ-DKWA,NWR,0,9
DKX,Dudhwakhara,Rajasthan,RJ,SB-RJ,SB-RJ-DKX,NWR,0,10
DKY,DHOKI,Maharashtra,MH,SB-MH,SB-MH-DKY,CR,0,4
DKZ,Delhi Kishanganj,Delhi,DL,SB-DL,SB-DL-DKZ,NR,0,49
DL,DALADI,Gujarat,GJ,SB-GJ,SB-GJ-DL,WR,0,2
DLA,DOULTA,Uttar Pradesh,UP,SB-UP,SB-UP-DLA,NR,0,0
DLB,DAULATABAD,Maharashtra,MH,SB-MH,SB-MH-DLB,SCR,0,10
DLC,DALMERA,Rajasthan,RJ,SB-RJ,SB-RJ-DLC,NWR,0,4
DLCB,Durg Link Cabin,Uttar Pradesh,UP,SB-UP,SB-UP-DLCB,NR,0,0
DLCR,Dullabcherra,Assam,AS,SB-AS,SB-AS-DLCR,NFR,0,6
DLD,DALAUDA,Madhya Pradesh,MP,SB-MP,SB-MP-DLD,WR,0,12
DLDE,DALDALI,Assam,AS,SB-AS,SB-AS-DLDE,NFR,0,2
DLF,DALAN,Bihar,BR,SB-BR,SB-BR-DLF,IR,0,12
DLGN,Dhalgaon,Maharashtra,MH,SB-MH,SB-MH-DLGN,CR,0,8
DLGS,Duklangia,Uttar Pradesh,UP,SB-UP,SB-UP-DLGS,NR,0,0
DLI,Delhi,Delhi,DL,SB-DL,SB-DL-DLI,NR,0,269
DLJ,DHOLA JN,Gujarat,GJ,SB-GJ,SB-GJ-DLJ,WR,0,62
DLK,Dalkolha,West Bengal,WB,SB-WB,SB-WB-DLK,IR,0,44
DLM,DASKALGRAM,West Bengal,WB,SB-WB,SB-WB-DLM,IR,0,8
DLMH,DHAULIMUHAN,Odisha,OD,SB-OD,SB-OD-DLMH,IR,0,6
DLN,DILDARNAGAR JN,Uttar Pradesh,UP,SB-UP,SB-UP-DLN,IR,0,69
DLO,Dalgaon,West Bengal,WB,SB-WB,SB-WB-DLO,NFR,0,20
DLP,DALPATPUR,Uttarakhand,UK,SB-UK,SB-UK-DLP,IR,0,2
DLPC,DAULATPUR CHAUK,Himachal Pradesh,HP,SB-HP,SB-HP-DLPC,IR,0,11
DLPH,DAULATPUR HAT,West Bengal,WB,SB-WB,SB-WB-DLPH,IR,0,8
DLPI,INDRAPURI,Delhi,DL,SB-DL,SB-DL-DLPI,NR,0,1
DLPR,DAYALPUR,Uttar Pradesh,UP,SB-UP,SB-UP-DLPR,IR,0,2
DLPT,DULAKHAPATNA,Odisha,OD,SB-OD,SB-OD-DLPT,IR,0,12
DLQ,DALELNAGAR,Bihar,BR,SB-BR,SB-BR-DLQ,IR,0,4
DLR,DULLAHAPUR,Uttar Pradesh,UP,SB-UP,SB-UP-DLR,NER,0,26
DLSR,DALHOGI ROAD,Punjab,PB,SB-PB,SB-PB-DLSR,?,0,5
DLW,DILWA,Jharkhand,JH,SB-JH,SB-JH-DLW,IR,0,5
DLWS,DLWS,Uttar Pradesh,UP,SB-UP,SB-UP-DLWS,NR,0,0
DLX,Dalimgaon,West Bengal,WB,SB-WB,SB-WB-DLX,NFR,0,10
DLZ,DHOLBAJA,Bihar,BR,SB-BR,SB-BR-DLZ,IR,0,7
DMA,DAMODAR JUNCTION,West Bengal,WB,SB-WB,SB-WB-DMA,SER,0,26
DMBR,DUMRI BIHAR,Jharkhand,JH,SB-JH,SB-JH-DMBR,ECR,0,6
DMC,DHEMAJI,Assam,AS,SB-AS,SB-AS-DMC,IR,0,20
DMCA,DAMARACHERLA,Uttar Pradesh,UP,SB-UP,SB-UP-DMCA,NR,0,0
DMD,DHARMADAM,Kerala,KL,SB-KL,SB-KL-DMD,SR,0,4
DME,DAMNAGAR,Gujarat,GJ,SB-GJ,SB-GJ-DME,WR,0,6
DMF,Dumerta,Odisha,OD,SB-OD,SB-OD-DMF,SER,0,2
DMG,DOMINGARH,Uttar Pradesh,UP,SB-UP,SB-UP-DMG,IR,0,8
DMGN,DHAMALGAON,Assam,AS,SB-AS,SB-AS-DMGN,NFR,0,8
DMH,Dauram Madhepura,Bihar,BR,SB-BR,SB-BR-DMH,ECR,0,32
DMJ,Dharmaj,Gujarat,GJ,SB-GJ,SB-GJ-DMJ,WR,0,0
DMJR,DOMJUR ROAD,West Bengal,WB,SB-WB,SB-WB-DMJR,IR,0,22
DMK,Dilmili,Chhattisgarh,CG,SB-CG,SB-CG-DMK,ECOR,0,2
DMKA,Dumka,Jharkhand,JH,SB-JH,SB-JH-DMKA,IR,0,0
DML,Dharamtul,Assam,AS,SB-AS,SB-AS-DML,NFR,0,4
DMLE,DUMURDAHA,West Bengal,WB,SB-WB,SB-WB-DMLE,ER,0,43
DMM,Dharmavaram Junction,Andhra Pradesh,AP,SB-AP,SB-AP-DMM,IR,0,126
DMN,Dhamangaon,Maharashtra,MH,SB-MH,SB-MH-DMN,IR,1,45
DMNJ,Damanjodi,Odisha,OD,SB-OD,SB-OD-DMNJ,IR,0,12
DMO,Damoh,Madhya Pradesh,MP,SB-MP,SB-MP-DMO,IR,0,93
DMP,Dharampur Himachal,Himachal Pradesh,HP,SB-HP,SB-HP-DMP,NR,0,10
DMPR,DHARAMPUR,Uttar Pradesh,UP,SB-UP,SB-UP-DMPR,NR,0,6
DMR,Dharmanagar,Tripura,TR,SB-TR,SB-TR-DMR,NFR,0,32
DMRT,DUMURIPUT,Odisha,OD,SB-OD,SB-OD-DMRT,IR,0,2
DMRX,DUMRI HALT,Bihar,BR,SB-BR,SB-BR-DMRX,IR,0,28
DMSR,DHIMSIRI,Uttar Pradesh,UP,SB-UP,SB-UP-DMSR,IR,0,2
DMT,DIGUVAMETTA,Andhra Pradesh,AP,SB-AP,SB-AP-DMT,IR,0,16
DMU,Dhamua,West Bengal,WB,SB-WB,SB-WB-DMU,ER,0,64
DMV,DIMAPUR,Nagaland,NL,SB-NL,SB-NL-DMV,NFR,0,40
DMW,Dalmau Junction,Uttar Pradesh,UP,SB-UP,SB-UP-DMW,NR,0,12
DMWP,Dmw Patiala Halt,Uttar Pradesh,UP,SB-UP,SB-UP-DMWP,NR,0,0
DMYA,DAMOY,Madhya Pradesh,MP,SB-MP,SB-MP-DMYA,WCR,0,2
DMZ,DUMDANGI,West Bengal,WB,SB-WB,SB-WB-DMZ,IR,0,2
DN,DHANARI,Uttar Pradesh,UP,SB-UP,SB-UP-DN,NR,0,6
DNA,DEGANA JN,Rajasthan,RJ,SB-RJ,SB-RJ-DNA,IR,0,88
DNC,Dronachellam Junction,Andhra Pradesh,AP,SB-AP,SB-AP-DNC,IR,0,0
DND,DANDUPUR,Uttar Pradesh,UP,SB-UP,SB-UP-DND,NR,0,0
DNDI,DHONDI,Maharashtra,MH,SB-MH,SB-MH-DNDI,SCR,0,8
DNDL,DANDI MAL,Odisha,OD,SB-OD,SB-OD-DNDL,IR,0,6
DNE,DHAMNI,Maharashtra,MH,SB-MH,SB-MH-DNE,SCR,0,4
DNEA,DANEA,Jharkhand,JH,SB-JH,SB-JH-DNEA,ECR,0,6
DNG,Dhangadra,Gujarat,GJ,SB-GJ,SB-GJ-DNG,IR,0,0
DNGD,Dungarda,Gujarat,GJ,SB-GJ,SB-GJ-DNGD,WR,0,4
DNGI,DANGARI,Assam,AS,SB-AS,SB-AS-DNGI,IR,0,2
DNH,DEONAGAR,Jharkhand,JH,SB-JH,SB-JH-DNH,IR,0,4
DNHK,DHINDHORA HKMKD,Rajasthan,RJ,SB-RJ,SB-RJ-DNHK,WCR,0,6
DNHL,DHANIAKHALI,West Bengal,WB,SB-WB,SB-WB-DNHL,IR,0,47
DNI,DANSI,West Bengal,WB,SB-WB,SB-WB-DNI,IR,0,22
DNJ,DAUNDAJ,Maharashtra,MH,SB-MH,SB-MH-DNJ,CR,0,2
DNK,DHANAKYA,Rajasthan,RJ,SB-RJ,SB-RJ-DNK,IR,0,16
DNKL,DHENKANAL,Odisha,OD,SB-OD,SB-OD-DNKL,IR,0,60
DNL,DHANOLI,Maharashtra,MH,SB-MH,SB-MH-DNL,IR,0,10
DNM,DHANMANDAL,Odisha,OD,SB-OD,SB-OD-DNM,IR,0,20
DNN,Dina Nagar,Punjab,PB,SB-PB,SB-PB-DNN,NR,0,20
DNPR,Dhanpura,Gujarat,GJ,SB-GJ,SB-GJ-DNPR,WR,0,0
DNQ,DANDKHORA,Bihar,BR,SB-BR,SB-BR-DNQ,IR,0,8
DNR,Danapur,Bihar,BR,SB-BR,SB-BR-DNR,IR,1,195
DNRA,DHANDHERA,Uttarakhand,UK,SB-UK,SB-UK-DNRA,IR,0,6
DNRE,DHANAURI,Bihar,BR,SB-BR,SB-BR-DNRE,IR,0,19
DNRP,Dungarpur,Rajasthan,RJ,SB-RJ,SB-RJ-DNRP,NWR,0,18
DNT,DANTAN,Odisha,OD,SB-OD,SB-OD-DNT,IR,0,17
DNU,Dalsanur,Karnataka,KA,SB-KA,SB-KA-DNU,IR,0,4
DNUA,Dhansura,Gujarat,GJ,SB-GJ,SB-GJ-DNUA,WR,0,0
DNV,DONKINAVALASA,Andhra Pradesh,AP,SB-AP,SB-AP-DNV,IR,0,10
DNW,DANGARWA,Gujarat,GJ,SB-GJ,SB-GJ-DNW,WR,0,10
DNWF,Dangarwa,Uttar Pradesh,UP,SB-UP,SB-UP-DNWF,NR,0,0
DNWH,Daniyawan Bazar Halt,Bihar,BR,SB-BR,SB-BR-DNWH,?,0,16
DNWR,DHANWAR,Jharkhand,JH,SB-JH,SB-JH-DNWR,IR,0,8
DNX,Dhansu,Haryana,HR,SB-HR,SB-HR-DNX,NR,0,8
DNZ,Dhanori,Maharashtra,MH,SB-MH,SB-MH-DNZ,CR,0,0
DO,Dausa,Rajasthan,RJ,SB-RJ,SB-RJ-DO,IR,0,91
DOA,DORAHA,Punjab,PB,SB-PB,SB-PB-DOA,IR,0,6
DOB,Dundlodh Mukundgarh,Rajasthan,RJ,SB-RJ,SB-RJ-DOB,NWR,0,14
DOBH,DEOBAHAL,Odisha,OD,SB-OD,SB-OD-DOBH,IR,0,4
DOC,Daun Kalan,Punjab,PB,SB-PB,SB-PB-DOC,NR,0,7
DOD,DHODHAR,Madhya Pradesh,MP,SB-MP,SB-MP-DOD,WR,0,10
DODH,Dodh,Punjab,PB,SB-PB,SB-PB-DODH,NR,0,10
DOE,DEORI,Madhya Pradesh,MP,SB-MP,SB-MP-DOE,WCR,0,14
DOGL,Donigal,Karnataka,KA,SB-KA,SB-KA-DOGL,SWR,0,0
DOH,DHODRA MOHAR,Madhya Pradesh,MP,SB-MP,SB-MP-DOH,IR,0,2
DOHM,Devgarh Madriya,Rajasthan,RJ,SB-RJ,SB-RJ-DOHM,NWR,0,0
DOI,DOMOHANI,West Bengal,WB,SB-WB,SB-WB-DOI,IR,0,4
DOK,DHOLKA,Gujarat,GJ,SB-GJ,SB-GJ-DOK,WR,0,16
DOKM,DOKRA HALT,Jharkhand,JH,SB-JH,SB-JH-DOKM,IR,0,17
DOKY,DUKHERI,Haryana,HR,SB-HR,SB-HR-DOKY,IR,0,4
DOL,DHOLI,Bihar,BR,SB-BR,SB-BR-DOL,IR,0,37
DOLK,Dholikua,Gujarat,GJ,SB-GJ,SB-GJ-DOLK,WR,0,4
DON,DERAWAN HALT,Jharkhand,JH,SB-JH,SB-JH-DON,SER,0,0
DOR,Dundara,Rajasthan,RJ,SB-RJ,SB-RJ-DOR,NWR,0,20
DORD,DEO ROAD,Bihar,BR,SB-BR,SB-BR-DORD,IR,0,8
DOS,Dehri On Sone,Bihar,BR,SB-BR,SB-BR-DOS,IR,1,128
DOT,Dhakia Tiwari,Uttar Pradesh,UP,SB-UP,SB-UP-DOT,NER,0,8
DOTL,DEOTALA,West Bengal,WB,SB-WB,SB-WB-DOTL,IR,0,6
DOW,Davol,Uttar Pradesh,UP,SB-UP,SB-UP-DOW,NR,0,0
DOX,DOHNA,Uttar Pradesh,UP,SB-UP,SB-UP-DOX,NER,0,18
DOY,Dornahalli,Karnataka,KA,SB-KA,SB-KA-DOY,SWR,0,6
DOZ,DAURAI,Rajasthan,RJ,SB-RJ,SB-RJ-DOZ,NWR,0,12
DPA,Durgapura,Rajasthan,RJ,SB-RJ,SB-RJ-DPA,IR,0,69
DPC,Darliput,Odisha,OD,SB-OD,SB-OD-DPC,ECOR,0,2
DPD,DOSAPADU,Andhra Pradesh,AP,SB-AP,SB-AP-DPD,SCR,0,15
DPDH,DHANPATDIH,Jharkhand,JH,SB-JH,SB-JH-DPDH,IR,0,6
DPDP,Dhapdhapi,West Bengal,WB,SB-WB,SB-WB-DPDP,ER,0,62
DPE,DEVARAPALLE,Andhra Pradesh,AP,SB-AP,SB-AP-DPE,IR,0,4
DPH,DADHAPARA,Chhattisgarh,CG,SB-CG,SB-CG-DPH,IR,0,13
DPI,DODDAMPATTI,Tamil Nadu,TN,SB-TN,SB-TN-DPI,IR,0,8
DPJ,Dharmapuri,Tamil Nadu,TN,SB-TN,SB-TN-DPJ,SWR,0,28
DPK,Dholipal,Rajasthan,RJ,SB-RJ,SB-RJ-DPK,NWR,0,12
DPL,DANAULI PHLWRIA,Bihar,BR,SB-BR,SB-BR-DPL,ECR,0,14
DPLN,Diplana,Rajasthan,RJ,SB-RJ,SB-RJ-DPLN,NWR,0,8
DPNR,Deepnagar Halt,Bihar,BR,SB-BR,SB-BR-DPNR,IR,0,8
DPO,DAMANPUR,Uttar Pradesh,UP,SB-UP,SB-UP-DPO,NR,0,0
DPP,DHIRPUR,Haryana,HR,SB-HR,SB-HR-DPP,IR,0,9
DPR,DHAMPUR,Uttar Pradesh,UP,SB-UP,SB-UP-DPR,IR,0,24
DPRA,Dhup Dhara,Assam,AS,SB-AS,SB-AS-DPRA,NFR,0,10
DPS,Dangoaposi,Jharkhand,JH,SB-JH,SB-JH-DPS,SER,0,14
DPSR,Dapsaura,Uttar Pradesh,UP,SB-UP,SB-UP-DPSR,NCR,0,4
DPT,Dalpat Singhpur,Rajasthan,RJ,SB-RJ,SB-RJ-DPT,IR,0,6
DPU,Diphu,Assam,AS,SB-AS,SB-AS-DPU,NFR,0,44
DPUR,Dadpur,Odisha,OD,SB-OD,SB-OD-DPUR,IR,0,4
DPW,Dhapewara,Madhya Pradesh,MP,SB-MP,SB-MP-DPW,SECR,0,6
DPX,DADPUR,Bihar,BR,SB-BR,SB-BR-DPX,IR,0,14
DPZ,DEVPURA,Rajasthan,RJ,SB-RJ,SB-RJ-DPZ,IR,0,4
DQG,DHUPGURI,West Bengal,WB,SB-WB,SB-WB-DQG,NFR,1,42
DQL,DHALAIBIL,Assam,AS,SB-AS,SB-AS-DQL,IR,0,4
DQN,Dhanera,Gujarat,GJ,SB-GJ,SB-GJ-DQN,NWR,0,28
DQR,KACHEGUDA DBR,Telangana,TS,SB-TS,SB-TS-DQR,IR,0,55
DQV,DAULA KOT BHAI,Uttar Pradesh,UP,SB-UP,SB-UP-DQV,NR,0,0
DR,Dadar (Central Railway),Maharashtra,MH,SB-MH,SB-MH-DR,CR,1,135
DRA,DULARIA,Madhya Pradesh,MP,SB-MP,SB-MP-DRA,WCR,0,4
DRB,Debari,Rajasthan,RJ,SB-RJ,SB-RJ-DRB,NWR,0,12
DRBR,Deoraha Baba Road,Uttar Pradesh,UP,SB-UP,SB-UP-DRBR,NER,0,8
DRD,Dahanu Road,Maharashtra,MH,SB-MH,SB-MH-DRD,WR,0,115
DRE,DHOGRI,Punjab,PB,SB-PB,SB-PB-DRE,NR,0,0
DRG,DARSHANNAGAR,Uttar Pradesh,UP,SB-UP,SB-UP-DRG,NR,0,0
DRGJ,DARAGANJ,Uttar Pradesh,UP,SB-UP,SB-UP-DRGJ,NER,0,0
DRGM,DEORAGRAM,Madhya Pradesh,MP,SB-MP,SB-MP-DRGM,WCR,0,2
DRGU,DAMRU GHUTU,Jharkhand,JH,SB-JH,SB-JH-DRGU,IR,0,4
DRH,DHARHARA,Bihar,BR,SB-BR,SB-BR-DRH,IR,0,40
DRHI,DAGARHKERI,Madhya Pradesh,MP,SB-MP,SB-MP-DRHI,WCR,0,4
DRI,DUMRI JUARA,Bihar,BR,SB-BR,SB-BR-DRI,IR,0,12
DRL,DEROL,Gujarat,GJ,SB-GJ,SB-GJ-DRL,IR,0,24
DRLA,DAURALA,Uttar Pradesh,UP,SB-UP,SB-UP-DRLA,NR,0,10
DRN,DEORANIAN,Uttar Pradesh,UP,SB-UP,SB-UP-DRN,NER,0,12
DRO,DARYAOGONJ,Uttar Pradesh,UP,SB-UP,SB-UP-DRO,IR,0,12
DRPH,Devri P.H.,Madhya Pradesh,MP,SB-MP,SB-MP-DRPH,SECR,0,10
DRQ,DHARMINIYA,Bihar,BR,SB-BR,SB-BR-DRQ,IR,0,10
DRR,DHARUR,Telangana,TS,SB-TS,SB-TS-DRR,IR,0,4
DRRN,DR. R K NAGAR,Uttar Pradesh,UP,SB-UP,SB-UP-DRRN,NR,0,0
DRS,DHARESHWAR,Rajasthan,RJ,SB-RJ,SB-RJ-DRS,NWR,0,4
DRSN,DHURWASIN,Madhya Pradesh,MP,SB-MP,SB-MP-DRSN,SECR,0,12
DRSV,DHARASHIV,Maharashtra,MH,SB-MH,SB-MH-DRSV,IR,0,26
DRTP,DASHARATHPUR,Bihar,BR,SB-BR,SB-BR-DRTP,IR,0,18
DRU,KADUR,Karnataka,KA,SB-KA,SB-KA-DRU,SWR,0,64
DRV,DARAULI,Uttar Pradesh,UP,SB-UP,SB-UP-DRV,IR,0,14
DRW,DHAREWADA,Gujarat,GJ,SB-GJ,SB-GJ-DRW,WR,0,0
DRWN,DEROWAN P. HALT,Jharkhand,JH,SB-JH,SB-JH-DRWN,IR,0,8
DRZ,Dalli Rajhara,Chhattisgarh,CG,SB-CG,SB-CG-DRZ,SECR,0,11
DS,DASNA,Uttar Pradesh,UP,SB-UP,SB-UP-DS,IR,0,7
DSA,Delhi Shahdara,Delhi,DL,SB-DL,SB-DL-DSA,NR,0,92
DSAP,DELHI SHAHDARA A PANEL,Uttar Pradesh,UP,SB-UP,SB-UP-DSAP,NR,0,0
DSB,Sadar Bazar,Delhi,DL,SB-DL,SB-DL-DSB,IR,0,45
DSBC,DELHI SHAHDARA BLOCK CABIN,Uttar Pradesh,UP,SB-UP,SB-UP-DSBC,NR,0,0
DSBP,DELHI SHAHDARA B PANEL,Uttar Pradesh,UP,SB-UP,SB-UP-DSBP,NR,0,0
DSD,DOSVADA,Uttar Pradesh,UP,SB-UP,SB-UP-DSD,NR,0,0
DSHI,Doddasiddavanha,Uttar Pradesh,UP,SB-UP,SB-UP-DSHI,NR,0,0
DSJ,Delhi Safdarjung,Delhi,DL,SB-DL,SB-DL-DSJ,NR,0,16
DSK,DUSKHEDA,Maharashtra,MH,SB-MH,SB-MH-DSK,CR,0,0
DSKG,DR SRIKRISHNA SINGH NAGAR GARHPURA,Bihar,BR,SB-BR,SB-BR-DSKG,IR,0,14
DSL,DESWAL,Rajasthan,RJ,SB-RJ,SB-RJ-DSL,IR,0,2
DSM,DARASURAM,Tamil Nadu,TN,SB-TN,SB-TN-DSM,SR,0,8
DSME,DASARA,Jharkhand,JH,SB-JH,SB-JH-DSME,IR,0,4
DSN,Darsana,Uttar Pradesh,UP,SB-UP,SB-UP-DSN,NR,0,0
DSNB,Darsana Border,Uttar Pradesh,UP,SB-UP,SB-UP-DSNB,NR,0,0
DSNI,DAUSNI,Uttarakhand,UK,SB-UK,SB-UK-DSNI,IR,0,4
DSNR,DASHNAGAR,West Bengal,WB,SB-WB,SB-WB-DSNR,IR,0,137
DSO,Deshnok,Rajasthan,RJ,SB-RJ,SB-RJ-DSO,IR,0,28
DSPL,DASPALLA,Odisha,OD,SB-OD,SB-OD-DSPL,IR,0,8
DSPN,Deshpran Ph,West Bengal,WB,SB-WB,SB-WB-DSPN,?,0,10
DSPT,DANISHPET,Tamil Nadu,TN,SB-TN,SB-TN-DSPT,IR,0,6
DSR,DHANSIRI,Nagaland,NL,SB-NL,SB-NL-DSR,NFR,0,10
DSS,DALSINGH SARAI,Bihar,BR,SB-BR,SB-BR-DSS,IR,0,48
DST,DASAMPATTI,Tamil Nadu,TN,SB-TN,SB-TN-DST,IR,0,8
DSVS,D.SAMUDRAVALLI,Karnataka,KA,SB-KA,SB-KA-DSVS,IR,0,4
DSX,DESANG,Assam,AS,SB-AS,SB-AS-DSX,IR,0,2
DTAE,DHATRIGRAM,West Bengal,WB,SB-WB,SB-WB-DTAE,ER,0,43
DTAP,DHATURA ALIPUR P.H.,Madhya Pradesh,MP,SB-MP,SB-MP-DTAP,IR,0,6
DTC,Ditokcherra,Assam,AS,SB-AS,SB-AS-DTC,NFR,0,2
DTE,DEULTI,West Bengal,WB,SB-WB,SB-WB-DTE,IR,0,127
DTF,DANTLA,Rajasthan,RJ,SB-RJ,SB-RJ-DTF,IR,0,4
DTG,DIGNAGAR,West Bengal,WB,SB-WB,SB-WB-DTG,IR,0,2
DTJ,Detroj,Gujarat,GJ,SB-GJ,SB-GJ-DTJ,WR,0,4
DTK,Duttapukur,West Bengal,WB,SB-WB,SB-WB-DTK,IR,0,116
DTL,DARRITOLA,Chhattisgarh,CG,SB-CG,SB-CG-DTL,SECR,0,4
DTN,DHAMTAN SAHIB,Haryana,HR,SB-HR,SB-HR-DTN,NR,0,6
DTO,DALTONGANJ,Jharkhand,JH,SB-JH,SB-JH-DTO,IR,0,58
DTP,DIVITI PALLI,Telangana,TS,SB-TS,SB-TS-DTP,IR,0,13
DTQ,Dantarda Kalan,Madhya Pradesh,MP,SB-MP,SB-MP-DTQ,NCR,0,0
DTR,Dhamtari,Chhattisgarh,CG,SB-CG,SB-CG-DTR,SECR,0,0
DTRA,DANTRA,Delhi,DL,SB-DL,SB-DL-DTRA,IR,0,2
DTRD,Diyatara Road,Rajasthan,RJ,SB-RJ,SB-RJ-DTRD,?,0,2
DTT,Doddanatta Halt,Karnataka,KA,SB-KA,SB-KA-DTT,IR,0,4
DTV,DHUTRA,Madhya Pradesh,MP,SB-MP,SB-MP-DTV,IR,0,8
DTVL,DATIVLI,Maharashtra,MH,SB-MH,SB-MH-DTVL,CR,0,20
DTW,DATEWAS,Punjab,PB,SB-PB,SB-PB-DTW,NR,0,2
DTX,Dangtal,Assam,AS,SB-AS,SB-AS-DTX,NFR,0,6
DUA,DHAURA,Madhya Pradesh,MP,SB-MP,SB-MP-DUA,IR,0,8
DUAN,DUAN,West Bengal,WB,SB-WB,SB-WB-DUAN,IR,0,45
DUB,DABTARA,Uttar Pradesh,UP,SB-UP,SB-UP-DUB,NR,0,14
DUBH,DUBAHA,Bihar,BR,SB-BR,SB-BR-DUBH,IR,0,10
DUD,DUDHANI,Maharashtra,MH,SB-MH,SB-MH-DUD,CR,1,24
DUE,Dhuri Jn,Maharashtra,MH,SB-MH,SB-MH-DUE,IR,0,12
DUGA,DUGGA,Jammu and Kashmir,JK,SB-JK,SB-JK-DUGA,IR,0,4
DUH,Dudda,Karnataka,KA,SB-KA,SB-KA-DUH,SWR,0,0
DUI,Dhuri Junction,Punjab,PB,SB-PB,SB-PB-DUI,NR,0,75
DUJ,DUBRAJPUR,West Bengal,WB,SB-WB,SB-WB-DUJ,ER,0,18
DUK,Dudia,Rajasthan,RJ,SB-RJ,SB-RJ-DUK,NWR,0,10
DULP,Daulatpur Haryana,Haryana,HR,SB-HR,SB-HR-DULP,NR,0,5
DUM,DHAURMUI JAGHNA,Rajasthan,RJ,SB-RJ,SB-RJ-DUM,WCR,0,6
DUMK,Dumka,Jharkhand,JH,SB-JH,SB-JH-DUMK,ER,0,26
DUMR,Dumra,Bihar,BR,SB-BR,SB-BR-DUMR,ECR,0,8
DUN,DUGANPUR,Uttar Pradesh,UP,SB-UP,SB-UP-DUN,NR,0,0
DUO,DHAURSALAR,Uttar Pradesh,UP,SB-UP,SB-UP-DUO,IR,0,8
DUP,DHULIPALLA HALT,Uttar Pradesh,UP,SB-UP,SB-UP-DUP,NR,0,0
DUR,DESUR,Karnataka,KA,SB-KA,SB-KA-DUR,SWR,0,6
DURE,DUMRAON,Bihar,BR,SB-BR,SB-BR-DURE,IR,0,50
DURG,Durg,Chhattisgarh,CG,SB-CG,SB-CG-DURG,IR,1,186
DURP,Durgapuri,Madhya Pradesh,MP,SB-MP,SB-MP-DURP,NCR,0,0
DUS,DULRASAR,Rajasthan,RJ,SB-RJ,SB-RJ-DUS,IR,0,6
DUSI,DUSI,Andhra Pradesh,AP,SB-AP,SB-AP-DUSI,IR,0,6
DUT,DUM DUMA TOWN,Assam,AS,SB-AS,SB-AS-DUT,IR,0,2
DUTR,DURIATANR HALY,Jharkhand,JH,SB-JH,SB-JH-DUTR,IR,0,4
DUU,DUPADU,Andhra Pradesh,AP,SB-AP,SB-AP-DUU,IR,0,8
DV,DHUVA,Uttar Pradesh,UP,SB-UP,SB-UP-DV,NR,0,0
DVA,Delvada,Gujarat,GJ,SB-GJ,SB-GJ-DVA,WR,0,4
DVBH,MAKUDAN VIRAPANDI BLOCK HUT,Uttar Pradesh,UP,SB-UP,SB-UP-DVBH,NR,0,0
DVD,Duvvada,Andhra Pradesh,AP,SB-AP,SB-AP-DVD,IR,1,154
DVG,Davangere,Karnataka,KA,SB-KA,SB-KA-DVG,SWR,0,96
DVGM,DEVGAM,Gujarat,GJ,SB-GJ,SB-GJ-DVGM,IR,0,2
DVH,Devi Halt,Madhya Pradesh,MP,SB-MP,SB-MP-DVH,SECR,0,4
DVJ,DILLI DEWAN GANJ,Uttar Pradesh,UP,SB-UP,SB-UP-DVJ,IR,0,8
DVL,Devlali,Maharashtra,MH,SB-MH,SB-MH-DVL,IR,1,19
DVM,DALBHUMGARH,Jharkhand,JH,SB-JH,SB-JH-DVM,IR,0,18
DVN,DEVTHANA,Maharashtra,MH,SB-MH,SB-MH-DVN,SCR,0,4
DVR,DORAVARI CHATRAM,Andhra Pradesh,AP,SB-AP,SB-AP-DVR,IR,0,6
DVY,DEVALIYA,Uttar Pradesh,UP,SB-UP,SB-UP-DVY,NR,0,0
DWA,DAILWARA,Madhya Pradesh,MP,SB-MP,SB-MP-DWA,IR,0,4
DWD,DHEKVAD,Maharashtra,MH,SB-MH,SB-MH-DWD,IR,0,10
DWDI,Dighwa Dubauli,Bihar,BR,SB-BR,SB-BR-DWDI,NER,0,14
DWF,DUDH SAGAR WATER FALLS,Karnataka,KA,SB-KA,SB-KA-DWF,SWR,0,0
DWG,DEWANGANJ,Madhya Pradesh,MP,SB-MP,SB-MP-DWG,IR,0,4
DWI,DINGWAHI,Uttar Pradesh,UP,SB-UP,SB-UP-DWI,NCR,0,6
DWJ,DWARKAGANJ,Uttar Pradesh,UP,SB-UP,SB-UP-DWJ,NR,0,2
DWJN,DIVA JN. CABIN,Uttar Pradesh,UP,SB-UP,SB-UP-DWJN,NR,0,0
DWK,Dwarka,Gujarat,GJ,SB-GJ,SB-GJ-DWK,WR,0,46
DWL,DHUWALA,Rajasthan,RJ,SB-RJ,SB-RJ-DWL,IR,0,2
DWLE,Dhauni,Bihar,BR,SB-BR,SB-BR-DWLE,ER,0,28
DWM,Darwha Moti Bagh Junction,Maharashtra,MH,SB-MH,SB-MH-DWM,CR,0,0
DWN,Bhopal Dewanganj,Madhya Pradesh,MP,SB-MP,SB-MP-DWN,IR,0,0
DWNA,DIWANA,Haryana,HR,SB-HR,SB-HR-DWNA,IR,0,18
DWO,DOIWALA,Uttarakhand,UK,SB-UK,SB-UK-DWO,NR,0,8
DWP,DWARAPUDI,Andhra Pradesh,AP,SB-AP,SB-AP-DWP,IR,0,32
DWR,Dharwad,Karnataka,KA,SB-KA,SB-KA-DWR,SWR,0,80
DWT,Dewan Hat,West Bengal,WB,SB-WB,SB-WB-DWT,NFR,0,8
DWV,DIWANKHAVATI,Maharashtra,MH,SB-MH,SB-MH-DWV,KR,0,8
DWX,DEWAS,Madhya Pradesh,MP,SB-MP,SB-MP-DWX,WR,0,83
DWZ,Dantewara,Chhattisgarh,CG,SB-CG,SB-CG-DWZ,ECOR,0,4
DXD,DIGOD,Rajasthan,RJ,SB-RJ,SB-RJ-DXD,WCR,0,6
DXG,Dharangaon,Maharashtra,MH,SB-MH,SB-MH-DXG,IR,0,34
DXH,DUHAI,Uttar Pradesh,UP,SB-UP,SB-UP-DXH,NR,0,10
DXK,DHANA KHERLI,Uttar Pradesh,UP,SB-UP,SB-UP-DXK,NCR,0,6
DXN,DUDDHINAGAR,Uttar Pradesh,UP,SB-UP,SB-UP-DXN,ECR,0,16
DXR,DIGSAR,Gujarat,GJ,SB-GJ,SB-GJ-DXR,WR,0,2
DXU,Duhru,Uttar Pradesh,UP,SB-UP,SB-UP-DXU,IR,0,4
DY,DUMARIYA,Rajasthan,RJ,SB-RJ,SB-RJ-DY,WCR,0,6
DYD,Daryabad,Uttar Pradesh,UP,SB-UP,SB-UP-DYD,IR,0,22
DYE,DAYANAND NAGAR,Andhra Pradesh,AP,SB-AP,SB-AP-DYE,SCR,0,28
DYK,DUDHIA KHURD,Uttar Pradesh,UP,SB-UP,SB-UP-DYK,NER,0,8
DYP,Daryapur,Uttar Pradesh,UP,SB-UP,SB-UP-DYP,NR,0,8
DYS,DALAPATHY SAMUDRAM,Tamil Nadu,TN,SB-TN,SB-TN-DYS,SR,0,0
DYU,DIYURI,Uttar Pradesh,UP,SB-UP,SB-UP-DYU,NER,0,8
DYW,Diyawan Halt,Bihar,BR,SB-BR,SB-BR-DYW,IR,0,10
DZA,Dasuya,Punjab,PB,SB-PB,SB-PB-DZA,NR,0,22
DZB,Dahina Zainabad,Haryana,HR,SB-HR,SB-HR-DZB,NWR,0,16
DZK,Durgachak,West Bengal,WB,SB-WB,SB-WB-DZK,SER,0,8
DZKT,Durga Chak Town,West Bengal,WB,SB-WB,SB-WB-DZKT,SER,0,10
DZL,Dhana Ladanpur,Haryana,HR,SB-HR,SB-HR-DZL,IR,0,7
DZP,DARAZPUR,Haryana,HR,SB-HR,SB-HR-DZP,IR,0,6
EC28,PURA HALT,Uttar Pradesh,UP,SB-UP,SB-UP-EC28,NR,0,0
EC31,Kharuara Halt,Uttar Pradesh,UP,SB-UP,SB-UP-EC31,NR,0,0
ED,Erode Junction,Tamil Nadu,TN,SB-TN,SB-TN-ED,IR,0,224
EDA,ITWAN DUNDAILA,Uttar Pradesh,UP,SB-UP,SB-UP-EDA,NR,0,0
EDD,EDDULADODDI,Andhra Pradesh,AP,SB-AP,SB-AP-EDD,SCR,0,4
EDG,EDEN GARDENS,West Bengal,WB,SB-WB,SB-WB-EDG,IR,0,26
EDN,EDAMANN,Kerala,KL,SB-KL,SB-KL-EDN,IR,0,2
EDP,EDAPALAYAM,Kerala,KL,SB-KL,SB-KL-EDP,IR,0,2
EDU,ERIODU,Tamil Nadu,TN,SB-TN,SB-TN-EDU,SR,0,3
EE,Eluru,Andhra Pradesh,AP,SB-AP,SB-AP-EE,IR,1,167
EGT,EGATTUR HALT,Tamil Nadu,TN,SB-TN,SB-TN-EGT,IR,0,77
EGU,IRANAGALLU,Uttar Pradesh,UP,SB-UP,SB-UP-EGU,NR,0,0
EKC,EKCHARI,Bihar,BR,SB-BR,SB-BR-EKC,IR,0,20
EKH,EKSARI HALT,Bihar,BR,SB-BR,SB-BR-EKH,ECR,0,12
EKI,EKLAKHI,West Bengal,WB,SB-WB,SB-WB-EKI,IR,0,33
EKL,EKDIL,Uttar Pradesh,UP,SB-UP,SB-UP-EKL,IR,0,10
EKM,EKAMBARAKUPPAM,Andhra Pradesh,AP,SB-AP,SB-AP-EKM,IR,0,18
EKMA,Ekma,Bihar,BR,SB-BR,SB-BR-EKMA,IR,0,32
EKN,Ezhukone,Kerala,KL,SB-KL,SB-KL-EKN,SR,0,13
EKNR,EKTA NAGAR,Gujarat,GJ,SB-GJ,SB-GJ-EKNR,IR,0,23
EKR,Ekangarsarai,Bihar,BR,SB-BR,SB-BR-EKR,ECR,0,14
EL,ELAMANUR,Tamil Nadu,TN,SB-TN,SB-TN-EL,SR,0,9
ELL,Eraligu,Assam,AS,SB-AS,SB-AS-ELL,NFR,0,4
ELM,ELIMALA,Kerala,KL,SB-KL,SB-KL-ELM,SR,0,10
ELP,Achalpur,Maharashtra,MH,SB-MH,SB-MH-ELP,CR,0,0
ELR,ELAVUR,Andhra Pradesh,AP,SB-AP,SB-AP-ELR,IR,0,28
EM,Ekma,Kerala,KL,SB-KL,SB-KL-EM,IR,0,0
EN,ISAND,Gujarat,GJ,SB-GJ,SB-GJ-EN,WR,0,0
ENB,Ellenabad,Rajasthan,RJ,SB-RJ,SB-RJ-ENB,NWR,0,21
ENBG,ENBG,Uttar Pradesh,UP,SB-UP,SB-UP-ENBG,NR,0,0
ENR,Ennore,Tamil Nadu,TN,SB-TN,SB-TN-ENR,SR,0,92
EOC,UDL EAST OUTER CABIN,Uttar Pradesh,UP,SB-UP,SB-UP-EOC,NR,0,0
EOCM,EOCM,Uttar Pradesh,UP,SB-UP,SB-UP-EOCM,NR,0,0
EPR,Elphinstone Road,Maharashtra,MH,SB-MH,SB-MH-EPR,WR,0,0
ER08,Kalinagar,West Bengal,WB,SB-WB,SB-WB-ER08,ER,0,0
ERC,ERICH ROAD,Uttar Pradesh,UP,SB-UP,SB-UP-ERC,IR,0,4
ERG,Ernakulam Terminus,Kerala,KL,SB-KL,SB-KL-ERG,IR,0,0
ERL,Eraniel,Tamil Nadu,TN,SB-TN,SB-TN-ERL,SR,0,26
ERN,Ernakulam Town,Kerala,KL,SB-KL,SB-KL-ERN,IR,0,120
ERS,Ernakulam Junction,Kerala,KL,SB-KL,SB-KL-ERS,IR,0,142
ERSC,ERNAKULAM JN. C,Uttar Pradesh,UP,SB-UP,SB-UP-ERSC,NR,0,0
ERSD,ERNAKULAM D CABIN,Uttar Pradesh,UP,SB-UP,SB-UP-ERSD,NR,0,0
ESV,ISIVI,Uttar Pradesh,UP,SB-UP,SB-UP-ESV,NR,0,0
ET,Itarsi Junction,Madhya Pradesh,MP,SB-MP,SB-MP-ET,IR,1,425
ETAH,Etah,Uttar Pradesh,UP,SB-UP,SB-UP-ETAH,NCR,0,4
ETB,ITARSI B CABIN,Uttar Pradesh,UP,SB-UP,SB-UP-ETB,NR,0,0
ETF,ITARSI F CABIN,Uttar Pradesh,UP,SB-UP,SB-UP-ETF,NR,0,0
ETK,Etakkot,Kerala,KL,SB-KL,SB-KL-ETK,SR,0,7
ETM,ETTUMANUR,Kerala,KL,SB-KL,SB-KL-ETM,IR,0,24
ETMD,Ettimadai(Coimbatore),Tamil Nadu,TN,SB-TN,SB-TN-ETMD,IR,0,14
ETP,ETTAPUR ROAD,Tamil Nadu,TN,SB-TN,SB-TN-ETP,IR,0,8
ETR,ELATTUR,Kerala,KL,SB-KL,SB-KL-ETR,SR,0,8
ETUE,Etmadpur,Uttar Pradesh,UP,SB-UP,SB-UP-ETUE,IR,0,12
ETW,Etawah,Uttar Pradesh,UP,SB-UP,SB-UP-ETW,IR,1,161
ETYD,ETYD,Uttar Pradesh,UP,SB-UP,SB-UP-ETYD,NR,0,0
EVA,EDAVAI,Kerala,KL,SB-KL,SB-KL-EVA,IR,0,8
EZP,EZHUPPUNNA,Kerala,KL,SB-KL,SB-KL-EZP,IR,0,6
FA,FALNA,Rajasthan,RJ,SB-RJ,SB-RJ-FA,NWR,1,107
FAB,FATEHABAD,Uttar Pradesh,UP,SB-UP,SB-UP-FAB,IR,0,10
FAH,FATEHA HALT,Bihar,BR,SB-BR,SB-BR-FAH,IR,0,7
FAN,Fatehnagar,Rajasthan,RJ,SB-RJ,SB-RJ-FAN,NWR,0,24
FAP,FAKHARPUR HALT,Uttar Pradesh,UP,SB-UP,SB-UP-FAP,NR,0,22
FAR,FARAH,Uttar Pradesh,UP,SB-UP,SB-UP-FAR,IR,0,2
FBD,FARRUKHABAD,Uttar Pradesh,UP,SB-UP,SB-UP-FBD,IR,0,56
FBG,FORBESGANJ,Bihar,BR,SB-BR,SB-BR-FBG,IR,0,38
FD,Faizabad Junction,Uttar Pradesh,UP,SB-UP,SB-UP-FD,IR,0,0
FDB,Faridabad,Haryana,HR,SB-HR,SB-HR-FDB,IR,0,74
FDK,Faridkot,Punjab,PB,SB-PB,SB-PB-FDK,NR,0,28
FDN,Faridabad New Town,Haryana,HR,SB-HR,SB-HR-FDN,IR,0,32
FGCN,FETEHGARH CHURN,Punjab,PB,SB-PB,SB-PB-FGCN,IR,0,8
FGH,Fatehgarh Haryana,Haryana,HR,SB-HR,SB-HR-FGH,IR,0,7
FGR,FATEHGARH,Uttar Pradesh,UP,SB-UP,SB-UP-FGR,IR,0,22
FGSB,FATEHGARH SAHIB,Punjab,PB,SB-PB,SB-PB-FGSB,IR,0,9
FHT,FARAH TOWN,Uttar Pradesh,UP,SB-UP,SB-UP-FHT,NR,0,0
FK,Ferok,Kerala,KL,SB-KL,SB-KL-FK,SR,0,32
FKA,Fazilka,Punjab,PB,SB-PB,SB-PB-FKA,NR,0,28
FKB,FAKHRABAD,Andhra Pradesh,AP,SB-AP,SB-AP-FKB,SCR,0,6
FKG,FURKATING JN,Assam,AS,SB-AS,SB-AS-FKG,NFR,0,36
FKM,Fakiragram Junction,Assam,AS,SB-AS,SB-AS-FKM,NFR,0,30
FL,Phulera Junction,Rajasthan,RJ,SB-RJ,SB-RJ-FL,IR,1,144
FLCK,FAZALCHAK,Bihar,BR,SB-BR,SB-BR-FLCK,IR,0,4
FLD,Phulad,Rajasthan,RJ,SB-RJ,SB-RJ-FLD,NWR,0,4
FLK,FALAKATA,West Bengal,WB,SB-WB,SB-WB-FLK,NFR,1,22
FLM,Falimari,West Bengal,WB,SB-WB,SB-WB-FLM,NFR,0,4
FLR,PHULESWAR,West Bengal,WB,SB-WB,SB-WB-FLR,IR,0,126
FLU,Phulia,West Bengal,WB,SB-WB,SB-WB-FLU,ER,0,46
FM,KACHEGUDA FALAKNUMA,Telangana,TS,SB-TS,SB-TS-FM,IR,0,68
FN,Farukhnagar,Haryana,HR,SB-HR,SB-HR-FN,NR,0,6
FNB,FATEHNAGAR,Telangana,TS,SB-TS,SB-TS-FNB,IR,0,59
FNO,FUNGO HALT,Bihar,BR,SB-BR,SB-BR-FNO,ECR,0,16
FOCM,FLYOVER CABIN MUGHALSARAI,Uttar Pradesh,UP,SB-UP,SB-UP-FOCM,NR,0,0
FPAW,FATEHPUR ATWA HALT,Uttar Pradesh,UP,SB-UP,SB-UP-FPAW,IR,0,6
FPMP,FATEHPUR MAKRANDPUR,Rajasthan,RJ,SB-RJ,SB-RJ-FPMP,IR,0,2
FPS,Fatehpur Shekhawati,Rajasthan,RJ,SB-RJ,SB-RJ-FPS,NWR,0,16
FRD,FARHEDI,Uttar Pradesh,UP,SB-UP,SB-UP-FRD,NR,0,9
FRDH,Faridaha Halt,Uttar Pradesh,UP,SB-UP,SB-UP-FRDH,NER,0,4
FRG,Faringapete Halt,Uttar Pradesh,UP,SB-UP,SB-UP-FRG,NR,0,0
FRH,Farhatnagar,Uttar Pradesh,UP,SB-UP,SB-UP-FRH,NR,0,4
FSG,PHURSUNGI,Maharashtra,MH,SB-MH,SB-MH-FSG,CR,0,2
FSP,FATEH SINGHPURA,Rajasthan,RJ,SB-RJ,SB-RJ-FSP,WCR,0,13
FSR,FAQARSAR,Punjab,PB,SB-PB,SB-PB-FSR,NR,0,8
FSW,Fateh Singhwala,Rajasthan,RJ,SB-RJ,SB-RJ-FSW,NWR,0,6
FTC,Fatehpur Chursi,Uttar Pradesh,UP,SB-UP,SB-UP-FTC,NR,0,4
FTD,Fatehabad Chowk Junction,Madhya Pradesh,MP,SB-MP,SB-MP-FTD,WR,0,31
FTG,FURSATGANJ,Uttar Pradesh,UP,SB-UP,SB-UP-FTG,IR,0,6
FTH,FATUHI,Rajasthan,RJ,SB-RJ,SB-RJ-FTH,NR,0,10
FTP,FATEHPUR,Uttar Pradesh,UP,SB-UP,SB-UP-FTP,IR,0,106
FTS,Fatehpur Sikri,Uttar Pradesh,UP,SB-UP,SB-UP-FTS,NCR,0,18
FUT,Fatwa,Bihar,BR,SB-BR,SB-BR-FUT,ECR,0,94
FYZ,FAIZULLAPUR,Uttar Pradesh,UP,SB-UP,SB-UP-FYZ,IR,0,2
FZD,Firozabad,Uttar Pradesh,UP,SB-UP,SB-UP-FZD,IR,0,42
FZGH,FEROZGUDA HALT,Telangana,TS,SB-TS,SB-TS-FZGH,SCR,0,4
FZL,FAZALPUR,Uttar Pradesh,UP,SB-UP,SB-UP-FZL,IR,0,10
FZP,Firozpur City,Punjab,PB,SB-PB,SB-PB-FZP,NR,0,12
FZR,Firozpur Cant.,Punjab,PB,SB-PB,SB-PB-FZR,NR,0,89
G,GONDIA JN,Maharashtra,MH,SB-MH,SB-MH-G,SECR,1,184
GA,GUDHA,Rajasthan,RJ,SB-RJ,SB-RJ-GA,IR,0,4
GAA,GALAN,Maharashtra,MH,SB-MH,SB-MH-GAA,IR,0,4
GAD,Gevra Road,Chhattisgarh,CG,SB-CG,SB-CG-GAD,SECR,0,7
GADH,Goaldih,Odisha,OD,SB-OD,SB-OD-GADH,?,0,2
GADJ,Gandhinagar JPR,Rajasthan,RJ,SB-RJ,SB-RJ-GADJ,IR,0,103
GADM,Ganga Dham,Uttar Pradesh,UP,SB-UP,SB-UP-GADM,NER,0,6
GAE,GAIPURA,Uttar Pradesh,UP,SB-UP,SB-UP-GAE,IR,0,6
GAG,GANGAGHAT,Jharkhand,JH,SB-JH,SB-JH-GAG,IR,0,12
GAGA,Galgalia,West Bengal,WB,SB-WB,SB-WB-GAGA,IR,0,20
GAH,Gawnaha,Bihar,BR,SB-BR,SB-BR-GAH,ECR,0,4
GAHT,Ghusia Halt,Uttar Pradesh,UP,SB-UP,SB-UP-GAHT,NR,0,0
GAI,GOUCHHARI,Bihar,BR,SB-BR,SB-BR-GAI,IR,0,10
GAJ,GANESHGANJ,Madhya Pradesh,MP,SB-MP,SB-MP-GAJ,IR,0,14
GAJB,GAJARA BAHARA,Madhya Pradesh,MP,SB-MP,SB-MP-GAJB,WCR,0,4
GAJU,Gaju Halt,Uttar Pradesh,UP,SB-UP,SB-UP-GAJU,NR,0,4
GAL,GHATLA,Rajasthan,RJ,SB-RJ,SB-RJ-GAL,NWR,0,4
GALA,GUNADALA,Uttar Pradesh,UP,SB-UP,SB-UP-GALA,NR,0,0
GALE,GANKAR,West Bengal,WB,SB-WB,SB-WB-GALE,ER,0,16
GALG,GoldingGanj,Bihar,BR,SB-BR,SB-BR-GALG,?,0,0
GAM,GANJAM,Odisha,OD,SB-OD,SB-OD-GAM,IR,0,14
GAMI,Gogameri,Rajasthan,RJ,SB-RJ,SB-RJ-GAMI,NWR,0,28
GANG,GANGAGANJ,Uttar Pradesh,UP,SB-UP,SB-UP-GANG,IR,0,2
GANI,GHARNI,Maharashtra,MH,SB-MH,SB-MH-GANI,?,0,0
GANL,GHANAULI,Punjab,PB,SB-PB,SB-PB-GANL,IR,0,11
GAO,GAIGAON,Maharashtra,MH,SB-MH,SB-MH-GAO,IR,0,4
GAP,GURPA,Bihar,BR,SB-BR,SB-BR-GAP,IR,0,12
GAQ,GANJ KHAWAJA,Bihar,BR,SB-BR,SB-BR-GAQ,IR,0,6
GAR,Gadarwara,Madhya Pradesh,MP,SB-MP,SB-MP-GAR,WCR,1,49
GARA,Garha,Bihar,BR,SB-BR,SB-BR-GARA,ECR,0,6
GATD,Gautamdhara,Jharkhand,JH,SB-JH,SB-JH-GATD,SER,0,6
GATL,GATL,Rajasthan,RJ,SB-RJ,SB-RJ-GATL,IR,0,4
GAUR,GAUR,Uttar Pradesh,UP,SB-UP,SB-UP-GAUR,IR,0,12
GAW,Gainjahwa,Uttar Pradesh,UP,SB-UP,SB-UP-GAW,NER,0,4
GAYA,Gaya Junction,Bihar,BR,SB-BR,SB-BR-GAYA,IR,1,229
GB,GAURI BAZAR,Uttar Pradesh,UP,SB-UP,SB-UP-GB,IR,0,19
GBA,GARHBETA,West Bengal,WB,SB-WB,SB-WB-GBA,SER,0,28
GBB,GUBBI,Karnataka,KA,SB-KA,SB-KA-GBB,SWR,0,16
GBD,Gauribidanur,Karnataka,KA,SB-KA,SB-KA-GBD,IR,0,29
GBE,Gayabari,West Bengal,WB,SB-WB,SB-WB-GBE,IR,0,4
GBG,GOBARDANGA,West Bengal,WB,SB-WB,SB-WB-GBG,IR,0,83
GBHA,GAROBIGHA HALT,Bihar,BR,SB-BR,SB-BR-GBHA,?,0,4
GBK,GOPALPUR BALKDA,Odisha,OD,SB-OD,SB-OD-GBK,IR,0,18
GBN,GARH BANAILI,Bihar,BR,SB-BR,SB-BR-GBN,IR,0,12
GBP,GULABPURA,Rajasthan,RJ,SB-RJ,SB-RJ-GBP,NWR,0,4
GBPM,GADHI BERI,Uttar Pradesh,UP,SB-UP,SB-UP-GBPM,IR,0,6
GBQ,GODBHAGA,Odisha,OD,SB-OD,SB-OD-GBQ,IR,0,4
GBRA,GOBRA,West Bengal,WB,SB-WB,SB-WB-GBRA,IR,0,70
GBRI,Gobarwahi,Maharashtra,MH,SB-MH,SB-MH-GBRI,SECR,0,10
GBX,GOVINDPUR ROAD,Odisha,OD,SB-OD,SB-OD-GBX,IR,0,12
GBY,GUABARI,Uttar Pradesh,UP,SB-UP,SB-UP-GBY,NR,0,0
GC,GHATKOPAR,Maharashtra,MH,SB-MH,SB-MH-GC,IR,0,4
GCAB,BMY G CABIN,Chhattisgarh,CG,SB-CG,SB-CG-GCAB,IR,0,13
GCH,GACHHIPURA,Rajasthan,RJ,SB-RJ,SB-RJ-GCH,IR,0,8
GCN,Gocharan,West Bengal,WB,SB-WB,SB-WB-GCN,ER,0,62
GCT,GHAZIPUR CITY,Uttar Pradesh,UP,SB-UP,SB-UP-GCT,NER,0,94
GD,GONDA JN,Uttar Pradesh,UP,SB-UP,SB-UP-GD,IR,0,203
GDA,Godhra Junction,Gujarat,GJ,SB-GJ,SB-GJ-GDA,IR,0,120
GDB,GIDDARBAHA,Punjab,PB,SB-PB,SB-PB-GDB,NR,0,24
GDBR,GOONDA BIHAR,Jharkhand,JH,SB-JH,SB-JH-GDBR,IR,0,4
GDD,Gadra Road,Rajasthan,RJ,SB-RJ,SB-RJ-GDD,NWR,0,4
GDE,GARLADINNE,Andhra Pradesh,AP,SB-AP,SB-AP-GDE,IR,0,6
GDG,Gadag Junction,Karnataka,KA,SB-KA,SB-KA-GDG,SWR,0,79
GDGN,GAUDGAON,Karnataka,KA,SB-KA,SB-KA-GDGN,IR,0,4
GDH,Gidnahali,Karnataka,KA,SB-KA,SB-KA-GDH,IR,0,4
GDHA,GODHA,Uttar Pradesh,UP,SB-UP,SB-UP-GDHA,NR,0,6
GDI,GUDGERI,Karnataka,KA,SB-KA,SB-KA-GDI,SWR,0,6
GDK,GONDA KACHAHRI,Uttar Pradesh,UP,SB-UP,SB-UP-GDK,IR,0,6
GDKP,GHUNDANKHAPA,Madhya Pradesh,MP,SB-MP,SB-MP-GDKP,IR,0,4
GDL,Gondal,Gujarat,GJ,SB-GJ,SB-GJ-GDL,WR,0,31
GDM,GUDMA,Maharashtra,MH,SB-MH,SB-MH-GDM,IR,0,10
GDN,GANGAIKONDAN,Tamil Nadu,TN,SB-TN,SB-TN-GDN,SR,0,4
GDO,Goverdhan,Uttar Pradesh,UP,SB-UP,SB-UP-GDO,NCR,0,19
GDP,GUDUPULLI,Andhra Pradesh,AP,SB-AP,SB-AP-GDP,IR,0,12
GDPL,GUNDLA POCHAMPALLI,Andhra Pradesh,AP,SB-AP,SB-AP-GDPL,SCR,0,35
GDPT,GUDAPARTI,Uttar Pradesh,UP,SB-UP,SB-UP-GDPT,NR,0,0
GDQ,GODAMGURA,Telangana,TS,SB-TS,SB-TS-GDQ,IR,0,4
GDR,Gudur Junction,Andhra Pradesh,AP,SB-AP,SB-AP-GDR,IR,1,225
GDRA,GANGADHARA,Telangana,TS,SB-TS,SB-TS-GDRA,IR,0,4
GDU,Gudru Halt,Madhya Pradesh,MP,SB-MP,SB-MP-GDU,SECR,0,6
GDV,Gudivada Junction,Andhra Pradesh,AP,SB-AP,SB-AP-GDV,SCR,0,96
GDW,Gadhwala,Rajasthan,RJ,SB-RJ,SB-RJ-GDW,IR,0,8
GDX,GHOKSADANGA,West Bengal,WB,SB-WB,SB-WB-GDX,IR,0,4
GDY,GUINDY,Tamil Nadu,TN,SB-TN,SB-TN-GDY,IR,0,391
GDYA,Ghoradongri,Madhya Pradesh,MP,SB-MP,SB-MP-GDYA,IR,1,42
GDZ,Gundardehi,Chhattisgarh,CG,SB-CG,SB-CG-GDZ,SECR,0,10
GEA,GHATERA,Madhya Pradesh,MP,SB-MP,SB-MP-GEA,IR,0,8
GEB,Garh Baruari,Bihar,BR,SB-BR,SB-BR-GEB,ECR,0,24
GEBL,GOREBAL,Karnataka,KA,SB-KA,SB-KA-GEBL,IR,0,8
GED,GULEDAGUDDA RD,Karnataka,KA,SB-KA,SB-KA-GED,SWR,0,16
GEDE,Gede,West Bengal,WB,SB-WB,SB-WB-GEDE,ER,0,46
GEG,Gir Gadhara,Gujarat,GJ,SB-GJ,SB-GJ-GEG,WR,0,4
GEK,GEGAL AKHRI,Rajasthan,RJ,SB-RJ,SB-RJ-GEK,NWR,0,2
GELA,Ghadela Halt,Madhya Pradesh,MP,SB-MP,SB-MP-GELA,SECR,0,4
GEOR,GUNJARIA,Bihar,BR,SB-BR,SB-BR-GEOR,IR,0,4
GER,GERATPUR,Gujarat,GJ,SB-GJ,SB-GJ-GER,IR,0,11
GFAE,GARIFA,West Bengal,WB,SB-WB,SB-WB-GFAE,IR,0,44
GG,GANDHIGRAM,Gujarat,GJ,SB-GJ,SB-GJ-GG,WR,0,24
GGA,GHOGA,Bihar,BR,SB-BR,SB-BR-GGA,IR,0,26
GGAR,GANGADHARA,Gujarat,GJ,SB-GJ,SB-GJ-GGAR,IR,0,10
GGB,Garhmuktesar BR,Uttar Pradesh,UP,SB-UP,SB-UP-GGB,IR,0,6
GGC,Gangapur City,Rajasthan,RJ,SB-RJ,SB-RJ-GGC,WCR,0,105
GGD,GULLAGUDA,Telangana,TS,SB-TS,SB-TS-GGD,IR,0,6
GGG,Gangagarh Halt,Uttar Pradesh,UP,SB-UP,SB-UP-GGG,IR,0,7
GGGS,GARHA GOODS SHED,Madhya Pradesh,MP,SB-MP,SB-MP-GGGS,IR,0,10
GGH,Ghogardiha,Bihar,BR,SB-BR,SB-BR-GGH,ECR,0,16
GGJ,GOSHAINGANJ,Uttar Pradesh,UP,SB-UP,SB-UP-GGJ,IR,0,28
GGKR,GOVINDGARH KHOKHAR,Punjab,PB,SB-PB,SB-PB-GGKR,NR,0,7
GGLE,GANGATIKURI,West Bengal,WB,SB-WB,SB-WB-GGLE,ER,0,28
GGM,GORA GHUMA,Uttar Pradesh,UP,SB-UP,SB-UP-GGM,NR,0,0
GGN,Gurgaon,Haryana,HR,SB-HR,SB-HR-GGN,NR,1,127
GGO,Goram Ghat,Rajasthan,RJ,SB-RJ,SB-RJ-GGO,NWR,0,2
GGP,GANGNAPUR,West Bengal,WB,SB-WB,SB-WB-GGP,IR,0,35
GGR,GANGRAR,Rajasthan,RJ,SB-RJ,SB-RJ-GGR,NWR,0,8
GGS,Ghugus,Maharashtra,MH,SB-MH,SB-MH-GGS,IR,0,0
GGSY,GANGA SAHAI,Bihar,BR,SB-BR,SB-BR-GGSY,IR,0,8
GGT,GHUNGHUTI,Madhya Pradesh,MP,SB-MP,SB-MP-GGT,IR,0,4
GGTA,GHORAGHATA,West Bengal,WB,SB-WB,SB-WB-GGTA,IR,0,120
GGV,Ghovarash Ghona,West Bengal,WB,SB-WB,SB-WB-GGV,ER,0,56
GGVT,GANGAVATHI,Karnataka,KA,SB-KA,SB-KA-GGVT,IR,0,8
GGWA,GANGWARA HALT,Jharkhand,JH,SB-JH,SB-JH-GGWA,IR,0,12
GGY,Gagariya,Rajasthan,RJ,SB-RJ,SB-RJ-GGY,NWR,0,4
GH,GHUGHULI,Uttar Pradesh,UP,SB-UP,SB-UP-GH,NER,0,11
GHA,GOLEHWALA,Punjab,PB,SB-PB,SB-PB-GHA,NR,0,6
GHAA,GHAGHRA,Jharkhand,JH,SB-JH,SB-JH-GHAA,IR,0,8
GHAI,GHATIGAON,Madhya Pradesh,MP,SB-MP,SB-MP-GHAI,WCR,0,2
GHB,Gahri Bhagi,Punjab,PB,SB-PB,SB-PB-GHB,IR,0,10
GHD,GARWA ROAD,Jharkhand,JH,SB-JH,SB-JH-GHD,IR,0,58
GHDA,GHOLBAGDA,West Bengal,WB,SB-WB,SB-WB-GHDA,IR,0,8
GHE,GHEVRA,Delhi,DL,SB-DL,SB-DL-GHE,NR,0,16
GHER,GHER,Uttar Pradesh,UP,SB-UP,SB-UP-GHER,NR,0,0
GHG,GHAGGHAR,Punjab,PB,SB-PB,SB-PB-GHG,NR,0,8
GHGL,GHAGWAL,Jammu and Kashmir,JK,SB-JK,SB-JK-GHGL,NR,0,6
GHH,Garhi Harsaru,Haryana,HR,SB-HR,SB-HR-GHH,NR,0,41
GHJ,GURSAHAIGANJ,Uttar Pradesh,UP,SB-UP,SB-UP-GHJ,IR,0,24
GHL,GOLHALLI,Karnataka,KA,SB-KA,SB-KA-GHL,SWR,0,18
GHLE,GADADHARPUR,West Bengal,WB,SB-WB,SB-WB-GHLE,IR,0,20
GHLU,Ghallu,Punjab,PB,SB-PB,SB-PB-GHLU,IR,0,2
GHN,GHORPARAN,Jharkhand,JH,SB-JH,SB-JH-GHN,IR,0,5
GHNA,GOHANA,Haryana,HR,SB-HR,SB-HR-GHNA,NR,0,24
GHNH,GHANTIKHAL NIDHIPUR,Odisha,OD,SB-OD,SB-OD-GHNH,IR,0,4
GHPU,Gandhipuram Halt,Andhra Pradesh,AP,SB-AP,SB-AP-GHPU,SCR,0,6
GHQ,GARHWA,Jharkhand,JH,SB-JH,SB-JH-GHQ,ECR,0,22
GHR,GIDHAUR,Bihar,BR,SB-BR,SB-BR-GHR,IR,0,27
GHRI,Ghori Halt,Uttar Pradesh,UP,SB-UP,SB-UP-GHRI,NR,0,4
GHS,Guru Harsahai,Punjab,PB,SB-PB,SB-PB-GHS,NR,0,14
GHSR,GHASARA HALT,Uttar Pradesh,UP,SB-UP,SB-UP-GHSR,IR,0,6
GHT,GHAGHARA GHAT,Uttar Pradesh,UP,SB-UP,SB-UP-GHT,IR,0,6
GHUM,Ghoom,West Bengal,WB,SB-WB,SB-WB-GHUM,NFR,0,21
GHX,GARHARA,Bihar,BR,SB-BR,SB-BR-GHX,IR,0,6
GHY,Guwahati,Assam,AS,SB-AS,SB-AS-GHY,NFR,1,150
GI,GUDUVANCHERI,Tamil Nadu,TN,SB-TN,SB-TN-GI,IR,0,197
GIA,Garia,West Bengal,WB,SB-WB,SB-WB-GIA,ER,0,231
GIBP,GHOGHI BARIARPUR,Bihar,BR,SB-BR,SB-BR-GIBP,IR,0,7
GID,Giddalur,Andhra Pradesh,AP,SB-AP,SB-AP-GID,IR,0,36
GIF,Gani Dham Halt,Bihar,BR,SB-BR,SB-BR-GIF,ER,0,16
GIG,GOHRIGAON HALT,Bihar,BR,SB-BR,SB-BR-GIG,IR,0,2
GIHT,GAIGHAT HALT,Uttar Pradesh,UP,SB-UP,SB-UP-GIHT,IR,0,4
GII,GIDNI,Jharkhand,JH,SB-JH,SB-JH-GII,IR,0,16
GIL,GAISAL,Bihar,BR,SB-BR,SB-BR-GIL,IR,0,4
GILA,GHIALA,Punjab,PB,SB-PB,SB-PB-GILA,NR,0,6
GILL,GILL,Punjab,PB,SB-PB,SB-PB-GILL,NR,0,8
GIMB,GANDHIDHAM BG,Gujarat,GJ,SB-GJ,SB-GJ-GIMB,IR,0,52
GIMC,GANDHIDHAM CABIN,Uttar Pradesh,UP,SB-UP,SB-UP-GIMC,NR,0,0
GIN,GINIGERA,Karnataka,KA,SB-KA,SB-KA-GIN,SWR,0,18
GIO,Goriyan,Rajasthan,RJ,SB-RJ,SB-RJ-GIO,NWR,0,6
GIR,Gainsari Junction,Uttar Pradesh,UP,SB-UP,SB-UP-GIR,NER,0,8
GIS,Garhi Sandra,Rajasthan,RJ,SB-RJ,SB-RJ-GIS,NCR,0,0
GIT,GHORPURI TRANSH,Uttar Pradesh,UP,SB-UP,SB-UP-GIT,NR,0,0
GIW,Girdharpur,Rajasthan,RJ,SB-RJ,SB-RJ-GIW,NCR,0,0
GIZ,Gidam,Chhattisgarh,CG,SB-CG,SB-CG-GIZ,ECOR,0,2
GJ,GANGAJHARI,Maharashtra,MH,SB-MH,SB-MH-GJ,IR,0,6
GJD,GUJHANDI,Bihar,BR,SB-BR,SB-BR-GJD,IR,0,12
GJH,GOLDINGANJ,Bihar,BR,SB-BR,SB-BR-GJH,IR,0,16
GJJ,GAJJELAKONDA,Andhra Pradesh,AP,SB-AP,SB-AP-GJJ,IR,0,4
GJL,GAJRAULA JN,Uttar Pradesh,UP,SB-UP,SB-UP-GJL,NR,1,39
GJMB,Ganjmuradabad,Uttar Pradesh,UP,SB-UP,SB-UP-GJMB,NR,0,4
GJN,Gajner,Rajasthan,RJ,SB-RJ,SB-RJ-GJN,NWR,0,2
GJS,Gajsinghpur,Rajasthan,RJ,SB-RJ,SB-RJ-GJS,NWR,0,17
GJT,Gannaghatta,Karnataka,KA,SB-KA,SB-KA-GJT,IR,0,4
GJTA,GARUDIJHATIA,Odisha,OD,SB-OD,SB-OD-GJTA,IR,0,4
GJUT,GANGSAR JAITU,Punjab,PB,SB-PB,SB-PB-GJUT,NR,0,26
GJW,Gajuwala,Punjab,PB,SB-PB,SB-PB-GJW,NR,0,6
GJWL,GAJWEL,Andhra Pradesh,AP,SB-AP,SB-AP-GJWL,IR,0,4
GK,GOLA GOKARANATH,Uttar Pradesh,UP,SB-UP,SB-UP-GK,NER,0,14
GKA,Gokhula,Bihar,BR,SB-BR,SB-BR-GKA,ECR,0,8
GKB,GHATAKA VARANA,Rajasthan,RJ,SB-RJ,SB-RJ-GKB,IR,0,6
GKC,Gorakhpur Cantonment,Uttar Pradesh,UP,SB-UP,SB-UP-GKC,IR,0,23
GKD,GADHAKDA,Gujarat,GJ,SB-GJ,SB-GJ-GKD,WR,0,4
GKG,GOKULGARH,Haryana,HR,SB-HR,SB-HR-GKG,IR,0,6
GKH,GUSKARA,West Bengal,WB,SB-WB,SB-WB-GKH,IR,0,31
GKHT,GRAM KHARIKA,Bihar,BR,SB-BR,SB-BR-GKHT,IR,0,10
GKJ,Golakganj Junction,Assam,AS,SB-AS,SB-AS-GKJ,NFR,0,10
GKK,Gokak Road,Karnataka,KA,SB-KA,SB-KA-GKK,SWR,0,14
GKL,GOKULPUR,West Bengal,WB,SB-WB,SB-WB-GKL,SER,0,44
GKM,GUNDALUKAMMA,Andhra Pradesh,AP,SB-AP,SB-AP-GKM,IR,0,2
GKP,Gorakhpur Junction,Uttar Pradesh,UP,SB-UP,SB-UP-GKP,IR,0,276
GKPE,GORAKHPUR EAST,Uttar Pradesh,UP,SB-UP,SB-UP-GKPE,NR,0,0
GKPI,Gate Karepalli,Uttar Pradesh,UP,SB-UP,SB-UP-GKPI,NR,0,0
GKT,Gankhera Halt,Maharashtra,MH,SB-MH,SB-MH-GKT,IR,0,9
GKV,Gottihalli Halt,Karnataka,KA,SB-KA,SB-KA-GKV,IR,0,4
GKX,Ghai Kalan,Punjab,PB,SB-PB,SB-PB-GKX,IR,0,8
GKY,Gorakhpur City,Uttar Pradesh,UP,SB-UP,SB-UP-GKY,IR,0,0
GLA,GARLA,Andhra Pradesh,AP,SB-AP,SB-AP-GLA,SCR,0,12
GLBA,GOLABAI,Odisha,OD,SB-OD,SB-OD-GLBA,IR,0,6
GLBN,GUJRAN BALWA,Uttar Pradesh,UP,SB-UP,SB-UP-GLBN,NR,0,14
GLD,Ghelda,Gujarat,GJ,SB-GJ,SB-GJ-GLD,WR,0,0
GLE,Gajulaguden,Andhra Pradesh,AP,SB-AP,SB-AP-GLE,SCR,0,0
GLG,GULABHGANJ,Madhya Pradesh,MP,SB-MP,SB-MP-GLG,IR,0,12
GLGT,Golaghat,Assam,AS,SB-AS,SB-AS-GLGT,NFR,0,4
GLH,Gulaothi,Uttar Pradesh,UP,SB-UP,SB-UP-GLH,NR,0,8
GLI,GALSI,West Bengal,WB,SB-WB,SB-WB-GLI,IR,0,26
GLKN,Gugalwa Kirtan,Rajasthan,RJ,SB-RJ,SB-RJ-GLKN,IR,0,8
GLMA,GULMA,West Bengal,WB,SB-WB,SB-WB-GLMA,NFR,0,8
GLNA,GULANA,Rajasthan,RJ,SB-RJ,SB-RJ-GLNA,NWR,0,6
GLP,GOLLAPROLU,Andhra Pradesh,AP,SB-AP,SB-AP-GLP,IR,0,7
GLPT,Goalpara Town,Assam,AS,SB-AS,SB-AS-GLPT,NFR,1,50
GLTA,GAHLOTA,Rajasthan,RJ,SB-RJ,SB-RJ-GLTA,NWR,0,4
GLU,GULLIPADU,Andhra Pradesh,AP,SB-AP,SB-AP-GLU,IR,0,4
GLV,GULVANCHI,Maharashtra,MH,SB-MH,SB-MH-GLV,CR,0,0
GLY,GOLLAPALLY,Andhra Pradesh,AP,SB-AP,SB-AP-GLY,IR,0,14
GM,GARMADI,Gujarat,GJ,SB-GJ,SB-GJ-GM,IR,0,2
GMA,GUDIMETTA,Uttar Pradesh,UP,SB-UP,SB-UP-GMA,NR,0,0
GMAN,GUMANI,Jharkhand,JH,SB-JH,SB-JH-GMAN,IR,0,14
GMC,KANPUR GOODS MARSHAL,Uttar Pradesh,UP,SB-UP,SB-UP-GMC,NR,0,0
GMD,GURAMKHEDI,Madhya Pradesh,MP,SB-MP,SB-MP-GMD,WCR,0,8
GMDA,GUMADA,Andhra Pradesh,AP,SB-AP,SB-AP-GMDA,IR,0,10
GMDN,GIRIMAIDAN,West Bengal,WB,SB-WB,SB-WB-GMDN,SER,0,46
GMDP,GRAMDADPUR,West Bengal,WB,SB-WB,SB-WB-GMDP,IR,0,11
GMG,GUMGAON,Maharashtra,MH,SB-MH,SB-MH-GMG,IR,0,2
GMGM,GOMANGALAM,Tamil Nadu,TN,SB-TN,SB-TN-GMGM,IR,0,4
GMH,GAMHARIA,Jharkhand,JH,SB-JH,SB-JH-GMH,IR,0,30
GMI,Gond Umri,Maharashtra,MH,SB-MH,SB-MH-GMI,IR,0,9
GMIA,GUMIA,Jharkhand,JH,SB-JH,SB-JH-GMIA,ECR,0,10
GMK,GULMA KHOLA,Uttar Pradesh,UP,SB-UP,SB-UP-GMK,NR,0,0
GMM,Gumman,Himachal Pradesh,HP,SB-HP,SB-HP-GMM,NR,0,1
GMN,Goregaon,Maharashtra,MH,SB-MH,SB-MH-GMN,WR,0,0
GMO,Gomoh Junction,Jharkhand,JH,SB-JH,SB-JH-GMO,IR,1,109
GMR,Gahmar,Uttar Pradesh,UP,SB-UP,SB-UP-GMR,IR,0,32
GMS,Garhmuktesar,Uttar Pradesh,UP,SB-UP,SB-UP-GMS,IR,0,21
GMTO,GUMTO,Assam,AS,SB-AS,SB-AS-GMTO,IR,0,2
GMU,GAURIYAMAU,Uttar Pradesh,UP,SB-UP,SB-UP-GMU,IR,0,2
GMX,GURMURA,Uttar Pradesh,UP,SB-UP,SB-UP-GMX,IR,0,4
GMZ,GUMANI HAT,Uttar Pradesh,UP,SB-UP,SB-UP-GMZ,NR,0,0
GN,GOPAL NAGAR,Andhra Pradesh,AP,SB-AP,SB-AP-GN,IR,0,35
GNA,GONEANA,Punjab,PB,SB-PB,SB-PB-GNA,NR,0,22
GNAN,Gonda Jn,Uttar Pradesh,UP,SB-UP,SB-UP-GNAN,NR,0,0
GNB,JNANA BHARTI HALT,Karnataka,KA,SB-KA,SB-KA-GNB,SWR,0,13
GNBA,GAON BARODA,Haryana,HR,SB-HR,SB-HR-GNBA,IR,0,1
GNC,Gandhinagar Capital,Gujarat,GJ,SB-GJ,SB-GJ-GNC,WR,1,28
GNCN,GURLA N CABIN,Uttar Pradesh,UP,SB-UP,SB-UP-GNCN,NR,0,0
GND,Govindgarh Malikpur,Rajasthan,RJ,SB-RJ,SB-RJ-GND,NWR,0,18
GNDI,GONDWALI,Madhya Pradesh,MP,SB-MP,SB-MP-GNDI,WCR,0,0
GNDM,Gunrajpur Dhama,Bihar,BR,SB-BR,SB-BR-GNDM,IR,0,6
GNG,GAURIGANJ,Uttar Pradesh,UP,SB-UP,SB-UP-GNG,IR,0,30
GNGD,GANGADHARPUR,Odisha,OD,SB-OD,SB-OD-GNGD,IR,0,12
GNGL,Gangauli,Uttar Pradesh,UP,SB-UP,SB-UP-GNGL,NER,0,4
GNGR,GUNGRANA,Uttar Pradesh,UP,SB-UP,SB-UP-GNGR,NR,0,0
GNGT,Gangatolia,Madhya Pradesh,MP,SB-MP,SB-MP-GNGT,IR,0,4
GNH,Gangakher,Maharashtra,MH,SB-MH,SB-MH-GNH,SCR,0,29
GNHI,GANDHI HALT,Bihar,BR,SB-BR,SB-BR-GNHI,IR,0,9
GNJ,GUNJI,Karnataka,KA,SB-KA,SB-KA-GNJ,SWR,0,6
GNJB,GOPINATHJEW BANIKUNDA PH,Odisha,OD,SB-OD,SB-OD-GNJB,IR,0,6
GNJP,GOKULNAGAR JOYPUR,West Bengal,WB,SB-WB,SB-WB-GNJP,IR,0,2
GNK,Garhnokha,Bihar,BR,SB-BR,SB-BR-GNK,ECR,0,12
GNL,Gongle,Maharashtra,MH,SB-MH,SB-MH-GNL,SECR,0,9
GNN,GANGINENI,Andhra Pradesh,AP,SB-AP,SB-AP-GNN,SCR,0,4
GNNA,GANGANI,Bihar,BR,SB-BR,SB-BR-GNNA,IR,0,16
GNND,JNANDAS KANDRA,West Bengal,WB,SB-WB,SB-WB-GNND,IR,0,8
GNO,Goregaon Road Halt,Maharashtra,MH,SB-MH,SB-MH-GNO,KR,0,10
GNP,GHANPUR,Telangana,TS,SB-TS,SB-TS-GNP,IR,0,18
GNPR,Gunupur,Odisha,OD,SB-OD,SB-OD-GNPR,ECOR,0,8
GNPT,Ganpatpura,Gujarat,GJ,SB-GJ,SB-GJ-GNPT,WR,0,0
GNQ,GODHANI,Maharashtra,MH,SB-MH,SB-MH-GNQ,IR,0,4
GNR,GADIGANURU,Karnataka,KA,SB-KA,SB-KA-GNR,SWR,0,10
GNRD,Genoli Road,Uttar Pradesh,UP,SB-UP,SB-UP-GNRD,NR,0,0
GNRL,GANGRAUL,Rajasthan,RJ,SB-RJ,SB-RJ-GNRL,IR,0,18
GNS,Ghonsor,Madhya Pradesh,MP,SB-MP,SB-MP-GNS,SECR,0,14
GNSL,GHANSOLI,Maharashtra,MH,SB-MH,SB-MH-GNSL,IR,0,2
GNST,GANDHI SMRITI,Gujarat,GJ,SB-GJ,SB-GJ-GNST,IR,0,7
GNSYM,GNSYM,Uttar Pradesh,UP,SB-UP,SB-UP-GNSYM,NR,0,0
GNT,Guntur Junction,Andhra Pradesh,AP,SB-AP,SB-AP-GNT,IR,0,156
GNTR,Gauntra Halt,Uttar Pradesh,UP,SB-UP,SB-UP-GNTR,NR,0,4
GNU,Ganaur,Haryana,HR,SB-HR,SB-HR-GNU,IR,0,33
GNV,Gandevi,Gujarat,GJ,SB-GJ,SB-GJ-GNV,WR,0,4
GNVR,GONDWANAVISAPUR,Maharashtra,MH,SB-MH,SB-MH-GNVR,IR,0,2
GNW,Gangiwara,Madhya Pradesh,MP,SB-MP,SB-MP-GNW,CR,0,6
GNWA,GHUNWARA,Madhya Pradesh,MP,SB-MP,SB-MP-GNWA,IR,0,4
GNZ,Gahndran Halt,Punjab,PB,SB-PB,SB-PB-GNZ,NR,0,0
GO,GHOTI,Maharashtra,MH,SB-MH,SB-MH-GO,IR,0,2
GOA,GOHAD ROAD,Madhya Pradesh,MP,SB-MP,SB-MP-GOA,NCR,0,14
GOC,Ponmalai Golden Rock,Tamil Nadu,TN,SB-TN,SB-TN-GOC,IR,0,26
GOD,GIDARPINDI,Punjab,PB,SB-PB,SB-PB-GOD,NR,0,20
GODA,GODDA,Jharkhand,JH,SB-JH,SB-JH-GODA,IR,0,32
GOE,Ghograpur,Assam,AS,SB-AS,SB-AS-GOE,NFR,0,10
GOF,Ghutiari Sharif,West Bengal,WB,SB-WB,SB-WB-GOF,ER,0,64
GOG,GHORGHAT,Bihar,BR,SB-BR,SB-BR-GOG,IR,0,14
GOGH,Gossaigaon Hat,Assam,AS,SB-AS,SB-AS-GOGH,NFR,0,24
GOGT,GOGHAT,West Bengal,WB,SB-WB,SB-WB-GOGT,IR,0,31
GOH,GAROT,Madhya Pradesh,MP,SB-MP,SB-MP-GOH,IR,0,17
GOI,Gevrai,Maharashtra,MH,SB-MH,SB-MH-GOI,IR,0,0
GOK,GOKARNA ROAD,Karnataka,KA,SB-KA,SB-KA-GOK,KR,0,20
GOL,GOILKERA,Jharkhand,JH,SB-JH,SB-JH-GOL,SER,1,22
GOLE,GOLE,Rajasthan,RJ,SB-RJ,SB-RJ-GOLE,NWR,0,6
GOM,GOGAMUKH,Assam,AS,SB-AS,SB-AS-GOM,IR,0,10
GOP,GOP JAM,Gujarat,GJ,SB-GJ,SB-GJ-GOP,WR,0,2
GOPA,Ghosipura,Madhya Pradesh,MP,SB-MP,SB-MP-GOPA,NCR,0,0
GOPG,Gopalganj,Bihar,BR,SB-BR,SB-BR-GOPG,NER,0,12
GOPL,GUNDLA POCHAMPALLI,Andhra Pradesh,AP,SB-AP,SB-AP-GOPL,SCR,0,0
GOR,GOPINATHPUR,West Bengal,WB,SB-WB,SB-WB-GOR,IR,0,11
GOS,GHOSRANA,Rajasthan,RJ,SB-RJ,SB-RJ-GOS,IR,0,6
GOT,GOT,Uttar Pradesh,UP,SB-UP,SB-UP-GOT,NER,0,4
GOTN,GOTAN,Rajasthan,RJ,SB-RJ,SB-RJ-GOTN,IR,0,47
GOV,Kanpur South(Govindpuri),Uttar Pradesh,UP,SB-UP,SB-UP-GOV,NCR,0,0
GOVR,GOVINDNAGAR,Uttar Pradesh,UP,SB-UP,SB-UP-GOVR,IR,0,6
GOX,GOBINDPUR DUGLI,Uttar Pradesh,UP,SB-UP,SB-UP-GOX,IR,0,6
GOY,Govindpuri,Uttar Pradesh,UP,SB-UP,SB-UP-GOY,IR,1,136
GOZ,GOLSAR,Rajasthan,RJ,SB-RJ,SB-RJ-GOZ,IR,0,6
GP,RAJ GANGPUR,Odisha,OD,SB-OD,SB-OD-GP,SER,1,49
GPA,Guptipara,West Bengal,WB,SB-WB,SB-WB-GPA,IR,0,0
GPAE,GUPTIPARA,West Bengal,WB,SB-WB,SB-WB-GPAE,ER,0,44
GPB,Ghatprabha,Karnataka,KA,SB-KA,SB-KA-GPB,SWR,0,44
GPBN,Gandhi Park Halt,Andhra Pradesh,AP,SB-AP,SB-AP-GPBN,?,0,4
GPC,GHATPINDRAI,Madhya Pradesh,MP,SB-MP,SB-MP-GPC,WCR,0,6
GPD,Gummidipundi,Tamil Nadu,TN,SB-TN,SB-TN-GPD,IR,0,90
GPDE,GUDIPUDI,Uttar Pradesh,UP,SB-UP,SB-UP-GPDE,NR,0,0
GPE,GOGIPOTHIA HALT,Bihar,BR,SB-BR,SB-BR-GPE,IR,0,7
GPH,GARPOS,Madhya Pradesh,MP,SB-MP,SB-MP-GPH,IR,0,18
GPI,GAJAPATINAGARAM,Andhra Pradesh,AP,SB-AP,SB-AP-GPI,IR,0,12
GPJ,Gorapur,Andhra Pradesh,AP,SB-AP,SB-AP-GPJ,ECOR,0,2
GPLG,Gopalpurgram,West Bengal,WB,SB-WB,SB-WB-GPLG,ER,0,8
GPNB,GOPINATHPUR NILGIRI,Odisha,OD,SB-OD,SB-OD-GPNB,IR,0,6
GPPR,GOPALPUR,Uttar Pradesh,UP,SB-UP,SB-UP-GPPR,NR,0,0
GPR,GHORPURI,Maharashtra,MH,SB-MH,SB-MH-GPR,CR,0,0
GPRW,GHORPURI WEST,Uttar Pradesh,UP,SB-UP,SB-UP-GPRW,NR,0,0
GPSA,Ghatparsia Halt,Madhya Pradesh,MP,SB-MP,SB-MP-GPSA,IR,0,4
GPSL,GOKULPUR SABOLI HALT,Delhi,DL,SB-DL,SB-DL-GPSL,IR,0,12
GPT,GOPALAPATNAM,Uttar Pradesh,UP,SB-UP,SB-UP-GPT,NR,0,0
GPU,GULAPALYAMU,Andhra Pradesh,AP,SB-AP,SB-AP-GPU,IR,0,4
GPW,GHAUNSPUR,Uttar Pradesh,UP,SB-UP,SB-UP-GPW,NR,0,0
GPX,Gautampura Road,Madhya Pradesh,MP,SB-MP,SB-MP-GPX,WR,0,10
GPY,GANGAYAPLLE,Andhra Pradesh,AP,SB-AP,SB-AP-GPY,IR,0,2
GPZ,GOHPUR,Assam,AS,SB-AS,SB-AS-GPZ,IR,0,10
GQD,Gourdaha Halt,West Bengal,WB,SB-WB,SB-WB-GQD,ER,0,62
GQL,GURLA,Rajasthan,RJ,SB-RJ,SB-RJ-GQL,IR,0,8
GQLN,GURLA N,Uttar Pradesh,UP,SB-UP,SB-UP-GQLN,NR,0,0
GQLW,GURLA W,Uttar Pradesh,UP,SB-UP,SB-UP-GQLW,NR,0,0
GQN,Garhani,Bihar,BR,SB-BR,SB-BR-GQN,ECR,0,12
GR,GULBARGA,Uttar Pradesh,UP,SB-UP,SB-UP-GR,NR,0,0
GRA,GHARAUNDA,Haryana,HR,SB-HR,SB-HR-GRA,IR,0,16
GRAE,Gurap,West Bengal,WB,SB-WB,SB-WB-GRAE,IR,0,59
GRAK,GARKHA,Uttar Pradesh,UP,SB-UP,SB-UP-GRAK,IR,0,6
GRB,GARHDHRUBESWAR,West Bengal,WB,SB-WB,SB-WB-GRB,SER,0,24
GRBH,GAREA BIHAR,Jharkhand,JH,SB-JH,SB-JH-GRBH,IR,0,4
GRBL,GARUDUBILLI,Andhra Pradesh,AP,SB-AP,SB-AP-GRBL,IR,0,6
GRCP,G. Ramchandrapur,Odisha,OD,SB-OD,SB-OD-GRCP,IR,0,4
GRD,Giridih,Jharkhand,JH,SB-JH,SB-JH-GRD,ECR,0,10
GRE,GOLA ROAD,Jharkhand,JH,SB-JH,SB-JH-GRE,IR,0,4
GRF,GAMBHIRI ROAD,Rajasthan,RJ,SB-RJ,SB-RJ-GRF,WR,0,8
GRFB,GAMBHIR BR,Uttar Pradesh,UP,SB-UP,SB-UP-GRFB,NR,0,0
GRG,Guwarighat,Madhya Pradesh,MP,SB-MP,SB-MP-GRG,SECR,0,10
GRH,GHORASAHAN,Bihar,BR,SB-BR,SB-BR-GRH,IR,0,29
GRHI,GARHI,Haryana,HR,SB-HR,SB-HR-GRHI,IR,0,4
GRHM,Gir Hadmatiya,Gujarat,GJ,SB-GJ,SB-GJ-GRHM,WR,0,4
GRHX,GARRA,Madhya Pradesh,MP,SB-MP,SB-MP-GRHX,IR,0,16
GRI,GURIYA,Rajasthan,RJ,SB-RJ,SB-RJ-GRI,NWR,0,4
GRJ,GATRA HALT,Maharashtra,MH,SB-MH,SB-MH-GRJ,IR,0,18
GRJA,GORINJA,Gujarat,GJ,SB-GJ,SB-GJ-GRJA,WR,0,0
GRKA,Gurha Kemla,Haryana,HR,SB-HR,SB-HR-GRKA,IR,0,12
GRKN,Gorakhnath,Odisha,OD,SB-OD,SB-OD-GRKN,ECOR,0,8
GRL,GORAUL,Bihar,BR,SB-BR,SB-BR-GRL,IR,0,21
GRM,GARHMAU,Uttar Pradesh,UP,SB-UP,SB-UP-GRM,IR,0,4
GRMA,Ghormara,Jharkhand,JH,SB-JH,SB-JH-GRMA,ER,0,12
GRMP,GANGARAMPUR,West Bengal,WB,SB-WB,SB-WB-GRMP,IR,0,20
GRMR,Garhi Manikpur,Uttar Pradesh,UP,SB-UP,SB-UP-GRMR,NR,0,17
GRMT,GUR MARKET,Uttar Pradesh,UP,SB-UP,SB-UP-GRMT,NR,0,0
GRN,GURNAY,Punjab,PB,SB-PB,SB-PB-GRN,NR,0,9
GRNA,GURHANWA,Bihar,BR,SB-BR,SB-BR-GRNA,IR,0,8
GRO,GURRA,Madhya Pradesh,MP,SB-MP,SB-MP-GRO,WCR,0,6
GRP,GANGPUR,West Bengal,WB,SB-WB,SB-WB-GRP,IR,0,98
GRPA,Garhpura,Bihar,BR,SB-BR,SB-BR-GRPA,ECR,0,0
GRR,GORPHAR,Bihar,BR,SB-BR,SB-BR-GRR,IR,0,8
GRRG,GURLI RAMGARHWA,Uttar Pradesh,UP,SB-UP,SB-UP-GRRG,NER,0,6
GRRU,GURARU,Bihar,BR,SB-BR,SB-BR-GRRU,IR,0,26
GRU,GAROPARA,West Bengal,WB,SB-WB,SB-WB-GRU,NFR,0,2
GRWD,GHORAWADI,Maharashtra,MH,SB-MH,SB-MH-GRWD,IR,0,41
GRX,GAURA,Haryana,HR,SB-HR,SB-HR-GRX,IR,0,5
GRY,GORAYA,Punjab,PB,SB-PB,SB-PB-GRY,IR,0,6
GRZ,Gurthuri,Haryana,HR,SB-HR,SB-HR-GRZ,NR,0,5
GS,GODHANESHWAR,Gujarat,GJ,SB-GJ,SB-GJ-GS,WR,0,6
GSA,GUAGACHHA,Assam,AS,SB-AS,SB-AS-GSA,IR,0,8
GSB,GARNA SAHIB,Punjab,PB,SB-PB,SB-PB-GSB,NR,0,6
GSD,Ghosunda,Rajasthan,RJ,SB-RJ,SB-RJ-GSD,NWR,0,8
GSDH,GARSANDA HALT,Jharkhand,JH,SB-JH,SB-JH-GSDH,ECR,0,12
GSGB,Gosaingram,West Bengal,WB,SB-WB,SB-WB-GSGB,ER,0,15
GSGJ,Ghausganj,Uttar Pradesh,UP,SB-UP,SB-UP-GSGJ,NR,0,4
GSI,GHOSI,Uttar Pradesh,UP,SB-UP,SB-UP-GSI,IR,0,4
GSK,GHUSIA KALAN HALT,Bihar,BR,SB-BR,SB-BR-GSK,IR,0,8
GSL,GODAPIASAL,West Bengal,WB,SB-WB,SB-WB-GSL,SER,0,12
GSO,GHASO,Haryana,HR,SB-HR,SB-HR-GSO,NR,0,12
GSP,Gurdaspur,Punjab,PB,SB-PB,SB-PB-GSP,NR,0,24
GSPR,GOSALPUR,Madhya Pradesh,MP,SB-MP,SB-MP-GSPR,WCR,0,14
GSPU,GAUSPUR HALT,Bihar,BR,SB-BR,SB-BR-GSPU,IR,0,4
GSQ,GUIR SARANGA,West Bengal,WB,SB-WB,SB-WB-GSQ,IR,0,11
GSR,Garhshankar,Punjab,PB,SB-PB,SB-PB-GSR,NR,0,2
GSRM,Gauri Sriram,Maharashtra,MH,SB-MH,SB-MH-GSRM,IR,0,8
GSW,GURSAR SHNEWALA,Punjab,PB,SB-PB,SB-PB-GSW,NWR,0,4
GSX,GANDHI SMRAK RD,Maharashtra,MH,SB-MH,SB-MH-GSX,IR,0,6
GT,GHATKESAR,Telangana,TS,SB-TS,SB-TS-GT,IR,0,18
GTA,GOLANTHRA,Andhra Pradesh,AP,SB-AP,SB-AP-GTA,IR,0,8
GTBN,GURU T B NAGAR,Maharashtra,MH,SB-MH,SB-MH-GTBN,IR,0,2
GTD,GOURINATHDHAM,West Bengal,WB,SB-WB,SB-WB-GTD,IR,0,16
GTE,GOTHAJ,Gujarat,GJ,SB-GJ,SB-GJ-GTE,IR,0,11
GTF,GUMTHAL,Uttar Pradesh,UP,SB-UP,SB-UP-GTF,NR,0,8
GTHT,GHATARO HALT,Bihar,BR,SB-BR,SB-BR-GTHT,ECR,0,4
GTI,GHUTAI,Uttar Pradesh,UP,SB-UP,SB-UP-GTI,NCR,0,6
GTJT,GETOR JAGATPURA,Rajasthan,RJ,SB-RJ,SB-RJ-GTJT,IR,0,31
GTK,GHUTKU,Chhattisgarh,CG,SB-CG,SB-CG-GTK,IR,0,6
GTL,Guntakal Junction,Andhra Pradesh,AP,SB-AP,SB-AP-GTL,IR,1,175
GTLM,GOTLAM,Andhra Pradesh,AP,SB-AP,SB-AP-GTLM,IR,0,6
GTLW,GUNTAKAL WEST,Uttar Pradesh,UP,SB-UP,SB-UP-GTLW,NR,0,0
GTM,Ghatampur,Uttar Pradesh,UP,SB-UP,SB-UP-GTM,NCR,0,12
GTNR,GOMATI NAGAR,Uttar Pradesh,UP,SB-UP,SB-UP-GTNR,IR,0,45
GTP,Ghatpuri,Uttar Pradesh,UP,SB-UP,SB-UP-GTP,NER,0,8
GTQ,Gumtali Halt,Punjab,PB,SB-PB,SB-PB-GTQ,NR,0,10
GTR,Grant Road,Maharashtra,MH,SB-MH,SB-MH-GTR,WR,0,15
GTRA,GOTRA HALT,Uttar Pradesh,UP,SB-UP,SB-UP-GTRA,NR,0,22
GTS,Ghatsila,Jharkhand,JH,SB-JH,SB-JH-GTS,IR,1,43
GTST,GAUTAMSTHAN,Bihar,BR,SB-BR,SB-BR-GTST,IR,0,8
GTT,GOMTA,Gujarat,GJ,SB-GJ,SB-GJ-GTT,WR,0,4
GTU,GHAT NANDUR,Maharashtra,MH,SB-MH,SB-MH-GTU,SCR,0,6
GTW,GATORA,Chhattisgarh,CG,SB-CG,SB-CG-GTW,IR,0,19
GTWD,Ghatwad,Gujarat,GJ,SB-GJ,SB-GJ-GTWD,WR,0,0
GTX,GOTHANGAM,Gujarat,GJ,SB-GJ,SB-GJ-GTX,IR,0,13
GTY,GOLA PATI,Madhya Pradesh,MP,SB-MP,SB-MP-GTY,IR,0,6
GUA,Gua,Jharkhand,JH,SB-JH,SB-JH-GUA,SER,0,4
GUB,GULARBHOJ,Uttarakhand,UK,SB-UK,SB-UK-GUB,NER,0,12
GUD,GALUDIH,Jharkhand,JH,SB-JH,SB-JH-GUD,SER,1,20
GUDM,GUDUM P.H.,Chhattisgarh,CG,SB-CG,SB-CG-GUDM,IR,0,6
GUG,GARH JAIPUR,West Bengal,WB,SB-WB,SB-WB-GUG,IR,0,18
GUH,Guldhar,Uttar Pradesh,UP,SB-UP,SB-UP-GUH,NR,0,12
GUJ,GUNJA,Gujarat,GJ,SB-GJ,SB-GJ-GUJ,IR,0,2
GUK,GUNTAKONDURU,Andhra Pradesh,AP,SB-AP,SB-AP-GUK,SCR,0,6
GUL,GUJJANGIVALASA,Uttar Pradesh,UP,SB-UP,SB-UP-GUL,NR,0,0
GULR,GULER,Himachal Pradesh,HP,SB-HP,SB-HP-GULR,NR,0,10
GUMA,GUMA,West Bengal,WB,SB-WB,SB-WB-GUMA,IR,0,95
GUMI,GORUMAHISANI,Odisha,OD,SB-OD,SB-OD-GUMI,IR,0,3
GUNA,GUNA,Madhya Pradesh,MP,SB-MP,SB-MP-GUNA,IR,0,86
GUNS,GHUNAS,Punjab,PB,SB-PB,SB-PB-GUNS,NR,0,5
GUP,Gauripur,Assam,AS,SB-AS,SB-AS-GUP,NFR,0,10
GUR,GANAGAPUR ROAD,Karnataka,KA,SB-KA,SB-KA-GUR,CR,1,30
GURN,Gurudas Nagar,West Bengal,WB,SB-WB,SB-WB-GURN,ER,0,63
GUS,GHUMASAN,Gujarat,GJ,SB-GJ,SB-GJ-GUS,WR,0,0
GUSB,GHUMASAN BG,Uttar Pradesh,UP,SB-UP,SB-UP-GUSB,NR,0,0
GUU,GUNDRATIMADUGU,Andhra Pradesh,AP,SB-AP,SB-AP-GUU,SCR,0,3
GUV,GURUVAYUR,Kerala,KL,SB-KL,SB-KL-GUV,SR,0,14
GUX,Gurhi,Madhya Pradesh,MP,SB-MP,SB-MP-GUX,SCR,0,0
GUZ,GUMANI HAT,West Bengal,WB,SB-WB,SB-WB-GUZ,IR,0,2
GV,GOVANDAI,Maharashtra,MH,SB-MH,SB-MH-GV,IR,0,2
GVA,Ganguwada,Andhra Pradesh,AP,SB-AP,SB-AP-GVA,ECOR,0,4
GVB,GUNERU BAMORI,Madhya Pradesh,MP,SB-MP,SB-MP-GVB,IR,0,12
GVD,Gholvad,Maharashtra,MH,SB-MH,SB-MH-GVD,WR,0,24
GVDP,GOVINDPUR PH,Jharkhand,JH,SB-JH,SB-JH-GVDP,IR,0,12
GVG,GOVINDGARH,Punjab,PB,SB-PB,SB-PB-GVG,IR,0,13
GVH,Govind Garh,Rajasthan,RJ,SB-RJ,SB-RJ-GVH,NCR,0,17
GVI,GARIVIDI,Andhra Pradesh,AP,SB-AP,SB-AP-GVI,IR,0,6
GVL,Gudlavalleru,Andhra Pradesh,AP,SB-AP,SB-AP-GVL,SCR,0,24
GVMR,GOVINDI MARWAR,Rajasthan,RJ,SB-RJ,SB-RJ-GVMR,IR,0,2
GVN,GODAVARI,Andhra Pradesh,AP,SB-AP,SB-AP-GVN,IR,0,13
GVP,Gate Vanampalli,Uttar Pradesh,UP,SB-UP,SB-UP-GVP,NR,0,0
GVR,Guruvayur,Kerala,KL,SB-KL,SB-KL-GVR,IR,0,14
GW,GIRWAR,Madhya Pradesh,MP,SB-MP,SB-MP-GW,IR,0,10
GWA,GANJ DUNDWARA,Uttar Pradesh,UP,SB-UP,SB-UP-GWA,IR,0,14
GWD,Gadwal,Telangana,TS,SB-TS,SB-TS-GWD,IR,0,70
GWH,GHOSHAWAR,Bihar,BR,SB-BR,SB-BR-GWH,IR,0,10
GWL,Gwalior,Madhya Pradesh,MP,SB-MP,SB-MP-GWL,IR,1,235
GWM,Gannavaram,Andhra Pradesh,AP,SB-AP,SB-AP-GWM,IR,0,6
GWO,Gwalior NG,Madhya Pradesh,MP,SB-MP,SB-MP-GWO,NCR,0,0
GWP,GANGAWAPUR HALT,Uttar Pradesh,UP,SB-UP,SB-UP-GWP,IR,0,8
GWS,GAUSHALA,Uttarakhand,UK,SB-UK,SB-UK-GWS,NER,0,8
GWSB,GOINDWAL SAHIB,Punjab,PB,SB-PB,SB-PB-GWSB,IR,0,8
GWV,GOWDAVALLI,Andhra Pradesh,AP,SB-AP,SB-AP-GWV,SCR,0,29
GWYR,Greenways Road,Tamil Nadu,TN,SB-TN,SB-TN-GWYR,SR,0,92
GXG,Geong,Haryana,HR,SB-HR,SB-HR-GXG,NR,0,5
GY,Gooty,Andhra Pradesh,AP,SB-AP,SB-AP-GY,IR,1,93
GYF,GOOTY FORT,Andhra Pradesh,AP,SB-AP,SB-AP-GYF,IR,0,2
GYJ,GOOTY JUNCTION CABIN,Uttar Pradesh,UP,SB-UP,SB-UP-GYJ,NR,0,0
GYL,GHARYALA,Punjab,PB,SB-PB,SB-PB-GYL,IR,0,8
GYM,Gudiyattam,Tamil Nadu,TN,SB-TN,SB-TN-GYM,IR,0,18
GYN,GYANPUR ROAD,Uttar Pradesh,UP,SB-UP,SB-UP-GYN,NER,0,78
GZA,Gurujalas,Andhra Pradesh,AP,SB-AP,SB-AP-GZA,IR,0,6
GZB,Ghaziabad,Uttar Pradesh,UP,SB-UP,SB-UP-GZB,IR,1,318
GZH,GULZARBAGH,Bihar,BR,SB-BR,SB-BR-GZH,IR,0,30
GZKA,Gzka,Rajasthan,RJ,SB-RJ,SB-RJ-GZKA,IR,0,8
GZL,GAZULAPALLI,Andhra Pradesh,AP,SB-AP,SB-AP-GZL,IR,0,9
GZM,GOUR MALDA,West Bengal,WB,SB-WB,SB-WB-GZM,IR,0,6
GZN,Naya Ghaziabad,Uttar Pradesh,UP,SB-UP,SB-UP-GZN,NR,0,17
GZO,GAZOLE,West Bengal,WB,SB-WB,SB-WB-GZO,IR,0,16
GZS,GIANI ZAIL SINGH SANDHWAN,Punjab,PB,SB-PB,SB-PB-GZS,NR,0,6
GZT,GHAZIPUR GHAT,Uttar Pradesh,UP,SB-UP,SB-UP-GZT,NER,0,6
H,Venkatagiri Kote Halt,Karnataka,KA,SB-KA,SB-KA-H,SWR,0,0
HA,HARGAON,Uttar Pradesh,UP,SB-UP,SB-UP-HA,NER,0,10
HAA,HARWADA,Karnataka,KA,SB-KA,SB-KA-HAA,KR,0,4
HAB,BAH,Uttar Pradesh,UP,SB-UP,SB-UP-HAB,IR,0,6
HAD,Haripad,Kerala,KL,SB-KL,SB-KL-HAD,SR,0,27
HAG,HALLIGUDI,Karnataka,KA,SB-KA,SB-KA-HAG,IR,0,4
HAH,Hosa Agrahara,Karnataka,KA,SB-KA,SB-KA-HAH,SWR,0,8
HALT,HALT,Uttar Pradesh,UP,SB-UP,SB-UP-HALT,NR,0,0
HAM,HAMIRHATI,West Bengal,WB,SB-WB,SB-WB-HAM,IR,0,13
HAN,Hindaun City,Rajasthan,RJ,SB-RJ,SB-RJ-HAN,WCR,0,47
HAPA,HAPA,Gujarat,GJ,SB-GJ,SB-GJ-HAPA,WR,0,73
HAPR,HANAMAPUR,Karnataka,KA,SB-KA,SB-KA-HAPR,IR,0,2
HAQ,HASTAVARMU,Andhra Pradesh,AP,SB-AP,SB-AP-HAQ,IR,0,4
HAR,Hamirpur Road,Uttar Pradesh,UP,SB-UP,SB-UP-HAR,NCR,0,12
HAS,Hassan Junction,Karnataka,KA,SB-KA,SB-KA-HAS,SWR,0,40
HAT,HATHURAN,Gujarat,GJ,SB-GJ,SB-GJ-HAT,IR,0,11
HATB,HATIBARI,Odisha,OD,SB-OD,SB-OD-HATB,IR,0,2
HATI,HATI,Madhya Pradesh,MP,SB-MP,SB-MP-HATI,WCR,0,4
HAUR,HAUR,West Bengal,WB,SB-WB,SB-WB-HAUR,IR,0,62
HB,HABRA,West Bengal,WB,SB-WB,SB-WB-HB,IR,0,99
HBB,HENDLASO BHOKTA BAGICHA,Jharkhand,JH,SB-JH,SB-JH-HBB,IR,0,2
HBD,Hoshangabad,Madhya Pradesh,MP,SB-MP,SB-MP-HBD,IR,0,0
HBE,Habibpur,West Bengal,WB,SB-WB,SB-WB-HBE,ER,0,46
HBF,Hadobhangi Halt,Odisha,OD,SB-OD,SB-OD-HBF,ECOR,0,4
HBG,HOWBAGH JABALPUR,Madhya Pradesh,MP,SB-MP,SB-MP-HBG,WCR,0,0
HBI,HGRIBOMANAHALLI,Andhra Pradesh,AP,SB-AP,SB-AP-HBI,IR,0,8
HBJ,Habibganj,Madhya Pradesh,MP,SB-MP,SB-MP-HBJ,IR,0,0
HBL,HOMBAL,Karnataka,KA,SB-KA,SB-KA-HBL,SWR,0,8
HBLN,HBL NAGAR,Andhra Pradesh,AP,SB-AP,SB-AP-HBLN,IR,0,6
HBN,Haibargaon,Assam,AS,SB-AS,SB-AS-HBN,NFR,0,4
HBP,HARPAR BOCHAHA,Bihar,BR,SB-BR,SB-BR-HBP,ECR,0,10
HBQ,HUBLI EAST CAB,Uttar Pradesh,UP,SB-UP,SB-UP-HBQ,NR,0,0
HBS,HEBSUR,Karnataka,KA,SB-KA,SB-KA-HBS,SWR,0,8
HBSH,HASAN BAZAR STATION HALT,Bihar,BR,SB-BR,SB-BR-HBSH,IR,0,10
HBU,Halbarga,Karnataka,KA,SB-KA,SB-KA-HBU,SCR,0,2
HBW,HABIBWALA,Uttarakhand,UK,SB-UK,SB-UK-HBW,IR,0,4
HC,Hindu College,Tamil Nadu,TN,SB-TN,SB-TN-HC,SR,0,179
HCAB,BMY H CABIN,Uttar Pradesh,UP,SB-UP,SB-UP-HCAB,NR,0,0
HCM,HARISHCHANDRAPURAM,Andhra Pradesh,AP,SB-AP,SB-AP-HCM,IR,0,6
HCNR,Harichandanpur,Odisha,OD,SB-OD,SB-OD-HCNR,ECOR,0,12
HCP,HARCHANDPUR,Uttar Pradesh,UP,SB-UP,SB-UP-HCP,IR,0,14
HCR,HARISCHANDRPUR,Bihar,BR,SB-BR,SB-BR-HCR,IR,0,45
HD,HARDA,Madhya Pradesh,MP,SB-MP,SB-MP-HD,WCR,1,75
HDA,HIRNODA,Rajasthan,RJ,SB-RJ,SB-RJ-HDA,IR,0,12
HDB,HALDIBARI,West Bengal,WB,SB-WB,SB-WB-HDB,IR,0,16
HDC,HARISHDADPUR  PH,West Bengal,WB,SB-WB,SB-WB-HDC,IR,0,22
HDD,HADDINAGUNDU,Karnataka,KA,SB-KA,SB-KA-HDD,SCR,0,4
HDE,HARDAS BIGHA,Bihar,BR,SB-BR,SB-BR-HDE,IR,0,23
HDGR,HADGAON ROAD,Maharashtra,MH,SB-MH,SB-MH-HDGR,SCR,0,6
HDK,HANDIA KHAS,Uttar Pradesh,UP,SB-UP,SB-UP-HDK,NER,0,13
HDL,Hodal,Haryana,HR,SB-HR,SB-HR-HDL,IR,0,24
HDM,Hirdamali,Maharashtra,MH,SB-MH,SB-MH-HDM,SECR,0,9
HDN,HAIDARNAGAR,Bihar,BR,SB-BR,SB-BR-HDN,IR,0,18
HDP,Hadapsar,Maharashtra,MH,SB-MH,SB-MH-HDP,IR,0,35
HDS,HARIDASPUR,Odisha,OD,SB-OD,SB-OD-HDS,IR,0,12
HDT,HARDATTPUR,Uttar Pradesh,UP,SB-UP,SB-UP-HDT,NER,0,10
HDU,HARDUA,Madhya Pradesh,MP,SB-MP,SB-MP-HDU,IR,0,8
HDW,Haldwani,Uttarakhand,UK,SB-UK,SB-UK-HDW,NER,0,21
HDWL,HARDORAWAL,Punjab,PB,SB-PB,SB-PB-HDWL,IR,0,8
HEB,HEBBAL,Karnataka,KA,SB-KA,SB-KA-HEB,IR,0,12
HEI,HEGGERE HALT,Karnataka,KA,SB-KA,SB-KA-HEI,SWR,0,8
HEM,HIMAYATNAGAR,Maharashtra,MH,SB-MH,SB-MH-HEM,SCR,0,14
HEN,Heria Ph,West Bengal,WB,SB-WB,SB-WB-HEN,IR,0,10
HER,Her,Maharashtra,MH,SB-MH,SB-MH-HER,SCR,0,2
HET,HETAMPUR,Madhya Pradesh,MP,SB-MP,SB-MP-HET,IR,0,4
HFG,Haflong Hill,Assam,AS,SB-AS,SB-AS-HFG,NFR,0,0
HFZ,HAFIZPETA,Telangana,TS,SB-TS,SB-TS-HFZ,IR,0,74
HG,Hotgi Junction,Maharashtra,MH,SB-MH,SB-MH-HG,IR,0,25
HGA,Hogla,West Bengal,WB,SB-WB,SB-WB-HGA,ER,0,61
HGH,HAIDERGARH,Uttar Pradesh,UP,SB-UP,SB-UP-HGH,IR,0,4
HGI,HAGARI,Karnataka,KA,SB-KA,SB-KA-HGI,SCR,0,8
HGJ,HARDUAGANJ,Uttar Pradesh,UP,SB-UP,SB-UP-HGJ,NCR,0,8
HGL,Harangul,Maharashtra,MH,SB-MH,SB-MH-HGL,CR,0,4
HGR,HEMAGIRI,Chhattisgarh,CG,SB-CG,SB-CG-HGR,IR,0,8
HGT,HINGANGHAT,Maharashtra,MH,SB-MH,SB-MH-HGT,CR,1,20
HGY,Hooghly,West Bengal,WB,SB-WB,SB-WB-HGY,IR,0,142
HHD,HUNSIHADGIL,Karnataka,KA,SB-KA,SB-KA-HHD,IR,0,3
HHG,HEHEGARA HALT (E),Jharkhand,JH,SB-JH,SB-JH-HHG,IR,0,8
HHL,HIREHALI,Karnataka,KA,SB-KA,SB-KA-HHL,SWR,0,18
HHP,HARHAR FATEHPUR,Uttar Pradesh,UP,SB-UP,SB-UP-HHP,IR,0,6
HHR,Hridaypur,West Bengal,WB,SB-WB,SB-WB-HHR,ER,0,139
HHT,Habanghata,Karnataka,KA,SB-KA,SB-KA-HHT,SWR,0,6
HIH,HAJIGARH,West Bengal,WB,SB-WB,SB-WB-HIH,IR,0,56
HIJ,HIJILLI,West Bengal,WB,SB-WB,SB-WB-HIJ,IR,0,47
HIKD,HALLIKHED K,Karnataka,KA,SB-KA,SB-KA-HIKD,IR,0,8
HIL,Hilsa,Bihar,BR,SB-BR,SB-BR-HIL,ECR,0,16
HIND,HIND,Uttar Pradesh,UP,SB-UP,SB-UP-HIND,NR,0,12
HIP,HALDIPADA,Odisha,OD,SB-OD,SB-OD-HIP,IR,0,17
HIR,HARINAGAR,Bihar,BR,SB-BR,SB-BR-HIR,ECR,0,39
HIS,Hisua,Bihar,BR,SB-BR,SB-BR-HIS,IR,0,4
HISE,HIRISAVE,Karnataka,KA,SB-KA,SB-KA-HISE,IR,0,6
HIVR,Hiwarkheda,Uttar Pradesh,UP,SB-UP,SB-UP-HIVR,NR,0,0
HJI,Hojai,Assam,AS,SB-AS,SB-AS-HJI,NFR,0,68
HJL,Hejjala,Karnataka,KA,SB-KA,SB-KA-HJL,SWR,0,15
HJLI,HUGRAJULI,Assam,AS,SB-AS,SB-AS-HJLI,IR,0,6
HJN,HOWRAH JN. CABIN,Uttar Pradesh,UP,SB-UP,SB-UP-HJN,NR,0,0
HJO,Harangajao,Assam,AS,SB-AS,SB-AS-HJO,NFR,0,0
HJP,HAJIPUR JN,Bihar,BR,SB-BR,SB-BR-HJP,IR,0,230
HK,HELAK,Rajasthan,RJ,SB-RJ,SB-RJ-HK,IR,0,6
HKD,Hailakandi,Assam,AS,SB-AS,SB-AS-HKD,NFR,0,10
HKG,Hirakud,Odisha,OD,SB-OD,SB-OD-HKG,IR,0,16
HKH,Haranya Kheri,Madhya Pradesh,MP,SB-MP,SB-MP-HKH,WR,0,14
HKL,HARKIA KHAL,Rajasthan,RJ,SB-RJ,SB-RJ-HKL,WR,0,8
HKNT,Hiwarkheda,Uttar Pradesh,UP,SB-UP,SB-UP-HKNT,NR,0,0
HKP,HAKIMPUR,Uttar Pradesh,UP,SB-UP,SB-UP-HKP,IR,0,9
HKR,Kiwar Khed,Maharashtra,MH,SB-MH,SB-MH-HKR,SCR,0,0
HLAR,HOLE ALUR,Karnataka,KA,SB-KA,SB-KA-HLAR,SWR,0,18
HLB,HADALA BHAL,Gujarat,GJ,SB-GJ,SB-GJ-HLB,WR,0,6
HLD,Haludpukur,Jharkhand,JH,SB-JH,SB-JH-HLD,SER,0,8
HLDD,HALDI ROAD,Uttarakhand,UK,SB-UK,SB-UK-HLDD,NER,0,2
HLDR,HALDAUR,Uttar Pradesh,UP,SB-UP,SB-UP-HLDR,NR,0,12
HLE,Heelalige,Karnataka,KA,SB-KA,SB-KA-HLE,SWR,0,12
HLG,Hillgrove,Tamil Nadu,TN,SB-TN,SB-TN-HLG,SR,0,2
HLIN,HOLDING LINE,Uttar Pradesh,UP,SB-UP,SB-UP-HLIN,NR,0,0
HLK,HOLALKERE,Karnataka,KA,SB-KA,SB-KA-HLK,SWR,0,10
HLKH,HALLIKHED,Karnataka,KA,SB-KA,SB-KA-HLKH,IR,0,8
HLKT,HALAKATTA,Uttar Pradesh,UP,SB-UP,SB-UP-HLKT,NR,0,0
HLN,Hole Narsipur,Karnataka,KA,SB-KA,SB-KA-HLN,SWR,0,22
HLP,HALDHARPUR,Rajasthan,RJ,SB-RJ,SB-RJ-HLP,IR,0,4
HLR,Halisahar,West Bengal,WB,SB-WB,SB-WB-HLR,ER,0,152
HLTS,HALKATTA SHARIEF,Uttar Pradesh,UP,SB-UP,SB-UP-HLTS,NR,0,0
HLV,Haliyuru,Karnataka,KA,SB-KA,SB-KA-HLV,SWR,0,4
HLW,Hirnawali,Rajasthan,RJ,SB-RJ,SB-RJ-HLW,NWR,0,6
HLX,Hilara,Assam,AS,SB-AS,SB-AS-HLX,NFR,0,2
HLZ,Haldia,West Bengal,WB,SB-WB,SB-WB-HLZ,SER,0,12
HM,HADMATIYA JN,Gujarat,GJ,SB-GJ,SB-GJ-HM,WR,0,4
HMA,HUMMA,Odisha,OD,SB-OD,SB-OD-HMA,IR,0,8
HMB,Harebetta,Uttar Pradesh,UP,SB-UP,SB-UP-HMB,NR,0,0
HMBD,HUMNABAD,Karnataka,KA,SB-KA,SB-KA-HMBD,IR,0,14
HME,HAMRE,Jammu and Kashmir,JK,SB-JK,SB-JK-HME,IR,0,17
HMG,HAMIRGARH,Rajasthan,RJ,SB-RJ,SB-RJ-HMG,NWR,0,6
HMH,Hanumangarh Junction,Rajasthan,RJ,SB-RJ,SB-RJ-HMH,NWR,0,59
HMI,HIMMATANA,Punjab,PB,SB-PB,SB-PB-HMI,NR,0,7
HMK,HINDUMALKOTE,Rajasthan,RJ,SB-RJ,SB-RJ-HMK,NR,0,10
HML,HELEM,Assam,AS,SB-AS,SB-AS-HML,IR,0,6
HMO,Hanumangarhtown,Rajasthan,RJ,SB-RJ,SB-RJ-HMO,NWR,0,18
HMP,HEMPUR,Uttar Pradesh,UP,SB-UP,SB-UP-HMP,IR,0,4
HMPR,HURMUJPUR HALT,Maharashtra,MH,SB-MH,SB-MH-HMPR,CR,0,8
HMQ,HIMMATPURA,Haryana,HR,SB-HR,SB-HR-HMQ,NR,0,4
HMR,HAMIRA,Punjab,PB,SB-PB,SB-PB-HMR,IR,0,5
HMRR,HAMARAPUR,Maharashtra,MH,SB-MH,SB-MH-HMRR,CR,0,16
HMT,HIMMATNAGAR,Gujarat,GJ,SB-GJ,SB-GJ-HMT,WR,0,22
HMY,HARMUTI,Assam,AS,SB-AS,SB-AS-HMY,IR,0,36
HMZ,HIND MOTOR,West Bengal,WB,SB-WB,SB-WB-HMZ,IR,0,234
HN,HATHBANDH,Chhattisgarh,CG,SB-CG,SB-CG-HN,IR,0,14
HNA,Honnavar,Karnataka,KA,SB-KA,SB-KA-HNA,KR,0,16
HNB,Hasanabad,West Bengal,WB,SB-WB,SB-WB-HNB,ER,0,54
HNC,HINDAN CABIN,Uttar Pradesh,UP,SB-UP,SB-UP-HNC,NR,0,0
HND,HINDOL ROAD,Odisha,OD,SB-OD,SB-OD-HND,IR,0,7
HNDR,HENDEGIR,Jharkhand,JH,SB-JH,SB-JH-HNDR,IR,0,8
HNEO,Hathbandh,Uttar Pradesh,UP,SB-UP,SB-UP-HNEO,NR,0,0
HNG,HIRANGAON,Uttar Pradesh,UP,SB-UP,SB-UP-HNG,IR,0,8
HNH,HANUMANAHALLI,Karnataka,KA,SB-KA,SB-KA-HNH,SWR,0,6
HNHL,Harnahalli,Karnataka,KA,SB-KA,SB-KA-HNHL,SWR,0,4
HNK,HANAKERE,Karnataka,KA,SB-KA,SB-KA-HNK,SWR,0,11
HNL,HINGOLI DECCAN,Maharashtra,MH,SB-MH,SB-MH-HNL,SCR,0,56
HNM,HINAUTARAMBAN,Madhya Pradesh,MP,SB-MP,SB-MP-HNM,WCR,0,2
HNMN,HANUMAN STATION,Andhra Pradesh,AP,SB-AP,SB-AP-HNMN,IR,0,4
HNN,HARANA KALAN,Haryana,HR,SB-HR,SB-HR-HNN,IR,0,18
HNPA,HANDAPA,Odisha,OD,SB-OD,SB-OD-HNPA,IR,0,2
HNR,HANSARA,Assam,AS,SB-AS,SB-AS-HNR,IR,0,2
HNS,Hansi,Haryana,HR,SB-HR,SB-HR-HNS,NWR,0,30
HNSL,HASLANG P.H.,Jharkhand,JH,SB-JH,SB-JH-HNSL,IR,0,4
HNU,HANSPURA,Uttar Pradesh,UP,SB-UP,SB-UP-HNU,NR,0,0
HNZM,Delhi Hazrat Nizamuddin,Uttar Pradesh,UP,SB-UP,SB-UP-HNZM,NR,0,0
HOD,HALDITA BIHAR,Bihar,BR,SB-BR,SB-BR-HOD,IR,0,7
HOH,HONAGANAHALLI,Karnataka,KA,SB-KA,SB-KA-HOH,SWR,0,4
HOJ,HAMITONGANJ,West Bengal,WB,SB-WB,SB-WB-HOJ,NFR,0,8
HOL,HOL,Maharashtra,MH,SB-MH,SB-MH-HOL,IR,0,6
HP,HARIPUR,Rajasthan,RJ,SB-RJ,SB-RJ-HP,NWR,0,10
HPA,Hampapura,Karnataka,KA,SB-KA,SB-KA-HPA,SWR,0,6
HPG,HUPPUGUDA,Telangana,TS,SB-TS,SB-TS-HPG,IR,0,55
HPGM,HARIPUR GRAM,Odisha,OD,SB-OD,SB-OD-HPGM,IR,0,14
HPH,HANUMAPURA,Andhra Pradesh,AP,SB-AP,SB-AP-HPH,IR,0,2
HPHI,HARAPANAHALLI,Andhra Pradesh,AP,SB-AP,SB-AP-HPHI,IR,0,8
HPI,Harapatti,Bihar,BR,SB-BR,SB-BR-HPI,?,0,10
HPKA,HINOTIA PIPALKHERA,Madhya Pradesh,MP,SB-MP,SB-MP-HPKA,IR,0,12
HPL,Haripal,West Bengal,WB,SB-WB,SB-WB-HPL,ER,0,81
HPLB,Hatpuraini,Uttar Pradesh,UP,SB-UP,SB-UP-HPLB,NR,0,0
HPLE,Hatpuraini,Bihar,BR,SB-BR,SB-BR-HPLE,ER,0,20
HPM,HAMPAPATNAM,Andhra Pradesh,AP,SB-AP,SB-AP-HPM,IR,0,6
HPO,HASANPUR ROAD,Bihar,BR,SB-BR,SB-BR-HPO,IR,0,32
HPP,HARPALPUR,Madhya Pradesh,MP,SB-MP,SB-MP-HPP,NCR,0,24
HPR,HIRAPUR,Maharashtra,MH,SB-MH,SB-MH-HPR,IR,0,4
HPRD,HAPA ROAD,Gujarat,GJ,SB-GJ,SB-GJ-HPRD,WR,0,4
HPT,Hospet Junction,Karnataka,KA,SB-KA,SB-KA-HPT,SWR,0,59
HPU,HAPUR,Uttar Pradesh,UP,SB-UP,SB-UP-HPU,NR,1,91
HPUR,HAMRAPUR,West Bengal,WB,SB-WB,SB-WB-HPUR,IR,0,11
HQR,HIRENANDURU,Karnataka,KA,SB-KA,SB-KA-HQR,IR,0,5
HR,Harpalu,Rajasthan,RJ,SB-RJ,SB-RJ-HR,NWR,0,10
HRB,HARRI,Chhattisgarh,CG,SB-CG,SB-CG-HRB,IR,0,4
HRBR,HARUBERA,Jharkhand,JH,SB-JH,SB-JH-HRBR,IR,0,4
HRD,Harsud,Madhya Pradesh,MP,SB-MP,SB-MP-HRD,WCR,0,0
HRDR,HARSAR DEHRI,Himachal Pradesh,HP,SB-HP,SB-HP-HRDR,NR,0,10
HRE,HIRODIH,Jharkhand,JH,SB-JH,SB-JH-HRE,IR,0,6
HRF,Hathras Kila,Uttar Pradesh,UP,SB-UP,SB-UP-HRF,NCR,0,4
HRG,Hirdagarh,Madhya Pradesh,MP,SB-MP,SB-MP-HRG,CR,0,8
HRGR,HARNAGAR,Bihar,BR,SB-BR,SB-BR-HRGR,IR,0,6
HRH,HARTHALA,Uttar Pradesh,UP,SB-UP,SB-UP-HRH,IR,0,4
HRI,HARDOI,Uttar Pradesh,UP,SB-UP,SB-UP-HRI,IR,0,77
HRLI,HARLAYA,Rajasthan,RJ,SB-RJ,SB-RJ-HRLI,IR,0,2
HRLT,HARLATANR,Jharkhand,JH,SB-JH,SB-JH-HRLT,IR,0,4
HRM,Hadmadiya,Gujarat,GJ,SB-GJ,SB-GJ-HRM,WR,0,4
HRN,HARAUNI,Uttar Pradesh,UP,SB-UP,SB-UP-HRN,IR,0,13
HRNG,HARPUR NAG HALT,Bihar,BR,SB-BR,SB-BR-HRNG,ECR,0,9
HRNR,HIRA NAGAR,Jammu and Kashmir,JK,SB-JK,SB-JK-HRNR,NR,0,18
HRNS,HARISING,Jharkhand,JH,SB-JH,SB-JH-HRNS,IR,0,2
HRO,Harua Road,West Bengal,WB,SB-WB,SB-WB-HRO,ER,0,56
HRPG,HARPALGANJ,Uttar Pradesh,UP,SB-UP,SB-UP-HRPG,IR,0,6
HRR,HARIHAR,Karnataka,KA,SB-KA,SB-KA-HRR,SWR,0,54
HRS,Hathras Junction,Uttar Pradesh,UP,SB-UP,SB-UP-HRS,IR,0,38
HRSB,HILLAR SHAHABAD HALT,Jammu and Kashmir,JK,SB-JK,SB-JK-HRSB,IR,0,12
HRSG,HARSINGRA HALT,Bihar,BR,SB-BR,SB-BR-HRSG,IR,0,2
HRSN,HARISINGA,Assam,AS,SB-AS,SB-AS-HRSN,IR,0,10
HRSR,Harish Nagar Halt,West Bengal,WB,SB-WB,SB-WB-HRSR,ER,0,46
HRT,Harnaut,Bihar,BR,SB-BR,SB-BR-HRT,ECR,0,20
HRTK,,Mizoram,MZ,SB-MZ,SB-MZ-HRTK,IR,0,2
HRV,HARRAD,Madhya Pradesh,MP,SB-MP,SB-MP-HRV,SECR,0,10
HRW,HARRAWALA,Uttarakhand,UK,SB-UK,SB-UK-HRW,NR,0,5
HSA,HASIMARA,West Bengal,WB,SB-WB,SB-WB-HSA,NFR,0,26
HSB,Hasanbazar Halt,Bihar,BR,SB-BR,SB-BR-HSB,ECR,0,6
HSD,HOSDURGA ROAD,Karnataka,KA,SB-KA,SB-KA-HSD,SWR,0,14
HSDA,Hansdiha,Bihar,BR,SB-BR,SB-BR-HSDA,IR,0,48
HSI,HARSAULI,Rajasthan,RJ,SB-RJ,SB-RJ-HSI,NWR,0,10
HSJ,HUSSAIN SAGAR J,Uttar Pradesh,UP,SB-UP,SB-UP-HSJ,NR,0,0
HSK,HARISHANKER RD,Chhattisgarh,CG,SB-CG,SB-CG-HSK,IR,0,16
HSL,HISVAHAL,Uttar Pradesh,UP,SB-UP,SB-UP-HSL,NR,0,0
HSM,HAUSNAGAR,Uttar Pradesh,UP,SB-UP,SB-UP-HSM,NR,0,0
HSP,HASANPARTHI RD,Telangana,TS,SB-TS,SB-TS-HSP,IR,0,7
HSQ,HUSAINPUR,Punjab,PB,SB-PB,SB-PB-HSQ,NR,0,20
HSR,Hisar,Haryana,HR,SB-HR,SB-HR-HSR,NWR,0,80
HSRA,Hosur,Tamil Nadu,TN,SB-TN,SB-TN-HSRA,SWR,0,34
HSWS,Hansiawas,Rajasthan,RJ,SB-RJ,SB-RJ-HSWS,NWR,0,6
HSX,Hoshiarpur,Punjab,PB,SB-PB,SB-PB-HSX,NR,0,14
HSY,HARSINGPUR GOBA,Uttar Pradesh,UP,SB-UP,SB-UP-HSY,IR,0,6
HT,Hotar,West Bengal,WB,SB-WB,SB-WB-HT,ER,0,64
HTA,Hatighisa,Uttar Pradesh,UP,SB-UP,SB-UP-HTA,NR,0,0
HTC,Hathras City,Uttar Pradesh,UP,SB-UP,SB-UP-HTC,IR,0,56
HTCY,HITECH CITY,Telangana,TS,SB-TS,SB-TS-HTCY,IR,0,62
HTD,HATUNDI,Rajasthan,RJ,SB-RJ,SB-RJ-HTD,NWR,0,2
HTE,HATIA,Jharkhand,JH,SB-JH,SB-JH-HTE,IR,0,69
HTGR,HATHIGADH,Gujarat,GJ,SB-GJ,SB-GJ-HTGR,WR,0,4
HTJ,Hathras Qilla,Uttar Pradesh,UP,SB-UP,SB-UP-HTJ,IR,0,14
HTK,HATKANAGALE,Maharashtra,MH,SB-MH,SB-MH-HTK,CR,0,27
HTL,Hatikhali,Assam,AS,SB-AS,SB-AS-HTL,NFR,0,2
HTLA,HATOLA,Maharashtra,MH,SB-MH,SB-MH-HTLA,IR,0,2
HTN,HATNA PUR,Madhya Pradesh,MP,SB-MP,SB-MP-HTN,IR,0,4
HTNL,HITNAL,Karnataka,KA,SB-KA,SB-KA-HTNL,SWR,0,6
HTT,HATRA ROAD,Maharashtra,MH,SB-MH,SB-MH-HTT,IR,0,18
HTW,Hathua,Bihar,BR,SB-BR,SB-BR-HTW,NER,0,14
HTZ,Hathidah Junction,Bihar,BR,SB-BR,SB-BR-HTZ,IR,0,54
HTZU,HATHIDAH UPPER,Bihar,BR,SB-BR,SB-BR-HTZU,IR,0,17
HUD,HUDUKULA,Karnataka,KA,SB-KA,SB-KA-HUD,IR,0,6
HUDU,HUNDUR HALT,Jharkhand,JH,SB-JH,SB-JH-HUDU,IR,0,4
HUFP,HARAULI FATEHPUR,Bihar,BR,SB-BR,SB-BR-HUFP,ECR,0,4
HUK,Holambi Kalan,Delhi,DL,SB-DL,SB-DL-HUK,NR,0,18
HUN,Hunsenahalli,Karnataka,KA,SB-KA,SB-KA-HUN,IR,0,4
HUP,Hindupur,Andhra Pradesh,AP,SB-AP,SB-AP-HUP,IR,0,95
HVD,HALVAD,Gujarat,GJ,SB-GJ,SB-GJ-HVD,IR,0,11
HVL,HONNAVALLI ROAD,Karnataka,KA,SB-KA,SB-KA-HVL,SWR,0,10
HVM,HAMSAVARAM,Uttar Pradesh,UP,SB-UP,SB-UP-HVM,NR,0,0
HVR,HAVERI,Karnataka,KA,SB-KA,SB-KA-HVR,SWR,0,72
HW,Haridwar Junction,Uttarakhand,UK,SB-UK,SB-UK-HW,NR,0,109
HWH,Howrah,West Bengal,WB,SB-WB,SB-WB-HWH,ER,1,721
HWHG,HOWRAH GOODS,Uttar Pradesh,UP,SB-UP,SB-UP-HWHG,NR,0,0
HWR,HATWAR,Bihar,BR,SB-BR,SB-BR-HWR,IR,0,4
HWT,Hanwant,Rajasthan,RJ,SB-RJ,SB-RJ-HWT,NWR,0,12
HWX,Habaipur,Assam,AS,SB-AS,SB-AS-HWX,NFR,0,4
HX,Cuddapah,Andhra Pradesh,AP,SB-AP,SB-AP-HX,IR,1,83
HXR,HANSAPORE,Uttar Pradesh,UP,SB-UP,SB-UP-HXR,NR,0,0
HYA,HADIAYA,Punjab,PB,SB-PB,SB-PB-HYA,NR,0,5
HYB,Hyderabad DeccanNampally,Telangana,TS,SB-TS,SB-TS-HYB,SCR,0,67
HYG,Hooghly Ghat,West Bengal,WB,SB-WB,SB-WB-HYG,IR,0,44
HYL,Hadyal,Rajasthan,RJ,SB-RJ,SB-RJ-HYL,NWR,0,10
HYT,HAIAGHAT,Bihar,BR,SB-BR,SB-BR-HYT,IR,0,28
HZBN,HAZARIBAGH TOWN,Jharkhand,JH,SB-JH,SB-JH-HZBN,IR,0,12
HZD,Hazaribagh Road,Jharkhand,JH,SB-JH,SB-JH-HZD,IR,1,42
HZN,Hazrat Nagar Halt,Uttar Pradesh,UP,SB-UP,SB-UP-HZN,NR,0,0
HZR,Hafizpur,Uttar Pradesh,UP,SB-UP,SB-UP-HZR,NR,0,6
IAA,INDARA JN,Uttar Pradesh,UP,SB-UP,SB-UP-IAA,IR,0,32
IAM,Mai Halt,Bihar,BR,SB-BR,SB-BR-IAM,?,0,12
IB,IB,Odisha,OD,SB-OD,SB-OD-IB,IR,0,8
IBH1,IBH1,Uttar Pradesh,UP,SB-UP,SB-UP-IBH1,NR,0,0
IBH2,IBH2,Uttar Pradesh,UP,SB-UP,SB-UP-IBH2,NR,0,0
IBH3,IBH3,Uttar Pradesh,UP,SB-UP,SB-UP-IBH3,NR,0,0
IBH4,IBH4,Uttar Pradesh,UP,SB-UP,SB-UP-IBH4,NR,0,0
IBH5,IBH5,Uttar Pradesh,UP,SB-UP,SB-UP-IBH5,NR,0,0
IBH6,IBH6,Uttar Pradesh,UP,SB-UP,SB-UP-IBH6,NR,0,0
IBHA,Ibha,Uttar Pradesh,UP,SB-UP,SB-UP-IBHA,NR,0,0
IBHC,Ibhc,Uttar Pradesh,UP,SB-UP,SB-UP-IBHC,NR,0,0
IBHD,Ibhd,Uttar Pradesh,UP,SB-UP,SB-UP-IBHD,NR,0,0
IBHE,Ibhe,Uttar Pradesh,UP,SB-UP,SB-UP-IBHE,NR,0,0
IBHF,Ibhf,Uttar Pradesh,UP,SB-UP,SB-UP-IBHF,NR,0,0
IBHG,Ibhg,Uttar Pradesh,UP,SB-UP,SB-UP-IBHG,NR,0,0
IBHH,Ibhh,Uttar Pradesh,UP,SB-UP,SB-UP-IBHH,NR,0,0
IBL,INDRABIL,West Bengal,WB,SB-WB,SB-WB-IBL,SER,0,24
ICBN,Icbn,Uttar Pradesh,UP,SB-UP,SB-UP-ICBN,NR,0,0
ICG,ICHCHANGADU,Tamil Nadu,TN,SB-TN,SB-TN-ICG,IR,0,4
ICGH,ICHANGADU HALT,Tamil Nadu,TN,SB-TN,SB-TN-ICGH,IR,0,4
ICL,Ichauli,Uttar Pradesh,UP,SB-UP,SB-UP-ICL,NCR,0,4
ICP,ICHCHIPUTTUR,Uttar Pradesh,UP,SB-UP,SB-UP-ICP,NR,0,0
IDAR,Idar,Gujarat,GJ,SB-GJ,SB-GJ-IDAR,WR,0,2
IDG,INDARGARH,Rajasthan,RJ,SB-RJ,SB-RJ-IDG,IR,0,39
IDGH,INDARGARH,Uttar Pradesh,UP,SB-UP,SB-UP-IDGH,NR,0,0
IDGJ,IRADATGANJ,Uttar Pradesh,UP,SB-UP,SB-UP-IDGJ,NCR,0,4
IDH,Idgah Agra Junction,Uttar Pradesh,UP,SB-UP,SB-UP-IDH,IR,0,90
IDJ,IDALHOND,Karnataka,KA,SB-KA,SB-KA-IDJ,SWR,0,2
IDL,INDALVAI,Andhra Pradesh,AP,SB-AP,SB-AP-IDL,SCR,0,8
IDM,Indemau,Uttar Pradesh,UP,SB-UP,SB-UP-IDM,NR,0,4
IDP,INDUPALLI,Andhra Pradesh,AP,SB-AP,SB-AP-IDP,SCR,0,14
IDR,INDI ROAD,Karnataka,KA,SB-KA,SB-KA-IDR,SWR,0,18
IDS,Ishardaspur,Uttar Pradesh,UP,SB-UP,SB-UP-IDS,IR,0,4
IDT,Sidlaghatta,Karnataka,KA,SB-KA,SB-KA-IDT,IR,0,4
IFCO,IFFCO CABIN,Uttar Pradesh,UP,SB-UP,SB-UP-IFCO,NR,0,0
IFFC,Iffco Cabin,Uttar Pradesh,UP,SB-UP,SB-UP-IFFC,NR,0,0
IGL,IRINGAL,Kerala,KL,SB-KL,SB-KL-IGL,SR,0,4
IGP,Igatpuri,Maharashtra,MH,SB-MH,SB-MH-IGP,IR,1,61
IGPX,IGPX,Uttar Pradesh,UP,SB-UP,SB-UP-IGPX,NR,0,0
IGR,INGUR,Tamil Nadu,TN,SB-TN,SB-TN-IGR,IR,0,6
IGRL,INGORALA,Gujarat,GJ,SB-GJ,SB-GJ-IGRL,IR,0,4
IGTA,Ingohta,Uttar Pradesh,UP,SB-UP,SB-UP-IGTA,NCR,0,4
IGU,Irugur(Coimbatore),Tamil Nadu,TN,SB-TN,SB-TN-IGU,IR,0,10
IHP,Inchhapuri,Haryana,HR,SB-HR,SB-HR-IHP,NR,0,25
IJ,ITAUNJA,Uttar Pradesh,UP,SB-UP,SB-UP-IJ,NER,0,8
IJK,Irinjalakuda,Kerala,KL,SB-KL,SB-KL-IJK,IR,0,45
IK,IKRAN,Rajasthan,RJ,SB-RJ,SB-RJ-IK,IR,0,10
IKC,IKARCHALA,Uttar Pradesh,UP,SB-UP,SB-UP-IKC,NR,0,0
IKD,Ikdori,Madhya Pradesh,MP,SB-MP,SB-MP-IKD,NCR,0,0
IKI,ITKYALA,Andhra Pradesh,AP,SB-AP,SB-AP-IKI,IR,0,7
IKK,IKKAR,Uttarakhand,UK,SB-UK,SB-UK-IKK,NR,0,5
IKR,Iklehra,Madhya Pradesh,MP,SB-MP,SB-MP-IKR,CR,0,6
IKRA,IKRA JN,West Bengal,WB,SB-WB,SB-WB-IKRA,IR,0,2
ILA,SILSIMAN,Tamil Nadu,TN,SB-TN,SB-TN-ILA,SR,0,6
ILO,ILLOO,Jharkhand,JH,SB-JH,SB-JH-ILO,IR,0,4
IMAM,IMAMPURAM,Andhra Pradesh,AP,SB-AP,SB-AP-IMAM,IR,0,4
IMBG,Imlibigha Halt,Bihar,BR,SB-BR,SB-BR-IMBG,IR,0,6
IMGE,ISMAILPUR,Bihar,BR,SB-BR,SB-BR-IMGE,IR,0,12
IMLI,IMLI,Bihar,BR,SB-BR,SB-BR-IMLI,IR,0,14
IMR,IBRAHIMPUR,Karnataka,KA,SB-KA,SB-KA-IMR,SWR,0,10
INCI,ISHAN CHANDI HALT,West Bengal,WB,SB-WB,SB-WB-INCI,IR,0,9
INDB,Indore Junction (BG),Madhya Pradesh,MP,SB-MP,SB-MP-INDB,WR,0,122
INDM,Indore Junction (MG),Madhya Pradesh,MP,SB-MP,SB-MP-INDM,WR,0,0
INDR,Indira Nagar,Tamil Nadu,TN,SB-TN,SB-TN-INDR,SR,0,92
INDRG,INDRG,Uttar Pradesh,UP,SB-UP,SB-UP-INDRG,NR,0,0
INJ,INNANJE,Karnataka,KA,SB-KA,SB-KA-INJ,IR,0,2
INK,INTAKANNE,Andhra Pradesh,AP,SB-AP,SB-AP-INK,SCR,0,6
INP,Indapur,Maharashtra,MH,SB-MH,SB-MH-INP,KR,0,8
INS,INDAS,West Bengal,WB,SB-WB,SB-WB-INS,IR,0,11
IP,ICHHAPUR,West Bengal,WB,SB-WB,SB-WB-IP,IR,0,185
IPG,IPPUGUDA,Telangana,TS,SB-TS,SB-TS-IPG,IR,0,1
IPL,EDAPPALLY,Kerala,KL,SB-KL,SB-KL-IPL,IR,0,17
IPM,ICHCHPURAM,Andhra Pradesh,AP,SB-AP,SB-AP-IPM,ECOR,1,55
IPPM,IPURUPALEM,Andhra Pradesh,AP,SB-AP,SB-AP-IPPM,IR,0,8
IPPN,IPURUPALEM HALT,Uttar Pradesh,UP,SB-UP,SB-UP-IPPN,NR,0,0
IPR,Islampur,Bihar,BR,SB-BR,SB-BR-IPR,ECR,0,14
IPRA,ISLAMPARA HALT,West Bengal,WB,SB-WB,SB-WB-IPRA,IR,0,23
IQB,IQBALPUR,Uttarakhand,UK,SB-UK,SB-UK-IQB,IR,0,6
IQG,IQBAL GADH,Gujarat,GJ,SB-GJ,SB-GJ-IQG,NWR,0,4
IRA,ISRANA,Haryana,HR,SB-HR,SB-HR-IRA,NR,0,10
IRN,Irgaon,Jharkhand,JH,SB-JH,SB-JH-IRN,SER,0,7
IRP,IRAVIPURAM,Kerala,KL,SB-KL,SB-KL-IRP,IR,0,8
ISA,ISARDA,Rajasthan,RJ,SB-RJ,SB-RJ-ISA,IR,0,14
ISH,ISARWARA,Madhya Pradesh,MP,SB-MP,SB-MP-ISH,IR,0,10
ISHN,ISHANAGAR,Madhya Pradesh,MP,SB-MP,SB-MP-ISHN,IR,0,8
ISM,Ismaila Haryana,Haryana,HR,SB-HR,SB-HR-ISM,NR,0,16
ISRI,ISHAPUR KHERI HALT,Haryana,HR,SB-HR,SB-HR-ISRI,IR,0,6
ITA,ITOLA,Gujarat,GJ,SB-GJ,SB-GJ-ITA,IR,0,12
ITE,Intiyathok,Uttar Pradesh,UP,SB-UP,SB-UP-ITE,NER,0,4
ITKL,ITAYAKALAN,Uttar Pradesh,UP,SB-UP,SB-UP-ITKL,NR,0,0
ITKY,Itky,Jharkhand,JH,SB-JH,SB-JH-ITKY,SER,0,8
ITMA,ITARSI MARSHALING YARD,Uttar Pradesh,UP,SB-UP,SB-UP-ITMA,NR,0,0
ITR,Itwari,Maharashtra,MH,SB-MH,SB-MH-ITR,IR,0,0
ITRN,Itwari Jn (Ng),Uttar Pradesh,UP,SB-UP,SB-UP-ITRN,NR,0,0
IVL,ILAVELANGAL,Tamil Nadu,TN,SB-TN,SB-TN-IVL,SR,0,0
IZN,IZZATNAGAR,Uttar Pradesh,UP,SB-UP,SB-UP-IZN,NER,0,58
J,JALNA,Maharashtra,MH,SB-MH,SB-MH-J,SCR,0,73
JA,JALIYA,Gujarat,GJ,SB-GJ,SB-GJ-JA,WR,0,8
JAA,Jhalida,West Bengal,WB,SB-WB,SB-WB-JAA,IR,0,42
JAB,Yamuna,Uttar Pradesh,UP,SB-UP,SB-UP-JAB,IR,0,16
JAC,JALSU,Rajasthan,RJ,SB-RJ,SB-RJ-JAC,IR,0,10
JACN,JALSU NANAK,Rajasthan,RJ,SB-RJ,SB-RJ-JACN,IR,0,8
JADR,Jadar,Gujarat,GJ,SB-GJ,SB-GJ-JADR,WR,0,0
JAG,JALARGARH,Bihar,BR,SB-BR,SB-BR-JAG,IR,0,14
JAIS,Jais,Uttar Pradesh,UP,SB-UP,SB-UP-JAIS,IR,0,21
JAJ,Jhajha,Bihar,BR,SB-BR,SB-BR-JAJ,IR,1,152
JAK,Jakanur,Karnataka,KA,SB-KA,SB-KA-JAK,SWR,0,0
JAKA,JUNAKHERA,Rajasthan,RJ,SB-RJ,SB-RJ-JAKA,IR,0,8
JAL,JAWALI,Rajasthan,RJ,SB-RJ,SB-RJ-JAL,NWR,0,4
JALD,JALIYA DEVANI,Gujarat,GJ,SB-GJ,SB-GJ-JALD,WR,0,4
JAM,Jamnagar,Gujarat,GJ,SB-GJ,SB-GJ-JAM,WR,0,65
JAMA,Jama,Jharkhand,JH,SB-JH,SB-JH-JAMA,ER,0,8
JAN,JARANGDIH,Jharkhand,JH,SB-JH,SB-JH-JAN,ECR,0,6
JAO,JAORA,Madhya Pradesh,MP,SB-MP,SB-MP-JAO,WR,0,32
JAPN,JHALRAPATAN,Rajasthan,RJ,SB-RJ,SB-RJ-JAPN,IR,0,8
JAQ,JANDRAPETA,Andhra Pradesh,AP,SB-AP,SB-AP-JAQ,IR,0,8
JAR,Junair Halt,Bihar,BR,SB-BR,SB-BR-JAR,IR,0,6
JARI,Jari,Gujarat,GJ,SB-GJ,SB-GJ-JARI,NWR,0,4
JASH,JORASHANKH HALT,Jharkhand,JH,SB-JH,SB-JH-JASH,IR,0,4
JAT,Jammu Tawi,Jammu and Kashmir,JK,SB-JK,SB-JK-JAT,NR,0,116
JATP,JAITPURA,Uttar Pradesh,UP,SB-UP,SB-UP-JATP,IR,0,2
JAU,JHAUA,Bihar,BR,SB-BR,SB-BR-JAU,IR,0,8
JAUA,JAMUA,Jharkhand,JH,SB-JH,SB-JH-JAUA,IR,0,8
JBB,Jambur,Gujarat,GJ,SB-GJ,SB-GJ-JBB,WR,0,4
JBCN,Joda Block Cabin,Uttar Pradesh,UP,SB-UP,SB-UP-JBCN,NR,0,0
JBD,Jalalabad,Punjab,PB,SB-PB,SB-PB-JBD,NR,0,14
JBG,JUNG BAHADURGNJ,Uttar Pradesh,UP,SB-UP,SB-UP-JBG,IR,0,4
JBGD,JABBALGUDDA,Karnataka,KA,SB-KA,SB-KA-JBGD,IR,0,6
JBK,JAGGAMBOTLA KRISHNAPURAM,Andhra Pradesh,AP,SB-AP,SB-AP-JBK,IR,0,5
JBN,Jogbani,Bihar,BR,SB-BR,SB-BR-JBN,IR,0,30
JBO,Jamadobu,Jharkhand,JH,SB-JH,SB-JH-JBO,SER,0,10
JBP,Jabalpur,Madhya Pradesh,MP,SB-MP,SB-MP-JBP,WCR,1,268
JBPN,Jabalpur Jn (Ng),Uttar Pradesh,UP,SB-UP,SB-UP-JBPN,NR,0,0
JBR,JAHANGIRABAD ROAD,Uttar Pradesh,UP,SB-UP,SB-UP-JBR,IR,0,2
JBS,Jadoli Ka Bas,Rajasthan,RJ,SB-RJ,SB-RJ-JBS,NCR,0,8
JBU,Jabugam,Gujarat,GJ,SB-GJ,SB-GJ-JBU,WR,0,10
JBW,Jhabelwali,Punjab,PB,SB-PB,SB-PB-JBW,NR,0,9
JBX,JABRI,Madhya Pradesh,MP,SB-MP,SB-MP-JBX,IR,0,4
JCH,JETHA CHANDAN,Rajasthan,RJ,SB-RJ,SB-RJ-JCH,NWR,0,2
JCL,Jadcherla,Telangana,TS,SB-TS,SB-TS-JCL,IR,0,38
JCN,Junichavand,Gujarat,GJ,SB-GJ,SB-GJ-JCN,WR,0,10
JCNR,JUCHANDRA,Maharashtra,MH,SB-MH,SB-MH-JCNR,CR,0,16
JCU,JAICHOLI,Rajasthan,RJ,SB-RJ,SB-RJ-JCU,WCR,0,6
JCY,JIND CITY,Haryana,HR,SB-HR,SB-HR-JCY,NR,0,14
JDA,JASODA,Uttar Pradesh,UP,SB-UP,SB-UP-JDA,IR,0,10
JDB,Jagdalpur,Chhattisgarh,CG,SB-CG,SB-CG-JDB,ECOR,0,10
JDD,Jerthi Dadhia,Rajasthan,RJ,SB-RJ,SB-RJ-JDD,NWR,0,4
JDDA,JATHA,Chhattisgarh,CG,SB-CG,SB-CG-JDDA,IR,0,7
JDGP,JAMALDAHA GOPALPUR,West Bengal,WB,SB-WB,SB-WB-JDGP,IR,0,4
JDH,Jam Jodhpur Junction,Rajasthan,RJ,SB-RJ,SB-RJ-JDH,WR,0,12
JDHH,JANDHERA HALT,Uttar Pradesh,UP,SB-UP,SB-UP-JDHH,IR,0,8
JDI,JHARRADIH,Chhattisgarh,CG,SB-CG,SB-CG-JDI,IR,0,8
JDL,Jagaddal,West Bengal,WB,SB-WB,SB-WB-JDL,NWR,0,4
JDN,JAGUDAN,Gujarat,GJ,SB-GJ,SB-GJ-JDN,WR,0,6
JDNF,Jagudan,Uttar Pradesh,UP,SB-UP,SB-UP-JDNF,NR,0,0
JDNM,JAGUDAN,Uttar Pradesh,UP,SB-UP,SB-UP-JDNM,NR,0,0
JDNX,Joginder Nagar,Himachal Pradesh,HP,SB-HP,SB-HP-JDNX,NR,0,2
JDP,Jadabpur,West Bengal,WB,SB-WB,SB-WB-JDP,ER,0,235
JDPR,Jagdishpur,Jharkhand,JH,SB-JH,SB-JH-JDPR,?,0,4
JDPT,Jagdishpur,Bihar,BR,SB-BR,SB-BR-JDPT,IR,0,16
JDR,JIWDHARA,Bihar,BR,SB-BR,SB-BR-JDR,ECR,0,13
JDW,JARAUDA NARA,Uttar Pradesh,UP,SB-UP,SB-UP-JDW,NR,0,5
JEA,Nakaha Jungle,Uttar Pradesh,UP,SB-UP,SB-UP-JEA,NER,0,24
JEN,JENAPUR,Odisha,OD,SB-OD,SB-OD-JEN,IR,0,14
JEP,JEONATHPUR,Uttar Pradesh,UP,SB-UP,SB-UP-JEP,IR,0,4
JER,Jaleswar,Odisha,OD,SB-OD,SB-OD-JER,IR,1,56
JERD,JENAPUR PH,Uttar Pradesh,UP,SB-UP,SB-UP-JERD,NR,0,0
JES,Jaitsar,Rajasthan,RJ,SB-RJ,SB-RJ-JES,IR,0,17
JET,JAMES STREET,Telangana,TS,SB-TS,SB-TS-JET,IR,0,45
JEUR,Jeur,Maharashtra,MH,SB-MH,SB-MH-JEUR,IR,1,25
JFD,JIADHAL,Assam,AS,SB-AS,SB-AS-JFD,IR,0,2
JFG,JAFARGANJ,Uttar Pradesh,UP,SB-UP,SB-UP-JFG,NR,0,0
JGA,JOGIARA,Bihar,BR,SB-BR,SB-BR-JGA,IR,0,17
JGBR,JOGESHWAR BIHAR,Jharkhand,JH,SB-JH,SB-JH-JGBR,IR,0,6
JGD,Jagadishpur,Jharkhand,JH,SB-JH,SB-JH-JGD,ER,0,12
JGDL,JAGADAL,West Bengal,WB,SB-WB,SB-WB-JGDL,IR,0,156
JGE,JAGANNATH TEMPLE GATE,Kerala,KL,SB-KL,SB-KL-JGE,SR,0,7
JGF,JOGIDIH,Uttar Pradesh,UP,SB-UP,SB-UP-JGF,IR,0,4
JGG,JANGIGANJ,Uttar Pradesh,UP,SB-UP,SB-UP-JGG,NER,0,8
JGJ,JAGESHARGANJ,Uttar Pradesh,UP,SB-UP,SB-UP-JGJ,IR,0,2
JGJN,Jugijan,Assam,AS,SB-AS,SB-AS-JGJN,NFR,0,4
JGKS,JIGNI KHAS,Rajasthan,RJ,SB-RJ,SB-RJ-JGKS,IR,0,4
JGLP,JATINGA LUMPUR,Assam,AS,SB-AS,SB-AS-JGLP,IR,0,2
JGM,Jhargram,West Bengal,WB,SB-WB,SB-WB-JGM,IR,1,43
JGN,Jagraon,Punjab,PB,SB-PB,SB-PB-JGN,NR,0,22
JGNR,Jogendranagar,Tripura,TR,SB-TR,SB-TR-JGNR,NFR,0,6
JGP,Jalalpur,Maharashtra,MH,SB-MH,SB-MH-JGP,IR,0,8
JGR,JASWANTNAGAR,Uttar Pradesh,UP,SB-UP,SB-UP-JGR,IR,0,9
JGW,JOGIWALA,Punjab,PB,SB-PB,SB-PB-JGW,NR,0,16
JGWL,JAGJIVAN HALT,Bihar,BR,SB-BR,SB-BR-JGWL,IR,0,7
JGX,JARIAGARH,Uttar Pradesh,UP,SB-UP,SB-UP-JGX,NR,0,0
JGZ,Jamgaon,Madhya Pradesh,MP,SB-MP,SB-MP-JGZ,SECR,0,6
JHA,JAKHAURA,Madhya Pradesh,MP,SB-MP,SB-MP-JHA,IR,0,4
JHBN,JHAMATPUR BAHARAN,West Bengal,WB,SB-WB,SB-WB-JHBN,ER,0,27
JHD,Jehanabad,Bihar,BR,SB-BR,SB-BR-JHD,ECR,0,47
JHDC,Jehanabad Court,Bihar,BR,SB-BR,SB-BR-JHDC,ECR,0,22
JHG,JHINGURA,Uttar Pradesh,UP,SB-UP,SB-UP-JHG,IR,0,6
JHH,JHALRA HALT,Uttar Pradesh,UP,SB-UP,SB-UP-JHH,IR,0,2
JHIR,JHIR,Rajasthan,RJ,SB-RJ,SB-RJ-JHIR,IR,0,4
JHJ,JHAJJAR,Haryana,HR,SB-HR,SB-HR-JHJ,IR,0,10
JHK,JETHUKE,Punjab,PB,SB-PB,SB-PB-JHK,NR,0,7
JHL,Jakhal Junction,Haryana,HR,SB-HR,SB-HR-JHL,NR,0,70
JHMR,JHIMRI,Jharkhand,JH,SB-JH,SB-JH-JHMR,IR,0,4
JHN,JAKHIM,Bihar,BR,SB-BR,SB-BR-JHN,IR,0,20
JHP,JUHJARPUR,Uttar Pradesh,UP,SB-UP,SB-UP-JHP,NR,0,0
JHS,Jhansi Junction,Uttar Pradesh,UP,SB-UP,SB-UP-JHS,IR,0,0
JHSA,JHANSI A CABIN,Uttar Pradesh,UP,SB-UP,SB-UP-JHSA,NR,0,0
JHT,JUNEHTA,Madhya Pradesh,MP,SB-MP,SB-MP-JHT,WCR,0,4
JHW,JHALAWAR ROAD,Rajasthan,RJ,SB-RJ,SB-RJ-JHW,IR,0,13
JHWR,Jhawar,Punjab,PB,SB-PB,SB-PB-JHWR,NR,0,12
JI,JHUSI,Uttar Pradesh,UP,SB-UP,SB-UP-JI,NER,0,12
JIA,JIGNA,Uttar Pradesh,UP,SB-UP,SB-UP-JIA,IR,0,6
JIBI,JOLAIBARI,Tripura,TR,SB-TR,SB-TR-JIBI,IR,0,10
JID,Jagiroad,Assam,AS,SB-AS,SB-AS-JID,NFR,0,52
JIGT,Jirighat,Assam,AS,SB-AS,SB-AS-JIGT,NFR,0,2
JIL,JALILA ROAD,Gujarat,GJ,SB-GJ,SB-GJ-JIL,WR,0,6
JIND,Jind Junction,Haryana,HR,SB-HR,SB-HR-JIND,NR,0,85
JIR,JIRA ROAD,Gujarat,GJ,SB-GJ,SB-GJ-JIR,WR,0,4
JIT,JIRAT,West Bengal,WB,SB-WB,SB-WB-JIT,ER,0,44
JITE,JITE,Maharashtra,MH,SB-MH,SB-MH-JITE,IR,0,20
JJ,JAJAU,Rajasthan,RJ,SB-RJ,SB-RJ-JJ,IR,0,6
JJA,JAJAN PATTI,Rajasthan,RJ,SB-RJ,SB-RJ-JJA,WCR,0,6
JJBR,JHANJHARPUR BAZAR HA,Bihar,BR,SB-BR,SB-BR-JJBR,IR,0,4
JJG,JiaGanj,West Bengal,WB,SB-WB,SB-WB-JJG,ER,0,36
JJJ,Jaijon Doaba,Punjab,PB,SB-PB,SB-PB-JJJ,NR,0,2
JJK,JHINJHAK,Uttar Pradesh,UP,SB-UP,SB-UP-JJK,IR,0,33
JJKR,Jajpur Kheonjhar Road,Odisha,OD,SB-OD,SB-OD-JJKR,IR,1,150
JJN,Jhunjhunu,Rajasthan,RJ,SB-RJ,SB-RJ-JJN,NWR,0,28
JJP,Jhanjharpur,Bihar,BR,SB-BR,SB-BR-JJP,?,0,30
JJPR,Jhanjharpur Bazar Halt,Bihar,BR,SB-BR,SB-BR-JJPR,?,0,0
JJR,JEJURI,Maharashtra,MH,SB-MH,SB-MH-JJR,CR,0,19
JJT,JAI JAI WANTI,Haryana,HR,SB-HR,SB-HR-JJT,NR,0,14
JJTI,JHANJHITOLI HALT,Jharkhand,JH,SB-JH,SB-JH-JJTI,IR,0,4
JJW,Jojwa,Gujarat,GJ,SB-GJ,SB-GJ-JJW,WR,0,10
JK,Jakolari,Punjab,PB,SB-PB,SB-PB-JK,NR,0,12
JKA,JAKHVADA,Gujarat,GJ,SB-GJ,SB-GJ-JKA,IR,0,2
JKAR,JAKLAIR,Karnataka,KA,SB-KA,SB-KA-JKAR,IR,0,2
JKB,Jakhalabandha,Assam,AS,SB-AS,SB-AS-JKB,NFR,0,8
JKDK,JHARKHAND DHAM,Jharkhand,JH,SB-JH,SB-JH-JKDK,IR,0,4
JKDP,JANKIDAIPUR,Odisha,OD,SB-OD,SB-OD-JKDP,IR,0,14
JKE,JUKEHI,Madhya Pradesh,MP,SB-MP,SB-MP-JKE,WCR,0,14
JKH,JAHANIKHERA,Uttar Pradesh,UP,SB-UP,SB-UP-JKH,IR,0,4
JKHI,Jakhod Khera,Haryana,HR,SB-HR,SB-HR-JKHI,NWR,0,9
JKI,Kauriaa Jungle,Uttar Pradesh,UP,SB-UP,SB-UP-JKI,?,0,10
JKL,Jalal Khali,West Bengal,WB,SB-WB,SB-WB-JKL,?,0,27
JKM,JANKAMPET JN,Andhra Pradesh,AP,SB-AP,SB-AP-JKM,SCR,0,10
JKN,Jakhania,Uttar Pradesh,UP,SB-UP,SB-UP-JKN,NER,0,24
JKNI,Jharkhandi,Uttar Pradesh,UP,SB-UP,SB-UP-JKNI,NER,0,14
JKO,JAKKALACHERUVU,Andhra Pradesh,AP,SB-AP,SB-AP-JKO,IR,0,2
JKP,JHAREKAPUR,Uttar Pradesh,UP,SB-UP,SB-UP-JKP,NER,0,8
JKPR,JAKHAPURA,Odisha,OD,SB-OD,SB-OD-JKPR,IR,0,24
JKR,JAULKHERA,Madhya Pradesh,MP,SB-MP,SB-MP-JKR,IR,0,4
JKS,Jaksi,Gujarat,GJ,SB-GJ,SB-GJ-JKS,WR,0,4
JKT,JEKOT,Gujarat,GJ,SB-GJ,SB-GJ-JKT,IR,0,8
JKZ,Jitakheri,Haryana,HR,SB-HR,SB-HR-JKZ,?,0,12
JL,Jalgaon Junction,Maharashtra,MH,SB-MH,SB-MH-JL,IR,1,192
JLBR,JHALLURBAR,West Bengal,WB,SB-WB,SB-WB-JLBR,IR,0,22
JLD,JARWAL ROAD,Uttar Pradesh,UP,SB-UP,SB-UP-JLD,IR,0,21
JLF,JULMI,Rajasthan,RJ,SB-RJ,SB-RJ-JLF,IR,0,6
JLG,JULGAON DECCAN,Maharashtra,MH,SB-MH,SB-MH-JLG,IR,0,4
JLHI,JHILAHI,Uttar Pradesh,UP,SB-UP,SB-UP-JLHI,IR,0,4
JLI,JALASI PH,West Bengal,WB,SB-WB,SB-WB-JLI,IR,0,22
JLL,JALALGANJ,Uttar Pradesh,UP,SB-UP,SB-UP-JLL,IR,0,14
JLLO,Jhilo,Rajasthan,RJ,SB-RJ,SB-RJ-JLLO,NWR,0,8
JLM,JALIYA MATH,Gujarat,GJ,SB-GJ,SB-GJ-JLM,WR,0,4
JLN,JAKHALAUN,Madhya Pradesh,MP,SB-MP,SB-MP-JLN,IR,0,4
JLPH,JALALPUR HALT,Bihar,BR,SB-BR,SB-BR-JLPH,IR,0,4
JLQ,JALPUR,Uttar Pradesh,UP,SB-UP,SB-UP-JLQ,?,0,7
JLR,JETALSAR JN,Gujarat,GJ,SB-GJ,SB-GJ-JLR,WR,0,37
JLRF,Jetalsar Jn,Uttar Pradesh,UP,SB-UP,SB-UP-JLRF,NR,0,0
JLS,Jalesar Road,Uttar Pradesh,UP,SB-UP,SB-UP-JLS,IR,0,10
JLT,Jhamat Halt,Uttar Pradesh,UP,SB-UP,SB-UP-JLT,IR,0,6
JLW,JHALWARA,Madhya Pradesh,MP,SB-MP,SB-MP-JLW,IR,0,4
JLWC,JHALAWAR CITY,Rajasthan,RJ,SB-RJ,SB-RJ-JLWC,IR,0,10
JLY,Jhilmili,Madhya Pradesh,MP,SB-MP,SB-MP-JLY,SECR,0,4
JM,Jalamb Junction,Maharashtra,MH,SB-MH,SB-MH-JM,IR,1,19
JMA,JAMURIA,West Bengal,WB,SB-WB,SB-WB-JMA,IR,0,2
JMB,Jambusar Junction,Gujarat,GJ,SB-GJ,SB-GJ-JMB,WR,0,0
JMBC,Jambusar City,Gujarat,GJ,SB-GJ,SB-GJ-JMBC,WR,0,0
JMBL,JAMBHALI HALT,Maharashtra,MH,SB-MH,SB-MH-JMBL,IR,0,4
JMD,Jamdha,Maharashtra,MH,SB-MH,SB-MH-JMD,CR,0,10
JMDG,Jammalamadugu,Andhra Pradesh,AP,SB-AP,SB-AP-JMDG,IR,0,8
JME,JAMSHER KHAS,Punjab,PB,SB-PB,SB-PB-JME,IR,0,8
JMG,JAMGA,Chhattisgarh,CG,SB-CG,SB-CG-JMG,IR,0,4
JMI,JAMGURI,Assam,AS,SB-AS,SB-AS-JMI,NFR,0,2
JMIR,JAMIRA HALT,Bihar,BR,SB-BR,SB-BR-JMIR,IR,0,9
JMK,Jamunamukh,Assam,AS,SB-AS,SB-AS-JMK,NFR,0,14
JMKL,JAMUNIA KALAN,Uttar Pradesh,UP,SB-UP,SB-UP-JMKL,NR,0,0
JMKR,Jawlmukhi Road,Himachal Pradesh,HP,SB-HP,SB-HP-JMKR,NR,0,12
JMKT,JAMIKUNTA,Telangana,TS,SB-TS,SB-TS-JMKT,IR,0,33
JML,Jumnal,Karnataka,KA,SB-KA,SB-KA-JML,IR,0,4
JMM,JAIMURTINAGAR F,Bihar,BR,SB-BR,SB-BR-JMM,IR,0,8
JMN,JAMUAWAN,Bihar,BR,SB-BR,SB-BR-JMN,?,0,14
JMNR,Jamner,Maharashtra,MH,SB-MH,SB-MH-JMNR,CR,0,0
JMP,Jamalpur Junction,Bihar,BR,SB-BR,SB-BR-JMP,IR,0,116
JMPT,JIMIDIPETA,Andhra Pradesh,AP,SB-AP,SB-AP-JMPT,IR,0,8
JMQ,JAMIRGHATA,West Bengal,WB,SB-WB,SB-WB-JMQ,IR,0,6
JMRA,Jamira,Assam,AS,SB-AS,SB-AS-JMRA,NFR,0,8
JMS,JAMSAR,Rajasthan,RJ,SB-RJ,SB-RJ-JMS,?,0,4
JMSY,JMSY,Uttar Pradesh,UP,SB-UP,SB-UP-JMSY,NR,0,0
JMT,Jamtara,Jharkhand,JH,SB-JH,SB-JH-JMT,IR,1,53
JMU,Jamui,Bihar,BR,SB-BR,SB-BR-JMU,IR,1,60
JMV,Jambara,Madhya Pradesh,MP,SB-MP,SB-MP-JMV,CR,0,8
JMX,JAMUNI,Uttar Pradesh,UP,SB-UP,SB-UP-JMX,NR,0,0
JN,JHUND,Uttar Pradesh,UP,SB-UP,SB-UP-JN,NR,0,0
JNA,JULANA,Haryana,HR,SB-HR,SB-HR-JNA,NR,0,21
JND,Junagadh Junction,Gujarat,GJ,SB-GJ,SB-GJ-JND,WR,0,45
JNDC,Junagadh C B,Gujarat,GJ,SB-GJ,SB-GJ-JNDC,IR,0,0
JNDO,Jehanabad Court,Uttar Pradesh,UP,SB-UP,SB-UP-JNDO,NR,0,0
JNE,JANIYANA,Rajasthan,RJ,SB-RJ,SB-RJ-JNE,NWR,0,6
JNH,Janghai Junction,Uttar Pradesh,UP,SB-UP,SB-UP-JNH,IR,1,58
JNJ,JUI NAGAR,Maharashtra,MH,SB-MH,SB-MH-JNJ,IR,0,4
JNK,Jhinkpani,Jharkhand,JH,SB-JH,SB-JH-JNK,SER,0,6
JNKR,Janakinagar,Bihar,BR,SB-BR,SB-BR-JNKR,ECR,0,14
JNL,JANDIALA,Punjab,PB,SB-PB,SB-PB-JNL,IR,0,14
JNM,Jayanagar Majilpur Halt,West Bengal,WB,SB-WB,SB-WB-JNM,ER,0,62
JNN,Jamuniatand,Jharkhand,JH,SB-JH,SB-JH-JNN,ECR,0,4
JNNA,JAMUNIATANR HALT,Jharkhand,JH,SB-JH,SB-JH-JNNA,IR,0,4
JNO,Junnor Deo,Madhya Pradesh,MP,SB-MP,SB-MP-JNO,CR,0,10
JNP,JAGAN NATHAPUR,Odisha,OD,SB-OD,SB-OD-JNP,IR,0,8
JNR,Janakpur Road,Bihar,BR,SB-BR,SB-BR-JNR,ECR,0,46
JNRD,Junagarh Road,Odisha,OD,SB-OD,SB-OD-JNRD,IR,0,8
JNRI,Jalandari,Rajasthan,RJ,SB-RJ,SB-RJ-JNRI,IR,0,4
JNT,Jaintipura,Punjab,PB,SB-PB,SB-PB-JNT,?,0,14
JNTR,JINTI ROAD,Maharashtra,MH,SB-MH,SB-MH-JNTR,IR,0,6
JNU,JAUNPUR JN,Uttar Pradesh,UP,SB-UP,SB-UP-JNU,NR,0,83
JNUK,JAUNPUR KUTCHERRY,Uttar Pradesh,UP,SB-UP,SB-UP-JNUK,NR,0,0
JNX,Jagnath Road Halt,Rajasthan,RJ,SB-RJ,SB-RJ-JNX,NWR,0,4
JNZ,Jenal,Gujarat,GJ,SB-GJ,SB-GJ-JNZ,NWR,0,4
JO,JO JAGABOR,Gujarat,GJ,SB-GJ,SB-GJ-JO,NWR,0,2
JOA,JANWAL,Maharashtra,MH,SB-MH,SB-MH-JOA,SCR,0,6
JOB,Asalpur Jobner,Rajasthan,RJ,SB-RJ,SB-RJ-JOB,IR,0,30
JOBA,JOBA,Madhya Pradesh,MP,SB-MP,SB-MP-JOBA,WCR,0,4
JOBT,JOBAT,Gujarat,GJ,SB-GJ,SB-GJ-JOBT,IR,0,5
JOC,Joychandi Pahar railway station,West Bengal,WB,SB-WB,SB-WB-JOC,SER,0,45
JOH,Juharpura,Rajasthan,RJ,SB-RJ,SB-RJ-JOH,NWR,0,12
JOK,Jodhka,Haryana,HR,SB-HR,SB-HR-JOK,?,0,6
JOL,Jogal,Odisha,OD,SB-OD,SB-OD-JOL,?,0,10
JOM,JOGI MAGRA,Rajasthan,RJ,SB-RJ,SB-RJ-JOM,IR,0,6
JON,JONHA,Jharkhand,JH,SB-JH,SB-JH-JON,IR,0,6
JONA,Jonha,Jharkhand,JH,SB-JH,SB-JH-JONA,SER,0,0
JONR,Jeonara Ph,Madhya Pradesh,MP,SB-MP,SB-MP-JONR,SECR,0,10
JOO,KACHEGUDA JAMIA OSMANIA,Telangana,TS,SB-TS,SB-TS-JOO,IR,0,58
JOP,JAUNPUR CITY,Uttar Pradesh,UP,SB-UP,SB-UP-JOP,NR,1,40
JOQ,JORAI,Assam,AS,SB-AS,SB-AS-JOQ,IR,0,2
JOR,Jalor,Rajasthan,RJ,SB-RJ,SB-RJ-JOR,NWR,0,34
JOS,Jogeshwari,Maharashtra,MH,SB-MH,SB-MH-JOS,WR,0,0
JOX,JANAI ROAD,West Bengal,WB,SB-WB,SB-WB-JOX,IR,0,73
JP,Jaipur,Rajasthan,RJ,SB-RJ,SB-RJ-JP,NWR,1,283
JPAH,Jagdishpur Halt,Bihar,BR,SB-BR,SB-BR-JPAH,ECR,0,6
JPD,Jalalpur Dhai,Uttar Pradesh,UP,SB-UP,SB-UP-JPD,?,0,8
JPE,JALPAIGURI ROAD,West Bengal,WB,SB-WB,SB-WB-JPE,NFR,1,40
JPG,Jalpaiguri,West Bengal,WB,SB-WB,SB-WB-JPG,IR,0,14
JPH,JHANTIPAHARI,West Bengal,WB,SB-WB,SB-WB-JPH,?,0,28
JPI,JHADUPUDI,Andhra Pradesh,AP,SB-AP,SB-AP-JPI,IR,0,2
JPL,JAPLA,Bihar,BR,SB-BR,SB-BR-JPL,IR,0,24
JPM,Jiyapuram,Tamil Nadu,TN,SB-TN,SB-TN-JPM,?,0,9
JPML,JAI PRAKASH MAHULI,Bihar,BR,SB-BR,SB-BR-JPML,IR,0,7
JPO,Jora Alapur,Madhya Pradesh,MP,SB-MP,SB-MP-JPO,NCR,0,6
JPP,JALALPUR PANWARA,Uttar Pradesh,UP,SB-UP,SB-UP-JPP,IR,0,8
JPQ,JHAPANDANGA,West Bengal,WB,SB-WB,SB-WB-JPQ,IR,0,54
JPR,JAKPUR,West Bengal,WB,SB-WB,SB-WB-JPR,IR,0,54
JPRD,JENAPUR ROAD,Odisha,OD,SB-OD,SB-OD-JPRD,IR,0,14
JPS,Jamalpur Shaikhan,Punjab,PB,SB-PB,SB-PB-JPS,?,0,10
JPV,Jamtara Paraswara,Madhya Pradesh,MP,SB-MP,SB-MP-JPV,SECR,0,10
JPZ,Jogighopa,Assam,AS,SB-AS,SB-AS-JPZ,NFR,0,6
JRA,JARAIKELA,Odisha,OD,SB-OD,SB-OD-JRA,IR,0,10
JRAE,JAUGRAM,West Bengal,WB,SB-WB,SB-WB-JRAE,IR,0,56
JRBI,JAYRAMBATI,West Bengal,WB,SB-WB,SB-WB-JRBI,IR,0,2
JRBM,Jiribam,Manipur,MN,SB-MN,SB-MN-JRBM,NFR,0,4
JRC,JALANDHAR CANT,Punjab,PB,SB-PB,SB-PB-JRC,IR,0,137
JREA,Jhareda,Rajasthan,RJ,SB-RJ,SB-RJ-JREA,IR,0,8
JRG,Jugpura,Odisha,OD,SB-OD,SB-OD-JRG,?,0,13
JRI,Jharia,Jharkhand,JH,SB-JH,SB-JH-JRI,IR,0,0
JRJ,JARGAON,Uttar Pradesh,UP,SB-UP,SB-UP-JRJ,NR,0,8
JRJE,GARJEE,Tripura,TR,SB-TR,SB-TR-JRJE,IR,0,8
JRK,JERUWA KHERA,Madhya Pradesh,MP,SB-MP,SB-MP-JRK,IR,0,12
JRKN,Jorkian,Rajasthan,RJ,SB-RJ,SB-RJ-JRKN,NWR,0,6
JRKT,JADARAMA KUNTE,Karnataka,KA,SB-KA,SB-KA-JRKT,SWR,0,8
JRL,Jharili,Haryana,HR,SB-HR,SB-HR-JRL,NWR,0,24
JRLE,Jangipur Road,West Bengal,WB,SB-WB,SB-WB-JRLE,ER,1,53
JRLI,Jaroli,Odisha,OD,SB-OD,SB-OD-JRLI,?,0,2
JRMA,JHARAMUNDA,Odisha,OD,SB-OD,SB-OD-JRMA,IR,0,10
JRMG,JAIRAMNAGAR,Chhattisgarh,CG,SB-CG,SB-CG-JRMG,IR,0,20
JRNA,Jirania,Tripura,TR,SB-TR,SB-TR-JRNA,NFR,0,6
JRO,JIRON,Madhya Pradesh,MP,SB-MP,SB-MP-JRO,IR,0,2
JRPD,JARAPADA,Odisha,OD,SB-OD,SB-OD-JRPD,IR,0,4
JRQ,JHAROKHAS,Uttar Pradesh,UP,SB-UP,SB-UP-JRQ,ECR,0,4
JRR,JUGAUR,Uttar Pradesh,UP,SB-UP,SB-UP-JRR,IR,0,5
JRRI,Jrri,Uttar Pradesh,UP,SB-UP,SB-UP-JRRI,NR,0,0
JRS,JORAVASAN,Gujarat,GJ,SB-GJ,SB-GJ-JRS,WR,0,11
JRT,JARTI,Odisha,OD,SB-OD,SB-OD-JRT,?,0,2
JRTB,झारतरभा,Odisha,OD,SB-OD,SB-OD-JRTB,IR,0,14
JRTR,Jurtara,Madhya Pradesh,MP,SB-MP,SB-MP-JRTR,IR,0,4
JRU,Chikjajur Junction,Karnataka,KA,SB-KA,SB-KA-JRU,SWR,0,48
JRW,JORAMOW,Jharkhand,JH,SB-JH,SB-JH-JRW,IR,0,10
JRWN,Jirwan,Uttar Pradesh,UP,SB-UP,SB-UP-JRWN,NR,0,0
JRX,Juriagaon,Assam,AS,SB-AS,SB-AS-JRX,NFR,0,2
JRZ,JORANDA ROAD,Odisha,OD,SB-OD,SB-OD-JRZ,IR,0,6
JSA,Jasia,Haryana,HR,SB-HR,SB-HR-JSA,?,0,4
JSB,Yamuna South Bank,Uttar Pradesh,UP,SB-UP,SB-UP-JSB,NCR,0,8
JSC,Jalesar City,Uttar Pradesh,UP,SB-UP,SB-UP-JSC,NCR,0,4
JSD,Jaisingder,Rajasthan,RJ,SB-RJ,SB-RJ-JSD,?,0,4
JSE,JAMSOLE,Odisha,OD,SB-OD,SB-OD-JSE,IR,0,14
JSG,Jharsuguda Junction,Odisha,OD,SB-OD,SB-OD-JSG,IR,1,130
JSGR,JHARSUGUDA ROAD,Odisha,OD,SB-OD,SB-OD-JSGR,IR,0,24
JSH,Jaswantgarh,Rajasthan,RJ,SB-RJ,SB-RJ-JSH,NWR,0,0
JSI,JASALI,Gujarat,GJ,SB-GJ,SB-GJ-JSI,IR,0,2
JSKA,Jataula Samphka,Haryana,HR,SB-HR,SB-HR-JSKA,NR,0,25
JSL,JASSOWAL HALT,Uttar Pradesh,UP,SB-UP,SB-UP-JSL,NR,0,0
JSM,Jaisalmer,Rajasthan,RJ,SB-RJ,SB-RJ-JSM,NWR,0,21
JSME,Jasidih Junction,Jharkhand,JH,SB-JH,SB-JH-JSME,IR,1,208
JSOR,Jessore Road,West Bengal,WB,SB-WB,SB-WB-JSOR,IR,0,0
JSP,JAYASINGPUR,Maharashtra,MH,SB-MH,SB-MH-JSP,CR,0,23
JSPN,JASPALON,Uttar Pradesh,UP,SB-UP,SB-UP-JSPN,NR,0,0
JSPR,JASHAPAR,Gujarat,GJ,SB-GJ,SB-GJ-JSPR,IR,0,4
JSR,JASRA,Uttar Pradesh,UP,SB-UP,SB-UP-JSR,NCR,0,6
JSRD,Jhankad Sarala Road,Odisha,OD,SB-OD,SB-OD-JSRD,?,0,6
JSRY,JHARSUGUDA R YARD,Uttar Pradesh,UP,SB-UP,SB-UP-JSRY,NR,0,0
JSS,JASIA,Haryana,HR,SB-HR,SB-HR-JSS,?,0,6
JSV,JARANDESHWAR,Maharashtra,MH,SB-MH,SB-MH-JSV,CR,0,2
JTB,JAGATBELA,Uttar Pradesh,UP,SB-UP,SB-UP-JTB,IR,0,9
JTDM,Jatdumri Halt,Bihar,BR,SB-BR,SB-BR-JTDM,?,0,24
JTG,Jatinga,Assam,AS,SB-AS,SB-AS-JTG,NFR,0,0
JTH,Jhoktahal Singh,Punjab,PB,SB-PB,SB-PB-JTH,NR,0,10
JTI,JAITHARI,Chhattisgarh,CG,SB-CG,SB-CG-JTI,IR,0,18
JTIN,Jethian,Bihar,BR,SB-BR,SB-BR-JTIN,IR,0,4
JTJ,Jolarpettai,Tamil Nadu,TN,SB-TN,SB-TN-JTJ,IR,0,243
JTK,Jhitkia,West Bengal,WB,SB-WB,SB-WB-JTK,NFR,0,10
JTKN,JAITPUR KALAN,Uttar Pradesh,UP,SB-UP,SB-UP-JTKN,IR,0,2
JTL,JHAPATER DHAL,West Bengal,WB,SB-WB,SB-WB-JTL,IR,0,16
JTN,Jotana,Gujarat,GJ,SB-GJ,SB-GJ-JTN,IR,0,4
JTNU,JATNANDUR,Maharashtra,MH,SB-MH,SB-MH-JTNU,IR,0,2
JTO,Jutogh,Himachal Pradesh,HP,SB-HP,SB-HP-JTO,NR,0,4
JTP,Jetpur,Gujarat,GJ,SB-GJ,SB-GJ-JTP,WR,0,8
JTR,JATKANHAR,Chhattisgarh,CG,SB-CG,SB-CG-JTR,IR,0,14
JTRD,JATH ROAD,Maharashtra,MH,SB-MH,SB-MH-JTRD,CR,0,8
JTS,Jatusana,Haryana,HR,SB-HR,SB-HR-JTS,NWR,0,18
JTT,Jumapatti,Maharashtra,MH,SB-MH,SB-MH-JTT,IR,0,4
JTTN,Jorhat Town,Assam,AS,SB-AS,SB-AS-JTTN,NFR,0,10
JTU,JAITIPUR,Uttar Pradesh,UP,SB-UP,SB-UP-JTU,IR,0,11
JTV,Jetalvad,Gujarat,GJ,SB-GJ,SB-GJ-JTV,WR,0,2
JTW,JAITWAR,Madhya Pradesh,MP,SB-MP,SB-MP-JTW,WCR,0,20
JTX,JATPIPLI,Uttar Pradesh,UP,SB-UP,SB-UP-JTX,NR,0,0
JTY,JETHI,Gujarat,GJ,SB-GJ,SB-GJ-JTY,NWR,0,4
JU,Jodhpur Junction,Rajasthan,RJ,SB-RJ,SB-RJ-JU,IR,0,140
JUA,JARAUNA,Uttar Pradesh,UP,SB-UP,SB-UP-JUA,NR,0,4
JUBS,Jubbasahani,Bihar,BR,SB-BR,SB-BR-JUBS,IR,0,4
JUC,Jalandhar City,Punjab,PB,SB-PB,SB-PB-JUC,IR,0,182
JUCT,JODHPUR CANTT,Rajasthan,RJ,SB-RJ,SB-RJ-JUCT,IR,0,4
JUD,Jagadhri,Haryana,HR,SB-HR,SB-HR-JUD,IR,0,0
JUDW,Jagadhri Wshop,Haryana,HR,SB-HR,SB-HR-JUDW,IR,0,27
JUH,JUJHARPUR,Uttar Pradesh,UP,SB-UP,SB-UP-JUH,NR,0,0
JUJA,JUJUMURA,Odisha,OD,SB-OD,SB-OD-JUJA,IR,0,4
JUK,JAULKA,Maharashtra,MH,SB-MH,SB-MH-JUK,SCR,0,4
JUL,JHULASAN,Gujarat,GJ,SB-GJ,SB-GJ-JUL,WR,0,10
JULF,Jhulasan,Uttar Pradesh,UP,SB-UP,SB-UP-JULF,NR,0,0
JUNC,JUNC,Uttar Pradesh,UP,SB-UP,SB-UP-JUNC,NR,0,0
JUNX,JUNONA HALT,Maharashtra,MH,SB-MH,SB-MH-JUNX,IR,0,4
JUP,Jhunpa,Rajasthan,RJ,SB-RJ,SB-RJ-JUP,?,0,9
JUR,JUTTURU,Andhra Pradesh,AP,SB-AP,SB-AP-JUR,IR,0,2
JUYA,Jodhpuriya,Uttar Pradesh,UP,SB-UP,SB-UP-JUYA,NR,0,0
JVA,JAVALE,Maharashtra,MH,SB-MH,SB-MH-JVA,CR,0,2
JVL,Jamwala,Gujarat,GJ,SB-GJ,SB-GJ-JVL,WR,0,4
JVN,JORAWARNAGAR JN,Gujarat,GJ,SB-GJ,SB-GJ-JVN,WR,0,22
JVT,JIVANTI HALT,West Bengal,WB,SB-WB,SB-WB-JVT,ER,0,25
JW,JATWARA,Rajasthan,RJ,SB-RJ,SB-RJ-JW,IR,0,4
JWB,JAWAI BANDH,Rajasthan,RJ,SB-RJ,SB-RJ-JWB,NWR,0,0
JWK,Jawaharpur Kamsan,Uttar Pradesh,UP,SB-UP,SB-UP-JWK,IR,0,2
JWKA,Jandwala Kharta,Punjab,PB,SB-PB,SB-PB-JWKA,IR,0,2
JWL,JAJIWAL,Rajasthan,RJ,SB-RJ,SB-RJ-JWL,IR,0,10
JWLS,JAWAN WALA SHEHAR,Himachal Pradesh,HP,SB-HP,SB-HP-JWLS,NR,0,10
JWN,Jiwa Arain,Punjab,PB,SB-PB,SB-PB-JWN,NR,0,10
JWNR,Jawaharnagar,Tripura,TR,SB-TR,SB-TR-JWNR,NFR,0,4
JWO,JAWAD ROAD,Rajasthan,RJ,SB-RJ,SB-RJ-JWO,WR,0,18
JWP,JWALAPUR,Uttarakhand,UK,SB-UK,SB-UK-JWP,NR,0,19
JWS,JHARWASAA,Rajasthan,RJ,SB-RJ,SB-RJ-JWS,NWR,0,2
JXN,JIRONA,Maharashtra,MH,SB-MH,SB-MH-JXN,?,0,4
JYG,JAYNAGAR,Bihar,BR,SB-BR,SB-BR-JYG,IR,0,47
JYM,JAI SAMAND ROAD,Rajasthan,RJ,SB-RJ,SB-RJ-JYM,NWR,0,8
JYP,JEYPORE,Odisha,OD,SB-OD,SB-OD-JYP,?,0,10
KAA,KAURARA,Uttar Pradesh,UP,SB-UP,SB-UP-KAA,IR,0,8
KAC,KASAP,Bihar,BR,SB-BR,SB-BR-KAC,IR,0,2
KAD,Khandala,Maharashtra,MH,SB-MH,SB-MH-KAD,IR,0,1
KADA,KHANDALA(M.P.),Gujarat,GJ,SB-GJ,SB-GJ-KADA,IR,0,5
KADH,Khairadih Halt,Bihar,BR,SB-BR,SB-BR-KADH,ECR,0,0
KADI,Kadi,Gujarat,GJ,SB-GJ,SB-GJ-KADI,WR,0,2
KADL,Kumradol,Bihar,BR,SB-BR,SB-BR-KADL,IR,0,8
KADR,Kadiyadra,Gujarat,GJ,SB-GJ,SB-GJ-KADR,WR,0,0
KAG,KODAGANUR,Karnataka,KA,SB-KA,SB-KA-KAG,SWR,0,8
KAGA,KURHAGADA,Jharkhand,JH,SB-JH,SB-JH-KAGA,IR,0,4
KAGJ,KALIAGANJ,Bihar,BR,SB-BR,SB-BR-KAGJ,IR,0,2
KAGR,KAGANGARH,Punjab,PB,SB-PB,SB-PB-KAGR,NR,0,2
KAH,KALHAR,Madhya Pradesh,MP,SB-MP,SB-MP-KAH,IR,0,6
KAHL,KARHAL,Uttar Pradesh,UP,SB-UP,SB-UP-KAHL,IR,0,2
KAI,KAIRLA,Rajasthan,RJ,SB-RJ,SB-RJ-KAI,NWR,0,2
KAJ,Kaliyaganj,West Bengal,WB,SB-WB,SB-WB-KAJ,NFR,0,20
KAJG,KARANJGAON,Maharashtra,MH,SB-MH,SB-MH-KAJG,IR,0,9
KAKI,KAKNI,Jharkhand,JH,SB-JH,SB-JH-KAKI,IR,0,6
KAKN,Kaimarkalan,Madhya Pradesh,MP,SB-MP,SB-MP-KAKN,NCR,0,6
KAL,Kallai,Tamil Nadu,TN,SB-TN,SB-TN-KAL,SR,0,8
KALD,Kalanad,Kerala,KL,SB-KL,SB-KL-KALD,SR,0,0
KALI,Kaili,Uttar Pradesh,UP,SB-UP,SB-UP-KALI,NR,0,4
KALM,KALAMB,Maharashtra,MH,SB-MH,SB-MH-KALM,IR,0,2
KALN,Kalana,Rajasthan,RJ,SB-RJ,SB-RJ-KALN,NWR,0,6
KALS,KALAS HALT,Karnataka,KA,SB-KA,SB-KA-KALS,SWR,0,6
KAMA,Kamta Halt,Bihar,BR,SB-BR,SB-BR-KAMA,IR,0,6
KAMG,KAMAKHYAGURI,Assam,AS,SB-AS,SB-AS-KAMG,IR,0,16
KAMP,KAMALPUR,Rajasthan,RJ,SB-RJ,SB-RJ-KAMP,IR,0,14
KAMR,Khurrampur,Bihar,BR,SB-BR,SB-BR-KAMR,IR,0,6
KAN,Khana Junction,West Bengal,WB,SB-WB,SB-WB-KAN,IR,0,44
KANJ,KANIL,Gujarat,GJ,SB-GJ,SB-GJ-KANJ,IR,0,12
KANL,KANL,Uttar Pradesh,UP,SB-UP,SB-UP-KANL,NR,0,0
KANO,Kanoh,Himachal Pradesh,HP,SB-HP,SB-HP-KANO,NR,0,3
KANR,KUKANUR,Karnataka,KA,SB-KA,SB-KA-KANR,IR,0,2
KANS,Kansiya Nes,Gujarat,GJ,SB-GJ,SB-GJ-KANS,WR,0,8
KAO,KALUBATHAN,Jharkhand,JH,SB-JH,SB-JH-KAO,IR,0,12
KAOT,KAOTHA,Maharashtra,MH,SB-MH,SB-MH-KAOT,IR,0,2
KAP,Kalianpur(Kanpur),Uttar Pradesh,UP,SB-UP,SB-UP-KAP,IR,0,20
KAPE,KAKAPORA,Jammu and Kashmir,JK,SB-JK,SB-JK-KAPE,IR,0,12
KAPG,KALUPARA GHAT,Odisha,OD,SB-OD,SB-OD-KAPG,IR,0,28
KAPM,Kottapalem,Andhra Pradesh,AP,SB-AP,SB-AP-KAPM,ECOR,0,0
KAPP,KHARIAPIPRA HALT,Bihar,BR,SB-BR,SB-BR-KAPP,IR,0,13
KAPU,KIRATPUR,Uttar Pradesh,UP,SB-UP,SB-UP-KAPU,IR,0,2
KAQ,KOLANUKONDA,Uttar Pradesh,UP,SB-UP,SB-UP-KAQ,NR,0,0
KAR,KARNA,Uttar Pradesh,UP,SB-UP,SB-UP-KAR,IR,0,4
KARD,KAMAN ROAD,Maharashtra,MH,SB-MH,SB-MH-KARD,CR,0,16
KARH,Kakraha Rest House,Uttar Pradesh,UP,SB-UP,SB-UP-KARH,NER,0,4
KARI,KHARI,Jammu and Kashmir,JK,SB-JK,SB-JK-KARI,IR,0,8
KARJ,KARJHAUSA,Bihar,BR,SB-BR,SB-BR-KARJ,IR,0,10
KARK,KARAIKKURICHI,Tamil Nadu,TN,SB-TN,SB-TN-KARK,IR,0,8
KARO,Khario P.H.,Jharkhand,JH,SB-JH,SB-JH-KARO,?,0,4
KARR,KHARAR,Punjab,PB,SB-PB,SB-PB-KARR,IR,0,10
KART,KIRATPUR SAHIB,Punjab,PB,SB-PB,SB-PB-KART,IR,0,19
KASA,KANSA,Gujarat,GJ,SB-GJ,SB-GJ-KASA,IR,0,2
KASH,Kulthamabdullashah Halt,Punjab,PB,SB-PB,SB-PB-KASH,NR,0,6
KASR,KANAS ROAD,Odisha,OD,SB-OD,SB-OD-KASR,IR,0,22
KASU,KASU,Maharashtra,MH,SB-MH,SB-MH-KASU,CR,0,12
KAT,Khatauli,Uttar Pradesh,UP,SB-UP,SB-UP-KAT,NR,0,20
KATA,KATILI,Uttar Pradesh,UP,SB-UP,SB-UP-KATA,NR,0,0
KATB,KHATKURA,Jharkhand,JH,SB-JH,SB-JH-KATB,IR,0,16
KATI,Kanthi P Halt,West Bengal,WB,SB-WB,SB-WB-KATI,?,0,31
KATL,Katol,Maharashtra,MH,SB-MH,SB-MH-KATL,IR,0,18
KATR,KATARIYA,Uttar Pradesh,UP,SB-UP,SB-UP-KATR,NR,0,0
KAU,Kachna,West Bengal,WB,SB-WB,SB-WB-KAU,NFR,0,10
KAUA,KATHAUTIA,Jharkhand,JH,SB-JH,SB-JH-KAUA,IR,0,4
KAV,KALAMNA,Maharashtra,MH,SB-MH,SB-MH-KAV,IR,0,14
KAVI,Kavi,Gujarat,GJ,SB-GJ,SB-GJ-KAVI,WR,0,0
KAVM,Kathivakkam,Tamil Nadu,TN,SB-TN,SB-TN-KAVM,SR,0,92
KAVR,KALAVUR HALT,Kerala,KL,SB-KL,SB-KL-KAVR,IR,0,6
KAW,KHAJRI,Madhya Pradesh,MP,SB-MP,SB-MP-KAW,WCR,0,4
KAWL,KANDWAL HALT,Himachal Pradesh,HP,SB-HP,SB-HP-KAWL,NR,0,5
KAWR,Karwar,Karnataka,KA,SB-KA,SB-KA-KAWR,KR,0,74
KAWT,Kanwat,Rajasthan,RJ,SB-RJ,SB-RJ-KAWT,NWR,0,24
KAY,Karaimadai,Tamil Nadu,TN,SB-TN,SB-TN-KAY,SR,0,10
KAYI,KAYDI P.H.,Madhya Pradesh,MP,SB-MP,SB-MP-KAYI,IR,0,16
KAYR,KAYAR,Maharashtra,MH,SB-MH,SB-MH-KAYR,?,0,0
KB,KHAIRATABAD,Uttar Pradesh,UP,SB-UP,SB-UP-KB,NER,0,8
KBA,Kurabalakota,Andhra Pradesh,AP,SB-AP,SB-AP-KBA,SCR,0,3
KBE,KUREBHAR,Uttar Pradesh,UP,SB-UP,SB-UP-KBE,NR,0,4
KBGB,Komagata Maru Budge Budge,West Bengal,WB,SB-WB,SB-WB-KBGB,IR,0,54
KBGH,Karea Kadambagachhi,West Bengal,WB,SB-WB,SB-WB-KBGH,ER,0,56
KBGN,Khubagaon,Maharashtra,MH,SB-MH,SB-MH-KBGN,CR,0,0
KBH,KHANDBAARA,Maharashtra,MH,SB-MH,SB-MH-KBH,IR,0,12
KBI,KAMBRGANVI,Karnataka,KA,SB-KA,SB-KA-KBI,SWR,0,2
KBJ,KANTABANJI,Chhattisgarh,CG,SB-CG,SB-CG-KBJ,IR,0,42
KBK,Khamil Ghat,Rajasthan,RJ,SB-RJ,SB-RJ-KBK,NWR,0,4
KBKN,Khabra Kalan,Haryana,HR,SB-HR,SB-HR-KBKN,IR,0,6
KBL,KOPPAL,Karnataka,KA,SB-KA,SB-KA-KBL,SWR,0,55
KBM,KOTABOMMALI,Andhra Pradesh,AP,SB-AP,SB-AP-KBM,IR,0,12
KBN,KARBIGWAN,Uttar Pradesh,UP,SB-UP,SB-UP-KBN,IR,0,4
KBP,KUBERPUR,Uttar Pradesh,UP,SB-UP,SB-UP-KBP,IR,0,8
KBPR,Kabakaputtur,Karnataka,KA,SB-KA,SB-KA-KBPR,SWR,0,20
KBQ,KUMRABAD ROHINI,Jharkhand,JH,SB-JH,SB-JH-KBQ,IR,0,13
KBR,KABRAI,Uttar Pradesh,UP,SB-UP,SB-UP-KBR,NCR,0,8
KBRV,KANJARI BORIYAV,Gujarat,GJ,SB-GJ,SB-GJ-KBRV,IR,0,16
KBS,Kusmuda Block Station,Uttar Pradesh,UP,SB-UP,SB-UP-KBS,NR,0,0
KBSH,Krishna Ballabh,Jharkhand,JH,SB-JH,SB-JH-KBSH,ER,0,12
KBSN,KASBE-SUKENE,Maharashtra,MH,SB-MH,SB-MH-KBSN,IR,0,5
KBT,KADAMBATTUR,Tamil Nadu,TN,SB-TN,SB-TN-KBT,IR,0,86
KBU,KASU BEGU,Punjab,PB,SB-PB,SB-PB-KBU,NR,0,6
KBY,KHOIRABARI,Assam,AS,SB-AS,SB-AS-KBY,IR,0,10
KCA,KUCHMAN,Uttar Pradesh,UP,SB-UP,SB-UP-KCA,IR,0,14
KCAB,K-CABIN BONDAMUNDA,Uttar Pradesh,UP,SB-UP,SB-UP-KCAB,NR,0,0
KCB,KUSLAMB,Maharashtra,MH,SB-MH,SB-MH-KCB,CR,0,0
KCC,Krishna Canal,Andhra Pradesh,AP,SB-AP,SB-AP-KCC,IR,0,25
KCCN,KCCN,Uttar Pradesh,UP,SB-UP,SB-UP-KCCN,NR,0,0
KCD,Kurichedu,Andhra Pradesh,AP,SB-AP,SB-AP-KCD,IR,0,12
KCF,KALCHINI,West Bengal,WB,SB-WB,SB-WB-KCF,NFR,0,8
KCG,Kacheguda,Telangana,TS,SB-TS,SB-TS-KCG,SCR,0,168
KCHV,Kachchanvilai,Tamil Nadu,TN,SB-TN,SB-TN-KCHV,SR,0,12
KCI,Kallkiri,Andhra Pradesh,AP,SB-AP,SB-AP-KCI,SCR,0,8
KCJ,KASIMPUR,Uttar Pradesh,UP,SB-UP,SB-UP-KCJ,IR,0,6
KCKI,KECKHI,Jharkhand,JH,SB-JH,SB-JH-KCKI,IR,0,14
KCLA,Kenchanalu Halt,Karnataka,KA,SB-KA,SB-KA-KCLA,IR,0,4
KCM,Kalasumudram,Andhra Pradesh,AP,SB-AP,SB-AP-KCM,SCR,0,3
KCN,KARCHANA,Uttar Pradesh,UP,SB-UP,SB-UP-KCN,IR,0,6
KCNR,KACHNARA ROAD,Madhya Pradesh,MP,SB-MP,SB-MP-KCNR,WR,0,0
KCO,Kachhia Bridge,Uttar Pradesh,UP,SB-UP,SB-UP-KCO,NER,0,10
KCP,Kalgupur,Karnataka,KA,SB-KA,SB-KA-KCP,SCR,0,2
KCR,KHONKER,Madhya Pradesh,MP,SB-MP,SB-MP-KCR,WCR,0,4
KCT,Kirakat,Uttar Pradesh,UP,SB-UP,SB-UP-KCT,NER,0,13
KCU,Kachhiaa,Uttar Pradesh,UP,SB-UP,SB-UP-KCU,NER,0,7
KCV,Krishnachandrapur,Odisha,OD,SB-OD,SB-OD-KCV,SER,0,13
KCVL,Kochuveli (Trivandrum /Thiruvananthapuram),Kerala,KL,SB-KL,SB-KL-KCVL,IR,0,0
KCY,Kaichar,West Bengal,WB,SB-WB,SB-WB-KCY,ER,0,14
KCYN,KACHHIYANA HALT,Jharkhand,JH,SB-JH,SB-JH-KCYN,IR,0,5
KCZ,KAIRON,Punjab,PB,SB-PB,SB-PB-KCZ,IR,0,8
KD,KUNDARKHI,Uttar Pradesh,UP,SB-UP,SB-UP-KD,NR,0,12
KDAA,KADA,Maharashtra,MH,SB-MH,SB-MH-KDAA,IR,0,2
KDBA,Kodimbala Halt,Karnataka,KA,SB-KA,SB-KA-KDBA,SWR,0,6
KDBM,Khed Brahma,Gujarat,GJ,SB-GJ,SB-GJ-KDBM,WR,0,2
KDBR,KHADKI BAZAR,Maharashtra,MH,SB-MH,SB-MH-KDBR,IR,0,4
KDE,KORADACHERI,Tamil Nadu,TN,SB-TN,SB-TN-KDE,SR,0,22
KDER,KUNDER HALT,Bihar,BR,SB-BR,SB-BR-KDER,IR,0,7
KDF,KHUNDAUR,Uttar Pradesh,UP,SB-UP,SB-UP-KDF,NR,0,4
KDG,KEDGAON,Maharashtra,MH,SB-MH,SB-MH-KDG,IR,0,28
KDGH,KODIGEHALLI,Karnataka,KA,SB-KA,SB-KA-KDGH,IR,0,8
KDGI,KUDGI,Karnataka,KA,SB-KA,SB-KA-KDGI,SWR,0,3
KDGL,KONDRAPOL,Uttar Pradesh,UP,SB-UP,SB-UP-KDGL,NR,0,0
KDGO,KADOGAON HALT,Bihar,BR,SB-BR,SB-BR-KDGO,IR,0,2
KDH,KHARDAHA,West Bengal,WB,SB-WB,SB-WB-KDH,IR,0,212
KDHA,KARCHHA,Madhya Pradesh,MP,SB-MP,SB-MP-KDHA,WR,0,4
KDHI,Kaladehi,Madhya Pradesh,MP,SB-MP,SB-MP-KDHI,SECR,0,10
KDHL,Kundhela,Gujarat,GJ,SB-GJ,SB-GJ-KDHL,WR,0,10
KDHN,Kandharan Halt,Rajasthan,RJ,SB-RJ,SB-RJ-KDHN,IR,0,8
KDI,KUNDLI,Gujarat,GJ,SB-GJ,SB-GJ-KDI,WR,0,7
KDJ,KHUDAGANJ,Uttar Pradesh,UP,SB-UP,SB-UP-KDJ,IR,0,8
KDJB,KHUDAGANJ BAZAR,Bihar,BR,SB-BR,SB-BR-KDJB,IR,0,2
KDJR,Kendujhargarh,Odisha,OD,SB-OD,SB-OD-KDJR,ECOR,0,12
KDK,KOHDAD,Madhya Pradesh,MP,SB-MP,SB-MP-KDK,CR,0,0
KDKL,KODAKANDLA,Andhra Pradesh,AP,SB-AP,SB-AP-KDKL,IR,0,4
KDKN,Kendukana,Assam,AS,SB-AS,SB-AS-KDKN,NFR,0,14
KDL,Kankroli,Rajasthan,RJ,SB-RJ,SB-RJ-KDL,NWR,0,0
KDLG,KUNDALGARH,Rajasthan,RJ,SB-RJ,SB-RJ-KDLG,NWR,0,2
KDLR,KANDEL ROAD,Odisha,OD,SB-OD,SB-OD-KDLR,IR,0,8
KDM,Kesamudram,Telangana,TS,SB-TS,SB-TS-KDM,SCR,0,19
KDMD,KANDAMBAKKAM,Tamil Nadu,TN,SB-TN,SB-TN-KDMD,IR,0,2
KDMR,KODIYAR MANDIR,Gujarat,GJ,SB-GJ,SB-GJ-KDMR,WR,0,16
KDN,KUDATINI,Karnataka,KA,SB-KA,SB-KA-KDN,SWR,0,10
KDNL,Kadaynallur,Tamil Nadu,TN,SB-TN,SB-TN-KDNL,IR,0,22
KDO,KADAKOLA,Karnataka,KA,SB-KA,SB-KA-KDO,SWR,0,12
KDP,KONDAPURAM,Andhra Pradesh,AP,SB-AP,SB-AP-KDP,IR,0,8
KDPA,KHADAPA,Chhattisgarh,CG,SB-CG,SB-CG-KDPA,ECOR,0,2
KDPR,KUMEDPUR,Bihar,BR,SB-BR,SB-BR-KDPR,IR,0,31
KDPS,KADIPUR SANI HA,Uttar Pradesh,UP,SB-UP,SB-UP-KDPS,NER,0,8
KDQ,KADIPUR,Uttar Pradesh,UP,SB-UP,SB-UP-KDQ,NER,0,22
KDRA,Kadampura,Bihar,BR,SB-BR,SB-BR-KDRA,ECR,0,10
KDRD,KHULDIL ROAD,Uttar Pradesh,UP,SB-UP,SB-UP-KDRD,ECR,0,0
KDRI,Kendri,Chhattisgarh,CG,SB-CG,SB-CG-KDRI,SECR,0,6
KDRL,KONDRAPOL,Uttar Pradesh,UP,SB-UP,SB-UP-KDRL,NR,0,0
KDRP,Kandarpur,Odisha,OD,SB-OD,SB-OD-KDRP,ECOR,0,8
KDS,KASUNDA JN,Jharkhand,JH,SB-JH,SB-JH-KDS,IR,0,4
KDSB,KHADUR SAHIB,Punjab,PB,SB-PB,SB-PB-KDSB,IR,0,8
KDSD,KUDSAD,Uttar Pradesh,UP,SB-UP,SB-UP-KDSD,NR,0,0
KDT,KHADARPET,Andhra Pradesh,AP,SB-AP,SB-AP-KDT,IR,0,4
KDTN,KADETHAN,Maharashtra,MH,SB-MH,SB-MH-KDTN,IR,0,10
KDTR,KIRODIMALNAGAR,Chhattisgarh,CG,SB-CG,SB-CG-KDTR,IR,0,10
KDTY,KADUTURUTTI HALT,Kerala,KL,SB-KL,SB-KL-KDTY,IR,0,7
KDU,Kadambur,Tamil Nadu,TN,SB-TN,SB-TN-KDU,SR,0,14
KDV,Khadavli,Maharashtra,MH,SB-MH,SB-MH-KDV,CR,0,76
KDVI,KADAVAI,Karnataka,KA,SB-KA,SB-KA-KDVI,IR,0,4
KDX,KADABARI HAT,West Bengal,WB,SB-WB,SB-WB-KDX,IR,0,6
KDY,KETTANDAPATTI,Tamil Nadu,TN,SB-TN,SB-TN-KDY,IR,0,2
KDZ,Kandaghat,Himachal Pradesh,HP,SB-HP,SB-HP-KDZ,NR,0,10
KE,Khardi,Maharashtra,MH,SB-MH,SB-MH-KE,CR,0,36
KEA,Katra,Jammu and Kashmir,JK,SB-JK,SB-JK-KEA,IR,0,10
KEB,KARAMBELI,Gujarat,GJ,SB-GJ,SB-GJ-KEB,WR,0,22
KED,KENDUAPADA,Odisha,OD,SB-OD,SB-OD-KED,IR,0,14
KEE,KASEETAR,Jharkhand,JH,SB-JH,SB-JH-KEE,IR,0,8
KEF,KRISHNAMA KONA,Andhra Pradesh,AP,SB-AP,SB-AP-KEF,IR,0,6
KEG,KARENGI,Uttar Pradesh,UP,SB-UP,SB-UP-KEG,NR,0,12
KEH,KAPSETI,Uttar Pradesh,UP,SB-UP,SB-UP-KEH,IR,0,9
KEI,Kashi,Uttar Pradesh,UP,SB-UP,SB-UP-KEI,IR,0,30
KEJ,Kathleeghat,Himachal Pradesh,HP,SB-HP,SB-HP-KEJ,NR,0,6
KEK,KARKHELI,Maharashtra,MH,SB-MH,SB-MH-KEK,SCR,0,12
KEM,KEM,Maharashtra,MH,SB-MH,SB-MH-KEM,IR,0,17
KEMA,KUKMA,Gujarat,GJ,SB-GJ,SB-GJ-KEMA,WR,0,0
KEMK,KHEM KARAN,Punjab,PB,SB-PB,SB-PB-KEMK,IR,0,8
KEMP,Kempalsad,Uttar Pradesh,UP,SB-UP,SB-UP-KEMP,NR,0,0
KEMR,KEMRI,Uttar Pradesh,UP,SB-UP,SB-UP-KEMR,NER,0,2
KEN,KOTALA,Andhra Pradesh,AP,SB-AP,SB-AP-KEN,IR,0,8
KENP,KENDRAPARA,Odisha,OD,SB-OD,SB-OD-KENP,IR,0,2
KEP,Kelanpur,Gujarat,GJ,SB-GJ,SB-GJ-KEP,WR,0,8
KEPR,KOIRIPUR,Uttar Pradesh,UP,SB-UP,SB-UP-KEPR,IR,0,6
KEQ,KACHHPURA,Madhya Pradesh,MP,SB-MP,SB-MP-KEQ,WCR,0,0
KER,KIRIHRAPUR,Uttar Pradesh,UP,SB-UP,SB-UP-KER,NER,0,12
KES,KESRI,Haryana,HR,SB-HR,SB-HR-KES,IR,0,4
KESR,Kesri Singhpur,Rajasthan,RJ,SB-RJ,SB-RJ-KESR,NWR,0,17
KETI,KEOTI,Chhattisgarh,CG,SB-CG,SB-CG-KETI,IR,0,6
KEU,KETTUR,Maharashtra,MH,SB-MH,SB-MH-KEU,IR,0,12
KEV,KELA DEVI,Rajasthan,RJ,SB-RJ,SB-RJ-KEV,WCR,0,6
KEX,KHEKRA,Uttar Pradesh,UP,SB-UP,SB-UP-KEX,NR,0,28
KEY,KAGANKARAI,Tamil Nadu,TN,SB-TN,SB-TN-KEY,IR,0,6
KEZ,Kelzar,Maharashtra,MH,SB-MH,SB-MH-KEZ,SECR,0,9
KFA,KOPARIA,Bihar,BR,SB-BR,SB-BR-KFA,ECR,0,29
KFC,KALPATTICHATRAM,Tamil Nadu,TN,SB-TN,SB-TN-KFC,IR,0,2
KFD,KARANJADI,Maharashtra,MH,SB-MH,SB-MH-KFD,KR,0,20
KFE,KURIKAD,Kerala,KL,SB-KL,SB-KL-KFE,IR,0,7
KFF,KOLDA,Gujarat,GJ,SB-GJ,SB-GJ-KFF,IR,0,10
KFH,Katphal,Maharashtra,MH,SB-MH,SB-MH-KFH,CR,0,8
KFI,KAPPIL,Kerala,KL,SB-KL,SB-KL-KFI,IR,0,6
KFK,KATKA,Uttar Pradesh,UP,SB-UP,SB-UP-KFK,NER,0,8
KFN,KANOR,Rajasthan,RJ,SB-RJ,SB-RJ-KFN,IR,0,4
KFP,Kukra Khapa,Madhya Pradesh,MP,SB-MP,SB-MP-KFP,SECR,0,4
KFPR,KAFURPUR,Uttar Pradesh,UP,SB-UP,SB-UP-KFPR,IR,0,9
KFQ,KUMARANALLUR,Kerala,KL,SB-KL,SB-KL-KFQ,IR,0,7
KFT,KAJRI,Jharkhand,JH,SB-JH,SB-JH-KFT,IR,0,12
KFU,KOHAND,Haryana,HR,SB-HR,SB-HR-KFU,IR,0,8
KFV,Kundara East,Kerala,KL,SB-KL,SB-KL-KFV,SR,0,6
KFX,KOCHEWAHI P.H.,Madhya Pradesh,MP,SB-MP,SB-MP-KFX,IR,0,16
KFY,KARAPGAON,Madhya Pradesh,MP,SB-MP,SB-MP-KFY,WCR,0,0
KGA,KHAGA,Uttar Pradesh,UP,SB-UP,SB-UP-KGA,IR,0,12
KGB,KARGI ROAD,Chhattisgarh,CG,SB-CG,SB-CG-KGB,IR,0,18
KGBP,KHONGSANG,Manipur,MN,SB-MN,SB-MN-KGBP,IR,0,2
KGBS,Kishangarh Balawas,Haryana,HR,SB-HR,SB-HR-KGBS,NWR,0,14
KGD,KALLIGUDI,Tamil Nadu,TN,SB-TN,SB-TN-KGD,IR,0,8
KGE,KATANGI,Madhya Pradesh,MP,SB-MP,SB-MP-KGE,IR,0,16
KGF,KATHGHAR,Uttar Pradesh,UP,SB-UP,SB-UP-KGF,IR,0,9
KGFE,KATHGHAR EAST,Uttar Pradesh,UP,SB-UP,SB-UP-KGFE,NR,0,0
KGFR,KATHGHAR RIGHT BANK,Uttar Pradesh,UP,SB-UP,SB-UP-KGFR,NR,0,0
KGG,KHAGARIA JN,Bihar,BR,SB-BR,SB-BR-KGG,IR,0,169
KGH,Kotegangur,Uttar Pradesh,UP,SB-UP,SB-UP-KGH,NR,0,0
KGI,KENGERI,Karnataka,KA,SB-KA,SB-KA-KGI,SWR,0,62
KGIH,KALGURKI HALT,Karnataka,KA,SB-KA,SB-KA-KGIH,IR,0,3
KGK,KANKURGACHHI ROAD,West Bengal,WB,SB-WB,SB-WB-KGK,ER,0,2
KGKD,Kang Khurd,Punjab,PB,SB-PB,SB-PB-KGKD,NR,0,10
KGL,KUPGAL,Andhra Pradesh,AP,SB-AP,SB-AP-KGL,IR,0,3
KGLE,KHAGRAGHAT ROAD,West Bengal,WB,SB-WB,SB-WB-KGLE,ER,0,53
KGM,KATHGODAM,Uttarakhand,UK,SB-UK,SB-UK-KGM,NER,0,21
KGMR,KANGRA MANDIR,Himachal Pradesh,HP,SB-HP,SB-HP-KGMR,NR,0,11
KGN,Kurseong,West Bengal,WB,SB-WB,SB-WB-KGN,NFR,0,10
KGP,Kharagpur Junction,West Bengal,WB,SB-WB,SB-WB-KGP,IR,1,345
KGPW,KGPW,Uttar Pradesh,UP,SB-UP,SB-UP-KGPW,NR,0,0
KGQ,Kasaragod,Kerala,KL,SB-KL,SB-KL-KGQ,SR,0,110
KGRA,Kangra,Himachal Pradesh,HP,SB-HP,SB-HP-KGRA,NR,0,11
KGS,KHONGSARA,Chhattisgarh,CG,SB-CG,SB-CG-KGS,IR,0,12
KGV,KONAGAYALLI,Karnataka,KA,SB-KA,SB-KA-KGV,IR,0,4
KGVE,Konagavalli Halt,Uttar Pradesh,UP,SB-UP,SB-UP-KGVE,NR,0,0
KGVL,Kadagaravalli,Uttar Pradesh,UP,SB-UP,SB-UP-KGVL,NR,0,0
KGW,KARIGANURU,Karnataka,KA,SB-KA,SB-KA-KGW,SWR,0,0
KGWD,KAGWAD,Uttar Pradesh,UP,SB-UP,SB-UP-KGWD,NR,0,0
KGX,KANGINHAL,Karnataka,KA,SB-KA,SB-KA-KGX,SWR,0,6
KGY,KULGACHIA,West Bengal,WB,SB-WB,SB-WB-KGY,IR,0,125
KGZ,KARUNGUZHI,Tamil Nadu,TN,SB-TN,SB-TN-KGZ,IR,0,4
KH,KAHILIYA,Uttar Pradesh,UP,SB-UP,SB-UP-KH,IR,0,4
KHA,Khaigaon,Madhya Pradesh,MP,SB-MP,SB-MP-KHA,WCR,0,6
KHAA,WETALWADI,Jharkhand,JH,SB-JH,SB-JH-KHAA,IR,0,4
KHAG,KHARGHAR,Maharashtra,MH,SB-MH,SB-MH-KHAG,IR,0,2
KHAI,KHIRAI,West Bengal,WB,SB-WB,SB-WB-KHAI,IR,0,53
KHAR,Khar Road,Maharashtra,MH,SB-MH,SB-MH-KHAR,WR,0,0
KHAT,KHAT,Maharashtra,MH,SB-MH,SB-MH-KHAT,IR,0,10
KHBJ,KHANNA BANJARI,Madhya Pradesh,MP,SB-MP,SB-MP-KHBJ,WCR,0,18
KHBV,KHARBAO,Maharashtra,MH,SB-MH,SB-MH-KHBV,CR,0,16
KHC,KHORANA,Gujarat,GJ,SB-GJ,SB-GJ-KHC,WR,0,0
KHD,KHODIYAR,Gujarat,GJ,SB-GJ,SB-GJ-KHD,WR,0,0
KHDB,KHODIYAR,Gujarat,GJ,SB-GJ,SB-GJ-KHDB,IR,0,10
KHDH,Karahdih Halt,Bihar,BR,SB-BR,SB-BR-KHDH,IR,0,12
KHDI,KHANDERI,Gujarat,GJ,SB-GJ,SB-GJ-KHDI,WR,0,0
KHDP,KHUDLAPUR,Uttar Pradesh,UP,SB-UP,SB-UP-KHDP,IR,0,8
KHDR,KHANDARI HALT,Haryana,HR,SB-HR,SB-HR-KHDR,IR,0,6
KHE,KANKATHER,Uttar Pradesh,UP,SB-UP,SB-UP-KHE,IR,0,4
KHED,Khed,Maharashtra,MH,SB-MH,SB-MH-KHED,KR,0,94
KHF,KHANTAPARA,Odisha,OD,SB-OD,SB-OD-KHF,IR,0,15
KHGP,KHARGAPUR,Madhya Pradesh,MP,SB-MP,SB-MP-KHGP,IR,0,18
KHGR,Kashinagar Halt,West Bengal,WB,SB-WB,SB-WB-KHGR,ER,0,30
KHH,KICHHA,Uttar Pradesh,UP,SB-UP,SB-UP-KHH,NER,0,34
KHHJ,Khatkar Kalan,Punjab,PB,SB-PB,SB-PB-KHHJ,NR,0,6
KHI,KURHANI,Bihar,BR,SB-BR,SB-BR-KHI,IR,0,8
KHJ,KHAJRAHA,Madhya Pradesh,MP,SB-MP,SB-MP-KHJ,IR,0,4
KHJA,KHANJA HALT,Uttar Pradesh,UP,SB-UP,SB-UP-KHJA,IR,0,4
KHKN,Khera Kalan,Delhi,DL,SB-DL,SB-DL-KHKN,IR,0,18
KHKT,KHOTKHOTI,Assam,AS,SB-AS,SB-AS-KHKT,NFR,0,2
KHLL,KETOHALLI,Karnataka,KA,SB-KA,SB-KA-KHLL,SWR,0,12
KHM,KUSMHI,Uttar Pradesh,UP,SB-UP,SB-UP-KHM,IR,0,7
KHMA,Khatima,Uttarakhand,UK,SB-UK,SB-UK-KHMA,NER,0,22
KHMP,KHEMPUR,Uttar Pradesh,UP,SB-UP,SB-UP-KHMP,NR,0,0
KHN,KHANYAN,West Bengal,WB,SB-WB,SB-WB-KHN,IR,0,65
KHNM,Kunda Harnamganj,Uttar Pradesh,UP,SB-UP,SB-UP-KHNM,NR,0,19
KHNP,Khanapur Deccan,Karnataka,KA,SB-KA,SB-KA-KHNP,SCR,0,10
KHNR,KACHNARA,Madhya Pradesh,MP,SB-MP,SB-MP-KHNR,IR,0,6
KHOH,KHOH,Uttar Pradesh,UP,SB-UP,SB-UP-KHOH,NCR,0,6
KHPL,KHALIPALI,Odisha,OD,SB-OD,SB-OD-KHPL,IR,0,4
KHPR,KHALIPUR,Gujarat,GJ,SB-GJ,SB-GJ-KHPR,IR,0,2
KHQ,KHARIK,Bihar,BR,SB-BR,SB-BR-KHQ,IR,0,8
KHR,Khairee Halt,Madhya Pradesh,MP,SB-MP,SB-MP-KHR,IR,0,4
KHRA,Khachera,Rajasthan,RJ,SB-RJ,SB-RJ-KHRA,NWR,0,8
KHRI,Kharkhari,Jharkhand,JH,SB-JH,SB-JH-KHRI,SER,0,6
KHRJ,KUMBHRAJ,Madhya Pradesh,MP,SB-MP,SB-MP-KHRJ,IR,0,10
KHRK,Kharak,Haryana,HR,SB-HR,SB-HR-KHRK,NWR,0,12
KHRS,KHARESHWAR ROAD,Gujarat,GJ,SB-GJ,SB-GJ-KHRS,WR,0,0
KHRY,KHAIRAHI,Uttar Pradesh,UP,SB-UP,SB-UP-KHRY,NCR,0,4
KHS,KHARSIA,Chhattisgarh,CG,SB-CG,SB-CG-KHS,SECR,1,31
KHSN,KHERA SANDHAN HALT,Uttar Pradesh,UP,SB-UP,SB-UP-KHSN,IR,0,6
KHST,KASHANATTI,Uttar Pradesh,UP,SB-UP,SB-UP-KHST,NR,0,0
KHT,Sri Kalahasti,Andhra Pradesh,AP,SB-AP,SB-AP-KHT,IR,0,32
KHTG,KHATGAON,Maharashtra,MH,SB-MH,SB-MH-KHTG,IR,0,10
KHTI,KUSHTAGI,Karnataka,KA,SB-KA,SB-KA-KHTI,IR,0,2
KHTN,Khutauna,Bihar,BR,SB-BR,SB-BR-KHTN,ECR,0,4
KHTU,Khatu,Rajasthan,RJ,SB-RJ,SB-RJ-KHTU,NWR,0,0
KHTX,KHED TEMPLE HALT,Rajasthan,RJ,SB-RJ,SB-RJ-KHTX,NWR,0,6
KHU,KHURHAND,Uttar Pradesh,UP,SB-UP,SB-UP-KHU,NCR,0,8
KHUH,KHARUARA HALT,Bihar,BR,SB-BR,SB-BR-KHUH,IR,0,6
KHUT,KHUNTALA,Rajasthan,RJ,SB-RJ,SB-RJ-KHUT,IR,0,2
KHV,KARAINTHI,Haryana,HR,SB-HR,SB-HR-KHV,NR,0,14
KHW,KHERODA,Rajasthan,RJ,SB-RJ,SB-RJ-KHW,IR,0,4
KHXB,KHAKHRECHI,Uttar Pradesh,UP,SB-UP,SB-UP-KHXB,NR,0,0
KI,KONDAPALLI,Andhra Pradesh,AP,SB-AP,SB-AP-KI,SCR,0,9
KIA,KHARI AMRAPUR,Gujarat,GJ,SB-GJ,SB-GJ-KIA,WR,0,4
KIAD,KEMPEGOWDA INTERNATIONAL AIRPORT STATION,Karnataka,KA,SB-KA,SB-KA-KIAD,IR,0,12
KIAT,KYATSANDRA,Karnataka,KA,SB-KA,SB-KA-KIAT,SWR,0,28
KIB,KIZHA AMBUR,Tamil Nadu,TN,SB-TN,SB-TN-KIB,IR,0,8
KIC,KALLIDAIKURICHI,Tamil Nadu,TN,SB-TN,SB-TN-KIC,IR,0,17
KID,KHAIRAR JN,Uttar Pradesh,UP,SB-UP,SB-UP-KID,NCR,0,12
KIE,Khiria Khurd,Uttar Pradesh,UP,SB-UP,SB-UP-KIE,NER,0,8
KIF,Kuri,Kerala,KL,SB-KL,SB-KL-KIF,IR,0,8
KIG,KOLAGHAT GOODS,Uttar Pradesh,UP,SB-UP,SB-UP-KIG,NR,0,0
KIGL,KUNIGAL,Karnataka,KA,SB-KA,SB-KA-KIGL,IR,0,16
KII,KILLE,Tamil Nadu,TN,SB-TN,SB-TN-KII,SR,0,8
KIJ,Kuldiha,Odisha,OD,SB-OD,SB-OD-KIJ,SER,0,8
KIK,Karaikal,Tamil Nadu,TN,SB-TN,SB-TN-KIK,IR,0,28
KIKA,KURWAI KETHORA,Madhya Pradesh,MP,SB-MP,SB-MP-KIKA,IR,0,2
KILE,Kandivali,Maharashtra,MH,SB-MH,SB-MH-KILE,WR,0,0
KIM,KIM,Gujarat,GJ,SB-GJ,SB-GJ-KIM,IR,0,24
KIN,Kapasan,Rajasthan,RJ,SB-RJ,SB-RJ-KIN,NWR,0,28
KIP,Khalilpur,Haryana,HR,SB-HR,SB-HR-KIP,NR,0,26
KIPK,KOMURAVELLI PUNYAKSHETRAM,Andhra Pradesh,AP,SB-AP,SB-AP-KIPK,IR,0,4
KIQ,Khai Phemeki,Punjab,PB,SB-PB,SB-PB-KIQ,NR,0,10
KIR,Katihar,Bihar,BR,SB-BR,SB-BR-KIR,IR,0,173
KIRB,KATIHAR CBO MB,Uttar Pradesh,UP,SB-UP,SB-UP-KIRB,NR,0,0
KIRP,KHIDIRPUR,West Bengal,WB,SB-WB,SB-WB-KIRP,IR,0,26
KIS,KAPILAS ROAD,Odisha,OD,SB-OD,SB-OD-KIS,IR,0,14
KISN,KALISEN,West Bengal,WB,SB-WB,SB-WB-KISN,IR,0,8
KIT,KHALLIKOT,Odisha,OD,SB-OD,SB-OD-KIT,IR,0,30
KITA,KITA,Jharkhand,JH,SB-JH,SB-JH-KITA,IR,0,12
KITN,KHIRI TOWN,Uttar Pradesh,UP,SB-UP,SB-UP-KITN,NER,0,8
KIU,KINANA,Haryana,HR,SB-HR,SB-HR-KIU,NR,0,14
KIUL,Kiul Junction,Bihar,BR,SB-BR,SB-BR-KIUL,IR,1,215
KIV,KAIALSA,Uttar Pradesh,UP,SB-UP,SB-UP-KIV,IR,0,9
KIW,KANWALPURA,Rajasthan,RJ,SB-RJ,SB-RJ-KIW,IR,0,14
KIY,Kalayat,Haryana,HR,SB-HR,SB-HR-KIY,NR,0,8
KIZ,KANSUDHI,Gujarat,GJ,SB-GJ,SB-GJ-KIZ,IR,0,8
KJ,KAJGAON,Maharashtra,MH,SB-MH,SB-MH-KJ,IR,0,10
KJA,KHAJURHAT,Uttar Pradesh,UP,SB-UP,SB-UP-KJA,NR,0,6
KJC,Kasganj City,Uttar Pradesh,UP,SB-UP,SB-UP-KJC,NER,0,7
KJG,KARAJGI,Karnataka,KA,SB-KA,SB-KA-KJG,SWR,0,6
KJGY,Khanalampura Gy,Uttar Pradesh,UP,SB-UP,SB-UP-KJGY,NR,0,0
KJH,KAJRA,Bihar,BR,SB-BR,SB-BR-KJH,IR,0,36
KJI,KHAJAULI,Bihar,BR,SB-BR,SB-BR-KJI,IR,0,20
KJJ,KODAVALURU,Andhra Pradesh,AP,SB-AP,SB-AP-KJJ,IR,0,4
KJKD,KANJIKODE,Kerala,KL,SB-KL,SB-KL-KJKD,IR,0,14
KJL,Kumgaon Burti,Maharashtra,MH,SB-MH,SB-MH-KJL,IR,0,4
KJLU,KHARI JHALU,Uttar Pradesh,UP,SB-UP,SB-UP-KJLU,NR,0,6
KJM,Krishnarajapuram,Karnataka,KA,SB-KA,SB-KA-KJM,IR,0,161
KJME,KAJORAGRAM,West Bengal,WB,SB-WB,SB-WB-KJME,ER,0,12
KJMG,KANJUR MARG,Uttar Pradesh,UP,SB-UP,SB-UP-KJMG,NR,0,0
KJN,Kannauj,Uttar Pradesh,UP,SB-UP,SB-UP-KJN,IR,0,42
KJNC,KANNAUJ CITY,Uttar Pradesh,UP,SB-UP,SB-UP-KJNC,IR,0,8
KJP,Khojeepura,Madhya Pradesh,MP,SB-MP,SB-MP-KJP,NCR,0,0
KJPD,Kurinjipadi,Tamil Nadu,TN,SB-TN,SB-TN-KJPD,SR,0,6
KJR,Kalajhari,Uttar Pradesh,UP,SB-UP,SB-UP-KJR,NR,0,0
KJRA,KARJANA,West Bengal,WB,SB-WB,SB-WB-KJRA,IR,0,14
KJRD,KANJUR MARG,Maharashtra,MH,SB-MH,SB-MH-KJRD,IR,0,3
KJRG,KESHRA-KATJURIDANGA,West Bengal,WB,SB-WB,SB-WB-KJRG,IR,0,10
KJRM,KARJANAGRAM,West Bengal,WB,SB-WB,SB-WB-KJRM,IR,0,14
KJS,Krishnarajasagar,Karnataka,KA,SB-KA,SB-KA-KJS,SWR,0,6
KJT,KARJAT,Maharashtra,MH,SB-MH,SB-MH-KJT,CR,1,130
KJTW,KAJGAON TERHWAN,Uttar Pradesh,UP,SB-UP,SB-UP-KJTW,NR,0,4
KJU,KUNTIGHAT,West Bengal,WB,SB-WB,SB-WB-KJU,ER,0,44
KJV,Khijadiya Junction,Gujarat,GJ,SB-GJ,SB-GJ-KJV,WR,0,8
KJW,KHAJWANA,Rajasthan,RJ,SB-RJ,SB-RJ-KJW,IR,0,4
KJY,Khurja City,Uttar Pradesh,UP,SB-UP,SB-UP-KJY,NR,0,6
KJZ,KARONJI,Chhattisgarh,CG,SB-CG,SB-CG-KJZ,SECR,0,8
KK,Khadki,Maharashtra,MH,SB-MH,SB-MH-KK,IR,1,56
KKA,KANKI,Bihar,BR,SB-BR,SB-BR-KKA,IR,0,16
KKAE,Kaikala,West Bengal,WB,SB-WB,SB-WB-KKAE,ER,0,77
KKAH,KANKAHA,Uttar Pradesh,UP,SB-UP,SB-UP-KKAH,IR,0,2
KKAS,KATKAMASANDI,Jharkhand,JH,SB-JH,SB-JH-KKAS,IR,0,4
KKB,KARAK BEL,Madhya Pradesh,MP,SB-MP,SB-MP-KKB,WCR,0,11
KKBA,KAKBARA,Bihar,BR,SB-BR,SB-BR-KKBA,IR,0,10
KKD,Kalkund,Madhya Pradesh,MP,SB-MP,SB-MP-KKD,WR,0,2
KKDE,Kurukshetra Junction,Haryana,HR,SB-HR,SB-HR-KKDE,IR,0,79
KKDI,Karaikkudi Junction,Tamil Nadu,TN,SB-TN,SB-TN-KKDI,SR,0,48
KKET,Kamrup Khetri,Assam,AS,SB-AS,SB-AS-KKET,NFR,0,8
KKF,KANKARIA,Gujarat,GJ,SB-GJ,SB-GJ-KKF,IR,0,2
KKG,KEKATUMAR,Maharashtra,MH,SB-MH,SB-MH-KKG,SCR,0,4
KKGM,KAKIRIGUMMA,Odisha,OD,SB-OD,SB-OD-KKGM,IR,0,4
KKGT,Kalkalighat,Assam,AS,SB-AS,SB-AS-KKGT,NFR,0,6
KKHT,KAKARGHATTI,Bihar,BR,SB-BR,SB-BR-KKHT,IR,0,24
KKI,KARKELI,Madhya Pradesh,MP,SB-MP,SB-MP-KKI,IR,0,6
KKJ,KAKORI,Bihar,BR,SB-BR,SB-BR-KKJ,IR,0,5
KKK,Khakharia,Gujarat,GJ,SB-GJ,SB-GJ-KKK,WR,0,6
KKL,KALA BAKRA,Punjab,PB,SB-PB,SB-PB-KKL,NR,0,6
KKLR,KAIKOLUR,Andhra Pradesh,AP,SB-AP,SB-AP-KKLR,SCR,0,68
KKLU,Kaklur,Chhattisgarh,CG,SB-CG,SB-CG-KKLU,ECOR,0,2
KKM,KAMALAPURAM,Andhra Pradesh,AP,SB-AP,SB-AP-KKM,IR,0,8
KKMB,KASTLA KASAMBAD,Uttar Pradesh,UP,SB-UP,SB-UP-KKMB,IR,0,4
KKN,KHIRKIYA,Madhya Pradesh,MP,SB-MP,SB-MP-KKN,WCR,0,21
KKNA,Khunkhuna,Rajasthan,RJ,SB-RJ,SB-RJ-KKNA,NWR,0,6
KKNH,Karukhirharnagar Halt,Bihar,BR,SB-BR,SB-BR-KKNH,ECR,0,14
KKP,Kot Kapura,Punjab,PB,SB-PB,SB-PB-KKP,NR,0,36
KKPM,KALLAKKUDI PLGH,Tamil Nadu,TN,SB-TN,SB-TN-KKPM,IR,0,8
KKPR,KOKPARA,Jharkhand,JH,SB-JH,SB-JH-KKPR,IR,0,18
KKQ,KALAIKUNDA,West Bengal,WB,SB-WB,SB-WB-KKQ,IR,0,18
KKR,KHAKHRALA ROAD,Uttar Pradesh,UP,SB-UP,SB-UP-KKR,NR,0,0
KKRD,KIKAKUI ROAD,Gujarat,GJ,SB-GJ,SB-GJ-KKRD,IR,0,10
KKRH,KARAHIA,Uttar Pradesh,UP,SB-UP,SB-UP-KKRH,IR,0,16
KKRL,Kakrala,Punjab,PB,SB-PB,SB-PB-KKRL,NR,0,2
KKRM,KAIKORAM,Uttar Pradesh,UP,SB-UP,SB-UP-KKRM,NR,0,0
KKS,KURASTI KALAN,Uttar Pradesh,UP,SB-UP,SB-UP-KKS,IR,0,4
KKT,Kath Kuiyan,Maharashtra,MH,SB-MH,SB-MH-KKT,IR,0,10
KKTA,Kollikhutaha,Bihar,BR,SB-BR,SB-BR-KKTA,ER,0,18
KKTI,KUTTAKUDI,Tamil Nadu,TN,SB-TN,SB-TN-KKTI,IR,0,6
KKU,KANAKPURA,Rajasthan,RJ,SB-RJ,SB-RJ-KKU,IR,0,16
KKV,Kunkavav Junction,Gujarat,GJ,SB-GJ,SB-GJ-KKV,WR,0,8
KKW,KANKAVALI,Maharashtra,MH,SB-MH,SB-MH-KKW,KR,0,77
KKY,KILA KADAIYAM,Tamil Nadu,TN,SB-TN,SB-TN-KKY,IR,0,15
KKZ,Kottarakara,Kerala,KL,SB-KL,SB-KL-KKZ,SR,0,23
KL,KHERLI,Rajasthan,RJ,SB-RJ,SB-RJ-KL,IR,0,20
KLA,KULWA,Rajasthan,RJ,SB-RJ,SB-RJ-KLA,IR,0,14
KLAD,KALANAD HALT,Kerala,KL,SB-KL,SB-KL-KLAD,SR,0,3
KLAR,Kulpahar,Uttar Pradesh,UP,SB-UP,SB-UP-KLAR,NCR,0,20
KLAT,Khelpatta,Uttar Pradesh,UP,SB-UP,SB-UP-KLAT,NR,0,0
KLB,KIRAOLI,Uttar Pradesh,UP,SB-UP,SB-UP-KLB,NCR,0,8
KLBA,KALAMBHA,Maharashtra,MH,SB-MH,SB-MH-KLBA,IR,0,4
KLBG,KALABURAGI,Karnataka,KA,SB-KA,SB-KA-KLBG,CR,1,112
KLBN,KALAMBANI BUDRUK,Maharashtra,MH,SB-MH,SB-MH-KLBN,IR,0,8
KLCR,Katlicherra,Assam,AS,SB-AS,SB-AS-KLCR,NFR,0,6
KLD,KHALILABAD,Uttar Pradesh,UP,SB-UP,SB-UP-KLD,IR,0,83
KLDI,KALDHARI,Andhra Pradesh,AP,SB-AP,SB-AP-KLDI,SCR,0,10
KLE,Kaithal,Haryana,HR,SB-HR,SB-HR-KLE,NR,0,14
KLG,KALUNGA,Odisha,OD,SB-OD,SB-OD-KLG,IR,0,12
KLGA,KALAGAR,Odisha,OD,SB-OD,SB-OD-KLGA,IR,0,2
KLGD,KOLLENGODE,Kerala,KL,SB-KL,SB-KL-KLGD,IR,0,10
KLGM,KALLAGAM,Tamil Nadu,TN,SB-TN,SB-TN-KLGM,IR,0,4
KLGN,KALANGANI,Tamil Nadu,TN,SB-TN,SB-TN-KLGN,IR,0,6
KLGR,KHALAIGRAM,West Bengal,WB,SB-WB,SB-WB-KLGR,IR,0,2
KLH,Khemli,Rajasthan,RJ,SB-RJ,SB-RJ-KLH,NWR,0,12
KLHD,KOLHADI,Maharashtra,MH,SB-MH,SB-MH-KLHD,IR,0,4
KLI,Kauli,Punjab,PB,SB-PB,SB-PB-KLI,NR,0,8
KLJ,KAMALGANJ,Uttar Pradesh,UP,SB-UP,SB-UP-KLJ,IR,0,14
KLJI,KALIJAI,Odisha,OD,SB-OD,SB-OD-KLJI,IR,0,6
KLK,Kalka,Haryana,HR,SB-HR,SB-HR-KLK,NR,0,26
KLKA,KOILAKUNTLA,Andhra Pradesh,AP,SB-AP,SB-AP-KLKA,IR,0,6
KLKH,Kalladaka,Uttar Pradesh,UP,SB-UP,SB-UP-KLKH,NR,0,0
KLKR,Kalikapur,West Bengal,WB,SB-WB,SB-WB-KLKR,ER,0,66
KLL,Kalol Junction,Gujarat,GJ,SB-GJ,SB-GJ-KLL,WR,1,32
KLLF,Kalol Jn,Uttar Pradesh,UP,SB-UP,SB-UP-KLLF,NR,0,0
KLM,KADLIMATTI,Karnataka,KA,SB-KA,SB-KA-KLM,SWR,0,3
KLMC,KALAMBOLI,Maharashtra,MH,SB-MH,SB-MH-KLMC,CR,0,0
KLMD,Kollumangudi,Uttar Pradesh,UP,SB-UP,SB-UP-KLMD,NR,0,0
KLMG,KALAMBOLI GOODS,Maharashtra,MH,SB-MH,SB-MH-KLMG,CR,0,26
KLMJ,Kalhe Majra,Uttar Pradesh,UP,SB-UP,SB-UP-KLMJ,NR,0,0
KLMR,KALAMASSERY,Kerala,KL,SB-KL,SB-KL-KLMR,IR,0,9
KLNA,KOLHANA HALT,Bihar,BR,SB-BR,SB-BR-KLNA,?,0,7
KLNC,Kullanchavadi,Uttar Pradesh,UP,SB-UP,SB-UP-KLNC,NR,0,0
KLNK,Kalanaur kalan,Haryana,HR,SB-HR,SB-HR-KLNK,NWR,0,22
KLNP,Kalinarayanpur Junction,West Bengal,WB,SB-WB,SB-WB-KLNP,ER,0,108
KLNT,KALINAGAR,West Bengal,WB,SB-WB,SB-WB-KLNT,IR,0,40
KLOD,Kelod,Maharashtra,MH,SB-MH,SB-MH-KLOD,SECR,0,4
KLP,KOTALPUKUR,Jharkhand,JH,SB-JH,SB-JH-KLP,IR,0,12
KLPG,KAMALPURGRAM,Chhattisgarh,CG,SB-CG,SB-CG-KLPG,SECR,0,4
KLPM,KAILASAPURAM,Tamil Nadu,TN,SB-TN,SB-TN-KLPM,SR,0,4
KLQ,Kilikollur,Kerala,KL,SB-KL,SB-KL-KLQ,SR,0,13
KLRD,KALI ROAD,Gujarat,GJ,SB-GJ,SB-GJ-KLRD,WR,0,0
KLRE,KHALARI,Jharkhand,JH,SB-JH,SB-JH-KLRE,IR,0,28
KLRS,KOLARAS,Madhya Pradesh,MP,SB-MP,SB-MP-KLRS,WCR,0,14
KLS,KOLATUR,Tamil Nadu,TN,SB-TN,SB-TN-KLS,IR,0,6
KLSP,Kushal Pura,Haryana,HR,SB-HR,SB-HR-KLSP,IR,0,8
KLSX,Kaulseri,Punjab,PB,SB-PB,SB-PB-KLSX,NR,0,4
KLT,Kulitalai,Tamil Nadu,TN,SB-TN,SB-TN-KLT,SR,0,17
KLTR,KALMITAR,Chhattisgarh,CG,SB-CG,SB-CG-KLTR,IR,0,4
KLU,KALLURU,Andhra Pradesh,AP,SB-AP,SB-AP-KLU,IR,0,6
KLV,Kelve Road,Maharashtra,MH,SB-MH,SB-MH-KLV,WR,0,68
KLVA,KALVA,Maharashtra,MH,SB-MH,SB-MH-KLVA,IR,0,3
KLVD,KALAVAD,Uttar Pradesh,UP,SB-UP,SB-UP-KLVD,NR,0,0
KLVR,Kolvihir,Uttar Pradesh,UP,SB-UP,SB-UP-KLVR,NR,0,0
KLW,Kalwan Halt,West Bengal,WB,SB-WB,SB-WB-KLW,ER,0,30
KLWD,KALITALAVDI,Gujarat,GJ,SB-GJ,SB-GJ-KLWD,IR,0,16
KLWL,KILANWALI PUNJAB,Punjab,PB,SB-PB,SB-PB-KLWL,NR,0,5
KLWN,KALWAN,Haryana,HR,SB-HR,SB-HR-KLWN,NR,0,4
KLX,KOLAKALUR,Andhra Pradesh,AP,SB-AP,SB-AP-KLX,IR,0,10
KLY,Kalyani,West Bengal,WB,SB-WB,SB-WB-KLY,IR,0,0
KLYG,KALYANI GHOSHPARA,West Bengal,WB,SB-WB,SB-WB-KLYG,IR,0,32
KLYH,Kallur Yedahli,Karnataka,KA,SB-KA,SB-KA-KLYH,SWR,0,6
KLYM,KALYANI SIMANTA,West Bengal,WB,SB-WB,SB-WB-KLYM,IR,0,32
KLYN,KHILERIYAN,Rajasthan,RJ,SB-RJ,SB-RJ-KLYN,IR,0,6
KLYS,KALYANI SILPANCHAL,West Bengal,WB,SB-WB,SB-WB-KLYS,IR,0,32
KLYT,Kolayat,Rajasthan,RJ,SB-RJ,SB-RJ-KLYT,NWR,0,8
KLZ,Keolari,Madhya Pradesh,MP,SB-MP,SB-MP-KLZ,SECR,0,8
KM,KALEEM,Goa,GA,SB-GA,SB-GA-KM,SWR,0,6
KMA,KAIMA,Madhya Pradesh,MP,SB-MP,SB-MP-KMA,WCR,0,2
KMAE,KHAMARGACHHI,West Bengal,WB,SB-WB,SB-WB-KMAE,ER,0,44
KMAH,KAMATHE,Maharashtra,MH,SB-MH,SB-MH-KMAH,KR,0,6
KMB,Kalv Amba,Gujarat,GJ,SB-GJ,SB-GJ-KMB,WR,0,4
KMBL,Khambhaliya,Gujarat,GJ,SB-GJ,SB-GJ-KMBL,WR,0,42
KMC,Kamareddi,Telangana,TS,SB-TS,SB-TS-KMC,SCR,0,64
KMD,Kodumudi,Tamil Nadu,TN,SB-TN,SB-TN-KMD,SR,0,16
KMDC,KURMADANGA HALT,West Bengal,WB,SB-WB,SB-WB-KMDC,IR,0,8
KMDR,KARIMUDDIN PUR,Uttar Pradesh,UP,SB-UP,SB-UP-KMDR,NER,0,14
KMEZ,Kumar Maranga,Chhattisgarh,CG,SB-CG,SB-CG-KMEZ,IR,0,2
KMGE,KUMAHU,Bihar,BR,SB-BR,SB-BR-KMGE,IR,0,12
KMGH,KAMARGANJ,Bihar,BR,SB-BR,SB-BR-KMGH,IR,0,10
KMH,KALAMALIA,Andhra Pradesh,AP,SB-AP,SB-AP-KMH,IR,0,2
KMHN,KAMTHAN,Bihar,BR,SB-BR,SB-BR-KMHN,IR,0,4
KMHT,KARMAHAT,Jharkhand,JH,SB-JH,SB-JH-KMHT,IR,0,6
KMI,KUMHARI,Chhattisgarh,CG,SB-CG,SB-CG-KMI,IR,0,28
KMJ,KAIMGANJ,Uttar Pradesh,UP,SB-UP,SB-UP-KMJ,IR,0,16
KMK,KOMAKHAN,Chhattisgarh,CG,SB-CG,SB-CG-KMK,IR,0,10
KMKD,KHAMKHED,Maharashtra,MH,SB-MH,SB-MH-KMKD,IR,0,4
KML,KAMTAUL,Bihar,BR,SB-BR,SB-BR-KML,IR,0,38
KMLI,KAMLI,Gujarat,GJ,SB-GJ,SB-GJ-KMLI,WR,0,0
KMLM,Kelamangalam,Tamil Nadu,TN,SB-TN,SB-TN-KMLM,SWR,0,6
KMLP,KOMMARAPUDI,Uttar Pradesh,UP,SB-UP,SB-UP-KMLP,NR,0,0
KMLR,Kamalur,Chhattisgarh,CG,SB-CG,SB-CG-KMLR,ECOR,0,2
KMM,KANNAMANGALAM,Tamil Nadu,TN,SB-TN,SB-TN-KMM,IR,0,8
KMMD,Kirmiti Mendha,Maharashtra,MH,SB-MH,SB-MH-KMMD,IR,0,9
KMME,KUMARDUBI,Jharkhand,JH,SB-JH,SB-JH-KMME,IR,0,31
KMN,Khamkhed,Maharashtra,MH,SB-MH,SB-MH-KMN,IR,0,8
KMNC,Kuchaman City,Rajasthan,RJ,SB-RJ,SB-RJ-KMNC,IR,0,41
KMND,KUMENDI,Jharkhand,JH,SB-JH,SB-JH-KMND,IR,0,8
KMNG,KAMRANGA,Assam,AS,SB-AS,SB-AS-KMNG,IR,0,2
KMNN,KHAMANON,Punjab,PB,SB-PB,SB-PB-KMNN,IR,0,1
KMNP,Kishan Manpura,Rajasthan,RJ,SB-RJ,SB-RJ-KMNP,NWR,0,6
KMNR,Kamalnagar,Karnataka,KA,SB-KA,SB-KA-KMNR,SCR,0,5
KMP,KAMLAPUR,Uttar Pradesh,UP,SB-UP,SB-UP-KMP,NER,0,8
KMPH,KAMALPUR HALT,Bihar,BR,SB-BR,SB-BR-KMPH,IR,0,4
KMPR,KOMARPUR,West Bengal,WB,SB-WB,SB-WB-KMPR,IR,0,8
KMPS,Kumara Patnam Bg Sdg,Uttar Pradesh,UP,SB-UP,SB-UP-KMPS,NR,0,0
KMPT,KOMATIPALLI,Uttar Pradesh,UP,SB-UP,SB-UP-KMPT,NR,0,0
KMPU,KAMALAPUR,Karnataka,KA,SB-KA,SB-KA-KMPU,IR,0,10
KMQ,KUMBLA,Kerala,KL,SB-KL,SB-KL-KMQ,SR,0,14
KMQA,KOMALI,Andhra Pradesh,AP,SB-AP,SB-AP-KMQA,IR,0,2
KMRA,KAMNARA,West Bengal,WB,SB-WB,SB-WB-KMRA,IR,0,14
KMRD,KALAMB ROAD,Maharashtra,MH,SB-MH,SB-MH-KMRD,CR,0,2
KMRJ,KUMARGANJ,Uttar Pradesh,UP,SB-UP,SB-UP-KMRJ,IR,0,10
KMRL,KUMRUL,West Bengal,WB,SB-WB,SB-WB-KMRL,IR,0,11
KMS,KARAMNASA,Bihar,BR,SB-BR,SB-BR-KMS,IR,0,12
KMSD,Kumar Sadra,Chhattisgarh,CG,SB-CG,SB-CG-KMSD,ECOR,0,2
KMSI,Kumsi,Karnataka,KA,SB-KA,SB-KA-KMSI,IR,0,10
KMST,Kamshet,Maharashtra,MH,SB-MH,SB-MH-KMST,IR,0,33
KMT,Khammam,Telangana,TS,SB-TS,SB-TS-KMT,SCR,1,129
KMTI,Kumarhatti,Himachal Pradesh,HP,SB-HP,SB-HP-KMTI,NR,0,3
KMU,Kumbakonam,Tamil Nadu,TN,SB-TN,SB-TN-KMU,SR,0,58
KMV,KARMAD,Maharashtra,MH,SB-MH,SB-MH-KMV,SCR,0,8
KMX,KOMATIPALLI,Andhra Pradesh,AP,SB-AP,SB-AP-KMX,IR,0,10
KMZ,KATNI MURWARA,Madhya Pradesh,MP,SB-MP,SB-MP-KMZ,IR,0,91
KMZA,Kankra Mirzanagar,West Bengal,WB,SB-WB,SB-WB-KMZA,ER,0,56
KN,Kadalundi,Tamil Nadu,TN,SB-TN,SB-TN-KN,SR,0,12
KNAD,Kanad,Gujarat,GJ,SB-GJ,SB-GJ-KNAD,WR,0,4
KNAG,KANAJI HALT,Karnataka,KA,SB-KA,SB-KA-KNAG,IR,0,8
KNAR,KHANPUR AHIR,Rajasthan,RJ,SB-RJ,SB-RJ-KNAR,NWR,0,4
KNB,KANIYAMBADI,Tamil Nadu,TN,SB-TN,SB-TN-KNB,IR,0,3
KNBR,Kanaibazar,Assam,AS,SB-AS,SB-AS-KNBR,NFR,0,4
KNC,KANCHANPUR ROAD,Madhya Pradesh,MP,SB-MP,SB-MP-KNC,WCR,0,2
KND,KANDRA,Jharkhand,JH,SB-JH,SB-JH-KND,IR,0,22
KNDG,KANHADGAON P.H.,Maharashtra,MH,SB-MH,SB-MH-KNDG,IR,0,18
KNDI,KANDRORI,Himachal Pradesh,HP,SB-HP,SB-HP-KNDI,NR,0,6
KNDL,Khandel,Rajasthan,RJ,SB-RJ,SB-RJ-KNDL,NWR,0,5
KNDP,KHANDIP,Rajasthan,RJ,SB-RJ,SB-RJ-KNDP,WCR,0,10
KNDR,Kandari,Gujarat,GJ,SB-GJ,SB-GJ-KNDR,WR,0,0
KNDS,KHANDESHWAR,Maharashtra,MH,SB-MH,SB-MH-KNDS,IR,0,2
KNDV,KRISHNADEVARAYA HALT,Karnataka,KA,SB-KA,SB-KA-KNDV,IR,0,13
KNE,Kishanganj,Bihar,BR,SB-BR,SB-BR-KNE,NFR,1,196
KNF,Khanudih,Jharkhand,JH,SB-JH,SB-JH-KNF,SER,0,10
KNG,Kathunangal,Punjab,PB,SB-PB,SB-PB-KNG,NR,0,14
KNGM,Kangam,Gujarat,GJ,SB-GJ,SB-GJ-KNGM,WR,0,0
KNGN,KANHEGAON,Maharashtra,MH,SB-MH,SB-MH-KNGN,IR,0,2
KNGR,Kashinagar Halt,Odisha,OD,SB-OD,SB-OD-KNGR,ECOR,0,8
KNGT,KARNAWAS,Haryana,HR,SB-HR,SB-HR-KNGT,NWR,0,0
KNH,Konch,Uttar Pradesh,UP,SB-UP,SB-UP-KNH,NCR,0,10
KNHE,KANHE,Maharashtra,MH,SB-MH,SB-MH-KNHE,IR,0,32
KNHN,KANTHAN JN,Maharashtra,MH,SB-MH,SB-MH-KNHN,IR,0,14
KNHP,KANHAIPUR,Bihar,BR,SB-BR,SB-BR-KNHP,IR,0,11
KNHR,Kirnahar,West Bengal,WB,SB-WB,SB-WB-KNHR,IR,0,8
KNJ,Krishnanagar City Junction,West Bengal,WB,SB-WB,SB-WB-KNJ,ER,0,96
KNJI,Karanjali,West Bengal,WB,SB-WB,SB-WB-KNJI,IR,0,30
KNJJ,KANNJARA HALT,Maharashtra,MH,SB-MH,SB-MH-KNJJ,IR,0,4
KNKD,Kankanadi,Karnataka,KA,SB-KA,SB-KA-KNKD,IR,0,0
KNKP,KONDIKOPPA,Uttar Pradesh,UP,SB-UP,SB-UP-KNKP,NR,0,0
KNKT,KANAKOT,Gujarat,GJ,SB-GJ,SB-GJ-KNKT,WR,0,1
KNL,Kalanwali,Haryana,HR,SB-HR,SB-HR-KNL,NWR,0,18
KNLE,Kanale,Uttar Pradesh,UP,SB-UP,SB-UP-KNLE,NR,0,0
KNLI,KANGALI HALT,Bihar,BR,SB-BR,SB-BR-KNLI,IR,0,6
KNLP,KANAMALO PALLE,Andhra Pradesh,AP,SB-AP,SB-AP-KNLP,IR,0,4
KNLS,KANALAS JN,Gujarat,GJ,SB-GJ,SB-GJ-KNLS,WR,0,14
KNM,KANIMAHULI,Jharkhand,JH,SB-JH,SB-JH-KNM,IR,0,16
KNN,Khanna,Punjab,PB,SB-PB,SB-PB-KNN,IR,0,31
KNNA,Khinaniyan,Haryana,HR,SB-HR,SB-HR-KNNA,NWR,0,10
KNNK,Kanina Khas,Haryana,HR,SB-HR,SB-HR-KNNK,NWR,0,14
KNNT,KUNNATHUR,Tamil Nadu,TN,SB-TN,SB-TN-KNNT,IR,0,6
KNO,KUNDGOL,Karnataka,KA,SB-KA,SB-KA-KNO,SWR,0,8
KNP,KHANAPUR,Karnataka,KA,SB-KA,SB-KA-KNP,SWR,0,24
KNPL,Kandanur Puduvayal,Tamil Nadu,TN,SB-TN,SB-TN-KNPL,SR,0,4
KNPR,KENDRAPARA ROAD,Odisha,OD,SB-OD,SB-OD-KNPR,IR,0,16
KNPS,Kendposi,Jharkhand,JH,SB-JH,SB-JH-KNPS,SER,0,6
KNR,Kankinara,West Bengal,WB,SB-WB,SB-WB-KNR,IR,0,181
KNRA,KACHNARIA,Uttar Pradesh,UP,SB-UP,SB-UP-KNRA,NR,0,0
KNRG,KANHARGAON NAKA,Maharashtra,MH,SB-MH,SB-MH-KNRG,SCR,0,4
KNRI,KUNURI,West Bengal,WB,SB-WB,SB-WB-KNRI,IR,0,10
KNRN,KANAROAN,Odisha,OD,SB-OD,SB-OD-KNRN,IR,0,4
KNRT,KUNERU,Andhra Pradesh,AP,SB-AP,SB-AP-KNRT,IR,0,8
KNS,KANCHAUSI,Uttar Pradesh,UP,SB-UP,SB-UP-KNS,IR,0,14
KNSN,KARNA SUBARNA,West Bengal,WB,SB-WB,SB-WB-KNSN,ER,0,28
KNSR,KANASAR,Rajasthan,RJ,SB-RJ,SB-RJ-KNSR,NWR,0,4
KNT,KANTH,Uttarakhand,UK,SB-UK,SB-UK-KNT,IR,0,16
KNU,Kanjh,Uttar Pradesh,UP,SB-UP,SB-UP-KNU,NR,0,0
KNVH,Kanivehalli,Karnataka,KA,SB-KA,SB-KA-KNVH,IR,0,6
KNVT,Kinwat,Maharashtra,MH,SB-MH,SB-MH-KNVT,SCR,0,16
KNW,Khandwa,Madhya Pradesh,MP,SB-MP,SB-MP-KNW,CR,1,195
KNWF,Khandwa Jn,Uttar Pradesh,UP,SB-UP,SB-UP-KNWF,NR,0,0
KNWS,KARANWAS,Uttar Pradesh,UP,SB-UP,SB-UP-KNWS,NR,0,0
KNYR,Kaniuru Halt,Karnataka,KA,SB-KA,SB-KA-KNYR,SWR,0,6
KNZ,KALANOUR,Haryana,HR,SB-HR,SB-HR-KNZ,IR,0,4
KO,KOSGI,Andhra Pradesh,AP,SB-AP,SB-AP-KO,SCR,1,6
KOA,KARONDA,Madhya Pradesh,MP,SB-MP,SB-MP-KOA,IR,0,2
KOAA,Kolkata Terminal,West Bengal,WB,SB-WB,SB-WB-KOAA,ER,1,107
KODI,KODI,Maharashtra,MH,SB-MH,SB-MH-KODI,SCR,0,6
KODN,KODUMUNDA,Kerala,KL,SB-KL,SB-KL-KODN,SR,0,0
KODR,Kodinar,Gujarat,GJ,SB-GJ,SB-GJ-KODR,WR,0,0
KOF,Marwar Kori,Rajasthan,RJ,SB-RJ,SB-RJ-KOF,NWR,0,4
KOG,Konnagar,West Bengal,WB,SB-WB,SB-WB-KOG,IR,0,235
KOHL,KOHLI,Maharashtra,MH,SB-MH,SB-MH-KOHL,IR,0,4
KOHR,Kohir Deccan,Andhra Pradesh,AP,SB-AP,SB-AP-KOHR,SCR,0,4
KOI,KHODRI,Chhattisgarh,CG,SB-CG,SB-CG-KOI,IR,0,8
KOJ,Kokrajhar,Assam,AS,SB-AS,SB-AS-KOJ,NFR,1,100
KOK,Korukkupet,Tamil Nadu,TN,SB-TN,SB-TN-KOK,SR,0,92
KOKA,KOKA,Maharashtra,MH,SB-MH,SB-MH-KOKA,IR,0,10
KOL,Kolad,Maharashtra,MH,SB-MH,SB-MH-KOL,KR,0,10
KOLA,KOTLA,Andhra Pradesh,AP,SB-AP,SB-AP-KOLA,IR,0,8
KOLE,KOLE,Jharkhand,JH,SB-JH,SB-JH-KOLE,IR,0,8
KOLI,KESHOLI,Rajasthan,RJ,SB-RJ,SB-RJ-KOLI,WCR,0,4
KOLR,KOLNUR,Telangana,TS,SB-TS,SB-TS-KOLR,IR,0,8
KOM,Kodikkalpalaiym,Uttar Pradesh,UP,SB-UP,SB-UP-KOM,NR,0,0
KON,KUDALNAGAR,Tamil Nadu,TN,SB-TN,SB-TN-KON,IR,0,6
KONA,KONA,West Bengal,WB,SB-WB,SB-WB-KONA,IR,0,22
KONN,KONNUR,Andhra Pradesh,AP,SB-AP,SB-AP-KONN,IR,0,5
KONY,KISONI,Madhya Pradesh,MP,SB-MP,SB-MP-KONY,IR,0,4
KOO,KHUSROPUR,Bihar,BR,SB-BR,SB-BR-KOO,IR,0,60
KOP,Kolhapur,Maharashtra,MH,SB-MH,SB-MH-KOP,CR,0,35
KOPR,KOPAR ROAD,Maharashtra,MH,SB-MH,SB-MH-KOPR,IR,0,3
KOQ,KUTHUR,Tamil Nadu,TN,SB-TN,SB-TN-KOQ,SR,0,10
KORA,Kora,Gujarat,GJ,SB-GJ,SB-GJ-KORA,WR,0,0
KORI,Khori,Haryana,HR,SB-HR,SB-HR-KORI,NWR,0,4
KORL,Kural,Gujarat,GJ,SB-GJ,SB-GJ-KORL,WR,0,0
KORU,KOPAR UPPER LEVEL,Maharashtra,MH,SB-MH,SB-MH-KORU,IR,0,13
KOTA,Kota Junction,Rajasthan,RJ,SB-RJ,SB-RJ-KOTA,WCR,1,253
KOTI,Koti,Himachal Pradesh,HP,SB-HP,SB-HP-KOTI,NR,0,1
KOTR,Korattur,Tamil Nadu,TN,SB-TN,SB-TN-KOTR,SR,0,213
KOTT,KOTTUR,Andhra Pradesh,AP,SB-AP,SB-AP-KOTT,IR,0,6
KOU,Koduru,Andhra Pradesh,AP,SB-AP,SB-AP-KOU,IR,1,29
KOV,Kirloskarvadi,Maharashtra,MH,SB-MH,SB-MH-KOV,CR,0,27
KOWN,KHOWANG,Assam,AS,SB-AS,SB-AS-KOWN,IR,0,4
KOX,KACHUJOR,West Bengal,WB,SB-WB,SB-WB-KOX,IR,0,12
KOY,KHEROL,Gujarat,GJ,SB-GJ,SB-GJ-KOY,WR,0,4
KOZ,KOSMA,Uttar Pradesh,UP,SB-UP,SB-UP-KOZ,NCR,0,4
KP,Khopoli,Maharashtra,MH,SB-MH,SB-MH-KP,CR,1,37
KPA,Kanchrapara,West Bengal,WB,SB-WB,SB-WB-KPA,ER,0,176
KPAW,Kanchrapara Workshop Gate,Uttar Pradesh,UP,SB-UP,SB-UP-KPAW,NR,0,0
KPB,KHARPOKHRA,Bihar,BR,SB-BR,SB-BR-KPB,ECR,0,8
KPCM,KUWARCHINTAWA,Bihar,BR,SB-BR,SB-BR-KPCM,IR,0,7
KPD,"Katpadi Junction, Vellore",Tamil Nadu,TN,SB-TN,SB-TN-KPD,IR,0,308
KPDH,Kapurdha Halt,Madhya Pradesh,MP,SB-MP,SB-MP-KPDH,SECR,0,4
KPE,Kauwapur,Uttar Pradesh,UP,SB-UP,SB-UP-KPE,NER,0,8
KPG,Kopargaon,Maharashtra,MH,SB-MH,SB-MH-KPG,IR,0,93
KPGM,KARPURIGRAM,Bihar,BR,SB-BR,SB-BR-KPGM,IR,0,21
KPH,KAMEPALLI,Uttar Pradesh,UP,SB-UP,SB-UP-KPH,NR,0,0
KPHH,KUSHALPUR HARNAHA HALT,Bihar,BR,SB-BR,SB-BR-KPHH,IR,0,6
KPHN,KOPAR KHAIRNA,Maharashtra,MH,SB-MH,SB-MH-KPHN,IR,0,2
KPI,KALPI,Uttar Pradesh,UP,SB-UP,SB-UP-KPI,IR,0,16
KPJ,KOPAGANJ,Uttar Pradesh,UP,SB-UP,SB-UP-KPJ,IR,0,4
KPJG,KEREJANGA,Odisha,OD,SB-OD,SB-OD-KPJG,IR,0,2
KPK,KALIPAHARI,West Bengal,WB,SB-WB,SB-WB-KPK,IR,0,29
KPKD,Khapri Kheda,Maharashtra,MH,SB-MH,SB-MH-KPKD,SECR,0,4
KPKI,QASIMPUR KHERI,Uttar Pradesh,UP,SB-UP,SB-UP-KPKI,NR,0,28
KPL,KANTAKAPALLE,Andhra Pradesh,AP,SB-AP,SB-AP-KPL,IR,0,12
KPLD,KAPALI ROAD,Odisha,OD,SB-OD,SB-OD-KPLD,IR,0,12
KPLE,KOPAI,West Bengal,WB,SB-WB,SB-WB-KPLE,IR,0,16
KPLL,KOTTA PANDILA PALLI,Andhra Pradesh,AP,SB-AP,SB-AP-KPLL,IR,0,7
KPLR,KOPARLAHAR,Himachal Pradesh,HP,SB-HP,SB-HP-KPLR,NR,0,11
KPM,KUMARAPURAM,Uttar Pradesh,UP,SB-UP,SB-UP-KPM,NR,0,0
KPN,Kuppam,Andhra Pradesh,AP,SB-AP,SB-AP-KPN,IR,0,64
KPNA,KAPAN,Chhattisgarh,CG,SB-CG,SB-CG-KPNA,IR,0,21
KPO,KARANPURA,Rajasthan,RJ,SB-RJ,SB-RJ-KPO,IR,0,6
KPP,KALAPIPAL,Madhya Pradesh,MP,SB-MP,SB-MP-KPP,IR,0,29
KPPR,KARUPPUR,Tamil Nadu,TN,SB-TN,SB-TN-KPPR,IR,0,8
KPQ,KANNAPURAM,Kerala,KL,SB-KL,SB-KL-KPQ,SR,0,19
KPRD,KALYANPUR ROAD,Bihar,BR,SB-BR,SB-BR-KPRD,IR,0,22
KPRR,KOTAPAR ROAD,Chhattisgarh,CG,SB-CG,SB-CG-KPRR,ECOR,0,8
KPS,KOPA SAMHOTA,Bihar,BR,SB-BR,SB-BR-KPS,IR,0,12
KPTM,Kanjiramittam,Kerala,KL,SB-KL,SB-KL-KPTM,IR,0,8
KPTN,KESHORAI PATAN,Rajasthan,RJ,SB-RJ,SB-RJ-KPTN,IR,0,25
KPTO,KARANPUR ATO,Jharkhand,JH,SB-JH,SB-JH-KPTO,IR,0,18
KPU,KRISHNAPURAM,Andhra Pradesh,AP,SB-AP,SB-AP-KPU,IR,0,2
KPV,Kashipur,Uttarakhand,UK,SB-UK,SB-UK-KPV,NER,0,36
KPXR,KAIPADA ROAD,Odisha,OD,SB-OD,SB-OD-KPXR,IR,0,8
KPY,KARUNAGAPALLI,Kerala,KL,SB-KL,SB-KL-KPY,IR,0,74
KPZ,KAPREN,Rajasthan,RJ,SB-RJ,SB-RJ-KPZ,IR,0,17
KQA,KONDAGUNTA,Andhra Pradesh,AP,SB-AP,SB-AP-KQA,IR,0,3
KQD,KHAIRATABAD DCN,Andhra Pradesh,AP,SB-AP,SB-AP-KQD,SCR,0,25
KQE,KALA AKHAR,Madhya Pradesh,MP,SB-MP,SB-MP-KQE,IR,0,2
KQI,Kalachand,Assam,AS,SB-AS,SB-AS-KQI,NFR,0,2
KQK,KOTIKULAM,Kerala,KL,SB-KL,SB-KL-KQK,SR,0,12
KQL,KANDHLA,Uttar Pradesh,UP,SB-UP,SB-UP-KQL,NR,0,28
KQLS,KAMARKUNDU,West Bengal,WB,SB-WB,SB-WB-KQLS,IR,0,81
KQN,Kodaikanal road,Tamil Nadu,TN,SB-TN,SB-TN-KQN,IR,0,45
KQQ,KAUKUNTLA,Andhra Pradesh,AP,SB-AP,SB-AP-KQQ,IR,0,7
KQR,Koderma,Jharkhand,JH,SB-JH,SB-JH-KQR,IR,1,133
KQRT,KODERMA TOWN,Jharkhand,JH,SB-JH,SB-JH-KQRT,IR,0,4
KQS,Kailaras,Madhya Pradesh,MP,SB-MP,SB-MP-KQS,NCR,0,6
KQT,KURGUNTA,Karnataka,KA,SB-KA,SB-KA-KQT,IR,0,4
KQU,KAMARKUNDU,West Bengal,WB,SB-WB,SB-WB-KQU,IR,0,73
KQV,Kinkhed,Maharashtra,MH,SB-MH,SB-MH-KQV,CR,0,0
KQW,KHEDULI,Rajasthan,RJ,SB-RJ,SB-RJ-KQW,IR,0,8
KQX,KACHUJOR,Uttar Pradesh,UP,SB-UP,SB-UP-KQX,NR,0,0
KQY,KHARIKATIA,Assam,AS,SB-AS,SB-AS-KQY,NFR,0,0
KQZ,Kolar,Karnataka,KA,SB-KA,SB-KA-KQZ,IR,0,10
KR,Kevdi,Gujarat,GJ,SB-GJ,SB-GJ-KR,WR,0,0
KRA,Karepalli,Andhra Pradesh,AP,SB-AP,SB-AP-KRA,SCR,0,8
KRAI,KAHET,Gujarat,GJ,SB-GJ,SB-GJ-KRAI,IR,0,6
KRAN,KORATTI ANGADI,Kerala,KL,SB-KL,SB-KL-KRAN,IR,0,8
KRAR,KHARIAR ROAD,Chhattisgarh,CG,SB-CG,SB-CG-KRAR,IR,0,36
KRBA,Korba,Chhattisgarh,CG,SB-CG,SB-CG-KRBA,SECR,0,21
KRBO,Karaboh,Madhya Pradesh,MP,SB-MP,SB-MP-KRBO,SECR,0,0
KRBP,KHUDIRAM B PUSA,Bihar,BR,SB-BR,SB-BR-KRBP,IR,0,29
KRBR,KERKHABARI,Uttar Pradesh,UP,SB-UP,SB-UP-KRBR,NR,0,0
KRC,Kiroda,Rajasthan,RJ,SB-RJ,SB-RJ-KRC,NWR,0,6
KRCA,KARACHIYA YARD,Uttar Pradesh,UP,SB-UP,SB-UP-KRCA,NR,0,0
KRCD,KHARWA CHANDA,Rajasthan,RJ,SB-RJ,SB-RJ-KRCD,NWR,0,2
KRD,Karad,Maharashtra,MH,SB-MH,SB-MH-KRD,CR,0,53
KRDH,Koradih,Maharashtra,MH,SB-MH,SB-MH-KRDH,SECR,0,4
KRDL,Kirandul,Chhattisgarh,CG,SB-CG,SB-CG-KRDL,ECOR,0,4
KRDN,KARAUNDHANA,Uttar Pradesh,UP,SB-UP,SB-UP-KRDN,IR,0,2
KRE,KARTARPUR,Punjab,PB,SB-PB,SB-PB-KRE,IR,0,14
KRG,KOREGAON,Maharashtra,MH,SB-MH,SB-MH-KRG,CR,0,15
KRGA,KURANGA,Gujarat,GJ,SB-GJ,SB-GJ-KRGA,WR,0,0
KRGN,Kargaon Halt,Uttar Pradesh,UP,SB-UP,SB-UP-KRGN,NR,0,0
KRH,Khairthal,Rajasthan,RJ,SB-RJ,SB-RJ-KRH,NWR,1,48
KRHA,KORAHIA,Bihar,BR,SB-BR,SB-BR-KRHA,IR,0,10
KRHR,Kharar,Punjab,PB,SB-PB,SB-PB-KRHR,NR,0,0
KRHT,KHARAHAT,Assam,AS,SB-AS,SB-AS-KRHT,IR,0,4
KRI,KHAPTI,Maharashtra,MH,SB-MH,SB-MH-KRI,IR,0,2
KRIH,KORAI HALT,Odisha,OD,SB-OD,SB-OD-KRIH,IR,0,12
KRJ,KHURJA JN,Uttar Pradesh,UP,SB-UP,SB-UP-KRJ,IR,0,46
KRJA,Karanja,Maharashtra,MH,SB-MH,SB-MH-KRJA,CR,0,0
KRJD,KARJODA,Gujarat,GJ,SB-GJ,SB-GJ-KRJD,NWR,0,4
KRJN,Karanjali Halt,West Bengal,WB,SB-WB,SB-WB-KRJN,ER,0,0
KRJR,KARJARA,Bihar,BR,SB-BR,SB-BR-KRJR,ECR,0,14
KRJT,Karanja Town,Maharashtra,MH,SB-MH,SB-MH-KRJT,CR,0,0
KRKD,KARAKKAD,Kerala,KL,SB-KL,SB-KL-KRKD,SR,0,4
KRKH,KHARKARA HALT,Haryana,HR,SB-HR,SB-HR-KRKH,IR,0,4
KRKM,Khara-Kameri,Uttar Pradesh,UP,SB-UP,SB-UP-KRKM,NR,0,0
KRKN,Karkend,West Bengal,WB,SB-WB,SB-WB-KRKN,SER,0,6
KRKP,KYARKOP,Karnataka,KA,SB-KA,SB-KA-KRKP,SWR,0,2
KRKR,KURKURA,Odisha,OD,SB-OD,SB-OD-KRKR,IR,0,6
KRL,KOTARLIA,Chhattisgarh,CG,SB-CG,SB-CG-KRL,IR,0,4
KRLA,KORATLA,Telangana,TS,SB-TS,SB-TS-KRLA,IR,0,12
KRLI,KURALI,Punjab,PB,SB-PB,SB-PB-KRLI,IR,0,17
KRLR,KARAILA ROAD JN,Madhya Pradesh,MP,SB-MP,SB-MP-KRLR,ECR,0,10
KRLS,KURLAS,Rajasthan,RJ,SB-RJ,SB-RJ-KRLS,IR,0,8
KRMA,KARAMTOLA,Bihar,BR,SB-BR,SB-BR-KRMA,IR,0,14
KRMB,KARMABAD BH,Jharkhand,JH,SB-JH,SB-JH-KRMB,IR,0,4
KRMD,Kuarmunda,Odisha,OD,SB-OD,SB-OD-KRMD,SER,0,2
KRMG,Kumaramangalam,Tamil Nadu,TN,SB-TN,SB-TN-KRMG,SR,0,10
KRMI,KARMALI,Goa,GA,SB-GA,SB-GA-KRMI,KR,0,44
KRMP,Kumaripur Halt,Bihar,BR,SB-BR,SB-BR-KRMP,IR,0,6
KRMR,Karimnagar,Telangana,TS,SB-TS,SB-TS-KRMR,SCR,0,16
KRND,KHORASON ROAD,Uttar Pradesh,UP,SB-UP,SB-UP-KRND,IR,0,22
KRNG,Kargaon Halt,Uttar Pradesh,UP,SB-UP,SB-UP-KRNG,NR,0,0
KRNH,Karanahalli,Karnataka,KA,SB-KA,SB-KA-KRNH,SWR,0,6
KRNI,Krishnai,Assam,AS,SB-AS,SB-AS-KRNI,NFR,0,4
KRNN,Karnauti Halt,Bihar,BR,SB-BR,SB-BR-KRNN,IR,0,6
KRNR,Krishnarajanagara,Karnataka,KA,SB-KA,SB-KA-KRNR,SWR,0,20
KRNT,Kurnool Town,Andhra Pradesh,AP,SB-AP,SB-AP-KRNT,IR,0,82
KRNU,KONANUR,Karnataka,KA,SB-KA,SB-KA-KRNU,SWR,0,10
KRO,KURAWAN,Madhya Pradesh,MP,SB-MP,SB-MP-KRO,WCR,0,0
KRON,Karona Halt,Bihar,BR,SB-BR,SB-BR-KRON,?,0,17
KRP,Krishnapur,West Bengal,WB,SB-WB,SB-WB-KRP,ER,0,30
KRPA,KHARIAPIPRA HALT,Uttar Pradesh,UP,SB-UP,SB-UP-KRPA,NR,0,0
KRPB,KORAPUT B CABIN B.H.,Uttar Pradesh,UP,SB-UP,SB-UP-KRPB,NR,0,0
KRPC,KHARIA-PIPRA HALT,Uttar Pradesh,UP,SB-UP,SB-UP-KRPC,NR,0,0
KRPN,KHAREPATAN ROAD,Maharashtra,MH,SB-MH,SB-MH-KRPN,IR,0,2
KRPP,KURUPPANTHARA,Kerala,KL,SB-KL,SB-KL-KRPP,IR,0,18
KRPR,KAREPUR,Maharashtra,MH,SB-MH,SB-MH-KRPR,SCR,0,0
KRPU,KORAPUT,Odisha,OD,SB-OD,SB-OD-KRPU,IR,0,16
KRQ,KARARI,Madhya Pradesh,MP,SB-MP,SB-MP-KRQ,IR,0,2
KRR,Karur Junction,Tamil Nadu,TN,SB-TN,SB-TN-KRR,SR,0,78
KRRA,KARRA,Odisha,OD,SB-OD,SB-OD-KRRA,IR,0,6
KRRH,Kharuara Halt,Uttar Pradesh,UP,SB-UP,SB-UP-KRRH,NR,0,0
KRRI,Khairranji,Madhya Pradesh,MP,SB-MP,SB-MP-KRRI,IR,0,4
KRS,KARISATH,Bihar,BR,SB-BR,SB-BR-KRS,IR,0,14
KRSA,KHARSALIYA,Gujarat,GJ,SB-GJ,SB-GJ-KRSA,IR,0,13
KRSH,KARAMGARH SDRGH,Uttar Pradesh,UP,SB-UP,SB-UP-KRSH,NR,0,0
KRSL,Krishnashilla,Uttar Pradesh,UP,SB-UP,SB-UP-KRSL,ECR,0,4
KRSW,Kohar Singhwala,Punjab,PB,SB-PB,SB-PB-KRSW,NR,0,10
KRT,KHURAHAT,Uttar Pradesh,UP,SB-UP,SB-UP-KRT,IR,0,6
KRTA,KARKATA,Bihar,BR,SB-BR,SB-BR-KRTA,IR,0,8
KRTH,KIRATGARH,Madhya Pradesh,MP,SB-MP,SB-MP-KRTH,IR,0,4
KRTL,Kartauli,Uttar Pradesh,UP,SB-UP,SB-UP-KRTL,NER,0,7
KRTN,KIRTI NAGAR,Delhi,DL,SB-DL,SB-DL-KRTN,NR,0,1
KRTP,KARTOLI PUNJAB,Himachal Pradesh,HP,SB-HP,SB-HP-KRTP,IR,0,5
KRTR,KAROTA PATRI HALT,Bihar,BR,SB-BR,SB-BR-KRTR,?,0,7
KRU,KHERALU,Gujarat,GJ,SB-GJ,SB-GJ-KRU,IR,0,2
KRUR,Keeranur,Tamil Nadu,TN,SB-TN,SB-TN-KRUR,SR,0,10
KRV,KARAVADI,Andhra Pradesh,AP,SB-AP,SB-AP-KRV,IR,0,8
KRW,KHARWA,Rajasthan,RJ,SB-RJ,SB-RJ-KRW,NWR,0,4
KRX,Kurud,Uttar Pradesh,UP,SB-UP,SB-UP-KRX,NR,0,0
KRXA,KHARA MP,Maharashtra,MH,SB-MH,SB-MH-KRXA,IR,0,18
KRXM,Krishnamohan Halt,West Bengal,WB,SB-WB,SB-WB-KRXM,ER,0,42
KRY,Kadiri,Andhra Pradesh,AP,SB-AP,SB-AP-KRY,SCR,0,24
KRYA,KURRAIYA,Uttar Pradesh,UP,SB-UP,SB-UP-KRYA,NER,0,8
KRYP,KADIRIDEVARAPALLI,Andhra Pradesh,AP,SB-AP,SB-AP-KRYP,IR,0,2
KRYR,KARAMSAD,Gujarat,GJ,SB-GJ,SB-GJ-KRYR,IR,0,16
KRZ,KHARAWAR,Haryana,HR,SB-HR,SB-HR-KRZ,NR,0,16
KS,KHETA SARAI,Uttar Pradesh,UP,SB-UP,SB-UP-KS,NR,0,7
KSA,KHASA,Punjab,PB,SB-PB,SB-PB-KSA,NR,0,4
KSAE,KOSAI,Maharashtra,MH,SB-MH,SB-MH-KSAE,SCR,0,4
KSAI,Kosadi Halt,Gujarat,GJ,SB-GJ,SB-GJ-KSAI,WR,0,0
KSAR,KUDALA SANGAM,Karnataka,KA,SB-KA,SB-KA-KSAR,SWR,0,4
KSB,Kosamba,Gujarat,GJ,SB-GJ,SB-GJ-KSB,IR,0,35
KSBG,Khusta Buzurg,Maharashtra,MH,SB-MH,SB-MH-KSBG,CR,0,0
KSBI,KASHIABARI,West Bengal,WB,SB-WB,SB-WB-KSBI,IR,0,6
KSBP,Keshabpur,West Bengal,WB,SB-WB,SB-WB-KSBP,SER,0,8
KSC,KASHI CHAK,Bihar,BR,SB-BR,SB-BR-KSC,ECR,0,18
KSD,KESHOD,Gujarat,GJ,SB-GJ,SB-GJ-KSD,WR,0,23
KSDE,KARSINDHU,Haryana,HR,SB-HR,SB-HR-KSDE,NR,0,6
KSE,KOSAD,Gujarat,GJ,SB-GJ,SB-GJ-KSE,IR,0,13
KSF,KHALISPUR,Uttar Pradesh,UP,SB-UP,SB-UP-KSF,IR,0,7
KSG,KISHANGARH,Rajasthan,RJ,SB-RJ,SB-RJ-KSG,NWR,1,147
KSGL,KARASANGAL,Uttar Pradesh,UP,SB-UP,SB-UP-KSGL,NR,0,0
KSH,KALI SINDH,Madhya Pradesh,MP,SB-MP,SB-MP-KSH,IR,0,23
KSHR,KESHWARI,Jharkhand,JH,SB-JH,SB-JH-KSHR,IR,0,4
KSHT,KHETIA,West Bengal,WB,SB-WB,SB-WB-KSHT,IR,0,14
KSI,Kosli,Haryana,HR,SB-HR,SB-HR-KSI,NWR,0,26
KSIH,Khodseoni,Maharashtra,MH,SB-MH,SB-MH-KSIH,IR,0,9
KSJ,KASGANJ,Uttar Pradesh,UP,SB-UP,SB-UP-KSJ,IR,0,86
KSJF,Kasganj Mg,Uttar Pradesh,UP,SB-UP,SB-UP-KSJF,NER,0,0
KSK,KASIMKOTA,Andhra Pradesh,AP,SB-AP,SB-AP-KSK,IR,0,4
KSLA,KESLA,Uttar Pradesh,UP,SB-UP,SB-UP-KSLA,NR,0,0
KSM,KAMASAMUDRAM,Andhra Pradesh,AP,SB-AP,SB-AP-KSM,IR,0,12
KSMB,KASTLA KASMABAD,Bihar,BR,SB-BR,SB-BR-KSMB,ECR,0,14
KSN,KRISHNA,Karnataka,KA,SB-KA,SB-KA-KSN,SCR,1,47
KSNA,KANASAR NAWADA,Jharkhand,JH,SB-JH,SB-JH-KSNA,IR,0,4
KSNG,Kesinga,Odisha,OD,SB-OD,SB-OD-KSNG,ECOR,0,62
KSNR,KHUSHAL NAGAR,Uttar Pradesh,UP,SB-UP,SB-UP-KSNR,NER,0,7
KSO,KHEMASULI,West Bengal,WB,SB-WB,SB-WB-KSO,IR,0,18
KSP,KISHANPUR,Bihar,BR,SB-BR,SB-BR-KSP,IR,0,18
KSPR,KASHIPURA SARAR,Gujarat,GJ,SB-GJ,SB-GJ-KSPR,IR,0,8
KSQ,KANSPUR GUGAULI,Uttar Pradesh,UP,SB-UP,SB-UP-KSQ,IR,0,4
KSR,KASTURI,Uttar Pradesh,UP,SB-UP,SB-UP-KSR,IR,0,4
KSRA,KASARA,Maharashtra,MH,SB-MH,SB-MH-KSRA,CR,1,53
KSRK,KASRAK HALT,Uttar Pradesh,UP,SB-UP,SB-UP-KSRK,NR,0,0
KSTA,KASTHA,Bihar,BR,SB-BR,SB-BR-KSTA,IR,0,12
KSTE,KISTAMSETTIPALI,Uttar Pradesh,UP,SB-UP,SB-UP-KSTE,NR,0,0
KSTH,KASHTI,Maharashtra,MH,SB-MH,SB-MH-KSTH,IR,0,2
KSU,KUSHTAUR,West Bengal,WB,SB-WB,SB-WB-KSU,SER,0,24
KSUA,Kashipura,Gujarat,GJ,SB-GJ,SB-GJ-KSUA,WR,0,0
KSV,Kosi Kalan,Uttar Pradesh,UP,SB-UP,SB-UP-KSV,IR,0,51
KSVM,KESAVARAM,Uttar Pradesh,UP,SB-UP,SB-UP-KSVM,NR,0,0
KSVR,KESHAV NAGAR HALT,Rajasthan,RJ,SB-RJ,SB-RJ-KSVR,IR,0,2
KSW,KHERI SALWA,Rajasthan,RJ,SB-RJ,SB-RJ-KSW,IR,0,8
KSWD,KASAR WADI,Maharashtra,MH,SB-MH,SB-MH-KSWD,IR,0,42
KSWR,KALMESHWAR,Maharashtra,MH,SB-MH,SB-MH-KSWR,IR,0,4
KSX,Kotshila Junction,West Bengal,WB,SB-WB,SB-WB-KSX,IR,0,34
KSY,KUSIARGAON,Bihar,BR,SB-BR,SB-BR-KSY,IR,0,12
KT,Kumta,Karnataka,KA,SB-KA,SB-KA-KT,KR,0,38
KTA,KUSHTALA,Rajasthan,RJ,SB-RJ,SB-RJ-KTA,IR,0,6
KTAL,Kathalal,Gujarat,GJ,SB-GJ,SB-GJ-KTAL,WR,0,0
KTBR,Kasturba Nagar,Tamil Nadu,TN,SB-TN,SB-TN-KTBR,SR,0,92
KTCE,KATOGHAN,Uttar Pradesh,UP,SB-UP,SB-UP-KTCE,IR,0,2
KTCH,Kaithalkuchi,Assam,AS,SB-AS,SB-AS-KTCH,NFR,0,12
KTCR,KOTHACHERUVU,Uttar Pradesh,UP,SB-UP,SB-UP-KTCR,NR,0,0
KTD,KANTADIH,West Bengal,WB,SB-WB,SB-WB-KTD,IR,0,16
KTDD,KATAIYA DANDI,Uttar Pradesh,UP,SB-UP,SB-UP-KTDD,NCR,0,4
KTE,Katni,Madhya Pradesh,MP,SB-MP,SB-MP-KTE,WCR,1,215
KTES,KATNI SOUTH,Madhya Pradesh,MP,SB-MP,SB-MP-KTES,IR,0,18
KTF,KOT FATTEH,Punjab,PB,SB-PB,SB-PB-KTF,NR,0,2
KTGA,KEUTGUDA,Andhra Pradesh,AP,SB-AP,SB-AP-KTGA,IR,0,2
KTGD,KOTH GANGAD,Gujarat,GJ,SB-GJ,SB-GJ-KTGD,WR,0,6
KTGG,KARATAGI,Karnataka,KA,SB-KA,SB-KA-KTGG,IR,0,8
KTGM,Kayasthagram,Assam,AS,SB-AS,SB-AS-KTGM,NFR,0,8
KTGO,Kotgaon,Uttar Pradesh,UP,SB-UP,SB-UP-KTGO,NR,0,0
KTH,KATRASGARH,Jharkhand,JH,SB-JH,SB-JH-KTH,IR,0,33
KTHA,KHUTAHA,Madhya Pradesh,MP,SB-MP,SB-MP-KTHA,WCR,0,4
KTHD,Kothari Road,Chhattisgarh,CG,SB-CG,SB-CG-KTHD,SECR,0,12
KTHE,KATAHRI,Uttar Pradesh,UP,SB-UP,SB-UP-KTHE,NR,0,0
KTHL,KATHOLA,Uttar Pradesh,UP,SB-UP,SB-UP-KTHL,IR,0,4
KTHN,KATHOUN,Jharkhand,JH,SB-JH,SB-JH-KTHN,IR,0,12
KTHU,KATHUA,Jammu and Kashmir,JK,SB-JK,SB-JK-KTHU,NR,0,0
KTHY,KALTHURUTHY HALT,Kerala,KL,SB-KL,SB-KL-KTHY,IR,0,2
KTI,KANTI,Bihar,BR,SB-BR,SB-BR-KTI,ECR,0,8
KTJ,KHALTIPUR,West Bengal,WB,SB-WB,SB-WB-KTJ,IR,0,8
KTJI,KATHA JORI,Odisha,OD,SB-OD,SB-OD-KTJI,IR,0,16
KTK,KYATANEAKERI RD,Karnataka,KA,SB-KA,SB-KA-KTK,SWR,0,5
KTKA,KOTAKADRA,Andhra Pradesh,AP,SB-AP,SB-AP-KTKA,IR,0,5
KTKD,KATANGI KHURD,Madhya Pradesh,MP,SB-MP,SB-MP-KTKD,WCR,0,2
KTKH,Kotlakheri,Madhya Pradesh,MP,SB-MP,SB-MP-KTKH,WR,0,4
KTKL,Kotli Kalan,Punjab,PB,SB-PB,SB-PB-KTKL,NR,0,2
KTKR,Kumtha Khurd,Maharashtra,MH,SB-MH,SB-MH-KTKR,SCR,0,0
KTKS,Kantakosh Halt,Bihar,BR,SB-BR,SB-BR-KTKS,IR,0,6
KTKU,KOTTEKAD,Uttar Pradesh,UP,SB-UP,SB-UP-KTKU,NR,0,0
KTLA,KATKOLA JN,Gujarat,GJ,SB-GJ,SB-GJ-KTLA,WR,0,8
KTLN,KHAT LABANA,Uttar Pradesh,UP,SB-UP,SB-UP-KTLN,NR,0,0
KTLP,Katalpur Halt,Bihar,BR,SB-BR,SB-BR-KTLP,IR,0,4
KTLR,KANTHALIYA ROAD,West Bengal,WB,SB-WB,SB-WB-KTLR,ER,0,14
KTM,KUTRALAM,Tamil Nadu,TN,SB-TN,SB-TN-KTM,SR,0,18
KTMA,Kotma,Madhya Pradesh,MP,SB-MP,SB-MP-KTMA,SECR,0,22
KTNA,Kathana,Gujarat,GJ,SB-GJ,SB-GJ-KTNA,WR,0,2
KTNI,Kapustalni,Maharashtra,MH,SB-MH,SB-MH-KTNI,CR,0,0
KTNR,Kirtyanand Nagar,Bihar,BR,SB-BR,SB-BR-KTNR,ECR,0,14
KTO,KATORA,Chhattisgarh,CG,SB-CG,SB-CG-KTO,SECR,0,8
KTOA,KOTANA,Rajasthan,RJ,SB-RJ,SB-RJ-KTOA,NWR,0,2
KTOR,KATORIYA,Bihar,BR,SB-BR,SB-BR-KTOR,IR,0,12
KTP,KATEPURNA,Maharashtra,MH,SB-MH,SB-MH-KTP,IR,0,4
KTPK,KOTHA PAKKI,Rajasthan,RJ,SB-RJ,SB-RJ-KTPK,NR,0,5
KTPM,Kotturpuram,Tamil Nadu,TN,SB-TN,SB-TN-KTPM,SR,0,92
KTPR,KATHALPUKHURI,Assam,AS,SB-AS,SB-AS-KTPR,IR,0,8
KTQ,KUDRA,Bihar,BR,SB-BR,SB-BR-KTQ,IR,0,28
KTR,Kottarakkara,Kerala,KL,SB-KL,SB-KL-KTR,NWR,0,0
KTRA,KOTRA,Madhya Pradesh,MP,SB-MP,SB-MP-KTRA,IR,0,2
KTRD,Katosan Road,Gujarat,GJ,SB-GJ,SB-GJ-KTRD,WR,0,6
KTRH,KATAREAH,Bihar,BR,SB-BR,SB-BR-KTRH,IR,0,12
KTRI,KATARI,Bihar,BR,SB-BR,SB-BR-KTRI,IR,0,2
KTRK,KUTURUKHAMAR PH,Odisha,OD,SB-OD,SB-OD-KTRK,IR,0,2
KTRR,Kathara Road,Uttar Pradesh,UP,SB-UP,SB-UP-KTRR,NCR,0,8
KTSC,KOTA JN SOUTH C,Uttar Pradesh,UP,SB-UP,SB-UP-KTSC,NR,0,0
KTSH,KOTMI SONAN HLT,Chhattisgarh,CG,SB-CG,SB-CG-KTSH,IR,0,19
KTT,KHUTBAV,Maharashtra,MH,SB-MH,SB-MH-KTT,IR,0,10
KTTR,KATTUR,Tamil Nadu,TN,SB-TN,SB-TN-KTTR,IR,0,4
KTTY,KTTY,Uttar Pradesh,UP,SB-UP,SB-UP-KTTY,NR,0,0
KTU,Kuttippuram,Kerala,KL,SB-KL,SB-KL-KTU,SR,0,43
KTV,Kottavalasa,Andhra Pradesh,AP,SB-AP,SB-AP-KTV,IR,0,63
KTW,Kotdwar,Uttarakhand,UK,SB-UK,SB-UK-KTW,NR,0,10
KTWS,Kathuwas,Haryana,HR,SB-HR,SB-HR-KTWS,NWR,0,10
KTX,Katakhal Junction,Assam,AS,SB-AS,SB-AS-KTX,NFR,0,20
KTY,Kotturu,Andhra Pradesh,AP,SB-AP,SB-AP-KTY,SWR,0,10
KTYM,Kottayam,Kerala,KL,SB-KL,SB-KL-KTYM,IR,0,124
KTYR,Kottaiyur,Tamil Nadu,TN,SB-TN,SB-TN-KTYR,SR,0,10
KTZ,KHUTWANSA,Madhya Pradesh,MP,SB-MP,SB-MP-KTZ,WCR,0,0
KU,KULIKARAI,Tamil Nadu,TN,SB-TN,SB-TN-KU,SR,0,12
KUA,KULHARIA,Bihar,BR,SB-BR,SB-BR-KUA,IR,0,24
KUB,KASBA,Bihar,BR,SB-BR,SB-BR-KUB,IR,0,14
KUC,KARUKKUTTY,Kerala,KL,SB-KL,SB-KL-KUC,IR,0,11
KUCE,Kuchai,Odisha,OD,SB-OD,SB-OD-KUCE,IR,0,6
KUCH,KUCHAVARAM HALT,Uttar Pradesh,UP,SB-UP,SB-UP-KUCH,NR,0,0
KUD,KUDACHI,Karnataka,KA,SB-KA,SB-KA-KUD,SWR,0,24
KUDA,Kundapura,Karnataka,KA,SB-KA,SB-KA-KUDA,KR,0,50
KUDL,Kudal,Maharashtra,MH,SB-MH,SB-MH-KUDL,KR,0,72
KUDN,Kudni,Punjab,PB,SB-PB,SB-PB-KUDN,NR,0,6
KUE,KURSELA,Bihar,BR,SB-BR,SB-BR-KUE,IR,0,25
KUF,KAURHA,Uttar Pradesh,UP,SB-UP,SB-UP-KUF,IR,0,4
KUG,KUSUGALI,Karnataka,KA,SB-KA,SB-KA-KUG,SWR,0,8
KUGT,Kumarghat,Tripura,TR,SB-TR,SB-TR-KUGT,NFR,0,14
KUH,KHACHROD,Madhya Pradesh,MP,SB-MP,SB-MP-KUH,IR,0,38
KUHI,Kuhi,Maharashtra,MH,SB-MH,SB-MH-KUHI,SECR,0,0
KUI,KULALI,Karnataka,KA,SB-KA,SB-KA-KUI,IR,0,6
KUJU,KUJU,Jharkhand,JH,SB-JH,SB-JH-KUJU,IR,0,4
KUK,KORUKONDA,Andhra Pradesh,AP,SB-AP,SB-AP-KUK,IR,0,12
KUKA,Khui Khera,Punjab,PB,SB-PB,SB-PB-KUKA,IR,0,4
KUKT,KURUKOTTA,Karnataka,KA,SB-KA,SB-KA-KUKT,IR,0,8
KUL,KALLAYI,Kerala,KL,SB-KL,SB-KL-KUL,SR,0,10
KULH,Kulha-Halt,Uttar Pradesh,UP,SB-UP,SB-UP-KULH,IR,0,4
KUM,Kuram,Maharashtra,MH,SB-MH,SB-MH-KUM,IR,0,4
KUMB,KUMARBAGH,Bihar,BR,SB-BR,SB-BR-KUMB,ECR,0,12
KUMM,KUMBALAM,Kerala,KL,SB-KL,SB-KL-KUMM,IR,0,7
KUMT,KURMAHAT,Jharkhand,JH,SB-JH,SB-JH-KUMT,IR,0,6
KUN,Karnal,Haryana,HR,SB-HR,SB-HR-KUN,IR,0,62
KUND,Kund,Haryana,HR,SB-HR,SB-HR-KUND,NWR,0,14
KUP,KUP,Punjab,PB,SB-PB,SB-PB-KUP,NR,0,7
KUPR,Khurdpur,Punjab,PB,SB-PB,SB-PB-KUPR,NR,0,14
KUQ,KURETHA,Bihar,BR,SB-BR,SB-BR-KUQ,IR,0,8
KUR,Khurda Road,Odisha,OD,SB-OD,SB-OD-KUR,IR,1,304
KURJ,Khajuraho,Madhya Pradesh,MP,SB-MP,SB-MP-KURJ,NCR,0,30
KURN,KHUKRANA,Haryana,HR,SB-HR,SB-HR-KURN,IR,0,6
KURO,Korari,Uttar Pradesh,UP,SB-UP,SB-UP-KURO,NR,0,4
KURT,KHURDA TOWN,Odisha,OD,SB-OD,SB-OD-KURT,IR,0,8
KURV,KURVA,Jharkhand,JH,SB-JH,SB-JH-KURV,IR,0,2
KUT,KANAUTA,Rajasthan,RJ,SB-RJ,SB-RJ-KUT,IR,0,4
KUTI,Khumtai,Assam,AS,SB-AS,SB-AS-KUTI,NFR,0,2
KUTL,Kuwanthal,Rajasthan,RJ,SB-RJ,SB-RJ-KUTL,NWR,0,0
KUTR,Kulathur,Tamil Nadu,TN,SB-TN,SB-TN-KUTR,SR,0,0
KUU,KUHURI,Odisha,OD,SB-OD,SB-OD-KUU,IR,0,14
KUV,Kundara,Kerala,KL,SB-KL,SB-KL-KUV,SR,0,21
KUW,KANWAR,Uttar Pradesh,UP,SB-UP,SB-UP-KUW,IR,0,2
KUX,Khirsadoh Junction,Madhya Pradesh,MP,SB-MP,SB-MP-KUX,CR,0,0
KUY,TIRUPPUR KULIPALAYAM,Uttar Pradesh,UP,SB-UP,SB-UP-KUY,NR,0,0
KV,Kayavarohan,Gujarat,GJ,SB-GJ,SB-GJ-KV,WR,0,2
KVA,KAVAS,Rajasthan,RJ,SB-RJ,SB-RJ-KVA,NWR,0,6
KVC,KAPARPURA,Bihar,BR,SB-BR,SB-BR-KVC,ECR,0,8
KVD,KHURMABAD ROAD,Bihar,BR,SB-BR,SB-BR-KVD,IR,0,10
KVDU,KADAVAKUDURU,Andhra Pradesh,AP,SB-AP,SB-AP-KVDU,IR,0,8
KVE,KAVALANDE,Karnataka,KA,SB-KA,SB-KA-KVE,SWR,0,10
KVG,KUNEANGANJ,Uttar Pradesh,UP,SB-UP,SB-UP-KVG,IR,0,2
KVGM,KOLVAGRAM,Rajasthan,RJ,SB-RJ,SB-RJ-KVGM,IR,0,8
KVH,Khambhel,Gujarat,GJ,SB-GJ,SB-GJ-KVH,WR,0,0
KVJ,KESHAVGANJ,Rajasthan,RJ,SB-RJ,SB-RJ-KVJ,NWR,0,2
KVK,KAVATHE MAHANKL,Maharashtra,MH,SB-MH,SB-MH-KVK,CR,0,8
KVL,KIZHELUR,Tamil Nadu,TN,SB-TN,SB-TN-KVL,SR,0,10
KVLK,KAVAL KINARU,Tamil Nadu,TN,SB-TN,SB-TN-KVLK,IR,0,2
KVLR,Karuvalli,Tamil Nadu,TN,SB-TN,SB-TN-KVLR,SWR,0,4
KVLS,Karakavalasa,Andhra Pradesh,AP,SB-AP,SB-AP-KVLS,ECOR,0,2
KVM,Kavutaram,Andhra Pradesh,AP,SB-AP,SB-AP-KVM,SCR,0,12
KVN,KAVANUR,Tamil Nadu,TN,SB-TN,SB-TN-KVN,IR,0,2
KVNJ,Kapadvanj,Gujarat,GJ,SB-GJ,SB-GJ-KVNJ,WR,0,0
KVO,Kevdi Road,Gujarat,GJ,SB-GJ,SB-GJ-KVO,WR,0,4
KVP,KAVARAIPPETTAI,Tamil Nadu,TN,SB-TN,SB-TN-KVP,IR,0,84
KVPT,KARAI KOVIL PATHU,Tamil Nadu,TN,SB-TN,SB-TN-KVPT,IR,0,4
KVQ,KOSIARA,Bihar,BR,SB-BR,SB-BR-KVQ,IR,0,8
KVR,KOVVUR,Andhra Pradesh,AP,SB-AP,SB-AP-KVR,IR,0,18
KVS,KALSUR,Karnataka,KA,SB-KA,SB-KA-KVS,SWR,0,6
KVTA,KARUVATTA HALT,Kerala,KL,SB-KL,SB-KL-KVTA,SR,0,6
KVU,KADAKAVUR,Kerala,KL,SB-KL,SB-KL-KVU,IR,0,22
KVV,KURAVAPPULAM,Tamil Nadu,TN,SB-TN,SB-TN-KVV,IR,0,4
KVX,KUSUMBHI,Uttar Pradesh,UP,SB-UP,SB-UP-KVX,IR,0,11
KVZ,Kavali,Andhra Pradesh,AP,SB-AP,SB-AP-KVZ,IR,0,52
KW,KHERVADI,Maharashtra,MH,SB-MH,SB-MH-KW,IR,0,4
KWAE,KATWA,West Bengal,WB,SB-WB,SB-WB-KWAE,ER,1,127
KWAR,KAWAR,Jharkhand,JH,SB-JH,SB-JH-KWAR,IR,0,4
KWB,Kaniwara,Madhya Pradesh,MP,SB-MP,SB-MP-KWB,SECR,0,4
KWBR,KATWAR BAZAAR,Uttar Pradesh,UP,SB-UP,SB-UP-KWBR,NR,0,0
KWC,KUNDWA CHAINPUR,Bihar,BR,SB-BR,SB-BR-KWC,IR,0,10
KWD,KARWANDIA,Bihar,BR,SB-BR,SB-BR-KWD,IR,0,10
KWDP,Kakdwip,West Bengal,WB,SB-WB,SB-WB-KWDP,ER,0,32
KWE,KHURIAL,Bihar,BR,SB-BR,SB-BR-KWE,IR,0,10
KWF,Katwa,West Bengal,WB,SB-WB,SB-WB-KWF,ER,0,0
KWGN,Kawargaon,Chhattisgarh,CG,SB-CG,SB-CG-KWGN,ECOR,0,2
KWH,KACHHWA ROAD,Uttar Pradesh,UP,SB-UP,SB-UP-KWH,NER,0,10
KWI,KIVARLI,Rajasthan,RJ,SB-RJ,SB-RJ-KWI,NWR,0,2
KWJ,KHOJEWALA,Punjab,PB,SB-PB,SB-PB-KWJ,NR,0,20
KWKC,KHERWA KOCHA,Uttar Pradesh,UP,SB-UP,SB-UP-KWKC,NR,0,0
KWM,Kampur,Assam,AS,SB-AS,SB-AS-KWM,NFR,0,20
KWMD,KUMBHAWAS MUNDA,Haryana,HR,SB-HR,SB-HR-KWMD,NR,0,25
KWN,KACHEWANI,Maharashtra,MH,SB-MH,SB-MH-KWN,IR,0,6
KWNI,KAWNPAI,Mizoram,MZ,SB-MZ,SB-MZ-KWNI,IR,0,2
KWO,KARAUTA,Bihar,BR,SB-BR,SB-BR-KWO,IR,0,28
KWP,KHATIPURA,Rajasthan,RJ,SB-RJ,SB-RJ-KWP,IR,0,26
KWPR,KHAWASPUR,Bihar,BR,SB-BR,SB-BR-KWPR,IR,0,2
KWR,KOELWAR,Bihar,BR,SB-BR,SB-BR-KWR,IR,0,20
KWV,Kurduvadi,Maharashtra,MH,SB-MH,SB-MH-KWV,IR,1,82
KWW,Kuswa,Uttar Pradesh,UP,SB-UP,SB-UP-KWW,NCR,0,4
KXA,Kuanriya,Rajasthan,RJ,SB-RJ,SB-RJ-KXA,NWR,0,0
KXB,KANJAI,Madhya Pradesh,MP,SB-MP,SB-MP-KXB,IR,0,12
KXD,Kokalda,Maharashtra,MH,SB-MH,SB-MH-KXD,CR,0,0
KXE,KALIAN CHAK,Jharkhand,JH,SB-JH,SB-JH-KXE,IR,0,18
KXF,Kampil Road,Uttar Pradesh,UP,SB-UP,SB-UP-KXF,IR,0,6
KXG,KHARIA KHANGARH,Rajasthan,RJ,SB-RJ,SB-RJ-KXG,IR,0,8
KXH,Kapurthala,Punjab,PB,SB-PB,SB-PB-KXH,NR,0,26
KXI,KURUMURTHI,Andhra Pradesh,AP,SB-AP,SB-AP-KXI,IR,0,5
KXJ,Karimganj Junction,Assam,AS,SB-AS,SB-AS-KXJ,NFR,0,16
KXK,Kharkhauda,Uttar Pradesh,UP,SB-UP,SB-UP-KXK,NR,0,4
KXL,KAMARBANDHA ALI,Assam,AS,SB-AS,SB-AS-KXL,NFR,0,4
KXM,KITHAM,Uttar Pradesh,UP,SB-UP,SB-UP-KXM,IR,0,2
KXN,KANSHBAHAL,Odisha,OD,SB-OD,SB-OD-KXN,IR,0,8
KXO,KUDIKADU,Tamil Nadu,TN,SB-TN,SB-TN-KXO,SR,0,12
KXP,Kaniyapuram,Kerala,KL,SB-KL,SB-KL-KXP,IR,0,8
KXR,KURIA,Uttar Pradesh,UP,SB-UP,SB-UP-KXR,NR,0,0
KXRA,KURIA HALT,Bihar,BR,SB-BR,SB-BR-KXRA,IR,0,9
KXT,Ketti,Tamil Nadu,TN,SB-TN,SB-TN-KXT,SR,0,14
KXX,KATA ROAD,Maharashtra,MH,SB-MH,SB-MH-KXX,SCR,0,4
KXY,KARIYAPATTINAM,Tamil Nadu,TN,SB-TN,SB-TN-KXY,IR,0,4
KXZ,KESARIYA ROAD,Uttar Pradesh,UP,SB-UP,SB-UP-KXZ,NR,0,0
KY,KARELI,Madhya Pradesh,MP,SB-MP,SB-MP-KY,WCR,1,31
KYA,KAURIYA,Bihar,BR,SB-BR,SB-BR-KYA,IR,0,14
KYB,KALYAR,West Bengal,WB,SB-WB,SB-WB-KYB,IR,0,11
KYBR,Khairatiya Bandh Road,Uttar Pradesh,UP,SB-UP,SB-UP-KYBR,NER,0,6
KYE,Khurai,Madhya Pradesh,MP,SB-MP,SB-MP-KYE,IR,0,33
KYF,KAJRAT NAWADIH,Bihar,BR,SB-BR,SB-BR-KYF,IR,0,10
KYG,KIDIYANAGA,Gujarat,GJ,SB-GJ,SB-GJ-KYG,IR,0,2
KYH,Khairah,Bihar,BR,SB-BR,SB-BR-KYH,NER,0,10
KYI,Kalyani,West Bengal,WB,SB-WB,SB-WB-KYI,ER,0,176
KYJ,Kayamkulam,Kerala,KL,SB-KL,SB-KL-KYJ,IR,0,161
KYM,KADIYAN,Andhra Pradesh,AP,SB-AP,SB-AP-KYM,IR,0,4
KYN,Kalyan,Maharashtra,MH,SB-MH,SB-MH-KYN,CR,1,712
KYND,KALYANDURGA,Andhra Pradesh,AP,SB-AP,SB-AP-KYND,IR,0,2
KYNT,KALYANKOT,Rajasthan,RJ,SB-RJ,SB-RJ-KYNT,NWR,0,8
KYO,KHANDIKAR,Assam,AS,SB-AS,SB-AS-KYO,IR,0,8
KYOP,Kottapalli,Telangana,TS,SB-TS,SB-TS-KYOP,IR,0,0
KYP,Kalyanpur,West Bengal,WB,SB-WB,SB-WB-KYP,ER,0,64
KYQ,Kamakhya Junction,Assam,AS,SB-AS,SB-AS-KYQ,NFR,1,132
KYR,KARUPPATTI,Uttar Pradesh,UP,SB-UP,SB-UP-KYR,NR,0,0
KYS,Kusumkasa,Chhattisgarh,CG,SB-CG,SB-CG-KYS,SECR,0,10
KYSB,KAIYAL SEDHAVI,Uttar Pradesh,UP,SB-UP,SB-UP-KYSB,NR,0,0
KYSD,KAIYAL SEDHAVI,Gujarat,GJ,SB-GJ,SB-GJ-KYSD,WR,0,0
KYT,KAILAHAT,Uttar Pradesh,UP,SB-UP,SB-UP-KYT,IR,0,5
KYV,KOYILVENNI,Tamil Nadu,TN,SB-TN,SB-TN-KYV,SR,0,12
KYW,KARCHHUE,Bihar,BR,SB-BR,SB-BR-KYW,IR,0,6
KYX,KARHIYA BHADELI,Madhya Pradesh,MP,SB-MP,SB-MP-KYX,IR,0,8
KYY,Kariha,Punjab,PB,SB-PB,SB-PB-KYY,NR,0,6
KYZ,KIZHA PULIYUR,Tamil Nadu,TN,SB-TN,SB-TN-KYZ,IR,0,8
KZA,KHADA,Uttar Pradesh,UP,SB-UP,SB-UP-KZA,NER,0,13
KZB,Kurumbur,Tamil Nadu,TN,SB-TN,SB-TN-KZB,SR,0,14
KZC,Kulukkalur,Kerala,KL,SB-KL,SB-KL-KZC,SR,0,13
KZE,Kanhangad,Kerala,KL,SB-KL,SB-KL-KZE,SR,0,59
KZH,KILA ZAFARGARH,Haryana,HR,SB-HR,SB-HR-KZH,NR,0,14
KZI,KHANDRAWALI,Uttar Pradesh,UP,SB-UP,SB-UP-KZI,NR,0,17
KZJ,Kazipet Junction,Telangana,TS,SB-TS,SB-TS-KZJ,SCR,0,149
KZJE,KAZIPET E CABIN,Uttar Pradesh,UP,SB-UP,SB-UP-KZJE,NR,0,0
KZJF,KAZIPET F CABIN,Uttar Pradesh,UP,SB-UP,SB-UP-KZJF,NR,0,0
KZJT,KAZIPET TOWN,Uttar Pradesh,UP,SB-UP,SB-UP-KZJT,NR,0,0
KZK,Kazhakoottam TechnoPark Trivandrum,Kerala,KL,SB-KL,SB-KL-KZK,IR,0,24
KZPB,Kazipara Barasat,West Bengal,WB,SB-WB,SB-WB-KZPB,ER,0,0
KZPE,KAZIPARA HALT,West Bengal,WB,SB-WB,SB-WB-KZPE,IR,0,16
KZPR,KAZIPARA,West Bengal,WB,SB-WB,SB-WB-KZPR,ER,0,56
KZQ,KHIMEL,Rajasthan,RJ,SB-RJ,SB-RJ-KZQ,NWR,0,2
KZS,KUAKHERA HALT,Uttar Pradesh,UP,SB-UP,SB-UP-KZS,NR,0,7
KZT,KULITTHURAI,Tamil Nadu,TN,SB-TN,SB-TN-KZT,SR,0,34
KZTW,KULITTURAI WEST,Tamil Nadu,TN,SB-TN,SB-TN-KZTW,SR,0,11
KZU,KUNKI,Jharkhand,JH,SB-JH,SB-JH-KZU,IR,0,16
KZW,KATAR SINGHWALA,Punjab,PB,SB-PB,SB-PB-KZW,NR,0,4
KZX,KHUDDA KORALA,Punjab,PB,SB-PB,SB-PB-KZX,NR,0,6
KZY,Kayalpattinam,Tamil Nadu,TN,SB-TN,SB-TN-KZY,SR,0,14
LAA,LAKHPAT,Gujarat,GJ,SB-GJ,SB-GJ-LAA,IR,0,2
LAB,Labhpur,West Bengal,WB,SB-WB,SB-WB-LAB,IR,0,0
LAC,LACHHIPURA,Uttar Pradesh,UP,SB-UP,SB-UP-LAC,NR,0,0
LAD,Lohardaga,Jharkhand,JH,SB-JH,SB-JH-LAD,SER,0,22
LAE,LAKHOLI,Chhattisgarh,CG,SB-CG,SB-CG-LAE,IR,0,6
LAK,LAKHO,Bihar,BR,SB-BR,SB-BR-LAK,ECR,0,12
LAL,LUSHALA,Gujarat,GJ,SB-GJ,SB-GJ-LAL,WR,0,6
LAN,LOTANA,Uttar Pradesh,UP,SB-UP,SB-UP-LAN,NR,0,0
LAP,Lohapur,West Bengal,WB,SB-WB,SB-WB-LAP,ER,0,16
LAR,Lalitpur,Uttar Pradesh,UP,SB-UP,SB-UP-LAR,IR,0,98
LAT,Lathi,Gujarat,GJ,SB-GJ,SB-GJ-LAT,WR,0,8
LATH,LATH HALT,Haryana,HR,SB-HR,SB-HR-LATH,IR,0,6
LATI,LATIA CABIN,Uttar Pradesh,UP,SB-UP,SB-UP-LATI,NR,0,0
LAU,Ladnun,Rajasthan,RJ,SB-RJ,SB-RJ-LAU,NWR,0,20
LAUL,LAUL,Maharashtra,MH,SB-MH,SB-MH-LAUL,CR,0,0
LAV,LABHA,Bihar,BR,SB-BR,SB-BR-LAV,IR,0,29
LB,Lain Bazar,Bihar,BR,SB-BR,SB-BR-LB,IR,0,2
LBA,LAMBHUA,Uttar Pradesh,UP,SB-UP,SB-UP-LBA,IR,0,14
LBG,LIMBGAON,Maharashtra,MH,SB-MH,SB-MH-LBG,SCR,0,12
LBH,DILKUSHA CABIN,Uttar Pradesh,UP,SB-UP,SB-UP-LBH,NR,0,0
LBI,LILABARI,Assam,AS,SB-AS,SB-AS-LBI,IR,0,4
LBN,LABAN,Rajasthan,RJ,SB-RJ,SB-RJ-LBN,IR,0,8
LBO,Latabor,Chhattisgarh,CG,SB-CG,SB-CG-LBO,SECR,0,10
LBP,LABPUR,West Bengal,WB,SB-WB,SB-WB-LBP,IR,0,8
LBT,LALGARH BIHAR HALT,Jharkhand,JH,SB-JH,SB-JH-LBT,IR,0,14
LBTL,Lebutala,West Bengal,WB,SB-WB,SB-WB-LBTL,ER,0,56
LBW,Laiburwa Halt,Uttar Pradesh,UP,SB-UP,SB-UP-LBW,NER,0,2
LBZ,LALBAG BH,Bihar,BR,SB-BR,SB-BR-LBZ,IR,0,4
LC,Lucknow City,Uttar Pradesh,UP,SB-UP,SB-UP-LC,IR,0,14
LCAB,LCAB,Uttar Pradesh,UP,SB-UP,SB-UP-LCAB,NR,0,0
LCAE,LALBAGH COURT ROAD,West Bengal,WB,SB-WB,SB-WB-LCAE,ER,0,30
LCH,Linch,Gujarat,GJ,SB-GJ,SB-GJ-LCH,WR,0,4
LCK,LAKHOCHAK HALT,Bihar,BR,SB-BR,SB-BR-LCK,IR,0,4
LCN,LALPUR CHANDRA,Uttar Pradesh,UP,SB-UP,SB-UP-LCN,NR,0,0
LCNC,LUCKNOW CITY,Uttar Pradesh,UP,SB-UP,SB-UP-LCNC,NR,0,0
LCR,LOKUR,Tamil Nadu,TN,SB-TN,SB-TN-LCR,IR,0,6
LCT,LANGCHOLIET,Assam,AS,SB-AS,SB-AS-LCT,NFR,0,2
LD,Londa Junction,Karnataka,KA,SB-KA,SB-KA-LD,SWR,0,64
LDA,LIDHORA KHURD,Madhya Pradesh,MP,SB-MP,SB-MP-LDA,IR,0,10
LDCY,LODI COLONY,Delhi,DL,SB-DL,SB-DL-LDCY,NR,0,1
LDD,Ladkhed,Maharashtra,MH,SB-MH,SB-MH-LDD,CR,0,0
LDE,Lokdhikhera,Madhya Pradesh,MP,SB-MP,SB-MP-LDE,SECR,0,4
LDH,Ludhiana Junction,Punjab,PB,SB-PB,SB-PB-LDH,IR,0,245
LDK,Ladhuka,Punjab,PB,SB-PB,SB-PB-LDK,NR,0,12
LDM,Ledarmer,Rajasthan,RJ,SB-RJ,SB-RJ-LDM,NWR,0,4
LDP,LODIPUR BISHANPUR,Uttar Pradesh,UP,SB-UP,SB-UP-LDP,IR,0,9
LDR,LANDAURA,Uttarakhand,UK,SB-UK,SB-UK-LDR,IR,0,4
LDU,Lunidhar,Gujarat,GJ,SB-GJ,SB-GJ-LDU,WR,0,6
LDW,LADHOWAL,Punjab,PB,SB-PB,SB-PB-LDW,IR,0,12
LDX,LADDA,Andhra Pradesh,AP,SB-AP,SB-AP-LDX,IR,0,6
LDY,Lakkidi,Kerala,KL,SB-KL,SB-KL-LDY,IR,0,10
LEB,LEMUABAD,Bihar,BR,SB-BR,SB-BR-LEB,IR,0,8
LEDO,Ledo,Assam,AS,SB-AS,SB-AS-LEDO,NFR,0,6
LEK,LAKHAKHERA,Madhya Pradesh,MP,SB-MP,SB-MP-LEK,WCR,0,2
LER,Lehra,Uttar Pradesh,UP,SB-UP,SB-UP-LER,NER,0,4
LFG,Lower Haflong,Assam,AS,SB-AS,SB-AS-LFG,NFR,0,0
LGCE,LAGARGAWAN,Madhya Pradesh,MP,SB-MP,SB-MP-LGCE,WCR,0,4
LGD,LALLAGUDA,Uttar Pradesh,UP,SB-UP,SB-UP-LGD,NR,0,0
LGDH,LALAGUDA GATE,Telangana,TS,SB-TS,SB-TS-LGDH,IR,0,31
LGH,LALGARH JN,Rajasthan,RJ,SB-RJ,SB-RJ-LGH,NWR,0,48
LGI,LANGAL,Assam,AS,SB-AS,SB-AS-LGI,IR,0,4
LGL,Lalgola,West Bengal,WB,SB-WB,SB-WB-LGL,ER,0,35
LGN,Lehgaon,Maharashtra,MH,SB-MH,SB-MH-LGN,CR,0,0
LGO,LalgopalGanj,Uttar Pradesh,UP,SB-UP,SB-UP-LGO,NR,0,17
LGRE,LINGIRI,Karnataka,KA,SB-KA,SB-KA-LGRE,IR,0,2
LGT,Langting,Assam,AS,SB-AS,SB-AS-LGT,NFR,0,2
LGTR,LINGARAJ TEMPLE ROAD,Odisha,OD,SB-OD,SB-OD-LGTR,IR,0,28
LH,LAHING,Assam,AS,SB-AS,SB-AS-LH,NFR,0,0
LHA,LEHRA GAGA,Punjab,PB,SB-PB,SB-PB-LHA,NR,0,26
LHB,LAHABON,Bihar,BR,SB-BR,SB-BR-LHB,IR,0,16
LHBK,LOTHAL BHURKI,Gujarat,GJ,SB-GJ,SB-GJ-LHBK,WR,0,6
LHD,LOHOGAD,Maharashtra,MH,SB-MH,SB-MH-LHD,SCR,0,4
LHK,LAIHRA KHANA,Uttar Pradesh,UP,SB-UP,SB-UP-LHK,NR,0,0
LHL,LAHOAL,Assam,AS,SB-AS,SB-AS-LHL,NFR,0,2
LHLL,Lahli,Haryana,HR,SB-HR,SB-HR-LHLL,NWR,0,12
LHM,LEHRA MUHABBAT,Punjab,PB,SB-PB,SB-PB-LHM,NR,0,6
LHN,LACHYAN,Maharashtra,MH,SB-MH,SB-MH-LHN,SWR,0,10
LHNA,Lohanda,Bihar,BR,SB-BR,SB-BR-LHNA,IR,0,8
LHNR,Lakshmanpur Halt,Uttar Pradesh,UP,SB-UP,SB-UP-LHNR,IR,0,2
LHU,Loharu,Haryana,HR,SB-HR,SB-HR-LHU,NWR,0,62
LHW,Loharwara,Rajasthan,RJ,SB-RJ,SB-RJ-LHW,NWR,0,6
LIG,Linga,Madhya Pradesh,MP,SB-MP,SB-MP-LIG,SECR,0,4
LIJ,Lakshmiganj,Maharashtra,MH,SB-MH,SB-MH-LIJ,IR,0,8
LIL,LILMA,Rajasthan,RJ,SB-RJ,SB-RJ-LIL,IR,0,4
LIM,SONALIUM,Uttar Pradesh,UP,SB-UP,SB-UP-LIM,NR,0,0
LIN,LINGAMGUNTLA,Uttar Pradesh,UP,SB-UP,SB-UP-LIN,NR,0,0
LING,Ling,Maharashtra,MH,SB-MH,SB-MH-LING,CR,0,0
LIR,Lachmipur,Uttar Pradesh,UP,SB-UP,SB-UP-LIR,NER,0,12
LJKR,LAJKURA CABIN,Uttar Pradesh,UP,SB-UP,SB-UP-LJKR,NR,0,0
LJN,Lucknow Junction,Uttar Pradesh,UP,SB-UP,SB-UP-LJN,IR,0,45
LJR,LANJIGARH ROAD,Odisha,OD,SB-OD,SB-OD-LJR,IR,0,16
LKA,Lanka,Assam,AS,SB-AS,SB-AS-LKA,NFR,0,36
LKB,LAKSHMIPUR BHORANG,Bihar,BR,SB-BR,SB-BR-LKB,IR,0,10
LKBL,LAKHABAWAL,Gujarat,GJ,SB-GJ,SB-GJ-LKBL,WR,0,4
LKBR,LAKSHMI BAI NAGAR,Uttar Pradesh,UP,SB-UP,SB-UP-LKBR,NR,0,0
LKD,LAKODARA,Gujarat,GJ,SB-GJ,SB-GJ-LKD,IR,0,8
LKDM,LAKHUDARAM,Andhra Pradesh,AP,SB-AP,SB-AP-LKDM,IR,0,4
LKDU,Lankalakoderu,Andhra Pradesh,AP,SB-AP,SB-AP-LKDU,SCR,0,6
LKE,LAKHERI,Rajasthan,RJ,SB-RJ,SB-RJ-LKE,IR,0,29
LKF,LAKE GARDENS,West Bengal,WB,SB-WB,SB-WB-LKF,IR,0,68
LKG,Lamsakhang,Assam,AS,SB-AS,SB-AS-LKG,NFR,0,6
LKJN,LINK JN. CABIN,Uttar Pradesh,UP,SB-UP,SB-UP-LKJN,NR,0,0
LKK,LYALLPUR KC HLT,Punjab,PB,SB-PB,SB-PB-LKK,IR,0,8
LKKA,Lal Kuan,Uttarakhand,UK,SB-UK,SB-UK-LKKA,NER,0,0
LKKD,LAKKADKOT,Gujarat,GJ,SB-GJ,SB-GJ-LKKD,IR,0,10
LKMN,Lokmanya Nagar,Madhya Pradesh,MP,SB-MP,SB-MP-LKMN,WR,0,14
LKMR,LAXMIPUR ROAD,Odisha,OD,SB-OD,SB-OD-LKMR,IR,0,12
LKN,LAKHMINIA,Bihar,BR,SB-BR,SB-BR-LKN,ECR,0,28
LKNA,LAKHNA,Chhattisgarh,CG,SB-CG,SB-CG-LKNA,IR,0,6
LKNR,LAKHPAT NAGAR,Uttar Pradesh,UP,SB-UP,SB-UP-LKNR,IR,0,6
LKO,Lucknow,Uttar Pradesh,UP,SB-UP,SB-UP-LKO,IR,1,306
LKOY,LKOY,Uttar Pradesh,UP,SB-UP,SB-UP-LKOY,NR,0,0
LKPL,LAKDIKAPUL,Andhra Pradesh,AP,SB-AP,SB-AP-LKPL,SCR,0,22
LKPR,Lakshmikantpur,West Bengal,WB,SB-WB,SB-WB-LKPR,ER,0,85
LKQ,Laukaha Bazar,Bihar,BR,SB-BR,SB-BR-LKQ,ECR,0,6
LKR,LUCKEESARAI JN,Bihar,BR,SB-BR,SB-BR-LKR,IR,0,80
LKS,LUNKARANSAR,Rajasthan,RJ,SB-RJ,SB-RJ-LKS,NWR,0,38
LKSH,LAKSHMINARAYANAPURAM,Andhra Pradesh,AP,SB-AP,SB-AP-LKSH,SCR,0,5
LKT,HULKOTI,Karnataka,KA,SB-KA,SB-KA-LKT,SWR,0,14
LKU,LAL KUAN,Uttarakhand,UK,SB-UK,SB-UK-LKU,NER,0,65
LKW,Lakhewali,Punjab,PB,SB-PB,SB-PB-LKW,NR,0,12
LKX,LAKSHMIPUR,West Bengal,WB,SB-WB,SB-WB-LKX,ER,0,41
LKY,LAKHMAPUR,Karnataka,KA,SB-KA,SB-KA-LKY,SWR,0,8
LKZ,LAKADIYA,Gujarat,GJ,SB-GJ,SB-GJ-LKZ,WR,0,2
LLBR,Lalabazar,Assam,AS,SB-AS,SB-AS-LLBR,NFR,0,8
LLD,Lalavadi,Madhya Pradesh,MP,SB-MP,SB-MP-LLD,IR,0,6
LLGM,LELIGUMA,Odisha,OD,SB-OD,SB-OD-LLGM,IR,0,2
LLH,LILUAH,West Bengal,WB,SB-WB,SB-WB-LLH,IR,0,307
LLHW,LLHW,Uttar Pradesh,UP,SB-UP,SB-UP-LLHW,NR,0,0
LLI,LALGUDI,Tamil Nadu,TN,SB-TN,SB-TN-LLI,IR,0,10
LLJ,LalGanj,Uttar Pradesh,UP,SB-UP,SB-UP-LLJ,NR,0,12
LLJP,LALGANJ PAKRI,Bihar,BR,SB-BR,SB-BR-LLJP,ECR,0,4
LLKN,LAL KALAN,Punjab,PB,SB-PB,SB-PB-LLKN,IR,0,1
LLP,Lalitgram,Bihar,BR,SB-BR,SB-BR-LLP,ECR,0,21
LLPR,LALIT LAKSHMIPR,Bihar,BR,SB-BR,SB-BR-LLPR,IR,0,10
LLR,LALPUR,Uttar Pradesh,UP,SB-UP,SB-UP-LLR,IR,0,4
LLST,LALSOT,Rajasthan,RJ,SB-RJ,SB-RJ-LLST,IR,0,2
LLTG,LALITAGIRI,Odisha,OD,SB-OD,SB-OD-LLTG,IR,0,2
LLU,LALRU,Punjab,PB,SB-PB,SB-PB-LLU,NR,0,10
LM,LIMBDI,Gujarat,GJ,SB-GJ,SB-GJ-LM,WR,0,20
LMA,LAMBIYA,Rajasthan,RJ,SB-RJ,SB-RJ-LMA,NWR,0,2
LMB,Limbara,Gujarat,GJ,SB-GJ,SB-GJ-LMB,WR,0,0
LMC,LAKHAMANCHI,Gujarat,GJ,SB-GJ,SB-GJ-LMC,WR,0,0
LMD,LINGANENIDODDI,Andhra Pradesh,AP,SB-AP,SB-AP-LMD,SCR,0,8
LMG,Lumding Junction,Assam,AS,SB-AS,SB-AS-LMG,NFR,0,68
LMGF,LUMDING JN,Uttar Pradesh,UP,SB-UP,SB-UP-LMGF,NR,0,0
LMGS,LUMDING SOUTH,Uttar Pradesh,UP,SB-UP,SB-UP-LMGS,NR,0,0
LMK,LIMKHEDA,Gujarat,GJ,SB-GJ,SB-GJ-LMK,IR,0,15
LMM,LAILAKH MAMLKHA,Bihar,BR,SB-BR,SB-BR-LMM,IR,0,14
LMN,Lachhmanpur,Uttar Pradesh,UP,SB-UP,SB-UP-LMN,NR,0,13
LMNR,LAKSHMIBAI NAGAR,Madhya Pradesh,MP,SB-MP,SB-MP-LMNR,WR,0,26
LMO,LILIYA MOTA,Gujarat,GJ,SB-GJ,SB-GJ-LMO,WR,0,8
LMP,Lakhimpur,Uttar Pradesh,UP,SB-UP,SB-UP-LMP,NER,0,14
LMT,Almatti,Karnataka,KA,SB-KA,SB-KA-LMT,SWR,0,31
LMU,Limarua,Madhya Pradesh,MP,SB-MP,SB-MP-LMU,SECR,0,6
LNA,LAMANA,Rajasthan,RJ,SB-RJ,SB-RJ-LNA,NWR,0,0
LNBI,LINGANABANDI,Karnataka,KA,SB-KA,SB-KA-LNBI,IR,0,2
LNH,Lachhmangarh Sikar,Rajasthan,RJ,SB-RJ,SB-RJ-LNH,NWR,0,14
LNK,LOHIAN KHAS JN,Punjab,PB,SB-PB,SB-PB-LNK,NR,0,38
LNKC,LINK C-CABIN,Uttar Pradesh,UP,SB-UP,SB-UP-LNKC,NR,0,0
LNL,Lonavala,Maharashtra,MH,SB-MH,SB-MH-LNL,IR,1,130
LNMA,LAKHAN MAJRA HALT,Haryana,HR,SB-HR,SB-HR-LNMA,IR,0,13
LNN,LONAND,Maharashtra,MH,SB-MH,SB-MH-LNN,CR,0,23
LNO,Lohna Road,Bihar,BR,SB-BR,SB-BR-LNO,ECR,0,8
LNP,LANGARPETH,Maharashtra,MH,SB-MH,SB-MH-LNP,CR,0,2
LNQ,LAKHNAURIA,Uttar Pradesh,UP,SB-UP,SB-UP-LNQ,NR,0,0
LNR,LUNI RICHHA,Madhya Pradesh,MP,SB-MP,SB-MP-LNR,IR,0,6
LNS,LUNSU HALT,Himachal Pradesh,HP,SB-HP,SB-HP-LNS,NR,0,10
LNT,LINGTI,Maharashtra,MH,SB-MH,SB-MH-LNT,?,0,0
LNW,LAKHANWARA P.H.,Madhya Pradesh,MP,SB-MP,SB-MP-LNW,IR,0,16
LNWT,LUCKNOW WEST (ALH),Bihar,BR,SB-BR,SB-BR-LNWT,IR,0,2
LO,LOLIYA,Gujarat,GJ,SB-GJ,SB-GJ-LO,WR,0,6
LOA,LORHA,Madhya Pradesh,MP,SB-MP,SB-MP-LOA,IR,0,4
LOD,Lekoda,Madhya Pradesh,MP,SB-MP,SB-MP-LOD,WR,0,0
LOG,LOHGARA,Uttar Pradesh,UP,SB-UP,SB-UP-LOG,NCR,0,4
LOGH,LOTTEGOLLAHALLI,Karnataka,KA,SB-KA,SB-KA-LOGH,IR,0,12
LOHA,Loha,Rajasthan,RJ,SB-RJ,SB-RJ-LOHA,NWR,0,6
LOK,Loknath,West Bengal,WB,SB-WB,SB-WB-LOK,ER,0,77
LOL,LOLIEM,Goa,GA,SB-GA,SB-GA-LOL,IR,0,4
LOM,LODHMA,Odisha,OD,SB-OD,SB-OD-LOM,IR,0,6
LONI,Loni,Maharashtra,MH,SB-MH,SB-MH-LONI,IR,0,15
LOT,LOHRA,Uttar Pradesh,UP,SB-UP,SB-UP-LOT,IR,0,8
LOV,Lovedale,Tamil Nadu,TN,SB-TN,SB-TN-LOV,SR,0,14
LP,LALAPET,Tamil Nadu,TN,SB-TN,SB-TN-LP,SR,0,9
LPB,LODIPUR BISHANP,Uttar Pradesh,UP,SB-UP,SB-UP-LPB,NR,0,0
LPG,LAPANGA,Odisha,OD,SB-OD,SB-OD-LPG,IR,0,8
LPH,LOTAPAHAR,Jharkhand,JH,SB-JH,SB-JH-LPH,IR,0,8
LPI,LINGAMPALLI,Telangana,TS,SB-TS,SB-TS-LPI,IR,0,162
LPJ,LALPUR JAM,Gujarat,GJ,SB-GJ,SB-GJ-LPJ,WR,0,7
LPJL,LINGAMPET JAGITYAL,Telangana,TS,SB-TS,SB-TS-LPJL,IR,0,12
LPK,LEPETKATA,Assam,AS,SB-AS,SB-AS-LPK,IR,0,2
LPN,Laopani,Assam,AS,SB-AS,SB-AS-LPN,NFR,0,0
LPNR,LAJPAT NAGAR,Delhi,DL,SB-DL,SB-DL-LPNR,NR,0,1
LPR,LILAPUR ROAD,Gujarat,GJ,SB-GJ,SB-GJ-LPR,WR,0,0
LPTA,LONGPATIA,Assam,AS,SB-AS,SB-AS-LPTA,NFR,0,2
LPU,Lakhpuri,Maharashtra,MH,SB-MH,SB-MH-LPU,CR,0,0
LPW,Loharpurwa,Uttar Pradesh,UP,SB-UP,SB-UP-LPW,NER,0,10
LR,LADPURA,Rajasthan,RJ,SB-RJ,SB-RJ-LR,NWR,0,2
LRB,LARABAD,Jharkhand,JH,SB-JH,SB-JH-LRB,IR,0,2
LRD,LAR ROAD,Uttar Pradesh,UP,SB-UP,SB-UP-LRD,NER,0,20
LRI,Lihuri Halt,Andhra Pradesh,AP,SB-AP,SB-AP-LRI,ECOR,0,4
LRJ,LAKSAR JN,Uttar Pradesh,UP,SB-UP,SB-UP-LRJ,IR,0,89
LRJC,LAKSAR NORTH CABIN,Uttar Pradesh,UP,SB-UP,SB-UP-LRJC,NR,0,0
LRNC,LAKSAR NORTH CABIN,Uttar Pradesh,UP,SB-UP,SB-UP-LRNC,NR,0,0
LRU,LALPUR UMRI,Rajasthan,RJ,SB-RJ,SB-RJ-LRU,WCR,0,8
LS,Lasalgaon,Maharashtra,MH,SB-MH,SB-MH-LS,IR,0,21
LSD,LUSADIYA,Gujarat,GJ,SB-GJ,SB-GJ-LSD,NWR,0,4
LSE,Laseri,Rajasthan,RJ,SB-RJ,SB-RJ-LSE,IR,0,5
LSG,Lawa Sardargarh,Rajasthan,RJ,SB-RJ,SB-RJ-LSG,NWR,0,0
LSGS,Lavan Satyagraha Smarak P.H,West Bengal,WB,SB-WB,SB-WB-LSGS,IR,0,10
LSI,LAHERIA SARAI,Bihar,BR,SB-BR,SB-BR-LSI,IR,0,57
LSMP,LAKSHMAPUR,Andhra Pradesh,AP,SB-AP,SB-AP-LSMP,IR,0,4
LSN,Lasina,Maharashtra,MH,SB-MH,SB-MH-LSN,CR,0,0
LSR,LASUR,Maharashtra,MH,SB-MH,SB-MH-LSR,SCR,0,29
LSX,LOISINGHA,Odisha,OD,SB-OD,SB-OD-LSX,IR,0,16
LT,LAHAVIT,Maharashtra,MH,SB-MH,SB-MH-LT,IR,0,2
LTA,Lamta,Madhya Pradesh,MP,SB-MP,SB-MP-LTA,SECR,0,8
LTD,LATHIDAD,Gujarat,GJ,SB-GJ,SB-GJ-LTD,WR,0,8
LTG,LATAGURI JN,West Bengal,WB,SB-WB,SB-WB-LTG,IR,0,4
LTHR,LATEHAR,Jharkhand,JH,SB-JH,SB-JH-LTHR,IR,0,46
LTI,LATTERI,Tamil Nadu,TN,SB-TN,SB-TN-LTI,IR,0,2
LTK,Lathikata,Odisha,OD,SB-OD,SB-OD-LTK,SER,0,2
LTKR,LALIT KHERA HALT,Haryana,HR,SB-HR,SB-HR-LTKR,IR,0,6
LTMD,LATEMDA,Jharkhand,JH,SB-JH,SB-JH-LTMD,IR,0,4
LTR,LAKHTAR,Gujarat,GJ,SB-GJ,SB-GJ-LTR,WR,0,6
LTRR,Latur Road,Maharashtra,MH,SB-MH,SB-MH-LTRR,SCR,0,42
LTT,Lokmanya Tilak Terminus,Maharashtra,MH,SB-MH,SB-MH-LTT,CR,1,170
LTV,LOTARVA,Uttar Pradesh,UP,SB-UP,SB-UP-LTV,NR,0,0
LUA,Laluri Khera,Uttar Pradesh,UP,SB-UP,SB-UP-LUA,IR,0,8
LUBA,LACHHUBIGHA HALT,Bihar,BR,SB-BR,SB-BR-LUBA,IR,0,2
LUNI,Luni Junction,Rajasthan,RJ,SB-RJ,SB-RJ-LUNI,NWR,0,84
LUR,Latur,Maharashtra,MH,SB-MH,SB-MH-LUR,CR,0,26
LUSA,LUSA,Uttar Pradesh,UP,SB-UP,SB-UP-LUSA,NCR,0,14
LVK,Lakkavarapukota,Uttar Pradesh,UP,SB-UP,SB-UP-LVK,NR,0,0
LVR,Lokvidyapith Nagar,Uttar Pradesh,UP,SB-UP,SB-UP-LVR,NER,0,6
LW,LORWADA,Gujarat,GJ,SB-GJ,SB-GJ-LW,IR,0,2
LWR,Alnavar Junction,Karnataka,KA,SB-KA,SB-KA-LWR,SWR,0,28
LWS,LUKWASA,Madhya Pradesh,MP,SB-MP,SB-MP-LWS,WCR,0,4
LXA,LAKSWA,Assam,AS,SB-AS,SB-AS-LXA,NFR,0,8
LXD,LAKSHANNATH ROAD,Andhra Pradesh,AP,SB-AP,SB-AP-LXD,IR,0,13
LXMP,LAKXMIPUR,Bihar,BR,SB-BR,SB-BR-LXMP,IR,0,2
LXR,LUNSERIYA,Gujarat,GJ,SB-GJ,SB-GJ-LXR,WR,0,0
LYD,Layabad,Jharkhand,JH,SB-JH,SB-JH-LYD,SER,0,6
MA,MADHA,Maharashtra,MH,SB-MH,SB-MH-MA,IR,0,11
MAA,MAVAL,Rajasthan,RJ,SB-RJ,SB-RJ-MAA,NWR,0,4
MAAR,Malhar,Rajasthan,RJ,SB-RJ,SB-RJ-MAAR,?,0,2
MABA,MANDI BAMORA,Madhya Pradesh,MP,SB-MP,SB-MP-MABA,IR,0,26
MABB,MABBI HALT,Bihar,BR,SB-BR,SB-BR-MABB,IR,0,14
MABD,Mahbubabad,Telangana,TS,SB-TS,SB-TS-MABD,SCR,0,72
MABG,MATANA BUZURG,Uttar Pradesh,UP,SB-UP,SB-UP-MABG,NR,0,0
MABN,MABAN,Madhya Pradesh,MP,SB-MP,SB-MP-MABN,IR,0,12
MACI,MARACHI HALT,Bihar,BR,SB-BR,SB-BR-MACI,IR,0,4
MACR,MANGULI CHOWDWAR,Odisha,OD,SB-OD,SB-OD-MACR,IR,0,14
MAD,MADDUR,Karnataka,KA,SB-KA,SB-KA-MAD,SWR,0,41
MADA,Maonda,Rajasthan,RJ,SB-RJ,SB-RJ-MADA,NWR,0,16
MADM,Matradham Halt,Madhya Pradesh,MP,SB-MP,SB-MP-MADM,IR,0,4
MADP,MADHAPUR ROAD,Uttar Pradesh,UP,SB-UP,SB-UP-MADP,NR,0,0
MADR,MADURE,Maharashtra,MH,SB-MH,SB-MH-MADR,KR,0,6
MADU,MADDURU,Andhra Pradesh,AP,SB-AP,SB-AP-MADU,IR,0,2
MAE,Matheran,Maharashtra,MH,SB-MH,SB-MH-MAE,CR,0,16
MAEL,MAEL,Jharkhand,JH,SB-JH,SB-JH-MAEL,IR,0,4
MAF,MANUR,Tamil Nadu,TN,SB-TN,SB-TN-MAF,IR,0,73
MAG,Mangalagiri,Andhra Pradesh,AP,SB-AP,SB-AP-MAG,IR,0,34
MAGH,MANIKGARH,Maharashtra,MH,SB-MH,SB-MH-MAGH,IR,0,4
MAH,Madhoganj,Uttar Pradesh,UP,SB-UP,SB-UP-MAH,NR,0,4
MAHD,Mohadi Praganel,Uttar Pradesh,UP,SB-UP,SB-UP-MAHD,NR,0,0
MAHE,MAHE,Puducherry,PY,SB-PY,SB-PY-MAHE,SR,0,34
MAHI,MAHIPUR,Odisha,OD,SB-OD,SB-OD-MAHI,IR,0,8
MAHM,MEHAM,Haryana,HR,SB-HR,SB-HR-MAHM,IR,0,6
MAHO,MAHOLI,Uttar Pradesh,UP,SB-UP,SB-UP-MAHO,IR,0,4
MAI,MEHSI,Bihar,BR,SB-BR,SB-BR-MAI,ECR,0,39
MAJ,MAJHERGRAM,West Bengal,WB,SB-WB,SB-WB-MAJ,IR,0,37
MAJN,Mangalore Junction,Karnataka,KA,SB-KA,SB-KA-MAJN,SR,0,101
MAK,Mallikpur,West Bengal,WB,SB-WB,SB-WB-MAK,ER,0,163
MAKG,MUALKHANG,Mizoram,MZ,SB-MZ,SB-MZ-MAKG,IR,0,2
MAKH,MOKHAMPURA,Rajasthan,RJ,SB-RJ,SB-RJ-MAKH,NWR,0,2
MAKM,MARARIKULAM,Kerala,KL,SB-KL,SB-KL-MAKM,IR,0,12
MAKP,MANIKPURA,Uttar Pradesh,UP,SB-UP,SB-UP-MAKP,IR,0,2
MAKR,MALKHERI,Madhya Pradesh,MP,SB-MP,SB-MP-MAKR,IR,0,26
MALA,MALA,Uttar Pradesh,UP,SB-UP,SB-UP-MALA,NER,0,8
MALB,MALIYA MIYANA,Gujarat,GJ,SB-GJ,SB-GJ-MALB,IR,0,2
MALK,MALKAPUR ROAD,Madhya Pradesh,MP,SB-MP,SB-MP-MALK,IR,0,4
MALM,Manthralayam Road,Andhra Pradesh,AP,SB-AP,SB-AP-MALM,IR,1,93
MALR,MALLUR,Tamil Nadu,TN,SB-TN,SB-TN-MALR,IR,0,6
MAM,MANGAL MAHUDI,Gujarat,GJ,SB-GJ,SB-GJ-MAM,IR,0,10
MAN,MANI NAGAR,Gujarat,GJ,SB-GJ,SB-GJ-MAN,IR,0,42
MANA,MANA,Maharashtra,MH,SB-MH,SB-MH-MANA,IR,0,4
MAND,MANDURAI,Uttar Pradesh,UP,SB-UP,SB-UP-MAND,NR,0,0
MANE,MANESWAR,Odisha,OD,SB-OD,SB-OD-MANE,IR,0,2
MANG,MAHANAGAR,Uttar Pradesh,UP,SB-UP,SB-UP-MANG,NR,0,0
MANI,Mani Halt,Bihar,BR,SB-BR,SB-BR-MANI,ECR,0,8
MANK,MANKI,Karnataka,KA,SB-KA,SB-KA-MANK,KR,0,4
MANR,MANSAROVAR,Maharashtra,MH,SB-MH,SB-MH-MANR,IR,0,2
MANU,Manu,Tripura,TR,SB-TR,SB-TR-MANU,NFR,0,6
MANW,MANWA,Uttar Pradesh,UP,SB-UP,SB-UP-MANW,NER,0,8
MAO,Madgaon,Goa,GA,SB-GA,SB-GA-MAO,KR,0,145
MAP,Morappur,Tamil Nadu,TN,SB-TN,SB-TN-MAP,IR,0,27
MAQ,Mangalore Central,Karnataka,KA,SB-KA,SB-KA-MAQ,SR,0,64
MAR,MULANUR,Andhra Pradesh,AP,SB-AP,SB-AP-MAR,IR,0,6
MARD,Mavur Road,Tamil Nadu,TN,SB-TN,SB-TN-MARD,SR,0,8
MAS,Chennai Central,Tamil Nadu,TN,SB-TN,SB-TN-MAS,SR,1,169
MASK,MAISAR KHANA,Punjab,PB,SB-PB,SB-PB-MASK,NR,0,2
MASS,CHENNAI CENTRAL SUBURBAN STATION,Tamil Nadu,TN,SB-TN,SB-TN-MASS,IR,0,240
MATL,MATLA,West Bengal,WB,SB-WB,SB-WB-MATL,IR,0,14
MAU,MAU JN,Uttar Pradesh,UP,SB-UP,SB-UP-MAU,IR,0,92
MAUL,MAULA ALI,Punjab,PB,SB-PB,SB-PB-MAUL,IR,0,1
MAUR,MAUR,Punjab,PB,SB-PB,SB-PB-MAUR,NR,0,14
MAV,MARIAMMANKOVIL,Tamil Nadu,TN,SB-TN,SB-TN-MAV,SR,0,0
MAX,Mangudi,Tamil Nadu,TN,SB-TN,SB-TN-MAX,SR,0,8
MAY,MARIAHU,Uttar Pradesh,UP,SB-UP,SB-UP-MAY,NR,0,18
MAYP,MAYAPUR,West Bengal,WB,SB-WB,SB-WB-MAYP,IR,0,39
MAYR,Mayar,Haryana,HR,SB-HR,SB-HR-MAYR,IR,0,8
MAZ,MANGRA,Jharkhand,JH,SB-JH,SB-JH-MAZ,IR,0,12
MB,MORADABAD,Uttar Pradesh,UP,SB-UP,SB-UP-MB,NR,1,298
MBA,MAHOBA,Uttar Pradesh,UP,SB-UP,SB-UP-MBA,NCR,0,42
MBAH,MIRABIGHA HALT,Bihar,BR,SB-BR,SB-BR-MBAH,IR,0,10
MBB,Murshidabad,West Bengal,WB,SB-WB,SB-WB-MBB,ER,0,48
MBC,MAHANANDA BGE,Uttar Pradesh,UP,SB-UP,SB-UP-MBC,IR,0,8
MBD,MUSTABADA,Uttar Pradesh,UP,SB-UP,SB-UP-MBD,NR,0,0
MBDD,MAA BARAHI DEVI DHAM,Haryana,HR,SB-HR,SB-HR-MBDD,IR,0,12
MBDP,MAA BELHA DEVI DHAM PRATAPGARH JN,Uttar Pradesh,UP,SB-UP,SB-UP-MBDP,IR,0,76
MBE,MIRZAPUR BANKIPUR,West Bengal,WB,SB-WB,SB-WB-MBE,IR,0,64
MBF,Munabao,Rajasthan,RJ,SB-RJ,SB-RJ-MBF,NWR,0,4
MBG,Maibang,Assam,AS,SB-AS,SB-AS-MBG,NFR,0,16
MBGA,Marwar Bagra,Rajasthan,RJ,SB-RJ,SB-RJ-MBGA,NWR,0,4
MBH,Mobha Road,Gujarat,GJ,SB-GJ,SB-GJ-MBH,WR,0,0
MBI,MADHUBANI,Bihar,BR,SB-BR,SB-BR-MBI,IR,0,49
MBL,MANUBOLU,Andhra Pradesh,AP,SB-AP,SB-AP-MBL,IR,0,9
MBM,West Mambalam,Tamil Nadu,TN,SB-TN,SB-TN-MBM,IR,0,413
MBNL,Marwar Bhinmal,Rajasthan,RJ,SB-RJ,SB-RJ-MBNL,NWR,0,34
MBNR,MAHBUBNAGAR,Telangana,TS,SB-TS,SB-TS-MBNR,IR,0,88
MBO,Mairabari,Assam,AS,SB-AS,SB-AS-MBO,NFR,0,2
MBP,MOHIBULLAPUR,Uttar Pradesh,UP,SB-UP,SB-UP-MBP,NER,0,14
MBQ,MUMBRA,Maharashtra,MH,SB-MH,SB-MH-MBQ,IR,0,3
MBS,MADHOSINGH,Uttar Pradesh,UP,SB-UP,SB-UP-MBS,NER,0,15
MBSK,Marwar Balia,Rajasthan,RJ,SB-RJ,SB-RJ-MBSK,NWR,0,6
MBT,Marwar Birthi,Rajasthan,RJ,SB-RJ,SB-RJ-MBT,NWR,0,2
MBU,MELPATTAM BAKKAM,Tamil Nadu,TN,SB-TN,SB-TN-MBU,SR,0,8
MBV,Mirzapur Bachhaud,Haryana,HR,SB-HR,SB-HR-MBV,NWR,0,6
MBW,Malwara,Rajasthan,RJ,SB-RJ,SB-RJ-MBW,NWR,0,4
MBWC,MORADABAD WEST,Uttar Pradesh,UP,SB-UP,SB-UP-MBWC,NR,0,0
MBY,Mandi Dabwali,Haryana,HR,SB-HR,SB-HR-MBY,NWR,0,29
MC,MANDAPAM CAMP,Tamil Nadu,TN,SB-TN,SB-TN-MC,SR,0,6
MCA,MECHEDA,West Bengal,WB,SB-WB,SB-WB-MCA,SER,1,177
MCDA,MAA CHANDIKA DEVI DHAM ANTU,Uttar Pradesh,UP,SB-UP,SB-UP-MCDA,IR,0,14
MCF,Manik Chauree Halt,Chhattisgarh,CG,SB-CG,SB-CG-MCF,SECR,0,6
MCI,Mancherial,Telangana,TS,SB-TS,SB-TS-MCI,IR,1,91
MCJ,MANJATTIDAL,Tamil Nadu,TN,SB-TN,SB-TN-MCJ,SR,0,22
MCL,MADIMANGALAM,Tamil Nadu,TN,SB-TN,SB-TN-MCL,IR,0,6
MCLA,Macherla,Andhra Pradesh,AP,SB-AP,SB-AP-MCLA,SCR,0,6
MCLE,MANCHILI,Andhra Pradesh,AP,SB-AP,SB-AP-MCLE,SCR,0,10
MCN,MUKUNDARAYAPURM,Tamil Nadu,TN,SB-TN,SB-TN-MCN,IR,0,17
MCO,MOTIHARI COURT,Bihar,BR,SB-BR,SB-BR-MCO,IR,0,10
MCPE,Marwar Chapri,Rajasthan,RJ,SB-RJ,SB-RJ-MCPE,IR,0,4
MCPK,Chepauk,Tamil Nadu,TN,SB-TN,SB-TN-MCPK,SR,0,92
MCPT,Chintadripet,Tamil Nadu,TN,SB-TN,SB-TN-MCPT,SR,0,92
MCQ,MIRCHADHORI,Madhya Pradesh,MP,SB-MP,SB-MP-MCQ,ECR,0,8
MCRD,MECHERI ROAD,Tamil Nadu,TN,SB-TN,SB-TN-MCRD,IR,0,2
MCS,MANCHESWAR,Odisha,OD,SB-OD,SB-OD-MCS,IR,0,38
MCSC,MAHARAJA CHHATRASAL STATION CHHATARPUR,Madhya Pradesh,MP,SB-MP,SB-MP-MCSC,IR,0,22
MCTM,MARTYR CAPTAIN TUSHAR MAHAJAN,Jammu and Kashmir,JK,SB-JK,SB-JK-MCTM,IR,0,58
MCU,Mulacalacheruvu,Andhra Pradesh,AP,SB-AP,SB-AP-MCU,SCR,0,12
MCV,MACHARYA,Uttar Pradesh,UP,SB-UP,SB-UP-MCV,NR,0,12
MCVM,Machavaram,Andhra Pradesh,AP,SB-AP,SB-AP-MCVM,IR,0,7
MCY,Machriawan,Bihar,BR,SB-BR,SB-BR-MCY,IR,0,8
MCZ,MAHABUANG,Odisha,OD,SB-OD,SB-OD-MCZ,IR,0,6
MD,MADAR,Rajasthan,RJ,SB-RJ,SB-RJ-MD,NWR,0,0
MDA,"Mandhana Junction, Kanpur",Uttar Pradesh,UP,SB-UP,SB-UP-MDA,IR,0,12
MDAK,MEDAK,Andhra Pradesh,AP,SB-AP,SB-AP-MDAK,IR,0,4
MDB,Mandor,Rajasthan,RJ,SB-RJ,SB-RJ-MDB,NWR,0,9
MDBP,Madhabpur,West Bengal,WB,SB-WB,SB-WB-MDBP,ER,0,62
MDC,MAKARDAHA,West Bengal,WB,SB-WB,SB-WB-MDC,IR,0,22
MDCR,Masaudhi Court Halt,Bihar,BR,SB-BR,SB-BR-MDCR,?,0,19
MDD,Malad,Maharashtra,MH,SB-MH,SB-MH-MDD,WR,0,0
MDDG,Malad Gaon,Maharashtra,MH,SB-MH,SB-MH-MDDG,CR,0,8
MDDP,MANDI DIP,Madhya Pradesh,MP,SB-MP,SB-MP-MDDP,IR,0,8
MDE,Makhdumpur Gaya,Bihar,BR,SB-BR,SB-BR-MDE,ECR,0,34
MDF,MURADI,West Bengal,WB,SB-WB,SB-WB-MDF,SER,0,30
MDG,MANDAL GHAT,West Bengal,WB,SB-WB,SB-WB-MDG,IR,0,6
MDGB,MADHABNAGAR HALT,West Bengal,WB,SB-WB,SB-WB-MDGB,IR,0,11
MDGR,Manendragarh,Madhya Pradesh,MP,SB-MP,SB-MP-MDGR,SECR,0,12
MDH,MANDHAR,Chhattisgarh,CG,SB-CG,SB-CG-MDH,IR,0,12
MDHA,Madhada,Gujarat,GJ,SB-GJ,SB-GJ-MDHA,WR,0,4
MDJ,MUHAMMADGANJ,Bihar,BR,SB-BR,SB-BR-MDJ,IR,0,22
MDJN,Madar Jn,Rajasthan,RJ,SB-RJ,SB-RJ-MDJN,IR,0,22
MDKD,MADHUKUNDA,West Bengal,WB,SB-WB,SB-WB-MDKD,SER,0,30
MDKI,Madukarai(Coimbatore),Tamil Nadu,TN,SB-TN,SB-TN-MDKI,IR,0,14
MDKM,MADATTUKULAM,Tamil Nadu,TN,SB-TN,SB-TN-MDKM,IR,0,2
MDKU,MODUKURU,Andhra Pradesh,AP,SB-AP,SB-AP-MDKU,IR,0,7
MDL,MANDAL,Rajasthan,RJ,SB-RJ,SB-RJ-MDL,NWR,0,10
MDLA,MUNDLANA,Haryana,HR,SB-HR,SB-HR-MDLA,NR,0,8
MDLE,Mandar Hill,Bihar,BR,SB-BR,SB-BR-MDLE,ER,0,28
MDLL,MUDDALINGAHALLI,Karnataka,KA,SB-KA,SB-KA-MDLL,SWR,0,16
MDLM,MUNDALARAM,Uttar Pradesh,UP,SB-UP,SB-UP-MDLM,NR,0,0
MDN,MIDNAPORE,West Bengal,WB,SB-WB,SB-WB-MDN,SER,1,82
MDNP,Madanpur Halt,Jharkhand,JH,SB-JH,SB-JH-MDNP,ER,0,0
MDNR,Modinagar,Uttar Pradesh,UP,SB-UP,SB-UP-MDNR,NR,0,27
MDP,MADHUPUR JN,Jharkhand,JH,SB-JH,SB-JH-MDP,ER,1,164
MDPA,MANDPIYA,Rajasthan,RJ,SB-RJ,SB-RJ-MDPA,NWR,0,2
MDPB,Madhopur Punjab,Punjab,PB,SB-PB,SB-PB-MDPB,NR,0,4
MDPD,MANDAPADU,Uttar Pradesh,UP,SB-UP,SB-UP-MDPD,NR,0,0
MDPJ,Madanapur Halt,Maharashtra,MH,SB-MH,SB-MH-MDPJ,IR,0,4
MDPR,MODPUR,Gujarat,GJ,SB-GJ,SB-GJ-MDPR,WR,0,2
MDR,MADHIRA,Andhra Pradesh,AP,SB-AP,SB-AP-MDR,SCR,0,26
MDRA,MEDRA,Gujarat,GJ,SB-GJ,SB-GJ-MDRA,WR,0,4
MDRR,MADHAVNAGAR ROA,Madhya Pradesh,MP,SB-MP,SB-MP-MDRR,WCR,0,6
MDS,Mandasor,Madhya Pradesh,MP,SB-MP,SB-MP-MDS,WR,0,57
MDSA,Modasa,Gujarat,GJ,SB-GJ,SB-GJ-MDSA,WR,0,0
MDSE,MADHU SUDANPUR,West Bengal,WB,SB-WB,SB-WB-MDSE,IR,0,64
MDT,MADARIHAT,West Bengal,WB,SB-WB,SB-WB-MDT,NFR,0,8
MDU,Madurai Junction,Tamil Nadu,TN,SB-TN,SB-TN-MDU,IR,0,155
MDUN,Madhura Nagar,Andhra Pradesh,AP,SB-AP,SB-AP-MDUN,IR,0,17
MDVB,Mandar Vidyapith Halt,Bihar,BR,SB-BR,SB-BR-MDVB,ER,0,8
MDVE,MAHENDRA VADI,Uttar Pradesh,UP,SB-UP,SB-UP-MDVE,NR,0,0
MDVK,MAHADEOKHEDI,Madhya Pradesh,MP,SB-MP,SB-MP-MDVK,IR,0,12
MDVL,MANDAVALLI,Andhra Pradesh,AP,SB-AP,SB-AP-MDVL,SCR,0,14
MDVR,Madhavnagar,Maharashtra,MH,SB-MH,SB-MH-MDVR,CR,0,2
MDW,MARWAR MUNDWA,Rajasthan,RJ,SB-RJ,SB-RJ-MDW,IR,0,10
MDWI,MANDAWARI,Rajasthan,RJ,SB-RJ,SB-RJ-MDWI,IR,0,2
MDXR,MUDARIA,Madhya Pradesh,MP,SB-MP,SB-MP-MDXR,IR,0,4
ME,MASAIPET,Andhra Pradesh,AP,SB-AP,SB-AP-ME,SCR,0,13
MEC,Merta City,Rajasthan,RJ,SB-RJ,SB-RJ-MEC,IR,0,4
MED,Medchal,Telangana,TS,SB-TS,SB-TS-MED,SCR,0,58
MEE,Methai,Bihar,BR,SB-BR,SB-BR-MEE,ECR,0,14
MEG,MELENG,Uttar Pradesh,UP,SB-UP,SB-UP-MEG,NR,0,0
MEH,MELALATHUR,Tamil Nadu,TN,SB-TN,SB-TN-MEH,IR,0,4
MEJ,VANCHIMANIYACHI,Tamil Nadu,TN,SB-TN,SB-TN-MEJ,SR,0,27
MEKM,Melakkonnakkulam,Tamil Nadu,TN,SB-TN,SB-TN-MEKM,SR,0,2
MEL,Marine Lines,Maharashtra,MH,SB-MH,SB-MH-MEL,WR,0,15
MELH,MELUSAR,Rajasthan,RJ,SB-RJ,SB-RJ-MELH,IR,0,6
MEM,MAU AIMMA,Uttar Pradesh,UP,SB-UP,SB-UP-MEM,NR,0,6
MENP,MEENAPUR,Bihar,BR,SB-BR,SB-BR-MENP,IR,0,8
MEP,MAHIDPUR ROAD,Madhya Pradesh,MP,SB-MP,SB-MP-MEP,IR,0,15
MEQ,MALETHU KANAK,Uttar Pradesh,UP,SB-UP,SB-UP-MEQ,NR,0,4
MER,METPANJRA,Maharashtra,MH,SB-MH,SB-MH-MER,IR,0,4
MES,MADURAI EAST,Tamil Nadu,TN,SB-TN,SB-TN-MES,SR,0,6
MESR,MESRA,Jharkhand,JH,SB-JH,SB-JH-MESR,IR,0,10
MET,Malerkotla,Punjab,PB,SB-PB,SB-PB-MET,NR,0,28
METR,Methi Tikur,Uttar Pradesh,UP,SB-UP,SB-UP-METR,IR,0,4
MEU,MENDU,Uttar Pradesh,UP,SB-UP,SB-UP-MEU,IR,0,10
MEW,Marhaura,Bihar,BR,SB-BR,SB-BR-MEW,NER,0,12
MEX,Mukerian,Punjab,PB,SB-PB,SB-PB-MEX,NR,0,32
MFA,MAKURIA,Bihar,BR,SB-BR,SB-BR-MFA,IR,0,14
MFB,MUSTAFABAD,Haryana,HR,SB-HR,SB-HR-MFB,IR,0,12
MFC,MONABARI,Assam,AS,SB-AS,SB-AS-MFC,IR,0,2
MFCK,MUSTAPHA CHAK,West Bengal,WB,SB-WB,SB-WB-MFCK,IR,0,11
MFH,MAHRAULI,Uttar Pradesh,UP,SB-UP,SB-UP-MFH,IR,0,5
MFJ,Muftiganj,Uttar Pradesh,UP,SB-UP,SB-UP-MFJ,NER,0,6
MFKA,MUSAFIR KHANA,Uttar Pradesh,UP,SB-UP,SB-UP-MFKA,IR,0,24
MFL,MISRAULI,Uttar Pradesh,UP,SB-UP,SB-UP-MFL,IR,0,3
MFM,MAHALAM,Punjab,PB,SB-PB,SB-PB-MFM,NR,0,20
MFP,Muzaffarpur Junction,Bihar,BR,SB-BR,SB-BR-MFP,ECR,0,208
MFQ,MAHROI,Madhya Pradesh,MP,SB-MP,SB-MP-MFQ,WCR,0,4
MFR,Mandla Fort,Madhya Pradesh,MP,SB-MP,SB-MP-MFR,SECR,0,6
MFX,MADARAHA,Uttar Pradesh,UP,SB-UP,SB-UP-MFX,NCR,0,4
MFZ,MALAHAR,Uttar Pradesh,UP,SB-UP,SB-UP-MFZ,IR,0,10
MG,Modelgram,Punjab,PB,SB-PB,SB-PB-MG,NR,0,13
MGAE,Morgram,West Bengal,WB,SB-WB,SB-WB-MGAE,ER,0,20
MGB,Mudigubba,Andhra Pradesh,AP,SB-AP,SB-AP-MGB,SCR,0,7
MGC,MUGAT,Maharashtra,MH,SB-MH,SB-MH-MGC,SCR,0,12
MGD,MUGAD,Karnataka,KA,SB-KA,SB-KA-MGD,SWR,0,4
MGDR,Magardharra Ph,Madhya Pradesh,MP,SB-MP,SB-MP-MGDR,IR,0,6
MGE,Migrendisa,Assam,AS,SB-AS,SB-AS-MGE,NFR,0,2
MGF,Mandagere,Karnataka,KA,SB-KA,SB-KA-MGF,SWR,0,10
MGG,Mangliya Gaon,Madhya Pradesh,MP,SB-MP,SB-MP-MGG,WR,0,4
MGI,Manigachi,Bihar,BR,SB-BR,SB-BR-MGI,ECR,0,8
MGK,MULANGUNNATHUKAVU,Kerala,KL,SB-KL,SB-KL-MGK,IR,0,10
MGKM,Mungiakami,Tripura,TR,SB-TR,SB-TR-MGKM,NFR,0,10
MGKP,MANISINGH KA PURA,Uttar Pradesh,UP,SB-UP,SB-UP-MGKP,IR,0,2
MGL,MANGELA,Karnataka,KA,SB-KA,SB-KA-MGL,?,0,8
MGLE,MANIGRAM,West Bengal,WB,SB-WB,SB-WB-MGLE,ER,0,18
MGLI,Mangli,Uttar Pradesh,UP,SB-UP,SB-UP-MGLI,NR,0,0
MGLP,Mangolpuri,Delhi,DL,SB-DL,SB-DL-MGLP,NR,0,16
MGM,Muragacha,West Bengal,WB,SB-WB,SB-WB-MGM,ER,0,30
MGME,MCCLUSKIEGANJ,Jharkhand,JH,SB-JH,SB-JH-MGME,IR,0,14
MGMY,MUGHAL SARAI MARSHALING YARD,Uttar Pradesh,UP,SB-UP,SB-UP-MGMY,NR,0,0
MGN,MEGHNAGAR,Madhya Pradesh,MP,SB-MP,SB-MP-MGN,IR,0,45
MGO,MAHISGAON,Maharashtra,MH,SB-MH,SB-MH-MGO,CR,0,0
MGPA,MUNDA GOPAL ASHRAM,Uttar Pradesh,UP,SB-UP,SB-UP-MGPA,IR,0,4
MGPI,MANGARPATTI HALT,Bihar,BR,SB-BR,SB-BR-MGPI,IR,0,2
MGR,Munger,Bihar,BR,SB-BR,SB-BR-MGR,ER,0,25
MGRD,MAGARDOH,Madhya Pradesh,MP,SB-MP,SB-MP-MGRD,IR,0,2
MGRL,MANGROLLA,Uttar Pradesh,UP,SB-UP,SB-UP-MGRL,NR,0,0
MGRP,MEGH RAJ PURA,Himachal Pradesh,HP,SB-HP,SB-HP-MGRP,NR,0,10
MGRR,MAGARPUR,Uttar Pradesh,UP,SB-UP,SB-UP-MGRR,NCR,0,6
MGS,Mughal Sarai Junction,Uttar Pradesh,UP,SB-UP,SB-UP-MGS,IR,0,0
MGSJ,MAGNESITE JN,Uttar Pradesh,UP,SB-UP,SB-UP-MGSJ,NR,0,0
MGSO,MGSO,Uttar Pradesh,UP,SB-UP,SB-UP-MGSO,NR,0,0
MGT,Magra Hat,West Bengal,WB,SB-WB,SB-WB-MGT,ER,0,64
MGTD,MEGHPUR TITODI,Uttar Pradesh,UP,SB-UP,SB-UP-MGTD,NR,0,0
MGV,MOLAGAVALLI,Andhra Pradesh,AP,SB-AP,SB-AP-MGV,IR,0,2
MGVK,Malegaon Vyenku,Maharashtra,MH,SB-MH,SB-MH-MGVK,SECR,0,4
MGW,MAGARWARA,Uttar Pradesh,UP,SB-UP,SB-UP-MGW,IR,0,19
MGWD,Mahngarwal Doaba,Punjab,PB,SB-PB,SB-PB-MGWD,NR,0,2
MGWN,MAHGAWAN HALT,Uttar Pradesh,UP,SB-UP,SB-UP-MGWN,NR,0,0
MGX,Mailongdisa,Assam,AS,SB-AS,SB-AS-MGX,NFR,0,0
MGZ,MAHARAJ GANJ,Bihar,BR,SB-BR,SB-BR-MGZ,IR,0,4
MH,Marahra,Bihar,BR,SB-BR,SB-BR-MH,CR,0,6
MHA,MARAHRA,Uttar Pradesh,UP,SB-UP,SB-UP-MHA,IR,0,12
MHAD,Mohadi Pragane Laling,Maharashtra,MH,SB-MH,SB-MH-MHAD,CR,0,7
MHBA,MATHABHANGA,West Bengal,WB,SB-WB,SB-WB-MHBA,IR,0,10
MHBG,Mahadev Buzurg,Uttar Pradesh,UP,SB-UP,SB-UP-MHBG,NER,0,4
MHBT,MAHBUBNAGAR TOWN HALT,Telangana,TS,SB-TS,SB-TS-MHBT,IR,0,7
MHBZ,Mahtha Bazar,Uttar Pradesh,UP,SB-UP,SB-UP-MHBZ,NER,0,4
MHC,Masrakh,Bihar,BR,SB-BR,SB-BR-MHC,NER,0,16
MHD,MAHEMDAVAD KHEDA RD,Gujarat,GJ,SB-GJ,SB-GJ-MHD,IR,0,43
MHDA,MAHDEIYA,Madhya Pradesh,MP,SB-MP,SB-MP-MHDA,ECR,0,0
MHDB,MAHADIA PH,Odisha,OD,SB-OD,SB-OD-MHDB,IR,0,6
MHDP,Mahadevpara,Gujarat,GJ,SB-GJ,SB-GJ-MHDP,WR,0,0
MHF,Mohari Junction,Rajasthan,RJ,SB-RJ,SB-RJ-MHF,NCR,0,0
MHH,MAGHAR,Uttar Pradesh,UP,SB-UP,SB-UP-MHH,IR,0,9
MHHR,MAHESRA,Uttar Pradesh,UP,SB-UP,SB-UP-MHHR,IR,0,8
MHI,Manihari,Bihar,BR,SB-BR,SB-BR-MHI,NFR,0,8
MHJ,MAHAJAN,Rajasthan,RJ,SB-RJ,SB-RJ-MHJ,NWR,0,20
MHKT,MOHKHUTI,Assam,AS,SB-AS,SB-AS-MHKT,IR,0,2
MHL,MAHWAL,Bihar,BR,SB-BR,SB-BR-MHL,ECR,0,7
MHLC,MONKEY HILL,Uttar Pradesh,UP,SB-UP,SB-UP-MHLC,NR,0,0
MHLN,MAHENDRALALNAGAR PH,West Bengal,WB,SB-WB,SB-WB-MHLN,IR,0,22
MHLT,MAHESH LETA HALT,Bihar,BR,SB-BR,SB-BR-MHLT,IR,0,10
MHMB,MAHIMBA,Maharashtra,MH,SB-MH,SB-MH-MHMB,SCR,0,4
MHN,Mahanadi,West Bengal,WB,SB-WB,SB-WB-MHN,NFR,0,6
MHNR,MAHESH NAGAR HALT,Rajasthan,RJ,SB-RJ,SB-RJ-MHNR,IR,0,10
MHO,MAHPUR,Uttar Pradesh,UP,SB-UP,SB-UP-MHO,NER,0,8
MHOW,Mhow,Madhya Pradesh,MP,SB-MP,SB-MP-MHOW,WR,0,0
MHP,MUHAMMADPUR,Bihar,BR,SB-BR,SB-BR-MHP,IR,0,10
MHPE,Mhope,Uttar Pradesh,UP,SB-UP,SB-UP-MHPE,NR,0,0
MHPR,Mahiyarpur,Bihar,BR,SB-BR,SB-BR-MHPR,IR,0,8
MHQ,Mahuda,Jharkhand,JH,SB-JH,SB-JH-MHQ,SER,0,14
MHRG,Mahendragarh,Haryana,HR,SB-HR,SB-HR-MHRG,NWR,0,40
MHRI,MACHHRAULI,Haryana,HR,SB-HR,SB-HR-MHRI,IR,0,6
MHRL,Mahrail,Bihar,BR,SB-BR,SB-BR-MHRL,ECR,0,4
MHRN,MAHENDRANATH,Bihar,BR,SB-BR,SB-BR-MHRN,IR,0,10
MHSA,MAHESHPUR,Jharkhand,JH,SB-JH,SB-JH-MHSA,IR,0,6
MHT,MANJHI,Bihar,BR,SB-BR,SB-BR-MHT,IR,0,8
MHTR,MALIHATI TALIBPUR ROAD,West Bengal,WB,SB-WB,SB-WB-MHTR,ER,0,27
MHU,Manheru,Haryana,HR,SB-HR,SB-HR-MHU,NWR,0,14
MHUA,Mahudha,Gujarat,GJ,SB-GJ,SB-GJ-MHUA,WR,0,0
MHUL,Mehuwala Halt,Haryana,HR,SB-HR,SB-HR-MHUL,IR,0,6
MHUR,Mohanpur,Jharkhand,JH,SB-JH,SB-JH-MHUR,ER,0,14
MHV,MAHUVA JN,Gujarat,GJ,SB-GJ,SB-GJ-MHV,WR,0,8
MHWL,MACHROWAR,Uttar Pradesh,UP,SB-UP,SB-UP-MHWL,NR,0,0
MIA,MANIA,Rajasthan,RJ,SB-RJ,SB-RJ-MIA,IR,0,4
MIAL,Milaoli,Madhya Pradesh,MP,SB-MP,SB-MP-MIAL,NCR,0,0
MIAN,MIANGRAM,West Bengal,WB,SB-WB,SB-WB-MIAN,ER,0,24
MIB,NAGPUR MOTI BAGH,Uttar Pradesh,UP,SB-UP,SB-UP-MIB,NR,0,0
MID,MADHI,Gujarat,GJ,SB-GJ,SB-GJ-MID,IR,0,15
MIG,MIDGHAT,Uttar Pradesh,UP,SB-UP,SB-UP-MIG,NR,0,0
MIH,MIHRAWAN,Uttar Pradesh,UP,SB-UP,SB-UP-MIH,NR,0,2
MIJ,Majhdia,West Bengal,WB,SB-WB,SB-WB-MIJ,ER,0,46
MIK,MANIKUL,Jharkhand,JH,SB-JH,SB-JH-MIK,IR,0,16
MIKD,MAHIKHAND HALT,Bihar,BR,SB-BR,SB-BR-MIKD,IR,0,6
MIL,MILAK,Uttar Pradesh,UP,SB-UP,SB-UP-MIL,IR,0,8
MILA,MILAKPUR HALT,Uttar Pradesh,UP,SB-UP,SB-UP-MILA,NR,0,0
MILE,MILE-FIVEB,Uttar Pradesh,UP,SB-UP,SB-UP-MILE,NR,0,0
MIM,Maniram,Uttar Pradesh,UP,SB-UP,SB-UP-MIM,NER,0,20
MIN,Mihinpurwa,Uttar Pradesh,UP,SB-UP,SB-UP-MIN,NER,0,4
MINA,MIYANA,Madhya Pradesh,MP,SB-MP,SB-MP-MINA,WCR,0,10
MINJ,MAIKALGANJ,Uttar Pradesh,UP,SB-UP,SB-UP-MINJ,IR,0,12
MIO,Molisar,Rajasthan,RJ,SB-RJ,SB-RJ-MIO,NWR,0,12
MIPM,MARRIPALEM,Andhra Pradesh,AP,SB-AP,SB-AP-MIPM,IR,0,20
MIQ,MIRHAKUR,Uttar Pradesh,UP,SB-UP,SB-UP-MIQ,NCR,0,6
MIR,MAIJAPUR,Uttar Pradesh,UP,SB-UP,SB-UP-MIR,IR,0,6
MIRA,Mira Road,Maharashtra,MH,SB-MH,SB-MH-MIRA,WR,0,1
MITA,MITHA,Gujarat,GJ,SB-GJ,SB-GJ-MITA,IR,0,2
MIU,MARIPAT,Uttar Pradesh,UP,SB-UP,SB-UP-MIU,IR,0,22
MIW,Mighauna,Uttar Pradesh,UP,SB-UP,SB-UP-MIW,NER,0,8
MIX,Manipuram Cabin,Uttar Pradesh,UP,SB-UP,SB-UP-MIX,NR,0,0
MIYN,MANIYAN,Bihar,BR,SB-BR,SB-BR-MIYN,IR,0,8
MJ,Marwar Junction,Rajasthan,RJ,SB-RJ,SB-RJ-MJ,NWR,0,123
MJA,MEJA ROAD,Uttar Pradesh,UP,SB-UP,SB-UP-MJA,IR,0,17
MJBK,MANJARI BUDRUK,Maharashtra,MH,SB-MH,SB-MH-MJBK,IR,0,12
MJBT,MAJBAT,Assam,AS,SB-AS,SB-AS-MJBT,IR,0,14
MJE,MUJNAL,West Bengal,WB,SB-WB,SB-WB-MJE,NFR,0,2
MJF,MALKAJGIRI,Telangana,TS,SB-TS,SB-TS-MJF,IR,0,68
MJG,MAJHAGAWAN,Madhya Pradesh,MP,SB-MP,SB-MP-MJG,WCR,0,16
MJGP,MAJHGAWAN PHATA,Uttar Pradesh,UP,SB-UP,SB-UP-MJGP,NR,0,0
MJH,MAJU PH,West Bengal,WB,SB-WB,SB-WB-MJH,IR,0,22
MJHL,MAJADA HALT,Uttar Pradesh,UP,SB-UP,SB-UP-MJHL,NR,0,5
MJHR,MAJHIARI,Uttar Pradesh,UP,SB-UP,SB-UP-MJHR,NCR,0,4
MJKN,MAJRI KHADAN,Uttar Pradesh,UP,SB-UP,SB-UP-MJKN,NR,0,0
MJL,MAJHOWLIA,Bihar,BR,SB-BR,SB-BR-MJL,ECR,0,14
MJM,MANJHAULIGRAM H,Bihar,BR,SB-BR,SB-BR-MJM,IR,0,10
MJN,Makum Junction,Assam,AS,SB-AS,SB-AS-MJN,NFR,0,8
MJNL,MAJRI NANGAL,Rajasthan,RJ,SB-RJ,SB-RJ-MJNL,NWR,0,4
MJNS,MAA JAGDAMBA NAWADA HALT,Bihar,BR,SB-BR,SB-BR-MJNS,IR,0,6
MJO,Majorda,Goa,GA,SB-GA,SB-GA-MJO,KR,0,8
MJP,MOHARAJPUR,Jharkhand,JH,SB-JH,SB-JH-MJP,IR,0,18
MJPB,Manjhra Purab,Uttar Pradesh,UP,SB-UP,SB-UP-MJPB,NER,0,6
MJR,Minjur,Tamil Nadu,TN,SB-TN,SB-TN-MJR,SR,0,90
MJRI,MAJRI JN,Maharashtra,MH,SB-MH,SB-MH-MJRI,IR,0,8
MJS,MANJESHWAR,Kerala,KL,SB-KL,SB-KL-MJS,SR,0,15
MJT,MAJERHAT,West Bengal,WB,SB-WB,SB-WB-MJT,IR,0,88
MJTA,MAJITHA,Punjab,PB,SB-PB,SB-PB-MJTA,IR,0,8
MJV,Manjhagarh,Bihar,BR,SB-BR,SB-BR-MJV,NER,0,4
MJY,MARAMJHIRI,Madhya Pradesh,MP,SB-MP,SB-MP-MJY,IR,0,4
MJZ,Majhola Pakarya,Uttarakhand,UK,SB-UK,SB-UK-MJZ,NER,0,14
MK,MIRANPUR KATRA,Uttar Pradesh,UP,SB-UP,SB-UP-MK,IR,0,2
MKA,MOKAMEH JN,Bihar,BR,SB-BR,SB-BR-MKA,ECR,1,142
MKAK,MUNDAKAKANNI AMMAN KOIL,Tamil Nadu,TN,SB-TN,SB-TN-MKAK,IR,0,92
MKB,MANKATHA,Bihar,BR,SB-BR,SB-BR-MKB,IR,0,26
MKBH,Manwala Kot Bakhtu,Punjab,PB,SB-PB,SB-PB-MKBH,IR,0,10
MKC,MAKSI,Madhya Pradesh,MP,SB-MP,SB-MP-MKC,IR,0,84
MKD,MARKUNDI,Madhya Pradesh,MP,SB-MP,SB-MP-MKD,WCR,0,6
MKDD,MUKUNDWADI HALT,Maharashtra,MH,SB-MH,SB-MH-MKDD,SCR,0,13
MKDI,MAKUDI,Maharashtra,MH,SB-MH,SB-MH-MKDI,IR,0,2
MKDN,Morkadhana,Madhya Pradesh,MP,SB-MP,SB-MP-MKDN,CR,0,6
MKG,MANAK NAGAR,Uttar Pradesh,UP,SB-UP,SB-UP-MKG,IR,0,11
MKGD,MANIKAGODA,Odisha,OD,SB-OD,SB-OD-MKGD,IR,0,8
MKH,MALAKHERA,Rajasthan,RJ,SB-RJ,SB-RJ-MKH,NWR,0,16
MKHI,Makhi,Uttar Pradesh,UP,SB-UP,SB-UP-MKHI,NR,0,4
MKHR,MARWAR KHARA,Rajasthan,RJ,SB-RJ,SB-RJ-MKHR,NWR,0,2
MKI,BAPUDHAM MOTIHARI,Bihar,BR,SB-BR,SB-BR-MKI,ECR,0,0
MKJ,MAKKAJIPALLI,Andhra Pradesh,AP,SB-AP,SB-AP-MKJ,IR,0,2
MKK,KODAMBAKAM,Tamil Nadu,TN,SB-TN,SB-TN-MKK,IR,0,381
MKL,MAKLIDRUG,Karnataka,KA,SB-KA,SB-KA-MKL,IR,0,4
MKLI,MAKRAULI,Haryana,HR,SB-HR,SB-HR-MKLI,NR,0,6
MKM,Marikuppam,Karnataka,KA,SB-KA,SB-KA-MKM,SWR,0,20
MKMN,MOKHRA MADINA,Haryana,HR,SB-HR,SB-HR-MKMN,IR,0,4
MKN,Makrana Junction,Rajasthan,RJ,SB-RJ,SB-RJ-MKN,IR,0,68
MKO,MARKONA,Odisha,OD,SB-OD,SB-OD-MKO,IR,0,19
MKP,MANIKPUR JN,Uttar Pradesh,UP,SB-UP,SB-UP-MKP,NCR,1,142
MKPR,MUKTAPUR,Bihar,BR,SB-BR,SB-BR-MKPR,IR,0,14
MKPT,MALIKPETH,Maharashtra,MH,SB-MH,SB-MH-MKPT,IR,0,4
MKR,MADDIKERA,Andhra Pradesh,AP,SB-AP,SB-AP-MKR,SCR,0,8
MKRA,MAKRERA,Rajasthan,RJ,SB-RJ,SB-RJ-MKRA,NWR,0,0
MKRD,Machhakunda,Odisha,OD,SB-OD,SB-OD-MKRD,ECOR,0,2
MKRH,MALLICKPUR HAT,West Bengal,WB,SB-WB,SB-WB-MKRH,IR,0,2
MKRL,Moti Koral,Gujarat,GJ,SB-GJ,SB-GJ-MKRL,WR,0,0
MKRN,MAKRONIA,Madhya Pradesh,MP,SB-MP,SB-MP-MKRN,IR,0,14
MKS,Muktsar,Punjab,PB,SB-PB,SB-PB-MKS,NR,0,12
MKSP,MUKHASA PARUR,Tamil Nadu,TN,SB-TN,SB-TN-MKSP,IR,0,6
MKSR,Mokalsar,Rajasthan,RJ,SB-RJ,SB-RJ-MKSR,NWR,0,34
MKT,Mukhtiar Balwar,Madhya Pradesh,MP,SB-MP,SB-MP-MKT,WR,0,0
MKTL,MAKTHAL,Karnataka,KA,SB-KA,SB-KA-MKTL,IR,0,2
MKTP,MUKETASHWAR,Odisha,OD,SB-OD,SB-OD-MKTP,IR,0,6
MKU,Malkapur,Maharashtra,MH,SB-MH,SB-MH-MKU,IR,1,103
MKWI,MAKARWADI HALT,Rajasthan,RJ,SB-RJ,SB-RJ-MKWI,IR,0,2
MKX,MORAK,Rajasthan,RJ,SB-RJ,SB-RJ-MKX,IR,0,19
MKY,MEKKUDI,Tamil Nadu,TN,SB-TN,SB-TN-MKY,SR,0,0
MKZ,Mahkepar Road,Maharashtra,MH,SB-MH,SB-MH-MKZ,IR,0,10
ML,MALHOUR,Uttar Pradesh,UP,SB-UP,SB-UP-ML,IR,0,5
MLAR,MALANPUR,Madhya Pradesh,MP,SB-MP,SB-MP-MLAR,NCR,0,18
MLB,MODNIMB,Maharashtra,MH,SB-MH,SB-MH-MLB,CR,0,8
MLBZ,MAL BAZAR,West Bengal,WB,SB-WB,SB-WB-MLBZ,IR,0,4
MLC,MALKISAR,Rajasthan,RJ,SB-RJ,SB-RJ-MLC,NWR,0,4
MLD,MALIHABAD,Uttar Pradesh,UP,SB-UP,SB-UP-MLD,IR,0,8
MLDE,MADLAUDA,Haryana,HR,SB-HR,SB-HR-MLDE,NR,0,6
MLDT,Malda Town,West Bengal,WB,SB-WB,SB-WB-MLDT,IR,1,170
MLFC,MALDA COURT,Uttar Pradesh,UP,SB-UP,SB-UP-MLFC,IR,0,6
MLG,MALHARGARH,Madhya Pradesh,MP,SB-MP,SB-MP-MLG,WR,0,14
MLGH,Mandalgarh,Rajasthan,RJ,SB-RJ,SB-RJ-MLGH,WCR,0,18
MLGT,MALLAPPA GATE,Andhra Pradesh,AP,SB-AP,SB-AP-MLGT,SCR,0,0
MLH,MANAKLAO,Rajasthan,RJ,SB-RJ,SB-RJ-MLH,NWR,0,0
MLHA,MALIYA HATINA,Gujarat,GJ,SB-GJ,SB-GJ-MLHA,WR,0,19
MLHS,Light House,Tamil Nadu,TN,SB-TN,SB-TN-MLHS,SR,0,92
MLI,MANGALIYAWAS,Rajasthan,RJ,SB-RJ,SB-RJ-MLI,NWR,0,4
MLIH,MAULI HALT,Uttar Pradesh,UP,SB-UP,SB-UP-MLIH,NR,0,0
MLJ,MOHANLALGANJ,Uttar Pradesh,UP,SB-UP,SB-UP-MLJ,IR,0,2
MLK,MALKAPURAM,Andhra Pradesh,AP,SB-AP,SB-AP-MLK,IR,0,4
MLKA,Maluka,Jharkhand,JH,SB-JH,SB-JH-MLKA,SER,0,6
MLKH,Mulewal Khaihra,Punjab,PB,SB-PB,SB-PB-MLKH,NR,0,10
MLKN,MUNDHAL KALAN,Haryana,HR,SB-HR,SB-HR-MLKN,IR,0,4
MLKP,MALIKPUR,Uttar Pradesh,UP,SB-UP,SB-UP-MLKP,IR,0,8
MLM,MALTHAN,Maharashtra,MH,SB-MH,SB-MH-MLM,IR,0,4
MLMG,MALLEMADUGU,Andhra Pradesh,AP,SB-AP,SB-AP-MLMG,SCR,0,4
MLMR,MELMARUVATTUR,Tamil Nadu,TN,SB-TN,SB-TN-MLMR,IR,0,57
MLN,MAILANI,Uttar Pradesh,UP,SB-UP,SB-UP-MLN,NER,0,26
MLND,MULUND,Maharashtra,MH,SB-MH,SB-MH-MLND,IR,0,4
MLNH,MALANCHA,West Bengal,WB,SB-WB,SB-WB-MLNH,IR,0,2
MLO,MALUR,Karnataka,KA,SB-KA,SB-KA-MLO,IR,0,42
MLP,MALLAPUR,Karnataka,KA,SB-KA,SB-KA-MLP,SWR,0,14
MLPM,MELPAKKAM,Uttar Pradesh,UP,SB-UP,SB-UP-MLPM,NR,0,0
MLPR,MALIPUR,Uttar Pradesh,UP,SB-UP,SB-UP-MLPR,IR,0,20
MLQ,Malkera Junction,Jharkhand,JH,SB-JH,SB-JH-MLQ,SER,0,6
MLR,MALKHED,Maharashtra,MH,SB-MH,SB-MH-MLR,IR,0,2
MLS,MALASA,Uttar Pradesh,UP,SB-UP,SB-UP-MLS,IR,0,4
MLSA,MALLASANDRA,Karnataka,KA,SB-KA,SB-KA-MLSA,SWR,0,8
MLSR,Malsar,Gujarat,GJ,SB-GJ,SB-GJ-MLSR,WR,0,0
MLSU,MALSAILU,Maharashtra,MH,SB-MH,SB-MH-MLSU,SCR,0,4
MLT,MALATIPATPUR,Odisha,OD,SB-OD,SB-OD-MLT,IR,0,17
MLTI,MALTI,Bihar,BR,SB-BR,SB-BR-MLTI,IR,0,2
MLTR,Melattur,Kerala,KL,SB-KL,SB-KL-MLTR,SR,0,15
MLU,MALUGUR,Andhra Pradesh,AP,SB-AP,SB-AP-MLU,IR,0,4
MLV,MALLARPUR,West Bengal,WB,SB-WB,SB-WB-MLV,IR,0,26
MLW,Mallanwan,Uttar Pradesh,UP,SB-UP,SB-UP-MLW,NR,0,4
MLX,Mullanpur,Punjab,PB,SB-PB,SB-PB-MLX,NR,0,13
MLY,MAULA ALI,Telangana,TS,SB-TS,SB-TS-MLY,IR,0,17
MLYA,Maliya,West Bengal,WB,SB-WB,SB-WB-MLYA,ER,0,81
MLYC,MAULA ALI,Uttar Pradesh,UP,SB-UP,SB-UP-MLYC,NR,0,0
MLYG,MLYG,Uttar Pradesh,UP,SB-UP,SB-UP-MLYG,NR,0,0
MLYR,MELNARIYAPANUR,Tamil Nadu,TN,SB-TN,SB-TN-MLYR,IR,0,6
MLZ,MALARNA,Rajasthan,RJ,SB-RJ,SB-RJ-MLZ,WCR,0,13
MM,Mahim,Maharashtra,MH,SB-MH,SB-MH-MM,WR,0,0
MMA,MUHAMMADABAD,Uttar Pradesh,UP,SB-UP,SB-UP-MMA,IR,0,30
MMB,MAHMUDABAD AVADH,Uttar Pradesh,UP,SB-UP,SB-UP-MMB,IR,0,6
MMC,Moore Market Complex (Chennai Central Suburban),Tamil Nadu,TN,SB-TN,SB-TN-MMC,SR,0,6
MMCC,MOOR MARKET,Uttar Pradesh,UP,SB-UP,SB-UP-MMCC,NR,0,0
MMCT,MUMBAI CENTRAL,Maharashtra,MH,SB-MH,SB-MH-MMCT,WR,1,55
MMD,Maheshmunda,Jharkhand,JH,SB-JH,SB-JH-MMD,ER,0,14
MMDA,MUTHALAMADA,Kerala,KL,SB-KL,SB-KL-MMDA,IR,0,4
MMDL,MOHINI MANDAL(H,Bihar,BR,SB-BR,SB-BR-MMDL,IR,0,8
MMDP,Mohamadpur,Bihar,BR,SB-BR,SB-BR-MMDP,IR,0,4
MME,Mul Marora,Maharashtra,MH,SB-MH,SB-MH-MME,SECR,0,11
MMG,Madhyamgram,West Bengal,WB,SB-WB,SB-WB-MMG,ER,0,163
MMH,MAHADANAPURAM,Tamil Nadu,TN,SB-TN,SB-TN-MMH,SR,0,10
MMI,MARIYAMANAHALLI,Andhra Pradesh,AP,SB-AP,SB-AP-MMI,IR,0,8
MMK,Madurantakam,Tamil Nadu,TN,SB-TN,SB-TN-MMK,IR,0,14
MMKB,MEMRAKHABAD,Bihar,BR,SB-BR,SB-BR-MMKB,IR,0,5
MML,MADAN MAHAL,Madhya Pradesh,MP,SB-MP,SB-MP-MML,WCR,0,52
MMLN,MAHUAMILAN,Jharkhand,JH,SB-JH,SB-JH-MMLN,IR,0,8
MMM,MANDAPAM,Tamil Nadu,TN,SB-TN,SB-TN-MMM,SR,0,23
MMNK,MARAIMALAM NAGAR,Tamil Nadu,TN,SB-TN,SB-TN-MMNK,IR,0,171
MMP,MAMBALAPPATTU JN,Tamil Nadu,TN,SB-TN,SB-TN-MMP,SR,0,3
MMPL,MANTAPAMPALLE,Andhra Pradesh,AP,SB-AP,SB-AP-MMPL,IR,0,4
MMPR,MAMDAPUR,Uttar Pradesh,UP,SB-UP,SB-UP-MMPR,NR,0,0
MMR,Manmad Junction,Maharashtra,MH,SB-MH,SB-MH-MMR,IR,1,250
MMRB,MANMAD B CABIN,Uttar Pradesh,UP,SB-UP,SB-UP-MMRB,NR,0,0
MMS,Mandasa Road,Andhra Pradesh,AP,SB-AP,SB-AP-MMS,IR,0,14
MMU,MUGMA,Jharkhand,JH,SB-JH,SB-JH-MMU,IR,0,12
MMV,MAHALI MARUP,Jharkhand,JH,SB-JH,SB-JH-MMV,IR,0,20
MMVR,Murga Mahadev Road,Jharkhand,JH,SB-JH,SB-JH-MMVR,IR,0,2
MMY,Marwar Mathanya,Rajasthan,RJ,SB-RJ,SB-RJ-MMY,NWR,0,14
MMZ,MANDAMARI,Telangana,TS,SB-TS,SB-TS-MMZ,IR,0,8
MN,MINAMBAKKAM,Tamil Nadu,TN,SB-TN,SB-TN-MN,IR,0,381
MNAE,MANKAR,West Bengal,WB,SB-WB,SB-WB-MNAE,IR,0,38
MNC,MADANKATA,Jharkhand,JH,SB-JH,SB-JH-MNC,IR,0,12
MNCR,Monacherra,Assam,AS,SB-AS,SB-AS-MNCR,NFR,0,4
MND,MUNDERWA,Uttar Pradesh,UP,SB-UP,SB-UP-MND,IR,0,8
MNDA,MANDURA,Uttar Pradesh,UP,SB-UP,SB-UP-MNDA,NR,0,0
MNDH,MANDIR HASAUD,Chhattisgarh,CG,SB-CG,SB-CG-MNDH,IR,0,14
MNDK,MAGANOOR,Karnataka,KA,SB-KA,SB-KA-MNDK,IR,0,2
MNDP,MENDIPATHAR,Assam,AS,SB-AS,SB-AS-MNDP,IR,0,6
MNDR,MANDI DHANAURA,Uttar Pradesh,UP,SB-UP,SB-UP-MNDR,NR,0,12
MNDU,MANDU HALT,Jharkhand,JH,SB-JH,SB-JH-MNDU,IR,0,4
MNDV,MANDAWARIYA,Uttar Pradesh,UP,SB-UP,SB-UP-MNDV,NR,0,0
MNDY,Mandaveli,Tamil Nadu,TN,SB-TN,SB-TN-MNDY,SR,0,92
MNE,MANSI JN,Bihar,BR,SB-BR,SB-BR-MNE,IR,0,106
MNF,MANDA ROAD,Uttar Pradesh,UP,SB-UP,SB-UP-MNF,IR,0,12
MNGD,MUNIGUDA,Odisha,OD,SB-OD,SB-OD-MNGD,IR,0,54
MNGR,Mohan Nagar,Rajasthan,RJ,SB-RJ,SB-RJ-MNGR,IR,0,9
MNGT,MYSORE NEW GOOD,Karnataka,KA,SB-KA,SB-KA-MNGT,SWR,0,0
MNGV,Mota Miya Mangrol,Gujarat,GJ,SB-GJ,SB-GJ-MNGV,WR,0,0
MNH,MUNSHIRHAT PH,West Bengal,WB,SB-WB,SB-WB-MNH,IR,0,22
MNHA,Mindha,Rajasthan,RJ,SB-RJ,SB-RJ-MNHA,NWR,0,6
MNHL,MAJHAIRAN HIMACHAL,Himachal Pradesh,HP,SB-HP,SB-HP-MNHL,NR,0,11
MNI,Mangaon,Maharashtra,MH,SB-MH,SB-MH-MNI,KR,0,82
MNJ,MANOHARGANJ,Uttar Pradesh,UP,SB-UP,SB-UP-MNJ,IR,0,2
MNJR,Manjhlepur,Uttar Pradesh,UP,SB-UP,SB-UP-MNJR,NR,0,4
MNKB,Miyona ka Bara,Rajasthan,RJ,SB-RJ,SB-RJ-MNKB,NWR,0,0
MNKD,MANKHURD,Maharashtra,MH,SB-MH,SB-MH-MNKD,IR,0,2
MNKN,MANIKALAN HALT,Uttar Pradesh,UP,SB-UP,SB-UP-MNKN,NR,0,0
MNL,MINCHNAL,Karnataka,KA,SB-KA,SB-KA-MNL,SWR,0,8
MNLI,Manali Halt,Tamil Nadu,TN,SB-TN,SB-TN-MNLI,SR,0,8
MNM,Manamadurai Junction,Tamil Nadu,TN,SB-TN,SB-TN-MNM,SR,0,51
MNMA,MANDAN MISHRA,Bihar,BR,SB-BR,SB-BR-MNMA,IR,0,8
MNME,Manamadurai East,Tamil Nadu,TN,SB-TN,SB-TN-MNME,SR,0,0
MNMU,MANI MAU,Uttar Pradesh,UP,SB-UP,SB-UP-MNMU,IR,0,8
MNO,MEHNAR ROAD,Bihar,BR,SB-BR,SB-BR-MNO,ECR,0,20
MNP,MANANPUR,Bihar,BR,SB-BR,SB-BR-MNP,IR,0,31
MNPR,MINAPUR,Punjab,PB,SB-PB,SB-PB-MNPR,IR,0,11
MNPT,MUNGILIPATTU,Uttar Pradesh,UP,SB-UP,SB-UP-MNPT,NR,0,0
MNQ,MAINPURI,Uttar Pradesh,UP,SB-UP,SB-UP-MNQ,NCR,0,14
MNR,MAKKHANPUR,Uttar Pradesh,UP,SB-UP,SB-UP-MNR,IR,0,8
MNS,Manshahi,Bihar,BR,SB-BR,SB-BR-MNS,NFR,0,8
MNSR,MANAKSAR,Rajasthan,RJ,SB-RJ,SB-RJ-MNSR,NWR,0,6
MNTT,MULANTURUTTI,Kerala,KL,SB-KL,SB-KL-MNTT,IR,0,20
MNU,MUNDIKOTA,Maharashtra,MH,SB-MH,SB-MH-MNU,IR,0,6
MNUR,MANNANUR,Kerala,KL,SB-KL,SB-KL-MNUR,IR,0,8
MNV,MUNGAOLI,Madhya Pradesh,MP,SB-MP,SB-MP-MNV,IR,0,37
MNVL,MNVL,Uttar Pradesh,UP,SB-UP,SB-UP-MNVL,NR,0,0
MNWL,MANWAL,Jammu and Kashmir,JK,SB-JK,SB-JK-MNWL,NR,0,6
MNX,Manganallur,Uttar Pradesh,UP,SB-UP,SB-UP-MNX,NR,0,0
MNY,MANKARAI,Kerala,KL,SB-KL,SB-KL-MNY,IR,0,8
MNZ,MANANI,Uttar Pradesh,UP,SB-UP,SB-UP-MNZ,NR,0,9
MO,MOHOL,Maharashtra,MH,SB-MH,SB-MH-MO,IR,0,12
MOA,MANOPAD,Andhra Pradesh,AP,SB-AP,SB-AP-MOA,IR,0,5
MOAR,Manipur Bagan,Assam,AS,SB-AS,SB-AS-MOAR,NFR,0,4
MOB,MANOHARABAD,Andhra Pradesh,AP,SB-AP,SB-AP-MOB,SCR,0,20
MOBD,Moabund,Assam,AS,SB-AS,SB-AS-MOBD,NFR,0,4
MOD,MORAMPUDI,Uttar Pradesh,UP,SB-UP,SB-UP-MOD,NR,0,0
MOF,MONDH,Uttar Pradesh,UP,SB-UP,SB-UP-MOF,IR,0,10
MOG,MOHIUDDINNAGAR,Bihar,BR,SB-BR,SB-BR-MOG,ECR,0,20
MOGA,Moga,Punjab,PB,SB-PB,SB-PB-MOGA,NR,0,24
MOHR,MOHANA HARYANA,Haryana,HR,SB-HR,SB-HR-MOHR,IR,0,8
MOI,MORI BERA,Rajasthan,RJ,SB-RJ,SB-RJ-MOI,NWR,0,4
MOJ,MOHANA,Madhya Pradesh,MP,SB-MP,SB-MP-MOJ,WCR,0,8
MOL,MULI ROAD,Gujarat,GJ,SB-GJ,SB-GJ-MOL,WR,0,3
MOLK,MOLAKARAMPATTI,Uttar Pradesh,UP,SB-UP,SB-UP-MOLK,NR,0,0
MOM,Maman,Uttar Pradesh,UP,SB-UP,SB-UP-MOM,NR,0,0
MOMU,Molakalmuru,Karnataka,KA,SB-KA,SB-KA-MOMU,SWR,0,8
MON,Modran,Rajasthan,RJ,SB-RJ,SB-RJ-MON,NWR,0,34
MONJ,Monglajhora,Assam,AS,SB-AS,SB-AS-MONJ,NFR,0,4
MONR,MOHANUR,Tamil Nadu,TN,SB-TN,SB-TN-MONR,IR,0,8
MOO,MUDDANURU,Andhra Pradesh,AP,SB-AP,SB-AP-MOO,IR,0,10
MOP,MOHITNAGAR,West Bengal,WB,SB-WB,SB-WB-MOP,IR,0,6
MOPR,MOHANPURA,Rajasthan,RJ,SB-RJ,SB-RJ-MOPR,NR,0,5
MOR,MOR,Bihar,BR,SB-BR,SB-BR-MOR,IR,0,18
MORA,MORAIYA,Gujarat,GJ,SB-GJ,SB-GJ-MORA,WR,0,6
MOT,MALOUT,Punjab,PB,SB-PB,SB-PB-MOT,NR,0,24
MOTA,MOTA,Uttar Pradesh,UP,SB-UP,SB-UP-MOTA,NCR,0,4
MOTC,MOTICHUR,Uttarakhand,UK,SB-UK,SB-UK-MOTC,NR,0,20
MOTG,MOTIGANJ,Uttar Pradesh,UP,SB-UP,SB-UP-MOTG,IR,0,4
MOTH,MOTH,Uttar Pradesh,UP,SB-UP,SB-UP-MOTH,IR,0,12
MOU,Moula-Ali,Telangana,TS,SB-TS,SB-TS-MOU,IR,1,24
MOW,MANANWALA,Punjab,PB,SB-PB,SB-PB-MOW,IR,0,4
MOX,MORAN,Assam,AS,SB-AS,SB-AS-MOX,IR,0,2
MOY,MOHRI,Haryana,HR,SB-HR,SB-HR-MOY,IR,0,9
MOZ,MUZAFFARNAGAR,Uttar Pradesh,UP,SB-UP,SB-UP-MOZ,NR,0,65
MP,MELAPPALAIYAM,Tamil Nadu,TN,SB-TN,SB-TN-MP,SR,0,4
MPA,Manaparai,Tamil Nadu,TN,SB-TN,SB-TN-MPA,IR,0,18
MPC,Muttampatti,Tamil Nadu,TN,SB-TN,SB-TN-MPC,SWR,0,4
MPD,MADPUR,West Bengal,WB,SB-WB,SB-WB-MPD,IR,0,57
MPE,Malatipur,West Bengal,WB,SB-WB,SB-WB-MPE,ER,0,56
MPF,MUIRPUR ROAD,Uttar Pradesh,UP,SB-UP,SB-UP-MPF,IR,0,4
MPG,Manpur Nagaria,Uttar Pradesh,UP,SB-UP,SB-UP-MPG,NER,0,8
MPH,MUNDHA PANDE,Uttarakhand,UK,SB-UK,SB-UK-MPH,IR,0,2
MPI,MELPATTI,Tamil Nadu,TN,SB-TN,SB-TN-MPI,IR,0,8
MPJ,Madanpur,West Bengal,WB,SB-WB,SB-WB-MPJ,ER,0,118
MPK,Chennai Park,Tamil Nadu,TN,SB-TN,SB-TN-MPK,IR,0,389
MPKT,CHENNAI PARK TOWN,Tamil Nadu,TN,SB-TN,SB-TN-MPKT,SR,0,92
MPL,Madanapalle Rd,Andhra Pradesh,AP,SB-AP,SB-AP-MPL,SCR,0,24
MPLE,MAHIPAL,West Bengal,WB,SB-WB,SB-WB-MPLE,ER,0,7
MPLI,MINNAMPALLI,Tamil Nadu,TN,SB-TN,SB-TN-MPLI,IR,0,6
MPLM,MARTHIPALAYAM,Tamil Nadu,TN,SB-TN,SB-TN-MPLM,SR,0,5
MPLR,MAHIPAL ROAD,West Bengal,WB,SB-WB,SB-WB-MPLR,ER,0,16
MPLY,MEPPULIYUR,Uttar Pradesh,UP,SB-UP,SB-UP-MPLY,NR,0,0
MPML,Mohapani Mal,Madhya Pradesh,MP,SB-MP,SB-MP-MPML,SECR,0,4
MPN,Madhyampur,West Bengal,WB,SB-WB,SB-WB-MPN,ER,0,54
MPNH,MAJNUPUR NAWADA,Bihar,BR,SB-BR,SB-BR-MPNH,IR,0,6
MPO,MANPUR JN,Bihar,BR,SB-BR,SB-BR-MPO,IR,0,20
MPR,MAKARPURA,Gujarat,GJ,SB-GJ,SB-GJ-MPR,IR,0,8
MPRA,MAHAMMAD PUR,Assam,AS,SB-AS,SB-AS-MPRA,IR,0,4
MPRD,Mathurapur Road,West Bengal,WB,SB-WB,SB-WB-MPRD,ER,0,62
MPT,Mangalampeta,Andhra Pradesh,AP,SB-AP,SB-AP-MPT,SCR,0,2
MPU,MEDAPADU,Andhra Pradesh,AP,SB-AP,SB-AP-MPU,IR,0,7
MPUE,MAINPURI KACHRI,Uttar Pradesh,UP,SB-UP,SB-UP-MPUE,NCR,0,4
MPUR,New Madanpur,Jharkhand,JH,SB-JH,SB-JH-MPUR,?,0,12
MPY,MURARPUR,Bihar,BR,SB-BR,SB-BR-MPY,IR,0,17
MQ,Mannargudi,Tamil Nadu,TN,SB-TN,SB-TN-MQ,SR,0,12
MQA,Matoda,Gujarat,GJ,SB-GJ,SB-GJ-MQA,IR,0,6
MQC,MUNDKA,Delhi,DL,SB-DL,SB-DL-MQC,NR,0,16
MQE,MOHAMMADKHERA,Madhya Pradesh,MP,SB-MP,SB-MP-MQE,IR,0,2
MQG,MILANGARH,Uttar Pradesh,UP,SB-UP,SB-UP-MQG,IR,0,8
MQJ,MARADAM HALT,Uttar Pradesh,UP,SB-UP,SB-UP-MQJ,NR,0,0
MQL,MIRKHAL,Maharashtra,MH,SB-MH,SB-MH-MQL,SCR,0,16
MQN,MANYAMKONDA,Andhra Pradesh,AP,SB-AP,SB-AP-MQN,IR,0,9
MQO,Munroturuttu,Kerala,KL,SB-KL,SB-KL-MQO,IR,0,23
MQP,Makrandpur,Uttar Pradesh,UP,SB-UP,SB-UP-MQP,NER,0,9
MQQ,Markahandi U Halt,Madhya Pradesh,MP,SB-MP,SB-MP-MQQ,SECR,0,4
MQR,MALKHAID ROAD,Telangana,TS,SB-TS,SB-TS-MQR,IR,0,5
MQS,Malsian Shahkot,Punjab,PB,SB-PB,SB-PB-MQS,NR,0,12
MQU,MURUKKAMPUZHA,Kerala,KL,SB-KL,SB-KL-MQU,IR,0,10
MQW,Mallannagar,Uttar Pradesh,UP,SB-UP,SB-UP-MQW,NER,0,7
MQX,MERALGRAM,Jharkhand,JH,SB-JH,SB-JH-MQX,ECR,0,8
MQZ,MOTA JADRA,Gujarat,GJ,SB-GJ,SB-GJ-MQZ,WR,0,2
MR,MARTUR,Karnataka,KA,SB-KA,SB-KA-MR,IR,0,6
MRA,Morena,Madhya Pradesh,MP,SB-MP,SB-MP-MRA,IR,1,69
MRB,MUNIRABAD,Karnataka,KA,SB-KA,SB-KA-MRB,SWR,0,23
MRBD,MOINARBAND,Assam,AS,SB-AS,SB-AS-MRBD,IR,0,2
MRBL,MURIBAHAL,Chhattisgarh,CG,SB-CG,SB-CG-MRBL,IR,0,12
MRC,MARICHETHAL,Karnataka,KA,SB-KA,SB-KA-MRC,IR,0,2
MRD,Manund,Gujarat,GJ,SB-GJ,SB-GJ-MRD,WR,0,0
MRDA,Maroda,Maharashtra,MH,SB-MH,SB-MH-MRDA,IR,0,9
MRDD,Mordar,Madhya Pradesh,MP,SB-MP,SB-MP-MRDD,SCR,0,0
MRDG,Maradanga,Assam,AS,SB-AS,SB-AS-MRDG,IR,0,4
MRDL,MERAMANDOLIL,Odisha,OD,SB-OD,SB-OD-MRDL,IR,0,16
MRDP,MURADPUR(HALT),Uttar Pradesh,UP,SB-UP,SB-UP-MRDP,IR,0,4
MRDW,MURDESHWAR,Karnataka,KA,SB-KA,SB-KA-MRDW,KR,0,29
MRE,MANAURI,Uttar Pradesh,UP,SB-UP,SB-UP-MRE,IR,0,5
MRF,Marpalli,Andhra Pradesh,AP,SB-AP,SB-AP-MRF,SCR,0,4
MRG,Margherita,Assam,AS,SB-AS,SB-AS-MRG,NFR,0,6
MRGA,Miryalaguda,Telangana,TS,SB-TS,SB-TS-MRGA,IR,0,72
MRGM,MAURIGRAM,West Bengal,WB,SB-WB,SB-WB-MRGM,IR,0,122
MRHA,Murahara,Bihar,BR,SB-BR,SB-BR-MRHA,?,0,12
MRHT,MORANHAT,Assam,AS,SB-AS,SB-AS-MRHT,NFR,0,12
MRIJ,Murliganj,Bihar,BR,SB-BR,SB-BR-MRIJ,ECR,0,28
MRJ,Miraj Junction,Maharashtra,MH,SB-MH,SB-MH-MRJ,CR,0,100
MRJD,Marajdwa,Bihar,BR,SB-BR,SB-BR-MRJD,ECR,0,8
MRJN,MIRJAN,Karnataka,KA,SB-KA,SB-KA-MRJN,IR,0,4
MRK,Markapur Road,Andhra Pradesh,AP,SB-AP,SB-AP-MRK,IR,0,43
MRKL,MARIKAL,Karnataka,KA,SB-KA,SB-KA-MRKL,IR,0,2
MRL,Maroli,Gujarat,GJ,SB-GJ,SB-GJ-MRL,WR,0,28
MRLA,MARIYAL GANGAVA,Karnataka,KA,SB-KA,SB-KA-MRLA,IR,0,7
MRLI,Murli Halt,Jharkhand,JH,SB-JH,SB-JH-MRLI,ER,0,25
MRLM,MARUDALAM,Uttar Pradesh,UP,SB-UP,SB-UP-MRLM,NR,0,0
MRM,MAMANDURU,Andhra Pradesh,AP,SB-AP,SB-AP-MRM,IR,0,4
MRN,MORWANI,Madhya Pradesh,MP,SB-MP,SB-MP-MRN,IR,0,8
MRND,MORINDA,Punjab,PB,SB-PB,SB-PB-MRND,IR,0,27
MROA,Mora,Uttar Pradesh,UP,SB-UP,SB-UP-MROA,IR,0,10
MRPL,MARAMPALLI,Uttar Pradesh,UP,SB-UP,SB-UP-MRPL,NR,0,0
MRPM,MATHURAPUR MOR HALT,Uttar Pradesh,UP,SB-UP,SB-UP-MRPM,NR,0,0
MRPR,MAU RANIPUR,Uttar Pradesh,UP,SB-UP,SB-UP-MRPR,NCR,0,24
MRQ,MATARI,Jharkhand,JH,SB-JH,SB-JH-MRQ,IR,0,14
MRR,MURARAI,West Bengal,WB,SB-WB,SB-WB-MRR,IR,0,32
MRSH,Morshi,Maharashtra,MH,SB-MH,SB-MH-MRSH,IR,0,8
MRT,Mathura Cantonment,Uttar Pradesh,UP,SB-UP,SB-UP-MRT,IR,0,34
MRTA,MURAITHA,Bihar,BR,SB-BR,SB-BR-MRTA,IR,0,10
MRTD,MORTAD,Telangana,TS,SB-TS,SB-TS-MRTD,IR,0,4
MRTL,Mirthal,Punjab,PB,SB-PB,SB-PB-MRTL,NR,0,7
MRTY,MURTI,Maharashtra,MH,SB-MH,SB-MH-MRTY,SCR,0,0
MRU,Matunga Road,Maharashtra,MH,SB-MH,SB-MH-MRU,WR,0,0
MRV,MARSUL,Maharashtra,MH,SB-MH,SB-MH-MRV,SCR,0,4
MRWS,Marwar Ranawas,Rajasthan,RJ,SB-RJ,SB-RJ-MRWS,NWR,0,2
MRX,MURUD,Maharashtra,MH,SB-MH,SB-MH-MRX,CR,0,8
MRYA,MERIYANA,Gujarat,GJ,SB-GJ,SB-GJ-MRYA,IR,0,4
MRZA,Mirza,Assam,AS,SB-AS,SB-AS-MRZA,NFR,0,12
MS,Chennai Egmore,Tamil Nadu,TN,SB-TN,SB-TN-MS,SR,1,510
MSAE,MASAGRAM,West Bengal,WB,SB-WB,SB-WB-MSAE,IR,0,66
MSB,Chennai Beach,Tamil Nadu,TN,SB-TN,SB-TN-MSB,IR,0,550
MSBR,MUSAHIBPUR,Uttar Pradesh,UP,SB-UP,SB-UP-MSBR,NR,0,0
MSC,CHENNAI CHETPAT,Tamil Nadu,TN,SB-TN,SB-TN-MSC,IR,0,381
MSD,Masjid Bunder,Maharashtra,MH,SB-MH,SB-MH-MSD,CR,0,5
MSDG,MASOBA DONGARGAON,Maharashtra,MH,SB-MH,SB-MH-MSDG,IR,0,4
MSDH,MASNADIH,Bihar,BR,SB-BR,SB-BR-MSDH,ECR,0,10
MSDL,Mahisadal,West Bengal,WB,SB-WB,SB-WB-MSDL,SER,0,8
MSDN,MASUDAN,Bihar,BR,SB-BR,SB-BR-MSDN,IR,0,19
MSDR,MURSHADPUR,Uttarakhand,UK,SB-UK,SB-UK-MSDR,IR,0,4
MSF,Chennai Fort,Tamil Nadu,TN,SB-TN,SB-TN-MSF,IR,0,481
MSGR,MARSHAGHAI ROAD,Odisha,OD,SB-OD,SB-OD-MSGR,IR,0,2
MSH,MAHESANA JN,Gujarat,GJ,SB-GJ,SB-GJ-MSH,WR,1,175
MSHF,Mahesana,Uttar Pradesh,UP,SB-UP,SB-UP-MSHF,NR,0,0
MSHM,MAHESANA,Uttar Pradesh,UP,SB-UP,SB-UP-MSHM,NR,0,0
MSHW,MUSHARWA HALT,Bihar,BR,SB-BR,SB-BR-MSHW,IR,0,6
MSK,MAHES KHUNT,Bihar,BR,SB-BR,SB-BR-MSK,IR,0,23
MSKT,MSKT KATHUA,Jammu and Kashmir,JK,SB-JK,SB-JK-MSKT,IR,0,64
MSL,MACHCHALANDAPUR,West Bengal,WB,SB-WB,SB-WB-MSL,IR,0,83
MSMD,MAHASAMUND,Chhattisgarh,CG,SB-CG,SB-CG-MSMD,IR,0,34
MSMI,MISAMARI,Assam,AS,SB-AS,SB-AS-MSMI,IR,0,4
MSN,MURSAN,Uttar Pradesh,UP,SB-UP,SB-UP-MSN,IR,0,10
MSO,MISROD,Uttar Pradesh,UP,SB-UP,SB-UP-MSO,NR,0,0
MSOD,MASODHA,Uttar Pradesh,UP,SB-UP,SB-UP-MSOD,NR,0,2
MSP,MANSURPUR,Uttar Pradesh,UP,SB-UP,SB-UP-MSP,NR,0,9
MSQ,Marwar Ratanpur,Rajasthan,RJ,SB-RJ,SB-RJ-MSQ,NWR,0,4
MSR,MASUR,Maharashtra,MH,SB-MH,SB-MH-MSR,CR,0,15
MSRP,MURHESI RAMPUR,Uttar Pradesh,UP,SB-UP,SB-UP-MSRP,WCR,0,6
MSS,Masarahalli,Karnataka,KA,SB-KA,SB-KA-MSS,SWR,0,6
MSSD,Maheshari Sandhuan,Punjab,PB,SB-PB,SB-PB-MSSD,NR,0,10
MSSN,MAISHASHAN,Assam,AS,SB-AS,SB-AS-MSSN,IR,0,4
MST,MASIT,Uttar Pradesh,UP,SB-UP,SB-UP-MST,IR,0,4
MSTH,Misrikh Tirath,Uttar Pradesh,UP,SB-UP,SB-UP-MSTH,NR,0,4
MSU,MOSUR,Tamil Nadu,TN,SB-TN,SB-TN-MSU,IR,0,73
MSV,MUSTARA,Uttar Pradesh,UP,SB-UP,SB-UP-MSV,IR,0,4
MSW,MASKANWA,Uttar Pradesh,UP,SB-UP,SB-UP-MSW,IR,0,24
MSWA,Masaniwala,Rajasthan,RJ,SB-RJ,SB-RJ-MSWA,IR,0,7
MSZ,Mansa,Punjab,PB,SB-PB,SB-PB-MSZ,NR,0,18
MT,Matera,Uttar Pradesh,UP,SB-UP,SB-UP-MT,NER,0,4
MTA,MATHELA,Madhya Pradesh,MP,SB-MP,SB-MP-MTA,WCR,0,10
MTAP,Matania Anantpur,West Bengal,WB,SB-WB,SB-WB-MTAP,ER,0,54
MTB,MATLABPUR,Uttarakhand,UK,SB-UK,SB-UK-MTB,IR,0,4
MTBG,Matia Barghat Halt,Maharashtra,MH,SB-MH,SB-MH-MTBG,IR,0,8
MTBH,MAHATBANIA HALT,Bihar,BR,SB-BR,SB-BR-MTBH,IR,0,2
MTC,Meerut City,Uttar Pradesh,UP,SB-UP,SB-UP-MTC,NR,0,85
MTCN,Triplicane,Tamil Nadu,TN,SB-TN,SB-TN-MTCN,SR,0,92
MTD,Merta Road Junction,Rajasthan,RJ,SB-RJ,SB-RJ-MTD,IR,0,97
MTDB,MERTA ROAD BYPASS,Rajasthan,RJ,SB-RJ,SB-RJ-MTDB,IR,0,12
MTDI,MALTEKDI,Maharashtra,MH,SB-MH,SB-MH-MTDI,IR,0,4
MTDM,Mettur Dam,Tamil Nadu,TN,SB-TN,SB-TN-MTDM,IR,0,2
MTE,Mettur,Tamil Nadu,TN,SB-TN,SB-TN-MTE,IR,0,8
MTFA,MERTALA PHALEYA,West Bengal,WB,SB-WB,SB-WB-MTFA,ER,0,33
MTGE,MUTHANI,Bihar,BR,SB-BR,SB-BR-MTGE,IR,0,8
MTH,MATAUNDH,Uttar Pradesh,UP,SB-UP,SB-UP-MTH,NCR,0,8
MTHP,MITHAPUR,Gujarat,GJ,SB-GJ,SB-GJ-MTHP,WR,0,8
MTI,MITAWAL,Uttar Pradesh,UP,SB-UP,SB-UP-MTI,IR,0,8
MTIP,MATHNASHIPUR,West Bengal,WB,SB-WB,SB-WB-MTIP,IR,0,11
MTJ,Mathura Junction,Uttar Pradesh,UP,SB-UP,SB-UP-MTJ,IR,1,277
MTJL,Motijheel,Madhya Pradesh,MP,SB-MP,SB-MP-MTJL,NCR,0,0
MTJR,Moterjhar,Assam,AS,SB-AS,SB-AS-MTJR,NFR,0,4
MTKR,MATOKHAR,Bihar,BR,SB-BR,SB-BR-MTKR,IR,0,2
MTL,MAILAM,Tamil Nadu,TN,SB-TN,SB-TN-MTL,IR,0,8
MTLP,MITHILA DEEP,Bihar,BR,SB-BR,SB-BR-MTLP,IR,0,8
MTM,Machelipatnam,Andhra Pradesh,AP,SB-AP,SB-AP-MTM,SCR,0,29
MTMI,MOTIMARI,Andhra Pradesh,AP,SB-AP,SB-AP-MTMI,SCR,0,4
MTMY,Thirumayilai,Tamil Nadu,TN,SB-TN,SB-TN-MTMY,SR,0,92
MTN,MUMBAI MATUNGA,Maharashtra,MH,SB-MH,SB-MH-MTN,IR,0,3
MTND,Mattagajpur,Odisha,OD,SB-OD,SB-OD-MTND,ECOR,0,4
MTNL,MUTTARASANALLUR,Tamil Nadu,TN,SB-TN,SB-TN-MTNL,SR,0,9
MTO,MAITHA,Uttar Pradesh,UP,SB-UP,SB-UP-MTO,IR,0,8
MTP,Metupalaiyam,Tamil Nadu,TN,SB-TN,SB-TN-MTP,SR,0,20
MTPC,MOTIPURA CHAUKI,Rajasthan,RJ,SB-RJ,SB-RJ-MTPC,WCR,0,6
MTPI,METAPALLI,Telangana,TS,SB-TS,SB-TS-MTPI,IR,0,4
MTPR,Raimehatpur,Himachal Pradesh,HP,SB-HP,SB-HP-MTPR,NR,0,6
MTR,MOTIPUR,Bihar,BR,SB-BR,SB-BR-MTR,ECR,0,27
MTRA,Matigara,Uttar Pradesh,UP,SB-UP,SB-UP-MTRA,NR,0,0
MTSI,MOTISADHLI,Gujarat,GJ,SB-GJ,SB-GJ-MTSI,IR,0,9
MTSK,MOTA SURKA,Uttar Pradesh,UP,SB-UP,SB-UP-MTSK,NR,0,0
MTT,Mutupet,Tamil Nadu,TN,SB-TN,SB-TN-MTT,SR,0,10
MTU,MATMARI,Karnataka,KA,SB-KA,SB-KA-MTU,SCR,1,6
MTUJ,MTUJ,Uttar Pradesh,UP,SB-UP,SB-UP-MTUJ,NR,0,0
MTUR,MATHUR,Tamil Nadu,TN,SB-TN,SB-TN-MTUR,IR,0,6
MTV,Matalkunta,Andhra Pradesh,AP,SB-AP,SB-AP-MTV,SCR,0,2
MTWN,Mitewani,Maharashtra,MH,SB-MH,SB-MH-MTWN,IR,0,10
MTY,MULTAI,Madhya Pradesh,MP,SB-MP,SB-MP-MTY,IR,0,26
MU,MAKANSAR,Gujarat,GJ,SB-GJ,SB-GJ-MU,IR,0,12
MUA,MUSRA,Chhattisgarh,CG,SB-CG,SB-CG-MUA,IR,0,14
MUBR,MANU BAZAR,Tripura,TR,SB-TR,SB-TR-MUBR,IR,0,8
MUC,MULLURKARA,Kerala,KL,SB-KL,SB-KL-MUC,IR,0,7
MUD,Muradnagar,Uttar Pradesh,UP,SB-UP,SB-UP-MUD,NR,0,16
MUDI,Mududi,Uttar Pradesh,UP,SB-UP,SB-UP-MUDI,NR,0,0
MUE,MUDKHED,Maharashtra,MH,SB-MH,SB-MH-MUE,SCR,0,67
MUG,MAGRA,West Bengal,WB,SB-WB,SB-WB-MUG,IR,0,71
MUGA,MAHUGARHA,Madhya Pradesh,MP,SB-MP,SB-MP-MUGA,IR,0,10
MUGN,MAHUTGAON,Assam,AS,SB-AS,SB-AS-MUGN,NFR,0,4
MUGR,Manuguru,Telangana,TS,SB-TS,SB-TS-MUGR,SCR,0,2
MUH,Murthiha,Uttar Pradesh,UP,SB-UP,SB-UP-MUH,NER,0,4
MUHI,Murhari Halt,Bihar,BR,SB-BR,SB-BR-MUHI,IR,0,6
MUK,MUNUMAKA,Andhra Pradesh,AP,SB-AP,SB-AP-MUK,IR,0,2
MUKE,MUKKALI,Kerala,KL,SB-KL,SB-KL-MUKE,SR,0,4
MULK,MULKI,Karnataka,KA,SB-KA,SB-KA-MULK,KR,0,22
MUM,MANGAPATNAM,Andhra Pradesh,AP,SB-AP,SB-AP-MUM,IR,0,2
MUO,MASANGAON,Madhya Pradesh,MP,SB-MP,SB-MP-MUO,WCR,0,0
MUP,MURHIPAR,Chhattisgarh,CG,SB-CG,SB-CG-MUP,IR,0,15
MUPA,Mupa,Assam,AS,SB-AS,SB-AS-MUPA,NFR,0,2
MUQ,MARUDUR,Tamil Nadu,TN,SB-TN,SB-TN-MUQ,SR,0,5
MUR,Mankapur Junction,Uttar Pradesh,UP,SB-UP,SB-UP-MUR,IR,0,103
MURD,MANDAWAR MAHUA RD,Rajasthan,RJ,SB-RJ,SB-RJ-MURD,IR,0,22
MURI,Muri,Jharkhand,JH,SB-JH,SB-JH-MURI,IR,0,122
MUT,Meerut Cantonment,Uttar Pradesh,UP,SB-UP,SB-UP-MUT,NR,0,28
MUU,MANKUNDU,West Bengal,WB,SB-WB,SB-WB-MUU,IR,0,142
MUUA,MAHUAWA KHURD,Uttar Pradesh,UP,SB-UP,SB-UP-MUUA,NER,0,11
MUV,MANDUADIH,Uttar Pradesh,UP,SB-UP,SB-UP-MUV,NER,0,0
MUW,MATHURAPUR,Jharkhand,JH,SB-JH,SB-JH-MUW,IR,0,16
MUY,MUGAIYUR,Uttar Pradesh,UP,SB-UP,SB-UP-MUY,NR,0,0
MUZ,Mohiuddinpur,Uttar Pradesh,UP,SB-UP,SB-UP-MUZ,NR,0,10
MV,Mayiladuturai Junction,Tamil Nadu,TN,SB-TN,SB-TN-MV,SR,0,107
MVA,Malaka Vemala,Andhra Pradesh,AP,SB-AP,SB-AP-MVA,IR,0,2
MVC,Mavinkere,Karnataka,KA,SB-KA,SB-KA-MVC,SWR,0,8
MVD,MULVAD,Karnataka,KA,SB-KA,SB-KA-MVD,SWR,0,8
MVE,MUNDHEWADI,Maharashtra,MH,SB-MH,SB-MH-MVE,IR,0,4
MVF,MANABAR,Odisha,OD,SB-OD,SB-OD-MVF,ECOR,0,2
MVG,MALIGURA,Odisha,OD,SB-OD,SB-OD-MVG,ECOR,0,2
MVH,MANTATTI,Karnataka,KA,SB-KA,SB-KA-MVH,IR,0,4
MVI,MORBI,Gujarat,GJ,SB-GJ,SB-GJ-MVI,WR,0,16
MVJ,MAVLI JN,Rajasthan,RJ,SB-RJ,SB-RJ-MVJ,NWR,0,60
MVKR,Mahawan Khor Halt,Uttar Pradesh,UP,SB-UP,SB-UP-MVKR,IR,0,10
MVL,MALAVLI,Maharashtra,MH,SB-MH,SB-MH-MVL,IR,0,32
MVLK,Mavelikara,Kerala,KL,SB-KL,SB-KL-MVLK,IR,0,92
MVN,MILAVITTAN,Tamil Nadu,TN,SB-TN,SB-TN-MVN,SR,0,6
MVO,MANWATH ROAD,Maharashtra,MH,SB-MH,SB-MH-MVO,SCR,0,25
MVP,MOKHASA KALVPDI,Andhra Pradesh,AP,SB-AP,SB-AP-MVP,SCR,0,5
MVPM,MAVELIPALAIYAM,Tamil Nadu,TN,SB-TN,SB-TN-MVPM,IR,0,8
MVRD,MAIVADI ROAD,Tamil Nadu,TN,SB-TN,SB-TN-MVRD,IR,0,2
MVRM,MALLAVARAM,Uttar Pradesh,UP,SB-UP,SB-UP-MVRM,NR,0,0
MVS,MANAVASI,Tamil Nadu,TN,SB-TN,SB-TN-MVS,SR,0,0
MVV,MAHESHI,Bihar,BR,SB-BR,SB-BR-MVV,IR,0,18
MVW,Mallividu,Andhra Pradesh,AP,SB-AP,SB-AP-MVW,ECOR,0,2
MVY,MALAVI,Andhra Pradesh,AP,SB-AP,SB-AP-MVY,IR,0,4
MW,Mairwa,Bihar,BR,SB-BR,SB-BR-MW,IR,0,30
MWA,MANDWA,Madhya Pradesh,MP,SB-MP,SB-MP-MWA,CR,0,0
MWAD,Mowad,Maharashtra,MH,SB-MH,SB-MH-MWAD,IR,0,4
MWAI,MAWAI,Madhya Pradesh,MP,SB-MP,SB-MP-MWAI,IR,0,4
MWC,MANDAWALI CHANDER VIHAR,Delhi,DL,SB-DL,SB-DL-MWC,IR,0,24
MWD,MHASAVAD,Maharashtra,MH,SB-MH,SB-MH-MWD,IR,0,4
MWE,MEWA NAWADA,Uttarakhand,UK,SB-UK,SB-UK-MWE,IR,0,4
MWF,MAGARDAHA,Uttar Pradesh,UP,SB-UP,SB-UP-MWF,ECR,0,0
MWG,Mindala,Maharashtra,MH,SB-MH,SB-MH-MWG,IR,0,9
MWH,MALWAN,Uttar Pradesh,UP,SB-UP,SB-UP-MWH,IR,0,4
MWJ,MARWASGRAM,Madhya Pradesh,MP,SB-MP,SB-MP-MWJ,WCR,0,14
MWK,Mordad Tanda,Maharashtra,MH,SB-MH,SB-MH-MWK,CR,0,8
MWM,MALLESWARAM,Karnataka,KA,SB-KA,SB-KA-MWM,SWR,0,21
MWP,MAHRANI PACHHIM,Uttar Pradesh,UP,SB-UP,SB-UP-MWP,IR,0,2
MWQ,MOTARI HALT,Odisha,OD,SB-OD,SB-OD-MWQ,IR,0,16
MWR,Mahansar,Rajasthan,RJ,SB-RJ,SB-RJ-MWR,NWR,0,6
MWRN,Madwarani,Chhattisgarh,CG,SB-CG,SB-CG-MWRN,SECR,0,12
MWT,Marwar Lohwat,Rajasthan,RJ,SB-RJ,SB-RJ-MWT,NWR,0,18
MWUE,MAHRAWAL,Rajasthan,RJ,SB-RJ,SB-RJ-MWUE,IR,0,14
MWW,MAHWA,Rajasthan,RJ,SB-RJ,SB-RJ-MWW,NWR,0,6
MWX,MALLANWALA KHAS,Punjab,PB,SB-PB,SB-PB-MWX,NR,0,22
MWY,MAILARAM,Uttar Pradesh,UP,SB-UP,SB-UP-MWY,NR,0,0
MWZ,MAHISHADAHARI,West Bengal,WB,SB-WB,SB-WB-MWZ,IR,0,8
MX,Mahalaxmi,Maharashtra,MH,SB-MH,SB-MH-MX,WR,0,0
MXA,MARAUDA,Chhattisgarh,CG,SB-CG,SB-CG-MXA,SECR,0,10
MXH,MAKHU,Punjab,PB,SB-PB,SB-PB-MXH,NR,0,26
MXJ,MANGURJAN,West Bengal,WB,SB-WB,SB-WB-MXJ,IR,0,2
MXK,MANDRAK,Uttar Pradesh,UP,SB-UP,SB-UP-MXK,IR,0,10
MXL,MOKHOLI,Rajasthan,RJ,SB-RJ,SB-RJ-MXL,WCR,0,8
MXM,MINATCHIPURAM,Kerala,KL,SB-KL,SB-KL-MXM,IR,0,4
MXN,Mariani Junction,Assam,AS,SB-AS,SB-AS-MXN,NFR,0,42
MXO,MORTHALA,Rajasthan,RJ,SB-RJ,SB-RJ-MXO,NWR,0,2
MXP,Malupota,Punjab,PB,SB-PB,SB-PB-MXP,NR,0,6
MXR,Mahur,Assam,AS,SB-AS,SB-AS-MXR,NFR,0,6
MXS,MOHASA,Madhya Pradesh,MP,SB-MP,SB-MP-MXS,IR,0,2
MXT,MALAKPET KACHEGUDA,Telangana,TS,SB-TS,SB-TS-MXT,IR,0,59
MXW,MAHADEV SAL,Uttar Pradesh,UP,SB-UP,SB-UP-MXW,NR,0,0
MXY,MAHUARIYA,Uttar Pradesh,UP,SB-UP,SB-UP-MXY,ECR,0,4
MXZ,Mohdara Halt,Uttar Pradesh,UP,SB-UP,SB-UP-MXZ,NR,0,0
MY,MALLIYAM,Tamil Nadu,TN,SB-TN,SB-TN-MY,SR,0,0
MYA,MANDYA,Karnataka,KA,SB-KA,SB-KA-MYA,SWR,0,68
MYD,Manderdisa,Assam,AS,SB-AS,SB-AS-MYD,NFR,0,10
MYE,Mandhali,Punjab,PB,SB-PB,SB-PB-MYE,NR,0,0
MYG,MIYAGAM KARJAN,Gujarat,GJ,SB-GJ,SB-GJ-MYG,IR,0,29
MYGD,MAYNAGURI ROAD,West Bengal,WB,SB-WB,SB-WB-MYGD,IR,0,4
MYGL,MIYAGAM KARJAN JUNCTION NG,Uttar Pradesh,UP,SB-UP,SB-UP-MYGL,NR,0,0
MYHT,Mayurhat,West Bengal,WB,SB-WB,SB-WB-MYHT,ER,0,46
MYJ,MAHEJI,Maharashtra,MH,SB-MH,SB-MH-MYJ,IR,0,4
MYK,MAYAKONDA,Karnataka,KA,SB-KA,SB-KA-MYK,SWR,0,8
MYKR,MATYAKHERI HALT,Uttar Pradesh,UP,SB-UP,SB-UP-MYKR,NR,0,0
MYL,MALLIYALA,Andhra Pradesh,AP,SB-AP,SB-AP-MYL,SCR,0,8
MYM,MEMARI,West Bengal,WB,SB-WB,SB-WB-MYM,IR,0,66
MYO,MORIDHAL,Assam,AS,SB-AS,SB-AS-MYO,IR,0,2
MYP,MUNDILYAMPAKKAM,Tamil Nadu,TN,SB-TN,SB-TN-MYP,IR,0,3
MYPR,MAYNAPUR,West Bengal,WB,SB-WB,SB-WB-MYPR,IR,0,2
MYR,MAIHAR,Madhya Pradesh,MP,SB-MP,SB-MP-MYR,WCR,1,105
MYS,Mysore,Karnataka,KA,SB-KA,SB-KA-MYS,SWR,0,104
MYU,Mayanoor,Tamil Nadu,TN,SB-TN,SB-TN-MYU,SR,0,9
MYX,METYAL SOHAR,West Bengal,WB,SB-WB,SB-WB-MYX,SER,0,20
MYY,MAYYANAD,Kerala,KL,SB-KL,SB-KL-MYY,IR,0,16
MZA,MEZENGA S,Assam,AS,SB-AS,SB-AS-MZA,NFR,0,4
MZB,Mahuli Halt,Uttar Pradesh,UP,SB-UP,SB-UP-MZB,NR,0,0
MZC,MIRZA CHEUKI,Bihar,BR,SB-BR,SB-BR-MZC,IR,0,24
MZGI,MANZURGARHI,Uttar Pradesh,UP,SB-UP,SB-UP-MZGI,NCR,0,8
MZH,MAUHARI,Madhya Pradesh,MP,SB-MP,SB-MP-MZH,SECR,0,10
MZHL,MAJHAOLI,Madhya Pradesh,MP,SB-MP,SB-MP-MZHL,WCR,0,2
MZL,MIRZAPALI,Andhra Pradesh,AP,SB-AP,SB-AP-MZL,SCR,0,26
MZM,MUZZAMPUR NARAIN,Uttar Pradesh,UP,SB-UP,SB-UP-MZM,IR,0,19
MZMA,MAZHOM,Jammu and Kashmir,JK,SB-JK,SB-JK-MZMA,IR,0,17
MZN,MAHMUDPUR SARAIYAN,Uttar Pradesh,UP,SB-UP,SB-UP-MZN,NR,0,0
MZP,MIRZAPUR,Uttar Pradesh,UP,SB-UP,SB-UP-MZP,NCR,1,125
MZQ,Majgaon,Assam,AS,SB-AS,SB-AS-MZQ,NFR,0,4
MZR,Murtajapur,Maharashtra,MH,SB-MH,SB-MH-MZR,IR,1,38
MZRT,Murtajapur Town,Maharashtra,MH,SB-MH,SB-MH-MZRT,CR,0,0
MZU,Marandahalli,Tamil Nadu,TN,SB-TN,SB-TN-MZU,SWR,0,6
MZV,MARALAHALLI,Uttar Pradesh,UP,SB-UP,SB-UP-MZV,NR,0,0
MZW,MANJHWE,Bihar,BR,SB-BR,SB-BR-MZW,ECR,0,14
MZX,MATATILA,Madhya Pradesh,MP,SB-MP,SB-MP-MZX,IR,0,4
MZY,MACHAPUR,Odisha,OD,SB-OD,SB-OD-MZY,IR,0,4
MZZ,MANJURI ROAD,Odisha,OD,SB-OD,SB-OD-MZZ,IR,0,14
NAB,Nagbhir Junction,Maharashtra,MH,SB-MH,SB-MH-NAB,SECR,0,15
NABN,Nagbhir Jn (Ng),Uttar Pradesh,UP,SB-UP,SB-UP-NABN,NR,0,0
NAC,NAWA CITY,Rajasthan,RJ,SB-RJ,SB-RJ-NAC,IR,0,32
NACC,NEW ALIPUR (CALCUTTA),West Bengal,WB,SB-WB,SB-WB-NACC,IR,0,68
NAD,Nagda Junction,Madhya Pradesh,MP,SB-MP,SB-MP-NAD,IR,1,167
NADA,Nada,Gujarat,GJ,SB-GJ,SB-GJ-NADA,WR,0,0
NAG,NAGARGALI,Karnataka,KA,SB-KA,SB-KA-NAG,SWR,0,0
NAGC,NAGARGALI,Uttar Pradesh,UP,SB-UP,SB-UP-NAGC,NR,0,0
NAHT,NEW ASHTI,Maharashtra,MH,SB-MH,SB-MH-NAHT,IR,0,2
NAI,Nangi,West Bengal,WB,SB-WB,SB-WB-NAI,ER,0,54
NAK,Naksalbari,West Bengal,WB,SB-WB,SB-WB-NAK,IR,0,18
NAKD,NAIK DIH,Uttar Pradesh,UP,SB-UP,SB-UP-NAKD,IR,0,8
NAL,Nal Halt,Rajasthan,RJ,SB-RJ,SB-RJ-NAL,?,0,2
NALR,NALPUR,West Bengal,WB,SB-WB,SB-WB-NALR,IR,0,124
NAM,NAMRUP,Assam,AS,SB-AS,SB-AS-NAM,NFR,0,12
NAN,NANDGAON ROAD,Maharashtra,MH,SB-MH,SB-MH-NAN,KR,0,24
NANA,NANA,Rajasthan,RJ,SB-RJ,SB-RJ-NANA,NWR,0,6
NAND,NANDIKUR,Karnataka,KA,SB-KA,SB-KA-NAND,IR,0,2
NANR,Naranpur,Odisha,OD,SB-OD,SB-OD-NANR,ECOR,0,6
NARA,NARA HALT,Haryana,HR,SB-HR,SB-HR-NARA,IR,0,6
NARD,Naika Road,Bihar,BR,SB-BR,SB-BR-NARD,IR,0,6
NAS,Nasrala,Punjab,PB,SB-PB,SB-PB-NAS,NR,0,12
NASP,NARASINGAPALLI,Andhra Pradesh,AP,SB-AP,SB-AP-NASP,IR,0,6
NAT,NATHNAGAR,Bihar,BR,SB-BR,SB-BR-NAT,IR,0,23
NAU,NADAPURAM ROAD,Kerala,KL,SB-KL,SB-KL-NAU,SR,0,4
NAVI,Navi Amravati,Maharashtra,MH,SB-MH,SB-MH-NAVI,IR,0,10
NAW,NAWANDGI,Karnataka,KA,SB-KA,SB-KA-NAW,IR,0,8
NAWN,NAWAN,Rajasthan,RJ,SB-RJ,SB-RJ-NAWN,NWR,0,4
NAZJ,NAZIRGANJ,Bihar,BR,SB-BR,SB-BR-NAZJ,IR,0,17
NB,NIMBHORA,Maharashtra,MH,SB-MH,SB-MH-NB,CR,0,4
NBA,Nabha,Punjab,PB,SB-PB,SB-PB-NBA,NR,0,18
NBAE,NABAGRAM,West Bengal,WB,SB-WB,SB-WB-NBAE,IR,0,54
NBD,NAJIBABAD JN,Uttar Pradesh,UP,SB-UP,SB-UP-NBD,IR,0,75
NBE,New Barrackpore,West Bengal,WB,SB-WB,SB-WB-NBE,ER,0,143
NBG,NABENAGAR ROAD,Bihar,BR,SB-BR,SB-BR-NBG,IR,0,22
NBGH,Nowbagh,Maharashtra,MH,SB-MH,SB-MH-NBGH,CR,0,0
NBH,NIMBAHERA,Rajasthan,RJ,SB-RJ,SB-RJ-NBH,WR,0,30
NBI,NADBAI,Rajasthan,RJ,SB-RJ,SB-RJ-NBI,IR,0,20
NBJU,NEW BARAUNI JN,Bihar,BR,SB-BR,SB-BR-NBJU,IR,0,34
NBK,NUNGAMBAKKAM,Tamil Nadu,TN,SB-TN,SB-TN-NBK,IR,0,381
NBKH,NABA GRAM KANKU,West Bengal,WB,SB-WB,SB-WB-NBKH,ER,0,26
NBL,NIMBAL,Karnataka,KA,SB-KA,SB-KA-NBL,SWR,0,12
NBM,NAVABPALEM,Uttar Pradesh,UP,SB-UP,SB-UP-NBM,NR,0,0
NBP,NIBHAPUR,Haryana,HR,SB-HR,SB-HR-NBP,IR,0,4
NBPH,New Balarampur Halt,West Bengal,WB,SB-WB,SB-WB-NBPH,ER,0,17
NBQ,New Bongaigaon Junction,Assam,AS,SB-AS,SB-AS-NBQ,NFR,1,164
NBQY,NEW BONGAIGAON YARD,Uttar Pradesh,UP,SB-UP,SB-UP-NBQY,NR,0,0
NBR,NAMBURU,Andhra Pradesh,AP,SB-AP,SB-AP-NBR,IR,0,16
NBRN,NABA RAYNAGAR HALT,West Bengal,WB,SB-WB,SB-WB-NBRN,IR,0,35
NBS,NEW BANESWAR,West Bengal,WB,SB-WB,SB-WB-NBS,IR,0,2
NBT,NAYABAGIRTHIPUR,Odisha,OD,SB-OD,SB-OD-NBT,IR,0,6
NBU,NARASAMBUDHI,Karnataka,KA,SB-KA,SB-KA-NBU,SWR,0,10
NBUE,NIBKARORI,Uttar Pradesh,UP,SB-UP,SB-UP-NBUE,NCR,0,6
NBX,NIZBARGANJ,Assam,AS,SB-AS,SB-AS-NBX,IR,0,8
NCA,NIZCHATIA,Assam,AS,SB-AS,SB-AS-NCA,IR,0,6
NCB,New Cooch Behar,West Bengal,WB,SB-WB,SB-WB-NCB,IR,1,141
NCBD,NEW CHANGRABANDHA,West Bengal,WB,SB-WB,SB-WB-NCBD,IR,0,6
NCE,Nalacheruvu East,Andhra Pradesh,AP,SB-AP,SB-AP-NCE,IR,0,2
NCH,NAKACHARI,Assam,AS,SB-AS,SB-AS-NCH,NFR,0,8
NCHS,NATURE CURE HOSPITAL,Telangana,TS,SB-TS,SB-TS-NCHS,IR,0,59
NCJ,Nagercoil Junction,Tamil Nadu,TN,SB-TN,SB-TN-NCJ,SR,0,74
NCN,Nachinda Ph,West Bengal,WB,SB-WB,SB-WB-NCN,IR,0,10
NCP,Nishchindapur,West Bengal,WB,SB-WB,SB-WB-NCP,ER,0,30
NCPM,Nishchindapur Market Halt,West Bengal,WB,SB-WB,SB-WB-NCPM,ER,0,30
NCR,Nagore,Tamil Nadu,TN,SB-TN,SB-TN-NCR,SR,0,26
NCRM,NACHARAM,Andhra Pradesh,AP,SB-AP,SB-AP-NCRM,IR,0,4
NCTP,,Tripura,TR,SB-TR,SB-TR-NCTP,IR,0,2
NCU,Nallacheruvu,Andhra Pradesh,AP,SB-AP,SB-AP-NCU,SCR,0,4
ND,Nadiad Junction,Gujarat,GJ,SB-GJ,SB-GJ-ND,IR,1,204
NDAE,NABADWIP DHAM,West Bengal,WB,SB-WB,SB-WB-NDAE,ER,1,81
NDAM,NADIGAM HALT,Jammu and Kashmir,JK,SB-JK,SB-JK-NDAM,IR,0,4
NDAZ,Naya Azadpur,Delhi,DL,SB-DL,SB-DL-NDAZ,IR,0,0
NDB,Nandurbar,Maharashtra,MH,SB-MH,SB-MH-NDB,IR,0,110
NDBT,NANDPUR BHATAULI,Himachal Pradesh,HP,SB-HP,SB-HP-NDBT,NR,0,10
NDD,Nidadavolu Junction,Andhra Pradesh,AP,SB-AP,SB-AP-NDD,IR,1,83
NDE,NANDRE,Maharashtra,MH,SB-MH,SB-MH-NDE,CR,0,2
NDGJ,NANDAHGANJA,West Bengal,WB,SB-WB,SB-WB-NDGJ,IR,0,90
NDH,Nindhar Benar,Rajasthan,RJ,SB-RJ,SB-RJ-NDH,NWR,0,12
NDIM,NANDAIGRAM HALT,West Bengal,WB,SB-WB,SB-WB-NDIM,IR,0,23
NDJ,NANDGANJ,Uttar Pradesh,UP,SB-UP,SB-UP-NDJ,NER,0,16
NDK,NANKHAS,Uttar Pradesh,UP,SB-UP,SB-UP-NDK,IR,0,4
NDKD,NADIKODE,Andhra Pradesh,AP,SB-AP,SB-AP-NDKD,IR,0,48
NDKR,Nandakumar P.H.,West Bengal,WB,SB-WB,SB-WB-NDKR,?,0,12
NDL,Nandyal,Andhra Pradesh,AP,SB-AP,SB-AP-NDL,IR,0,45
NDLH,Nandlalee Halt,Bihar,BR,SB-BR,SB-BR-NDLH,?,0,12
NDLS,New Delhi,Delhi,DL,SB-DL,SB-DL-NDLS,NR,1,343
NDM,NIDAMANURU,Andhra Pradesh,AP,SB-AP,SB-AP-NDM,SCR,0,16
NDMH,NEREDMET HALT,Telangana,TS,SB-TS,SB-TS-NDMH,SCR,0,4
NDN,NARDANA,Maharashtra,MH,SB-MH,SB-MH-NDN,IR,0,15
NDNI,Nidhani,Madhya Pradesh,MP,SB-MP,SB-MP-NDNI,SECR,0,10
NDNR,NEW DHANORA,Maharashtra,MH,SB-MH,SB-MH-NDNR,IR,0,2
NDO,Nidubrolu,Andhra Pradesh,AP,SB-AP,SB-AP-NDO,IR,0,34
NDON,NADAON HALT,Bihar,BR,SB-BR,SB-BR-NDON,IR,0,6
NDPL,NDPL,Uttar Pradesh,UP,SB-UP,SB-UP-NDPL,NR,0,0
NDPM,NARMADAPURAM,Madhya Pradesh,MP,SB-MP,SB-MP-NDPM,WCR,1,71
NDPR,NANDAPUR,Maharashtra,MH,SB-MH,SB-MH-NDPR,SCR,0,4
NDPU,NUDURUPADU,Andhra Pradesh,AP,SB-AP,SB-AP-NDPU,IR,0,4
NDR,NANDESARI,Gujarat,GJ,SB-GJ,SB-GJ-NDR,IR,0,12
NDRT,Nangal Degrota,Haryana,HR,SB-HR,SB-HR-NDRT,IR,0,12
NDT,Nathdwara,Rajasthan,RJ,SB-RJ,SB-RJ-NDT,NWR,0,2
NDU,Nadauj,Bihar,BR,SB-BR,SB-BR-NDU,ECR,0,27
NDV,NIDVANDA,Karnataka,KA,SB-KA,SB-KA-NDV,SWR,0,21
NDW,Nadwan,Bihar,BR,SB-BR,SB-BR-NDW,ECR,0,27
NDY,Nandi Halt,Karnataka,KA,SB-KA,SB-KA-NDY,SWR,0,12
NDZ,NIDIGALLU,Andhra Pradesh,AP,SB-AP,SB-AP-NDZ,IR,0,2
NEA,NEYKKARAPATTI,Uttar Pradesh,UP,SB-UP,SB-UP-NEA,NR,0,0
NEC,Nemilichery,Tamil Nadu,TN,SB-TN,SB-TN-NEC,SR,0,145
NED,Nanded,Maharashtra,MH,SB-MH,SB-MH-NED,SCR,0,130
NEHL,Nethranahalli H,Uttar Pradesh,UP,SB-UP,SB-UP-NEHL,NR,0,0
NEI,NEOLI,Maharashtra,MH,SB-MH,SB-MH-NEI,CR,0,0
NEM,NEMEM,Kerala,KL,SB-KL,SB-KL-NEM,SR,0,0
NEMA,Nema Halt,Bihar,BR,SB-BR,SB-BR-NEMA,?,0,17
NEO,NEORA,Bihar,BR,SB-BR,SB-BR-NEO,IR,0,20
NEP,NENPUR,Gujarat,GJ,SB-GJ,SB-GJ-NEP,IR,0,10
NERH,Ner Halt,Bihar,BR,SB-BR,SB-BR-NERH,?,0,15
NERI,NERI,Uttar Pradesh,UP,SB-UP,SB-UP-NERI,IR,0,4
NES,Natesar,Bihar,BR,SB-BR,SB-BR-NES,IR,0,12
NEU,NERUL,Maharashtra,MH,SB-MH,SB-MH-NEU,IR,0,4
NEUA,NEMUA HALT,Bihar,BR,SB-BR,SB-BR-NEUA,IR,0,8
NEW,NIVARI,Uttar Pradesh,UP,SB-UP,SB-UP-NEW,NCR,0,20
NEWC,NEW WEST CABIN,Uttar Pradesh,UP,SB-UP,SB-UP-NEWC,NR,0,0
NEYT,Ntpc Exchange Yard Talcher,Uttar Pradesh,UP,SB-UP,SB-UP-NEYT,NR,0,0
NFK,New Farakka Junction,West Bengal,WB,SB-WB,SB-WB-NFK,IR,1,108
NFKB,NEW FARAKKA-B-CABIN,Uttar Pradesh,UP,SB-UP,SB-UP-NFKB,NR,0,0
NFKN,NFKN,Uttar Pradesh,UP,SB-UP,SB-UP-NFKN,NR,0,0
NFKS,NFKS,Uttar Pradesh,UP,SB-UP,SB-UP-NFKS,NR,0,0
NG,NAGARI,Andhra Pradesh,AP,SB-AP,SB-AP-NG,IR,0,8
NGA,NINGALA JN,Gujarat,GJ,SB-GJ,SB-GJ-NGA,WR,0,12
NGAN,Nagaon,Assam,AS,SB-AS,SB-AS-NGAN,NFR,0,8
NGB,NAWABGANJ GONDA,Jammu and Kashmir,JK,SB-JK,SB-JK-NGB,IR,0,8
NGC,NEW GUWAHATI,Uttar Pradesh,UP,SB-UP,SB-UP-NGC,NR,0,0
NGD,NAGARDEVLA,Maharashtra,MH,SB-MH,SB-MH-NGD,IR,0,4
NGDM,NAGRA DHAM P.H.,Maharashtra,MH,SB-MH,SB-MH-NGDM,IR,0,18
NGE,NAGAR,Chhattisgarh,CG,SB-CG,SB-CG-NGE,SECR,0,4
NGF,NAGARNABI,Jharkhand,JH,SB-JH,SB-JH-NGF,IR,0,12
NGG,NAGINA,Uttarakhand,UK,SB-UK,SB-UK-NGG,IR,0,18
NGHW,Nageshwadi Halt,Uttar Pradesh,UP,SB-UP,SB-UP-NGHW,NR,0,0
NGI,Nagari,Andhra Pradesh,AP,SB-AP,SB-AP-NGI,IR,0,2
NGIM,NAGRI GRAM,Bihar,BR,SB-BR,SB-BR-NGIM,IR,0,8
NGL,NANGAL,Uttar Pradesh,UP,SB-UP,SB-UP-NGL,NR,0,8
NGLT,NAGLATULA,Rajasthan,RJ,SB-RJ,SB-RJ-NGLT,NCR,0,6
NGM,NAGASAMUDRAM,Andhra Pradesh,AP,SB-AP,SB-AP-NGM,IR,0,2
NGMP,NEW GARH MADHOPUR,Odisha,OD,SB-OD,SB-OD-NGMP,IR,0,12
NGN,Nandgaon,Maharashtra,MH,SB-MH,SB-MH-NGN,IR,0,23
NGNT,New Guntur,Andhra Pradesh,AP,SB-AP,SB-AP-NGNT,SCR,0,14
NGO,Nagaur,Rajasthan,RJ,SB-RJ,SB-RJ-NGO,IR,0,57
NGON,NAUGAON,Uttar Pradesh,UP,SB-UP,SB-UP-NGON,NR,0,0
NGP,Nagpur,Maharashtra,MH,SB-MH,SB-MH-NGP,IR,1,303
NGPB,Nagpur (Se),Uttar Pradesh,UP,SB-UP,SB-UP-NGPB,NR,0,0
NGR,Annigeri,Karnataka,KA,SB-KA,SB-KA-NGR,SWR,0,30
NGRD,NILGIRI ROAD,Odisha,OD,SB-OD,SB-OD-NGRD,IR,0,15
NGRH,NEW GIRIDIH,Jharkhand,JH,SB-JH,SB-JH-NGRH,IR,0,8
NGRI,New Garia,West Bengal,WB,SB-WB,SB-WB-NGRI,IR,0,210
NGRS,NAGROTA SURIYAM,Himachal Pradesh,HP,SB-HP,SB-HP-NGRS,NR,0,10
NGRT,NAGROTA,Himachal Pradesh,HP,SB-HP,SB-HP-NGRT,NR,0,11
NGS,NAGANSUR,Maharashtra,MH,SB-MH,SB-MH-NGS,IR,0,3
NGT,Nagappattinam,Tamil Nadu,TN,SB-TN,SB-TN-NGT,SR,0,59
NGTG,New Gitaldaha,West Bengal,WB,SB-WB,SB-WB-NGTG,NFR,0,4
NGTN,NAGOTHANE,Maharashtra,MH,SB-MH,SB-MH-NGTN,CR,0,12
NGV,NAGLAVI,Uttar Pradesh,UP,SB-UP,SB-UP-NGV,NR,0,0
NGW,Nauganwan,Madhya Pradesh,MP,SB-MP,SB-MP-NGW,WR,0,8
NGWN,NOGANWAN,Punjab,PB,SB-PB,SB-PB-NGWN,IR,0,6
NGX,Nigan,West Bengal,WB,SB-WB,SB-WB-NGX,ER,0,14
NGY,NATH GANJ,Jharkhand,JH,SB-JH,SB-JH-NGY,IR,0,5
NGZ,ShriKshetra Nagzari,Maharashtra,MH,SB-MH,SB-MH-NGZ,IR,0,4
NH,Naihati Junction,West Bengal,WB,SB-WB,SB-WB-NH,IR,0,325
NHB,NOH BACHHAMDI,Rajasthan,RJ,SB-RJ,SB-RJ-NHB,IR,0,10
NHF,Nihasta Halt,Uttar Pradesh,UP,SB-UP,SB-UP-NHF,NR,0,8
NHGJ,NEW HARANGAJAO,Assam,AS,SB-AS,SB-AS-NHGJ,IR,0,6
NHH,NIHALGARH,Uttar Pradesh,UP,SB-UP,SB-UP-NHH,NR,1,44
NHK,NAHARKATIYA,Assam,AS,SB-AS,SB-AS-NHK,NFR,0,16
NHLG,NEW HAFLONG,Assam,AS,SB-AS,SB-AS-NHLG,IR,0,46
NHLN,NAHARLAGUN,Assam,AS,SB-AS,SB-AS-NHLN,IR,0,18
NHM,NANDOL DEHEGAM,Gujarat,GJ,SB-GJ,SB-GJ-NHM,WR,0,14
NHN,NIGOHAN,Uttar Pradesh,UP,SB-UP,SB-UP-NHN,IR,0,10
NHR,Nohar,Rajasthan,RJ,SB-RJ,SB-RJ-NHR,NWR,0,21
NHT,NALHATI JN,West Bengal,WB,SB-WB,SB-WB-NHT,IR,0,42
NHU,NAHUR,Maharashtra,MH,SB-MH,SB-MH-NHU,IR,0,3
NHX,NARTHAR,Uttar Pradesh,UP,SB-UP,SB-UP-NHX,IR,0,6
NHY,NAGANAHALLI,Karnataka,KA,SB-KA,SB-KA-NHY,SWR,0,14
NI,NAYDONGRI,Maharashtra,MH,SB-MH,SB-MH-NI,IR,0,4
NIA,Naila,Chhattisgarh,CG,SB-CG,SB-CG-NIA,SECR,1,42
NID,NIDUR,Tamil Nadu,TN,SB-TN,SB-TN-NID,SR,0,10
NIDI,NIDI,Maharashtra,MH,SB-MH,SB-MH-NIDI,CR,0,10
NIG,Naigaon,Maharashtra,MH,SB-MH,SB-MH-NIG,WR,0,1
NIIJ,NILAJE,Maharashtra,MH,SB-MH,SB-MH-NIIJ,CR,0,24
NIL,Nilambur Road,Kerala,KL,SB-KL,SB-KL-NIL,SR,0,16
NILE,Nimtita,West Bengal,WB,SB-WB,SB-WB-NILE,ER,1,39
NIM,NIMDIH,Jharkhand,JH,SB-JH,SB-JH-NIM,IR,0,12
NIMG,NIMA GOPALPUR,Uttar Pradesh,UP,SB-UP,SB-UP-NIMG,NR,0,0
NIN,Nimkana,Odisha,OD,SB-OD,SB-OD-NIN,IR,0,6
NIP,Nizampur,Rajasthan,RJ,SB-RJ,SB-RJ-NIP,NWR,0,16
NIQ,NIGAURA,Chhattisgarh,CG,SB-CG,SB-CG-NIQ,IR,0,4
NIR,Nainpur Junction,Madhya Pradesh,MP,SB-MP,SB-MP-NIR,SECR,0,34
NIRA,NIRA,Maharashtra,MH,SB-MH,SB-MH-NIRA,CR,0,15
NIT,Naikot,Uttar Pradesh,UP,SB-UP,SB-UP-NIT,IR,0,6
NITR,NETAJI SUBHASH CHANDRA BOSE ITWARI JN,Maharashtra,MH,SB-MH,SB-MH-NITR,SECR,1,34
NIU,NABIPUR,Gujarat,GJ,SB-GJ,SB-GJ-NIU,IR,0,15
NIV,NIVASAR,Maharashtra,MH,SB-MH,SB-MH-NIV,KR,0,2
NJA,Nagjua,Jharkhand,JH,SB-JH,SB-JH-NJA,SER,0,8
NJAJ,NEW JHAJHA JN,Bihar,BR,SB-BR,SB-BR-NJAJ,IR,0,4
NJB,NIJBARI,Uttar Pradesh,UP,SB-UP,SB-UP-NJB,NR,0,0
NJN,NAOJAN,Assam,AS,SB-AS,SB-AS-NJN,NFR,0,2
NJP,New Jalpaiguri,West Bengal,WB,SB-WB,SB-WB-NJP,IR,1,206
NJPS,New Jalpaiguri,Uttar Pradesh,UP,SB-UP,SB-UP-NJPS,NR,0,0
NJT,NAGERCOIL TOWN,Tamil Nadu,TN,SB-TN,SB-TN-NJT,SR,0,32
NK,Nasik Road,Maharashtra,MH,SB-MH,SB-MH-NK,IR,1,173
NKB,NAGRAKOTA,West Bengal,WB,SB-WB,SB-WB-NKB,NFR,0,10
NKBR,Narkatia Bazar,Maharashtra,MH,SB-MH,SB-MH-NKBR,IR,0,8
NKD,NEKONDA,Andhra Pradesh,AP,SB-AP,SB-AP-NKD,SCR,0,14
NKDO,NAKKANADODDI,Andhra Pradesh,AP,SB-AP,SB-AP-NKDO,IR,0,4
NKE,Narkatiaganj Junction,Bihar,BR,SB-BR,SB-BR-NKE,ECR,0,97
NKG,NARKALDENGA COACHING YARD,Uttar Pradesh,UP,SB-UP,SB-UP-NKG,NR,0,0
NKH,NATHUKHERI,Rajasthan,RJ,SB-RJ,SB-RJ-NKH,IR,0,6
NKI,NAIKHERI,Madhya Pradesh,MP,SB-MP,SB-MP-NKI,IR,0,16
NKJ,NEW KATNI JN,Uttar Pradesh,UP,SB-UP,SB-UP-NKJ,NR,0,0
NKK,Narikkudi,Tamil Nadu,TN,SB-TN,SB-TN-NKK,IR,0,2
NKL,Nalikul,West Bengal,WB,SB-WB,SB-WB-NKL,ER,0,81
NKLE,NEW KAITHAL HALT,Haryana,HR,SB-HR,SB-HR-NKLE,IR,0,6
NKM,NAMKON,Jharkhand,JH,SB-JH,SB-JH-NKM,IR,0,30
NKMG,NEW KARIMGANJ,Assam,AS,SB-AS,SB-AS-NKMG,IR,0,32
NKN,Nyoli Kalan,Haryana,HR,SB-HR,SB-HR-NKN,IR,0,6
NKOT,NEW KOTA,Rajasthan,RJ,SB-RJ,SB-RJ-NKOT,IR,0,23
NKP,NIRAKARPUR,Odisha,OD,SB-OD,SB-OD-NKP,IR,0,27
NKPL,NARKETPALLI,Uttar Pradesh,UP,SB-UP,SB-UP-NKPL,NR,0,0
NKPU,Nekpur,Bihar,BR,SB-BR,SB-BR-NKPU,IR,0,4
NKR,Nimar Kheri,Madhya Pradesh,MP,SB-MP,SB-MP-NKR,WR,0,4
NKRA,Nokhra,Rajasthan,RJ,SB-RJ,SB-RJ-NKRA,?,0,2
NKU,NAKARDEI,Bihar,BR,SB-BR,SB-BR-NKU,IR,0,8
NKV,NAKARDEI,Uttar Pradesh,UP,SB-UP,SB-UP-NKV,NR,0,0
NKW,Nilakantheswar,Odisha,OD,SB-OD,SB-OD-NKW,ECOR,0,6
NKX,NAKTISEMRA,Chhattisgarh,CG,SB-CG,SB-CG-NKX,ECOR,0,2
NLA,NANCHERLA,Uttar Pradesh,UP,SB-UP,SB-UP-NLA,NR,0,0
NLBR,Nilambazar,Assam,AS,SB-AS,SB-AS-NLBR,NFR,0,10
NLD,Nalanda,Bihar,BR,SB-BR,SB-BR-NLD,ECR,0,32
NLDA,NALGONDA,Telangana,TS,SB-TS,SB-TS-NLDA,IR,0,86
NLDM,NANGAL DAM,Punjab,PB,SB-PB,SB-PB-NLDM,IR,0,31
NLE,NILESHWAR,Kerala,KL,SB-KL,SB-KL-NLE,SR,0,34
NLH,NAULTHA,Haryana,HR,SB-HR,SB-HR-NLH,NR,0,8
NLI,NAMLI,Madhya Pradesh,MP,SB-MP,SB-MP-NLI,WR,0,8
NLKR,NILOKHERI,Haryana,HR,SB-HR,SB-HR-NLKR,IR,0,15
NLKT,Nalkata,Tripura,TR,SB-TR,SB-TR-NLKT,IR,0,4
NLL,NALLI,Uttar Pradesh,UP,SB-UP,SB-UP-NLL,NR,0,0
NLN,NAILALUNG,Assam,AS,SB-AS,SB-AS-NLN,NFR,0,2
NLNI,NEW LONI,Maharashtra,MH,SB-MH,SB-MH-NLNI,IR,0,2
NLNR,NULEMURU HALT,Karnataka,KA,SB-KA,SB-KA-NLNR,IR,0,4
NLP,NORTH LAKHIMPUR,Assam,AS,SB-AS,SB-AS-NLP,IR,0,22
NLPD,NALLAPADU,Andhra Pradesh,AP,SB-AP,SB-AP-NLPD,IR,0,8
NLQ,Nangal Pathani Halt,Haryana,HR,SB-HR,SB-HR-NLQ,NWR,0,13
NLR,Nellore,Andhra Pradesh,AP,SB-AP,SB-AP-NLR,IR,1,271
NLRD,NECKLACE ROAD,Andhra Pradesh,AP,SB-AP,SB-AP-NLRD,SCR,0,22
NLS,NELLORE SOUTH,Andhra Pradesh,AP,SB-AP,SB-AP-NLS,IR,0,8
NLSF,NIYALISH PARA,West Bengal,WB,SB-WB,SB-WB-NLSF,ER,0,15
NLV,Nalbari,Assam,AS,SB-AS,SB-AS-NLV,NFR,0,26
NM,Naimisharanya,Uttar Pradesh,UP,SB-UP,SB-UP-NM,NR,0,4
NMA,Nirmali,Bihar,BR,SB-BR,SB-BR-NMA,ECR,0,22
NMBR,N MAYURBHANJ ROAD,Odisha,OD,SB-OD,SB-OD-NMBR,IR,0,13
NMC,NIMCHA,Uttar Pradesh,UP,SB-UP,SB-UP-NMC,NR,0,0
NMD,NOMODA,Rajasthan,RJ,SB-RJ,SB-RJ-NMD,WCR,0,10
NMDA,NEW MORINDA,Punjab,PB,SB-PB,SB-PB-NMDA,IR,0,19
NMDR,Nimdanri,West Bengal,WB,SB-WB,SB-WB-NMDR,ER,0,54
NMF,NIMO,West Bengal,WB,SB-WB,SB-WB-NMF,IR,0,46
NMG,NIMIAGHAT,Jharkhand,JH,SB-JH,SB-JH-NMG,IR,0,6
NMGA,NELEMANGALA,Karnataka,KA,SB-KA,SB-KA-NMGA,IR,0,14
NMGT,NIMSHIRGAON TAMDALGE,Maharashtra,MH,SB-MH,SB-MH-NMGT,CR,0,5
NMGY,Numaligarh,Assam,AS,SB-AS,SB-AS-NMGY,NFR,0,2
NMH,NIMACH,Madhya Pradesh,MP,SB-MP,SB-MP-NMH,WR,0,57
NMHI,NEW MANJHI,Bihar,BR,SB-BR,SB-BR-NMHI,IR,0,4
NMJ,NIDAMANGALAM,Tamil Nadu,TN,SB-TN,SB-TN-NMJ,SR,0,30
NMK,Nim Ka Thana,Rajasthan,RJ,SB-RJ,SB-RJ-NMK,NWR,1,42
NMKA,Namkhana,West Bengal,WB,SB-WB,SB-WB-NMKA,ER,0,30
NMKL,Namakkal,Tamil Nadu,TN,SB-TN,SB-TN-NMKL,SR,0,34
NML,NELLIMARIA,Andhra Pradesh,AP,SB-AP,SB-AP-NML,IR,0,4
NMLU,NEMAKALLU,Uttar Pradesh,UP,SB-UP,SB-UP-NMLU,NR,0,0
NMM,New Misamari,Assam,AS,SB-AS,SB-AS-NMM,NFR,0,30
NMN,Namanasamudram,Tamil Nadu,TN,SB-TN,SB-TN-NMN,SR,0,4
NMO,NEDI MOLLYANUR,Uttar Pradesh,UP,SB-UP,SB-UP-NMO,NR,0,0
NMP,NIMPURA,Uttar Pradesh,UP,SB-UP,SB-UP-NMP,NR,0,0
NMT,NAMTIALI,Assam,AS,SB-AS,SB-AS-NMT,NFR,0,12
NMUE,Numaishgarh Halt,Uttar Pradesh,UP,SB-UP,SB-UP-NMUE,NR,0,0
NMX,New Maynaguri,West Bengal,WB,SB-WB,SB-WB-NMX,IR,0,14
NMY,NOONMATI,Uttar Pradesh,UP,SB-UP,SB-UP-NMY,NR,0,0
NMZ,New Mal Junction,West Bengal,WB,SB-WB,SB-WB-NMZ,NFR,0,30
NN,Nandura,Maharashtra,MH,SB-MH,SB-MH-NN,IR,1,39
NNA,NAUGACHIA,Bihar,BR,SB-BR,SB-BR-NNA,IR,0,99
NNB,NIMBLAK,Uttar Pradesh,UP,SB-UP,SB-UP-NNB,NR,0,0
NNCN,NAGNATH CABIN,Uttar Pradesh,UP,SB-UP,SB-UP-NNCN,NR,0,0
NNE,NONERA,Madhya Pradesh,MP,SB-MP,SB-MP-NNE,NCR,0,6
NNGE,Narangi,Assam,AS,SB-AS,SB-AS-NNGE,NFR,0,10
NNGL,Naya Nangal,Punjab,PB,SB-PB,SB-PB-NNGL,NR,0,0
NNHT,NONIHAT,Jharkhand,JH,SB-JH,SB-JH-NNHT,IR,0,16
NNKR,Nanaksar,Punjab,PB,SB-PB,SB-PB-NNKR,NR,0,13
NNL,Narnaul,Haryana,HR,SB-HR,SB-HR-NNL,NWR,1,44
NNM,Nannilam,Tamil Nadu,TN,SB-TN,SB-TN-NNM,IR,0,10
NNN,Nanguneri,Tamil Nadu,TN,SB-TN,SB-TN-NNN,SR,0,18
NNNL,NANDANI LAGUNIA,Bihar,BR,SB-BR,SB-BR-NNNL,ECR,0,10
NNO,Nangloi,Delhi,DL,SB-DL,SB-DL-NNO,NR,0,30
NNP,Nanpara Junction,Uttar Pradesh,UP,SB-UP,SB-UP-NNP,NER,0,12
NNPR,NONAPAR,Bihar,BR,SB-BR,SB-BR-NNPR,IR,0,6
NNR,NARAYANPUR,Bihar,BR,SB-BR,SB-BR-NNR,IR,0,25
NNU,Nangal Mundi,Haryana,HR,SB-HR,SB-HR-NNU,NWR,0,12
NNW,NARAYANPUR TATWAR,Rajasthan,RJ,SB-RJ,SB-RJ-NNW,WCR,0,15
NNWH,NEW NAWADIH,Bihar,BR,SB-BR,SB-BR-NNWH,IR,0,10
NNX,NANAUTA,Uttar Pradesh,UP,SB-UP,SB-UP-NNX,NR,0,12
NOA,NOSARIA,Rajasthan,RJ,SB-RJ,SB-RJ-NOA,IR,0,6
NOB,NOBANDA,West Bengal,WB,SB-WB,SB-WB-NOB,IR,0,13
NOH,Nigohi,Uttar Pradesh,UP,SB-UP,SB-UP-NOH,NER,0,10
NOI,NARIAOLI,Madhya Pradesh,MP,SB-MP,SB-MP-NOI,IR,0,10
NOK,NOKHA,Rajasthan,RJ,SB-RJ,SB-RJ-NOK,IR,0,53
NOL,NIYOL,Uttar Pradesh,UP,SB-UP,SB-UP-NOL,NR,0,0
NOLB,NOLBARI,Assam,AS,SB-AS,SB-AS-NOLB,IR,0,6
NOLI,NOLI,Uttar Pradesh,UP,SB-UP,SB-UP-NOLI,NR,0,28
NOMD,Noamundi,Jharkhand,JH,SB-JH,SB-JH-NOMD,SER,0,10
NON,Nonar Halt,Bihar,BR,SB-BR,SB-BR-NON,IR,0,8
NOQ,New Alipurduar,West Bengal,WB,SB-WB,SB-WB-NOQ,IR,1,102
NOR,NEORA NADDI,West Bengal,WB,SB-WB,SB-WB-NOR,IR,0,4
NOSM,NOSSAM,Andhra Pradesh,AP,SB-AP,SB-AP-NOSM,IR,0,2
NOY,NOYAL,Uttar Pradesh,UP,SB-UP,SB-UP-NOY,NR,0,0
NPB,Nagapattinam Beach,Tamil Nadu,TN,SB-TN,SB-TN-NPB,SR,0,0
NPBR,NARAYANPUR BAZAR,Uttar Pradesh,UP,SB-UP,SB-UP-NPBR,IR,0,6
NPD,NAWAPARA ROAD,Chhattisgarh,CG,SB-CG,SB-CG-NPD,IR,0,16
NPH,Nurpura,Uttar Pradesh,UP,SB-UP,SB-UP-NPH,NR,0,0
NPI,NIPANIA,Chhattisgarh,CG,SB-CG,SB-CG-NPI,IR,0,12
NPJE,NICHITPUR,Jharkhand,JH,SB-JH,SB-JH-NPJE,IR,0,13
NPK,NORTH PANAKUDI,Tamil Nadu,TN,SB-TN,SB-TN-NPK,SR,0,2
NPKM,Nandiambakkam,Tamil Nadu,TN,SB-TN,SB-TN-NPKM,SR,0,90
NPL,NAGALAPALLE,Telangana,TS,SB-TS,SB-TS-NPL,IR,0,6
NPM,NELLAIKUPPAM,Tamil Nadu,TN,SB-TN,SB-TN-NPM,SR,0,8
NPML,MALLIAL(NUKAPALLI),Telangana,TS,SB-TS,SB-TS-NPML,IR,0,4
NPMR,NARAYAN PAKURIA,West Bengal,WB,SB-WB,SB-WB-NPMR,IR,0,91
NPNR,Nepanagar,Madhya Pradesh,MP,SB-MP,SB-MP-NPNR,CR,0,14
NPR,Nepalganj Road,Uttar Pradesh,UP,SB-UP,SB-UP-NPR,NER,0,8
NPRD,NAGPUR ROAD,Chhattisgarh,CG,SB-CG,SB-CG-NPRD,SECR,0,8
NPS,Napasar,Rajasthan,RJ,SB-RJ,SB-RJ-NPS,NWR,0,20
NPT,NARASINGAMPET,Tamil Nadu,TN,SB-TN,SB-TN-NPT,SR,0,8
NPTY,NIMPURA THROUGH YARD,Uttar Pradesh,UP,SB-UP,SB-UP-NPTY,NR,0,0
NPU,Nadiapur,Tripura,TR,SB-TR,SB-TR-NPU,NFR,0,4
NPV,Narpatganj,Bihar,BR,SB-BR,SB-BR-NPV,ECR,0,14
NPW,NIPANI VADGAON,Uttar Pradesh,UP,SB-UP,SB-UP-NPW,NR,0,0
NPX,NARINDARPURA,Punjab,PB,SB-PB,SB-PB-NPX,NR,0,2
NPZ,NAWAPATRA,Jharkhand,JH,SB-JH,SB-JH-NPZ,IR,0,1
NQH,NEW DOMOHANI,West Bengal,WB,SB-WB,SB-WB-NQH,IR,0,2
NQR,NARAJ MARTHAPUR,Odisha,OD,SB-OD,SB-OD-NQR,IR,0,23
NR,NIPHAD,Maharashtra,MH,SB-MH,SB-MH-NR,IR,0,16
NRA,NUNKHAR,Uttar Pradesh,UP,SB-UP,SB-UP-NRA,IR,0,8
NRD,NARODA,Gujarat,GJ,SB-GJ,SB-GJ-NRD,WR,0,10
NRDP,NAGIREDDIPALLI,Telangana,TS,SB-TS,SB-TS-NRDP,IR,0,6
NRE,Nandalur,Andhra Pradesh,AP,SB-AP,SB-AP-NRE,IR,0,14
NRF,Neralakatte Halt,Karnataka,KA,SB-KA,SB-KA-NRF,IR,0,6
NRG,NERGUNDI,Odisha,OD,SB-OD,SB-OD-NRG,IR,0,16
NRGO,NARGANJO HALT,Bihar,BR,SB-BR,SB-BR-NRGO,IR,0,16
NRGR,NARANJIPUR,Madhya Pradesh,MP,SB-MP,SB-MP-NRGR,WR,0,4
NRH,NAHARGARH,Uttar Pradesh,UP,SB-UP,SB-UP-NRH,NR,0,0
NRI,Naraina,Delhi,DL,SB-DL,SB-DL-NRI,NWR,0,22
NRJ,Narimogaru,Karnataka,KA,SB-KA,SB-KA-NRJ,SWR,0,6
NRK,Naraikkinar,Tamil Nadu,TN,SB-TN,SB-TN-NRK,SR,0,5
NRKE,Nari Khetri,Rajasthan,RJ,SB-RJ,SB-RJ-NRKE,NWR,0,4
NRKG,NARKATIAGANJ JN,Uttar Pradesh,UP,SB-UP,SB-UP-NRKG,NR,0,0
NRKP,Narkopi,Jharkhand,JH,SB-JH,SB-JH-NRKP,SER,0,8
NRKR,Narkher,Maharashtra,MH,SB-MH,SB-MH-NRKR,IR,1,30
NRL,Neral,Maharashtra,MH,SB-MH,SB-MH-NRL,CR,0,72
NRLN,NERAL (NG),Maharashtra,MH,SB-MH,SB-MH-NRLN,IR,0,4
NRLR,NORLA ROAD,Odisha,OD,SB-OD,SB-OD-NRLR,IR,0,18
NRM,Nurmahal,Punjab,PB,SB-PB,SB-PB-NRM,NR,0,12
NRN,NARHAN,Bihar,BR,SB-BR,SB-BR-NRN,IR,0,16
NRNR,Nurnagar,Uttar Pradesh,UP,SB-UP,SB-UP-NRNR,NR,0,4
NRO,Nakodar Junction,Punjab,PB,SB-PB,SB-PB-NRO,NR,0,20
NROD,NARI ROAD,Gujarat,GJ,SB-GJ,SB-GJ-NROD,WR,0,0
NRP,NARSIPATNAM RD,Andhra Pradesh,AP,SB-AP,SB-AP-NRP,IR,0,16
NRPA,Narayanpur Anant,Bihar,BR,SB-BR,SB-BR-NRPA,ECR,0,12
NRPD,Narayanpet Road,Karnataka,KA,SB-KA,SB-KA-NRPD,SCR,0,0
NRPM,Narayanpur Murli Halt,Bihar,BR,SB-BR,SB-BR-NRPM,ECR,0,6
NRPR,Narendrapur Halt,West Bengal,WB,SB-WB,SB-WB-NRPR,ER,0,213
NRR,NAGARUR,Andhra Pradesh,AP,SB-AP,SB-AP-NRR,IR,0,4
NRS,NAGARIA SADAT,Uttar Pradesh,UP,SB-UP,SB-UP-NRS,IR,0,4
NRSD,New Runnisaidpur Halt,Bihar,BR,SB-BR,SB-BR-NRSD,IR,0,6
NRSI,NOORSARAI HALT,Bihar,BR,SB-BR,SB-BR-NRSI,IR,0,4
NRSP,NARASIMHAPURA,Uttar Pradesh,UP,SB-UP,SB-UP-NRSP,NR,0,0
NRT,Narasaraopet,Andhra Pradesh,AP,SB-AP,SB-AP-NRT,IR,0,36
NRUR,Nareshwar Road,Gujarat,GJ,SB-GJ,SB-GJ-NRUR,WR,0,0
NRV,NARIYAR,Bihar,BR,SB-BR,SB-BR-NRV,ECR,0,7
NRVR,NARAINA VIHAR,Delhi,DL,SB-DL,SB-DL-NRVR,NR,0,1
NRW,NARWANA JN,Haryana,HR,SB-HR,SB-HR-NRW,NR,0,54
NRWI,Narwasi,Rajasthan,RJ,SB-RJ,SB-RJ-NRWI,NWR,0,6
NRWN,NANGAL RAJAWATAN,Rajasthan,RJ,SB-RJ,SB-RJ-NRWN,IR,0,2
NRX,NOADAR DHAL,West Bengal,WB,SB-WB,SB-WB-NRX,IR,0,16
NRY,Nyoriya Husenpur,Uttar Pradesh,UP,SB-UP,SB-UP-NRY,NER,0,8
NRYP,NARAYANAPURAM,Andhra Pradesh,AP,SB-AP,SB-AP-NRYP,IR,0,2
NRZB,NOWROZABAD,Madhya Pradesh,MP,SB-MP,SB-MP-NRZB,IR,0,14
NS,Narasapur,Andhra Pradesh,AP,SB-AP,SB-AP-NS,SCR,0,38
NSA,Nishangara,Uttar Pradesh,UP,SB-UP,SB-UP-NSA,NER,0,4
NSBG,NEW SISIBORGAON,Assam,AS,SB-AS,SB-AS-NSBG,IR,0,4
NSCL,NEW SILCHAR,Assam,AS,SB-AS,SB-AS-NSCL,IR,0,2
NSD,NASIRABAD,Rajasthan,RJ,SB-RJ,SB-RJ-NSD,NWR,0,44
NSF,Nasibpur,West Bengal,WB,SB-WB,SB-WB-NSF,ER,0,81
NSGR,NARASINGHGARH,Odisha,OD,SB-OD,SB-OD-NSGR,IR,0,14
NSI,NIKURSINI,Andhra Pradesh,AP,SB-AP,SB-AP-NSI,IR,0,13
NSKL,NASKHAL,Telangana,TS,SB-TS,SB-TS-NSKL,IR,0,1
NSL,NAGARSOL,Maharashtra,MH,SB-MH,SB-MH-NSL,SCR,0,39
NSN,NASIRPUR HALT,Uttar Pradesh,UP,SB-UP,SB-UP-NSN,NR,0,0
NSO,Nashipur Road,Uttar Pradesh,UP,SB-UP,SB-UP-NSO,NR,0,0
NSP,Nala Sopara,Maharashtra,MH,SB-MH,SB-MH-NSP,WR,0,5
NSRH,NIZ-SARIHA HALT,Assam,AS,SB-AS,SB-AS-NSRH,IR,0,8
NSS,Nawanshahr Doaba Junction,Punjab,PB,SB-PB,SB-PB-NSS,NR,0,8
NSU,NISUI,Uttar Pradesh,UP,SB-UP,SB-UP-NSU,NR,0,11
NSVP,NPA SHIVARAMPALLI HALT,Telangana,TS,SB-TS,SB-TS-NSVP,IR,0,27
NSX,NARSIPURAM HALT,Andhra Pradesh,AP,SB-AP,SB-AP-NSX,IR,0,6
NSZ,BHOPAL NISHATPURA,Madhya Pradesh,MP,SB-MP,SB-MP-NSZ,IR,0,4
NTA,Netra,West Bengal,WB,SB-WB,SB-WB-NTA,ER,0,64
NTDM,NITYANAND DHAM,Uttar Pradesh,UP,SB-UP,SB-UP-NTDM,NR,0,0
NTG,NURSRATABAD KHARKHAR,Uttar Pradesh,UP,SB-UP,SB-UP-NTG,NR,0,18
NTM,Narthamalai,Tamil Nadu,TN,SB-TN,SB-TN-NTM,SR,0,0
NTN,NAR TOWN,Gujarat,GJ,SB-GJ,SB-GJ-NTN,IR,0,16
NTR,NITTUR,Karnataka,KA,SB-KA,SB-KA-NTR,SWR,0,10
NTS,Nattrasankottai,Tamil Nadu,TN,SB-TN,SB-TN-NTS,SR,0,0
NTSK,NEW TINSUKIA JN,Assam,AS,SB-AS,SB-AS-NTSK,NFR,0,38
NTT,NATHAPETTAI,Tamil Nadu,TN,SB-TN,SB-TN-NTT,SR,0,32
NTU,NIGATPUR,Uttar Pradesh,UP,SB-UP,SB-UP-NTU,NER,0,8
NTV,Nautanwa,Uttar Pradesh,UP,SB-UP,SB-UP-NTV,NER,0,12
NTVT,NETHRAVATHI,Uttar Pradesh,UP,SB-UP,SB-UP-NTVT,NR,0,0
NTW,Nanjangud Town,Karnataka,KA,SB-KA,SB-KA-NTW,SWR,0,14
NTWL,Netawal,Rajasthan,RJ,SB-RJ,SB-RJ-NTWL,IR,0,8
NTZ,NATHWANA,Rajasthan,RJ,SB-RJ,SB-RJ-NTZ,NWR,0,4
NU,Nerul,Maharashtra,MH,SB-MH,SB-MH-NU,CR,1,101
NUA,Nua,Rajasthan,RJ,SB-RJ,SB-RJ-NUA,NWR,0,9
NUB,NURABAD,Madhya Pradesh,MP,SB-MP,SB-MP-NUB,IR,0,2
NUD,NAVAGADH,Gujarat,GJ,SB-GJ,SB-GJ-NUD,WR,0,33
NUGN,NUAGAN,Odisha,OD,SB-OD,SB-OD-NUGN,IR,0,2
NUH,Naugarh,Uttar Pradesh,UP,SB-UP,SB-UP-NUH,NER,0,0
NUIH,Neuri Halt,Bihar,BR,SB-BR,SB-BR-NUIH,ECR,0,6
NUJ,Nujella,Andhra Pradesh,AP,SB-AP,SB-AP-NUJ,SCR,0,11
NUPR,NURPUR ROAD,Punjab,PB,SB-PB,SB-PB-NUPR,NR,0,10
NUQ,NAGAR UNTARI,Jharkhand,JH,SB-JH,SB-JH-NUQ,ECR,0,24
NUR,Narela,Delhi,DL,SB-DL,SB-DL-NUR,IR,0,35
NVA,NINDRA,Jharkhand,JH,SB-JH,SB-JH-NVA,IR,0,8
NVC,NAGALWANCHA,Andhra Pradesh,AP,SB-AP,SB-AP-NVC,SCR,0,4
NVD,NAVALGUND RD,Uttar Pradesh,UP,SB-UP,SB-UP-NVD,NR,0,0
NVF,NAGAVANGALA,Karnataka,KA,SB-KA,SB-KA-NVF,SWR,0,2
NVG,Nawagaon,Madhya Pradesh,MP,SB-MP,SB-MP-NVG,CR,0,10
NVK,NEYVILAKKU,Tamil Nadu,TN,SB-TN,SB-TN-NVK,IR,0,4
NVL,Neyveli,Tamil Nadu,TN,SB-TN,SB-TN-NVL,SR,0,6
NVLN,NAWALGOHAN,Maharashtra,MH,SB-MH,SB-MH-NVLN,SCR,0,4
NVP,Navalpura,Uttar Pradesh,UP,SB-UP,SB-UP-NVP,NR,0,0
NVRD,NAVADE ROAD,Maharashtra,MH,SB-MH,SB-MH-NVRD,CR,0,19
NVS,Navsari,Gujarat,GJ,SB-GJ,SB-GJ-NVS,WR,0,113
NVT,NAVIPET,Andhra Pradesh,AP,SB-AP,SB-AP-NVT,SCR,0,10
NVU,NAVALUR,Karnataka,KA,SB-KA,SB-KA-NVU,SWR,0,4
NW,NALWAR,Karnataka,KA,SB-KA,SB-KA-NW,SCR,1,15
NWA,Nagarwara,Madhya Pradesh,MP,SB-MP,SB-MP-NWA,SECR,0,6
NWB,NIWAS ROAD,Madhya Pradesh,MP,SB-MP,SB-MP-NWB,WCR,0,4
NWBV,NWBV,Uttar Pradesh,UP,SB-UP,SB-UP-NWBV,NR,0,0
NWC,NAYA NAGAR,Bihar,BR,SB-BR,SB-BR-NWC,IR,0,14
NWD,NAWADIH,Bihar,BR,SB-BR,SB-BR-NWD,ECR,0,34
NWDH,NAWADIH,Jharkhand,JH,SB-JH,SB-JH-NWDH,IR,0,8
NWH,Nawalgarh,Rajasthan,RJ,SB-RJ,SB-RJ-NWH,NWR,0,26
NWMS,NOAPARA MAHISHA,West Bengal,WB,SB-WB,SB-WB-NWMS,ER,0,8
NWN,Nanwan,Haryana,HR,SB-HR,SB-HR-NWN,IR,0,12
NWP,Naupada Junction,Andhra Pradesh,AP,SB-AP,SB-AP-NWP,IR,1,29
NWR,NIWAR,Madhya Pradesh,MP,SB-MP,SB-MP-NWR,WCR,0,10
NWSI,NAWAL SAHI HALT,Jharkhand,JH,SB-JH,SB-JH-NWSI,IR,0,4
NWU,NAVAPUR,Maharashtra,MH,SB-MH,SB-MH-NWU,IR,0,28
NXH,NIDAGHATTA,Uttar Pradesh,UP,SB-UP,SB-UP-NXH,NR,0,0
NXL,NIROL HALT,West Bengal,WB,SB-WB,SB-WB-NXL,IR,0,8
NXN,NUAGAON,Odisha,OD,SB-OD,SB-OD-NXN,IR,0,9
NXNR,NUAGAON ROAD,Odisha,OD,SB-OD,SB-OD-NXNR,IR,0,8
NXR,Nagsar,Uttar Pradesh,UP,SB-UP,SB-UP-NXR,ECR,0,8
NYA,NARAYANGARH,West Bengal,WB,SB-WB,SB-WB-NYA,IR,0,15
NYDO,NARAYANDOHO,Maharashtra,MH,SB-MH,SB-MH-NYDO,IR,0,2
NYG,Nayagarh,Odisha,OD,SB-OD,SB-OD-NYG,?,0,2
NYGT,NAYAGARH TOWN,Odisha,OD,SB-OD,SB-OD-NYGT,IR,0,8
NYH,NAYANDAHALLI,Karnataka,KA,SB-KA,SB-KA-NYH,SWR,0,27
NYI,NELLAYI,Kerala,KL,SB-KL,SB-KL-NYI,IR,0,8
NYK,NAYA KHARADIA,Rajasthan,RJ,SB-RJ,SB-RJ-NYK,IR,0,4
NYM,Neyamatpur,Bihar,BR,SB-BR,SB-BR-NYM,ECR,0,17
NYN,Naini,Uttar Pradesh,UP,SB-UP,SB-UP-NYN,IR,0,22
NYO,NAYAGAON,Bihar,BR,SB-BR,SB-BR-NYO,IR,0,18
NYP,Nayadupeta,Andhra Pradesh,AP,SB-AP,SB-AP-NYP,IR,1,43
NYRH,NAYARHAT,West Bengal,WB,SB-WB,SB-WB-NYRH,IR,0,4
NYT,NAYATOLA,Uttar Pradesh,UP,SB-UP,SB-UP-NYT,NR,0,0
NYY,Neyyattinkara,Kerala,KL,SB-KL,SB-KL-NYY,SR,0,26
NZB,Nizamabad,Telangana,TS,SB-TS,SB-TS-NZB,SCR,0,82
NZD,NUZVID,Andhra Pradesh,AP,SB-AP,SB-AP-NZD,IR,0,20
NZG,NAZARBAG,Gujarat,GJ,SB-GJ,SB-GJ-NZG,IR,0,12
NZH,Nidaghatta,Karnataka,KA,SB-KA,SB-KA-NZH,?,0,8
NZM,Hazrat Nizamuddin,Delhi,DL,SB-DL,SB-DL-NZM,NR,1,242
NZP,Niyazipur Halt,Bihar,BR,SB-BR,SB-BR-NZP,?,0,12
NZR,NAZIRA,Assam,AS,SB-AS,SB-AS-NZR,NFR,0,4
NZT,Nazareth,Tamil Nadu,TN,SB-TN,SB-TN-NZT,SR,0,14
OBAC,OBRA-A-CABIN,Uttar Pradesh,UP,SB-UP,SB-UP-OBAC,NR,0,0
OBM,Obalapuram,Andhra Pradesh,AP,SB-AP,SB-AP-OBM,SWR,0,6
OBR,OBRA DAM,Uttar Pradesh,UP,SB-UP,SB-UP-OBR,ECR,0,20
OBVP,OBULAVARIPALLI,Andhra Pradesh,AP,SB-AP,SB-AP-OBVP,IR,0,8
OCH,ODHANIYA CHACHA,Rajasthan,RJ,SB-RJ,SB-RJ-OCH,NWR,0,2
OCR,OCHIRA,Kerala,KL,SB-KL,SB-KL-OCR,IR,0,21
OD,Od,Gujarat,GJ,SB-GJ,SB-GJ-OD,WR,0,16
ODB,OODLABARI,West Bengal,WB,SB-WB,SB-WB-ODB,NFR,0,8
ODC,Oddam Hatram,Tamil Nadu,TN,SB-TN,SB-TN-ODC,IR,0,16
ODG,OBAIDULLA GANJ,Madhya Pradesh,MP,SB-MP,SB-MP-ODG,IR,0,10
ODHA,ODHA,Uttar Pradesh,UP,SB-UP,SB-UP-ODHA,NR,0,0
ODM,ONDAGRAM,West Bengal,WB,SB-WB,SB-WB-ODM,SER,0,30
ODUR,ODUR,Andhra Pradesh,AP,SB-AP,SB-AP-ODUR,IR,0,6
OEA,ODELA,Telangana,TS,SB-TS,SB-TS-OEA,IR,0,12
OEL,OEL,Uttar Pradesh,UP,SB-UP,SB-UP-OEL,NER,0,8
OGL,Ongole,Andhra Pradesh,AP,SB-AP,SB-AP-OGL,SCR,1,273
OGM,Ooragaum,Karnataka,KA,SB-KA,SB-KA-OGM,SWR,0,20
OHAN,OHANCABIN,Uttar Pradesh,UP,SB-UP,SB-UP-OHAN,NR,0,0
OHV,ODHAVA,Gujarat,GJ,SB-GJ,SB-GJ-OHV,IR,0,2
OKA,OKHLA,Uttar Pradesh,UP,SB-UP,SB-UP-OKA,IR,0,34
OKAC,OKAC,Uttar Pradesh,UP,SB-UP,SB-UP-OKAC,NR,0,0
OKD,OKHA MADHI,Gujarat,GJ,SB-GJ,SB-GJ-OKD,WR,0,2
OKHA,OKHA,Gujarat,GJ,SB-GJ,SB-GJ-OKHA,WR,0,38
OKL,OTTAKKAL,Kerala,KL,SB-KL,SB-KL-OKL,IR,0,2
OLA,OLAKUR,Tamil Nadu,TN,SB-TN,SB-TN-OLA,IR,0,5
OLP,OLAPUR,Bihar,BR,SB-BR,SB-BR-OLP,IR,0,14
OLR,THRISSUR OLLUR HALT,Kerala,KL,SB-KL,SB-KL-OLR,IR,0,9
OM,Omkareshwar Road,Madhya Pradesh,MP,SB-MP,SB-MP-OM,WR,0,0
OMB,OOMBERMALI,Maharashtra,MH,SB-MH,SB-MH-OMB,IR,0,36
OML,OMALUR,Tamil Nadu,TN,SB-TN,SB-TN-OML,IR,0,6
OMLF,OLD MALDA,West Bengal,WB,SB-WB,SB-WB-OMLF,IR,0,14
ON,Unnao Junction,Uttar Pradesh,UP,SB-UP,SB-UP-ON,IR,0,99
OND,Aunlajori Junction,Odisha,OD,SB-OD,SB-OD-OND,SER,0,16
ONR,Coonoor,Tamil Nadu,TN,SB-TN,SB-TN-ONR,SR,0,14
OPL,Uppal,Telangana,TS,SB-TS,SB-TS-OPL,IR,0,12
OPM,ONNUPURAM,Tamil Nadu,TN,SB-TN,SB-TN-OPM,IR,0,8
OPN,ONNUPURAM HALT,Uttar Pradesh,UP,SB-UP,SB-UP-OPN,NR,0,0
ORAI,Orai,Uttar Pradesh,UP,SB-UP,SB-UP-ORAI,IR,0,88
ORC,ORCHHA,Uttar Pradesh,UP,SB-UP,SB-UP-ORC,NCR,0,10
ORDI,ORDI,Rajasthan,RJ,SB-RJ,SB-RJ-ORDI,WR,0,0
OREH,Ore Halt,Bihar,BR,SB-BR,SB-BR-OREH,?,0,12
ORGA,ORGA,Odisha,OD,SB-OD,SB-OD-ORGA,IR,0,8
ORH,ODDARAHALLI,Karnataka,KA,SB-KA,SB-KA-ORH,IR,0,4
ORKI,ORKI,Rajasthan,RJ,SB-RJ,SB-RJ-ORKI,NR,0,5
ORR,ORR,Madhya Pradesh,MP,SB-MP,SB-MP-ORR,IR,0,12
ORW,ORWARA,Uttar Pradesh,UP,SB-UP,SB-UP-ORW,IR,0,6
OSA,AUSA ROAD,Maharashtra,MH,SB-MH,SB-MH-OSA,CR,0,4
OSHI,OSHI,Uttar Pradesh,UP,SB-UP,SB-UP-OSHI,NR,0,0
OSN,OSIYAN,Rajasthan,RJ,SB-RJ,SB-RJ-OSN,NWR,0,20
OSRA,Osra,Madhya Pradesh,MP,SB-MP,SB-MP-OSRA,WR,0,8
OTD,Ootwar,Rajasthan,RJ,SB-RJ,SB-RJ-OTD,NCR,0,8
OTK,OTTAKOVIL,Tamil Nadu,TN,SB-TN,SB-TN-OTK,IR,0,4
OTN,OATING,Assam,AS,SB-AS,SB-AS-OTN,NFR,0,0
OTP,Ottapalam,Kerala,KL,SB-KL,SB-KL-OTP,IR,0,55
OTR,MOTURU,Andhra Pradesh,AP,SB-AP,SB-AP-OTR,SCR,0,7
OV,OTIVAKKAM,Tamil Nadu,TN,SB-TN,SB-TN-OV,IR,0,4
OYR,Waria,West Bengal,WB,SB-WB,SB-WB-OYR,IR,0,37
P,P,Uttar Pradesh,UP,SB-UP,SB-UP-P,NR,0,0
PAA,PATAS,Maharashtra,MH,SB-MH,SB-MH-PAA,IR,0,12
PAAL,Pala,Uttar Pradesh,UP,SB-UP,SB-UP-PAAL,NR,0,0
PAB,Pattabiram,Tamil Nadu,TN,SB-TN,SB-TN-PAB,SR,0,179
PAD,PARDI,Gujarat,GJ,SB-GJ,SB-GJ-PAD,WR,0,23
PADH,PIPRADIH,Jharkhand,JH,SB-JH,SB-JH-PADH,IR,0,4
PADL,Padil,Uttar Pradesh,UP,SB-UP,SB-UP-PADL,NR,0,0
PAE,PALANA,Rajasthan,RJ,SB-RJ,SB-RJ-PAE,IR,0,4
PAGM,Pennada Agraharam,Andhra Pradesh,AP,SB-AP,SB-AP-PAGM,SCR,0,0
PAHB,PURA HALT,Bihar,BR,SB-BR,SB-BR-PAHB,IR,0,9
PAI,PABAI,Madhya Pradesh,MP,SB-MP,SB-MP-PAI,IR,0,2
PAIL,PALI A,Bihar,BR,SB-BR,SB-BR-PAIL,IR,0,8
PAJ,PARAJ,West Bengal,WB,SB-WB,SB-WB-PAJ,IR,0,26
PAK,PAKALA JN,Andhra Pradesh,AP,SB-AP,SB-AP-PAK,IR,0,58
PAKI,PAWAKHALI,Bihar,BR,SB-BR,SB-BR-PAKI,IR,0,2
PAL,PALASNER,Madhya Pradesh,MP,SB-MP,SB-MP-PAL,WCR,0,4
PALI,Pali,Rajasthan,RJ,SB-RJ,SB-RJ-PALI,NWR,0,0
PALM,PALAIYAM,Tamil Nadu,TN,SB-TN,SB-TN-PALM,SR,0,2
PALR,PALUR,Tamil Nadu,TN,SB-TN,SB-TN-PALR,SR,0,38
PAM,PANAPAKAM,Andhra Pradesh,AP,SB-AP,SB-AP-PAM,IR,0,9
PAN,PANAGARH,West Bengal,WB,SB-WB,SB-WB-PAN,ER,1,58
PANP,PANDAVAPURA,Karnataka,KA,SB-KA,SB-KA-PANP,SWR,0,36
PAO,PANOLI,Gujarat,GJ,SB-GJ,SB-GJ-PAO,IR,0,18
PAP,Pithapuram,Andhra Pradesh,AP,SB-AP,SB-AP-PAP,IR,0,28
PAPM,PALAT POTARAM,Andhra Pradesh,AP,SB-AP,SB-AP-PAPM,SCR,0,0
PAQ,PADIYA NAQLA,Uttarakhand,UK,SB-UK,SB-UK-PAQ,NER,0,4
PAR,PANDHURNA,Madhya Pradesh,MP,SB-MP,SB-MP-PAR,CR,1,36
PARD,PATHRAD,Maharashtra,MH,SB-MH,SB-MH-PARD,SCR,0,12
PARH,PARAKHEDA,Madhya Pradesh,MP,SB-MP,SB-MP-PARH,WCR,0,4
PAS,PASUR,Tamil Nadu,TN,SB-TN,SB-TN-PAS,SR,0,9
PASA,PARASHSHALA,Kerala,KL,SB-KL,SB-KL-PASA,SR,0,24
PASG,Panisagar,Tripura,TR,SB-TR,SB-TR-PASG,NFR,0,4
PASR,PANDURANGA SWAMY ROAD,Karnataka,KA,SB-KA,SB-KA-PASR,IR,0,4
PATA,PATA,Uttar Pradesh,UP,SB-UP,SB-UP-PATA,IR,0,10
PATI,PARSA TEWARI,Uttar Pradesh,UP,SB-UP,SB-UP-PATI,IR,0,6
PATL,PATEL HALT,Bihar,BR,SB-BR,SB-BR-PATL,IR,0,9
PATM,PATAM HALT,Bihar,BR,SB-BR,SB-BR-PATM,IR,0,12
PATR,Paramjeevar Tarajeevar,Bihar,BR,SB-BR,SB-BR-PATR,IR,0,4
PAU,Purna Junction,Maharashtra,MH,SB-MH,SB-MH-PAU,SCR,0,126
PAV,Pedana,Andhra Pradesh,AP,SB-AP,SB-AP-PAV,SCR,0,24
PAVI,Pavi,Gujarat,GJ,SB-GJ,SB-GJ-PAVI,WR,0,13
PAVP,PEDDA AVUTAPALE,Uttar Pradesh,UP,SB-UP,SB-UP-PAVP,NR,0,0
PAW,PANDABESWAR,West Bengal,WB,SB-WB,SB-WB-PAW,ER,0,20
PAX,PATTI,Punjab,PB,SB-PB,SB-PB-PAX,IR,0,8
PAY,PAYYANUR,Kerala,KL,SB-KL,SB-KL-PAY,SR,0,60
PAZ,PAYANGADI,Kerala,KL,SB-KL,SB-KL-PAZ,SR,0,21
PB,Puntamba,Maharashtra,MH,SB-MH,SB-MH-PB,IR,0,7
PBA,PIARDOBA,West Bengal,WB,SB-WB,SB-WB-PBA,SER,0,16
PBB,PARBATONIA,Odisha,OD,SB-OD,SB-OD-PBB,IR,0,4
PBC,PARVATSAR CITY,Rajasthan,RJ,SB-RJ,SB-RJ-PBC,IR,0,2
PBD,PEDABRAMADVAM,Uttar Pradesh,UP,SB-UP,SB-UP-PBD,NR,0,0
PBE,Pilibhit Junction,Uttar Pradesh,UP,SB-UP,SB-UP-PBE,NER,0,52
PBH,PARTAPGARH JN,Uttar Pradesh,UP,SB-UP,SB-UP-PBH,NR,0,0
PBJM,Pabnawa Jasmahinder Halt,Haryana,HR,SB-HR,SB-HR-PBJM,NR,0,5
PBKS,PAMBA KOVIL SHANDY,Tamil Nadu,TN,SB-TN,SB-TN-PBKS,IR,0,12
PBL,Pathsala,Assam,AS,SB-AS,SB-AS-PBL,NFR,0,18
PBM,Pamban Junction,Tamil Nadu,TN,SB-TN,SB-TN-PBM,SR,0,12
PBN,Parbhani Junction,Maharashtra,MH,SB-MH,SB-MH-PBN,SCR,0,91
PBP,PEMBARTI,Telangana,TS,SB-TS,SB-TS-PBP,IR,0,4
PBQ,Pathardih Bazar,Uttar Pradesh,UP,SB-UP,SB-UP-PBQ,NR,0,0
PBR,Porbandar,Gujarat,GJ,SB-GJ,SB-GJ-PBR,WR,0,31
PBS,Purab Sarai,Bihar,BR,SB-BR,SB-BR-PBS,ER,0,0
PBV,Paliba,Odisha,OD,SB-OD,SB-OD-PBV,ECOR,0,2
PBW,PANTNAGAR,Uttarakhand,UK,SB-UK,SB-UK-PBW,NER,0,14
PBZ,PORABAZAR,West Bengal,WB,SB-WB,SB-WB-PBZ,IR,0,56
PC,Pachora Junction,Maharashtra,MH,SB-MH,SB-MH-PC,CR,1,30
PCAB,PCAB,Uttar Pradesh,UP,SB-UP,SB-UP-PCAB,NR,0,0
PCC,Prachi Road Junction,Gujarat,GJ,SB-GJ,SB-GJ-PCC,WR,0,4
PCD,PATTAKKUDI,Tamil Nadu,TN,SB-TN,SB-TN-PCD,IR,0,4
PCDR,PANCHDEORI HALT,Uttar Pradesh,UP,SB-UP,SB-UP-PCDR,IR,0,2
PCF,PENCHI,Uttar Pradesh,UP,SB-UP,SB-UP-PCF,NR,0,0
PCH,PACHHAPUR,Karnataka,KA,SB-KA,SB-KA-PCH,SWR,0,12
PCHA,,Rajasthan,RJ,SB-RJ,SB-RJ-PCHA,IR,0,4
PCK,PACHRUKHI,Bihar,BR,SB-BR,SB-BR-PCK,IR,0,14
PCKM,PACHACHAKUPAM,Tamil Nadu,TN,SB-TN,SB-TN-PCKM,IR,0,2
PCL,Pulicherla,Andhra Pradesh,AP,SB-AP,SB-AP-PCL,SCR,0,2
PCLI,Palachauri,Madhya Pradesh,MP,SB-MP,SB-MP-PCLI,CR,0,6
PCLM,PANCHALAM,Uttar Pradesh,UP,SB-UP,SB-UP-PCLM,NR,0,0
PCLS,PCLS,Uttar Pradesh,UP,SB-UP,SB-UP-PCLS,NR,0,0
PCM,PAVURCHATRAM,Tamil Nadu,TN,SB-TN,SB-TN-PCM,IR,0,17
PCMK,Pacharmalikpura,Rajasthan,RJ,SB-RJ,SB-RJ-PCMK,NWR,0,6
PCN,PANCH PIPILA,Madhya Pradesh,MP,SB-MP,SB-MP-PCN,IR,0,11
PCO,Palayankottai,Tamil Nadu,TN,SB-TN,SB-TN-PCO,SR,0,12
PCOI,PRAYAGRAJ CHHEOKI,Uttar Pradesh,UP,SB-UP,SB-UP-PCOI,NCR,1,154
PCP,PALSAP,Maharashtra,MH,SB-MH,SB-MH-PCP,CR,0,0
PCQ,PICHKURIRDHAL,West Bengal,WB,SB-WB,SB-WB-PCQ,IR,0,16
PCR,PANCHRA,West Bengal,WB,SB-WB,SB-WB-PCR,ER,0,12
PCT,PANCHTALAVDA ROAD,Gujarat,GJ,SB-GJ,SB-GJ-PCT,WR,0,4
PCU,PUTLACHERUVU,Andhra Pradesh,AP,SB-AP,SB-AP-PCU,SCR,0,9
PCV,Palakkodu,Tamil Nadu,TN,SB-TN,SB-TN-PCV,SWR,0,8
PCW,Perambur Carriage Works,Tamil Nadu,TN,SB-TN,SB-TN-PCW,SR,0,218
PCX,Pagla Chandi,West Bengal,WB,SB-WB,SB-WB-PCX,ER,0,30
PCY,PIPAR CITY,Rajasthan,RJ,SB-RJ,SB-RJ-PCY,IR,0,2
PCZ,Pocharam,Andhra Pradesh,AP,SB-AP,SB-AP-PCZ,SCR,0,6
PD,PHARADAHAN,Uttar Pradesh,UP,SB-UP,SB-UP-PD,NER,0,8
PDA,PUNDOOAH,West Bengal,WB,SB-WB,SB-WB-PDA,IR,0,71
PDD,Padubidri,Karnataka,KA,SB-KA,SB-KA-PDD,KR,0,4
PDE,Pindrai,Madhya Pradesh,MP,SB-MP,SB-MP-PDE,SECR,0,10
PDF,PADAMPUR,Gujarat,GJ,SB-GJ,SB-GJ-PDF,IR,0,2
PDG,PARADGAON,Maharashtra,MH,SB-MH,SB-MH-PDG,SCR,0,7
PDGL,PONDUGULA,Telangana,TS,SB-TS,SB-TS-PDGL,IR,0,3
PDGM,PUDUNAGARAM,Kerala,KL,SB-KL,SB-KL-PDGM,IR,0,4
PDGN,PADHEGAON,Maharashtra,MH,SB-MH,SB-MH-PDGN,IR,0,2
PDGP,PDGM GANESHPURA,Gujarat,GJ,SB-GJ,SB-GJ-PDGP,IR,0,2
PDH,PADADHARI,Gujarat,GJ,SB-GJ,SB-GJ-PDH,WR,0,6
PDI,PALASDARI,Maharashtra,MH,SB-MH,SB-MH-PDI,IR,0,34
PDJ,PHIDING,Assam,AS,SB-AS,SB-AS-PDJ,IR,0,2
PDKM,Pethanaickenpalayam,Tamil Nadu,TN,SB-TN,SB-TN-PDKM,SR,0,6
PDKN,PEDAKAKANI HALT,Andhra Pradesh,AP,SB-AP,SB-AP-PDKN,IR,0,14
PDKT,Pudukkottai,Tamil Nadu,TN,SB-TN,SB-TN-PDKT,SR,0,37
PDL,PENDEKALLU,Andhra Pradesh,AP,SB-AP,SB-AP-PDL,SCR,0,12
PDMA,PADMA,Jharkhand,JH,SB-JH,SB-JH-PDMA,IR,0,4
PDNA,PEDDADINNE,Andhra Pradesh,AP,SB-AP,SB-AP-PDNA,IR,0,5
PDNR,PADNUR,Karnataka,KA,SB-KA,SB-KA-PDNR,SWR,0,8
PDO,PUDURU,Andhra Pradesh,AP,SB-AP,SB-AP-PDO,IR,0,5
PDP,PADSE,Maharashtra,MH,SB-MH,SB-MH-PDP,IR,0,6
PDPH,Padapahar Junction,Jharkhand,JH,SB-JH,SB-JH-PDPH,SER,0,0
PDPK,PADMAPUKAR,West Bengal,WB,SB-WB,SB-WB-PDPK,SER,0,5
PDPL,Peddapalli,Telangana,TS,SB-TS,SB-TS-PDPL,IR,0,61
PDPR,Purandarpur,Uttar Pradesh,UP,SB-UP,SB-UP-PDPR,NER,0,6
PDQ,PADLA,Rajasthan,RJ,SB-RJ,SB-RJ-PDQ,NWR,0,2
PDR,Payagpur,Uttar Pradesh,UP,SB-UP,SB-UP-PDR,NER,0,10
PDRA,Padra,Gujarat,GJ,SB-GJ,SB-GJ-PDRA,WR,0,0
PDRD,PINDRA ROAD,Uttar Pradesh,UP,SB-UP,SB-UP-PDRD,IR,0,4
PDS,Pindarsi,Haryana,HR,SB-HR,SB-HR-PDS,NR,0,5
PDSN,Peddasana,Andhra Pradesh,AP,SB-AP,SB-AP-PDSN,ECOR,0,4
PDT,PENDURTI,Andhra Pradesh,AP,SB-AP,SB-AP-PDT,IR,0,34
PDU,PONDURU,Andhra Pradesh,AP,SB-AP,SB-AP-PDU,IR,0,14
PDV,pandaravadai,Tamil Nadu,TN,SB-TN,SB-TN-PDV,SR,0,8
PDW,PANDAUL,Bihar,BR,SB-BR,SB-BR-PDW,IR,0,20
PDWA,PINDWARA,Rajasthan,RJ,SB-RJ,SB-RJ-PDWA,NWR,1,49
PDX,Payradanga,West Bengal,WB,SB-WB,SB-WB-PDX,ER,0,116
PDY,Puducherry,Puducherry,PY,SB-PY,SB-PY-PDY,SR,0,30
PDZ,PILIODA,Rajasthan,RJ,SB-RJ,SB-RJ-PDZ,WCR,0,10
PEA,PETTAI,Tamil Nadu,TN,SB-TN,SB-TN-PEA,IR,0,8
PEC,Pencharthal,Tripura,TR,SB-TR,SB-TR-PEC,NFR,0,6
PED,Pipardahi,Madhya Pradesh,MP,SB-MP,SB-MP-PED,SECR,0,4
PEE,Paterhi,Bihar,BR,SB-BR,SB-BR-PEE,NER,0,6
PEH,Pathardih Junction,Jharkhand,JH,SB-JH,SB-JH-PEH,ECR,0,4
PEI,PERANI,Tamil Nadu,TN,SB-TN,SB-TN-PEI,IR,0,2
PEL,POLIREDDIPALEM,Andhra Pradesh,AP,SB-AP,SB-AP-PEL,IR,0,6
PEM,Peralam Jn,Tamil Nadu,TN,SB-TN,SB-TN-PEM,IR,0,22
PEN,PEN,Maharashtra,MH,SB-MH,SB-MH-PEN,CR,0,73
PEP,Phephna Junction,Rajasthan,RJ,SB-RJ,SB-RJ-PEP,IR,0,19
PER,Perambur,Tamil Nadu,TN,SB-TN,SB-TN-PER,SR,1,344
PERN,Pernem,Goa,GA,SB-GA,SB-GA-PERN,KR,0,14
PES,PHESAR,Bihar,BR,SB-BR,SB-BR-PES,IR,0,18
PETA,Pandetola,Bihar,BR,SB-BR,SB-BR-PETA,IR,0,6
PEU,PERSSANNUR,Kerala,KL,SB-KL,SB-KL-PEU,SR,0,0
PEW,Perambur Loco Works,Tamil Nadu,TN,SB-TN,SB-TN-PEW,SR,0,217
PFL,PIPRALA,Gujarat,GJ,SB-GJ,SB-GJ-PFL,WR,0,2
PFM,Phaphamau Junction,Uttar Pradesh,UP,SB-UP,SB-UP-PFM,NR,0,31
PFMA,PFMA,Uttar Pradesh,UP,SB-UP,SB-UP-PFMA,NR,0,0
PFR,PACHOR ROAD,Madhya Pradesh,MP,SB-MP,SB-MP-PFR,IR,0,18
PFT,Pothahi,Bihar,BR,SB-BR,SB-BR-PFT,ECR,0,27
PFU,Padua,Odisha,OD,SB-OD,SB-OD-PFU,ECOR,0,2
PG,PERGAON,Maharashtra,MH,SB-MH,SB-MH-PG,SCR,0,6
PGA,PAGARA,Madhya Pradesh,MP,SB-MP,SB-MP-PGA,IR,0,14
PGC,Panchgachia,Bihar,BR,SB-BR,SB-BR-PGC,ECR,0,16
PGDI,Pagidirai Halt,Andhra Pradesh,AP,SB-AP,SB-AP-PGDI,IR,0,2
PGDP,PAGIDIPALLI,Uttar Pradesh,UP,SB-UP,SB-UP-PGDP,NR,0,0
PGG,PENGANGA,Maharashtra,MH,SB-MH,SB-MH-PGG,SCR,0,0
PGI,Parappanangadi,Kerala,KL,SB-KL,SB-KL-PGI,SR,0,43
PGK,Pili Bangan,Rajasthan,RJ,SB-RJ,SB-RJ-PGK,NWR,0,26
PGL,PAGDHAL,Madhya Pradesh,MP,SB-MP,SB-MP-PGL,WCR,0,4
PGMD,PRAGATI MAIDAN,Delhi,DL,SB-DL,SB-DL-PGMD,IR,0,1
PGN,PERUGAMANI,Tamil Nadu,TN,SB-TN,SB-TN-PGN,SR,0,9
PGP,Panduranga Pura,Andhra Pradesh,AP,SB-AP,SB-AP-PGP,SCR,0,0
PGR,PUGALUR,Tamil Nadu,TN,SB-TN,SB-TN-PGR,SR,0,19
PGRL,PIDUGURALLA,Andhra Pradesh,AP,SB-AP,SB-AP-PGRL,IR,0,41
PGT,Palakkad Junction,Kerala,KL,SB-KL,SB-KL-PGT,IR,0,173
PGTN,Palakkad Town,Kerala,KL,SB-KL,SB-KL-PGTN,SR,0,16
PGU,PADUGUPADU,Andhra Pradesh,AP,SB-AP,SB-AP-PGU,IR,0,6
PGW,Phagwara Junction,Punjab,PB,SB-PB,SB-PB-PGW,IR,0,100
PGZ,PERUNGUZHI,Kerala,KL,SB-KL,SB-KL-PGZ,IR,0,5
PH,Panoh,Himachal Pradesh,HP,SB-HP,SB-HP-PH,IR,0,6
PHA,PATHARIA,Madhya Pradesh,MP,SB-MP,SB-MP-PHA,IR,0,30
PHC,PANCHOT,Gujarat,GJ,SB-GJ,SB-GJ-PHC,WR,0,0
PHD,Phaphund,Uttar Pradesh,UP,SB-UP,SB-UP-PHD,IR,0,40
PHE,PAHALEJA HALT,Bihar,BR,SB-BR,SB-BR-PHE,IR,0,8
PHI,Panikhaiti,Assam,AS,SB-AS,SB-AS-PHI,NFR,0,6
PHK,PUNARAKH,Bihar,BR,SB-BR,SB-BR-PHK,IR,0,22
PHLG,PHLG,Uttar Pradesh,UP,SB-UP,SB-UP-PHLG,NR,0,0
PHM,Patapatnam,Andhra Pradesh,AP,SB-AP,SB-AP-PHM,ECOR,0,7
PHN,POKHRAYAN,Uttar Pradesh,UP,SB-UP,SB-UP-PHN,IR,0,50
PHOP,PHOOP,Madhya Pradesh,MP,SB-MP,SB-MP-PHOP,IR,0,4
PHQ,PARDHANDE,Maharashtra,MH,SB-MH,SB-MH-PHQ,IR,0,4
PHR,Phillaur Junction,Punjab,PB,SB-PB,SB-PB-PHR,IR,0,48
PHRH,PANCH RUKHI,Himachal Pradesh,HP,SB-HP,SB-HP-PHRH,NR,0,11
PHS,Ferozeshah,Punjab,PB,SB-PB,SB-PB-PHS,NR,0,11
PHU,Pahur,Maharashtra,MH,SB-MH,SB-MH-PHU,CR,0,0
PHV,PIRTHIGANJ,Haryana,HR,SB-HR,SB-HR-PHV,IR,0,4
PHVP,PHVP,Uttar Pradesh,UP,SB-UP,SB-UP-PHVP,NR,0,0
PHWR,Pehowa Road,Haryana,HR,SB-HR,SB-HR-PHWR,NR,0,8
PHX,PATHAKPUR,Uttar Pradesh,UP,SB-UP,SB-UP-PHX,NR,0,5
PHY,PHARIHA,Uttar Pradesh,UP,SB-UP,SB-UP-PHY,IR,0,4
PI,PADLI,Maharashtra,MH,SB-MH,SB-MH-PI,IR,0,2
PIA,PIPRAIGAON,Madhya Pradesh,MP,SB-MP,SB-MP-PIA,IR,0,20
PIC,PARICHA,Uttar Pradesh,UP,SB-UP,SB-UP-PIC,IR,0,4
PIGT,PILIGHAT,Madhya Pradesh,MP,SB-MP,SB-MP-PIGT,IR,0,12
PIH,Parhihara,Rajasthan,RJ,SB-RJ,SB-RJ-PIH,NWR,0,8
PIJ,Pij,Gujarat,GJ,SB-GJ,SB-GJ-PIJ,WR,0,0
PIL,Piler,Andhra Pradesh,AP,SB-AP,SB-AP-PIL,SCR,0,22
PIO,PILOL,Gujarat,GJ,SB-GJ,SB-GJ-PIO,IR,0,6
PIP,Piplia,Madhya Pradesh,MP,SB-MP,SB-MP-PIP,WR,0,22
PIRO,Piro,Bihar,BR,SB-BR,SB-BR-PIRO,ECR,0,14
PIS,Piska,Jharkhand,JH,SB-JH,SB-JH-PIS,SER,0,12
PIT,Palitana,Gujarat,GJ,SB-GJ,SB-GJ-PIT,WR,0,8
PIZ,PINGLI,Maharashtra,MH,SB-MH,SB-MH-PIZ,SCR,0,16
PJ,Peppeganj,Uttar Pradesh,UP,SB-UP,SB-UP-PJ,NER,0,28
PJA,PAJIAN,Punjab,PB,SB-PB,SB-PB-PJA,NR,0,20
PJB,PANIAJOB,Chhattisgarh,CG,SB-CG,SB-CG-PJB,IR,0,10
PJGM,PANJGAM,Jammu and Kashmir,JK,SB-JK,SB-JK-PJGM,IR,0,12
PJH,Pirjhalar,Madhya Pradesh,MP,SB-MP,SB-MP-PJH,WR,0,8
PJK,PANJ KOSI,Rajasthan,RJ,SB-RJ,SB-RJ-PJK,NR,0,8
PJLE,Panjwara Road,Bihar,BR,SB-BR,SB-BR-PJLE,ER,0,6
PJN,PANJHAN,Uttar Pradesh,UP,SB-UP,SB-UP-PJN,NR,0,0
PJP,PANJIPARA,Bihar,BR,SB-BR,SB-BR-PJP,IR,0,10
PJPI,PRAJAPATI HALT,Uttar Pradesh,UP,SB-UP,SB-UP-PJPI,NR,0,0
PJPT,PRAJAPATI(HALT),Bihar,BR,SB-BR,SB-BR-PJPT,IR,0,6
PJR,PANGRI,Maharashtra,MH,SB-MH,SB-MH-PJR,CR,0,2
PJY,PARA JANI HALT,Uttar Pradesh,UP,SB-UP,SB-UP-PJY,IR,0,8
PK,PAKNI,Maharashtra,MH,SB-MH,SB-MH-PK,IR,0,4
PKA,PRADHANKHUNTA,Jharkhand,JH,SB-JH,SB-JH-PKA,IR,0,22
PKB,Patharkhola S,Assam,AS,SB-AS,SB-AS-PKB,NFR,0,4
PKBS,Peeplee-ka-bas,Rajasthan,RJ,SB-RJ,SB-RJ-PKBS,NWR,0,5
PKC,PAKRA,Odisha,OD,SB-OD,SB-OD-PKC,IR,0,6
PKD,Penukonda,Andhra Pradesh,AP,SB-AP,SB-AP-PKD,IR,0,21
PKDE,PILU KHERA,Haryana,HR,SB-HR,SB-HR-PKDE,NR,0,6
PKE,PIMPAR KHED,Uttar Pradesh,UP,SB-UP,SB-UP-PKE,NR,0,0
PKEO,PANSKURA EAST OUTER,Uttar Pradesh,UP,SB-UP,SB-UP-PKEO,NR,0,0
PKF,POKLA,Odisha,OD,SB-OD,SB-OD-PKF,IR,0,10
PKGM,Phakhoagram,Assam,AS,SB-AS,SB-AS-PKGM,NFR,0,4
PKK,PAKKI,Punjab,PB,SB-PB,SB-PB-PKK,NR,0,12
PKL,PAPINAYAKNAHALI,Karnataka,KA,SB-KA,SB-KA-PKL,SWR,0,0
PKM,Periyanaikanpalayam,Tamil Nadu,TN,SB-TN,SB-TN-PKM,SR,0,10
PKNA,PAKHNA,Uttar Pradesh,UP,SB-UP,SB-UP-PKNA,NCR,0,4
PKNS,POKHARNI NARASIMHA,Maharashtra,MH,SB-MH,SB-MH-PKNS,SCR,0,10
PKO,Palakollu,Andhra Pradesh,AP,SB-AP,SB-AP-PKO,SCR,0,34
PKP,Pallikkara,Kerala,KL,SB-KL,SB-KL-PKP,SR,0,0
PKPU,PEDDAKURAPADU,Andhra Pradesh,AP,SB-AP,SB-AP-PKPU,IR,0,4
PKQ,Pattikkad,Kerala,KL,SB-KL,SB-KL-PKQ,SR,0,15
PKR,PAKUR,West Bengal,WB,SB-WB,SB-WB-PKR,IR,0,70
PKRA,PARSA KHERA,Uttar Pradesh,UP,SB-UP,SB-UP-PKRA,NR,0,0
PKRD,PAKARA ROAD,Madhya Pradesh,MP,SB-MP,SB-MP-PKRD,WCR,0,6
PKRH,Parsa Kerwan Halt,Bihar,BR,SB-BR,SB-BR-PKRH,IR,0,6
PKT,Pattukottai,Tamil Nadu,TN,SB-TN,SB-TN-PKT,SR,0,14
PKU,Panskura,West Bengal,WB,SB-WB,SB-WB-PKU,IR,1,160
PKW,Pilkhua,Uttar Pradesh,UP,SB-UP,SB-UP-PKW,IR,0,34
PKX,PAKHRULI,Uttar Pradesh,UP,SB-UP,SB-UP-PKX,IR,0,2
PKY,PILKHANI,Haryana,HR,SB-HR,SB-HR-PKY,IR,0,6
PKZ,PIPLI PAKHI KALAN,Punjab,PB,SB-PB,SB-PB-PKZ,NR,0,6
PL,Lower Parel,Maharashtra,MH,SB-MH,SB-MH-PL,WR,0,0
PLA,Palia,Madhya Pradesh,MP,SB-MP,SB-MP-PLA,WR,0,12
PLAE,PALSIT,West Bengal,WB,SB-WB,SB-WB-PLAE,IR,0,52
PLC,Phalodi,Rajasthan,RJ,SB-RJ,SB-RJ-PLC,NWR,0,0
PLCJ,PHALODI JN,Rajasthan,RJ,SB-RJ,SB-RJ-PLCJ,NWR,0,30
PLD,PALDHI,Maharashtra,MH,SB-MH,SB-MH-PLD,IR,0,6
PLE,PIPLEE,Gujarat,GJ,SB-GJ,SB-GJ-PLE,IR,0,2
PLF,Piali,West Bengal,WB,SB-WB,SB-WB-PLF,ER,0,64
PLG,Palghar,Maharashtra,MH,SB-MH,SB-MH-PLG,WR,0,139
PLGH,PALIGARH,Uttar Pradesh,UP,SB-UP,SB-UP-PLGH,IR,0,6
PLH,Parlakhemundi,Odisha,OD,SB-OD,SB-OD-PLH,ECOR,0,8
PLHL,PALLAHALLI HALT,Uttar Pradesh,UP,SB-UP,SB-UP-PLHL,NR,0,0
PLHW,PALHAWAS,Haryana,HR,SB-HR,SB-HR-PLHW,IR,0,6
PLI,PETTAIVAYATALAI,Tamil Nadu,TN,SB-TN,SB-TN-PLI,SR,0,11
PLJ,PALEJ,Gujarat,GJ,SB-GJ,SB-GJ-PLJ,IR,0,23
PLJE,PHULWARTANR,Jharkhand,JH,SB-JH,SB-JH-PLJE,IR,0,10
PLK,PALIA KALAN,Uttar Pradesh,UP,SB-UP,SB-UP-PLK,NER,0,6
PLL,Parli,Kerala,KL,SB-KL,SB-KL-PLL,IR,0,10
PLLD,PHALTAN,Maharashtra,MH,SB-MH,SB-MH-PLLD,IR,0,4
PLM,PANELI MOTI,Gujarat,GJ,SB-GJ,SB-GJ-PLM,WR,0,10
PLMD,Pilamedu(Coimbatore),Tamil Nadu,TN,SB-TN,SB-TN-PLMD,IR,0,10
PLMG,PULIYAMANGALAM,Tamil Nadu,TN,SB-TN,SB-TN-PLMG,IR,0,73
PLMX,PALAMPUR HIMACHAL,Himachal Pradesh,HP,SB-HP,SB-HP-PLMX,NR,0,11
PLNI,Palani,Tamil Nadu,TN,SB-TN,SB-TN-PLNI,IR,0,18
PLO,Pulgaon Junction,Maharashtra,MH,SB-MH,SB-MH-PLO,IR,1,35
PLP,Phulpur,Uttar Pradesh,UP,SB-UP,SB-UP-PLP,NR,0,20
PLPM,Palappuram,Kerala,KL,SB-KL,SB-KL-PLPM,IR,0,0
PLRD,PADALIYA ROAD,Gujarat,GJ,SB-GJ,SB-GJ-PLRD,IR,0,9
PLS,Pipalsana,Uttar Pradesh,UP,SB-UP,SB-UP-PLS,NER,0,16
PLSG,Palasingi,Andhra Pradesh,AP,SB-AP,SB-AP-PLSG,ECOR,0,4
PLSN,Palsana,Rajasthan,RJ,SB-RJ,SB-RJ-PLSN,NWR,0,18
PLT,Pirthala Llauda,Haryana,HR,SB-HR,SB-HR-PLT,NR,0,6
PLU,PATAKOTTACHERU,Andhra Pradesh,AP,SB-AP,SB-AP-PLU,IR,0,4
PLV,PALSI,Maharashtra,MH,SB-MH,SB-MH-PLV,CR,0,2
PLVA,PALLEVADA,Andhra Pradesh,AP,SB-AP,SB-AP-PLVA,SCR,0,6
PLVR,PALAM VIHAR HALT,Uttar Pradesh,UP,SB-UP,SB-UP-PLVR,NR,0,0
PLW,PINGLESHWAR,Madhya Pradesh,MP,SB-MP,SB-MP-PLW,IR,0,6
PLWR,Phulwaria,Uttar Pradesh,UP,SB-UP,SB-UP-PLWR,NER,0,2
PLY,Plassey,West Bengal,WB,SB-WB,SB-WB-PLY,ER,0,36
PM,Palam,Delhi,DL,SB-DL,SB-DL-PM,NR,0,39
PMB,PULLAMBADI,Tamil Nadu,TN,SB-TN,SB-TN-PMB,IR,0,6
PMD,PAMIDI,Andhra Pradesh,AP,SB-AP,SB-AP-PMD,IR,0,2
PMDB,PAMIDI,Uttar Pradesh,UP,SB-UP,SB-UP-PMDB,NR,0,0
PMGN,Pimpalgaon,Maharashtra,MH,SB-MH,SB-MH-PMGN,CR,0,0
PMH,Parao Mahna,Punjab,PB,SB-PB,SB-PB-PMH,NR,0,8
PMI,PAIMAR,Bihar,BR,SB-BR,SB-BR-PMI,ECR,0,14
PMK,Paramakkudi,Tamil Nadu,TN,SB-TN,SB-TN-PMK,SR,0,32
PMKT,PIMPALKHUTI,Maharashtra,MH,SB-MH,SB-MH-PMKT,CR,0,5
PML,Papanasam,Tamil Nadu,TN,SB-TN,SB-TN-PML,SR,0,34
PMM,PARSEHRA MAL,Uttar Pradesh,UP,SB-UP,SB-UP-PMM,NER,0,8
PMN,PAMAN,Uttar Pradesh,UP,SB-UP,SB-UP-PMN,IR,0,4
PMO,Pandoli,Rajasthan,RJ,SB-RJ,SB-RJ-PMO,NWR,0,8
PMP,Pimpri,Maharashtra,MH,SB-MH,SB-MH-PMP,IR,0,44
PMPE,PAMPORA,Jammu and Kashmir,JK,SB-JK,SB-JK-PMPE,IR,0,12
PMPR,PAMPORE,Uttar Pradesh,UP,SB-UP,SB-UP-PMPR,IR,0,4
PMQ,Parna Nand,Punjab,PB,SB-PB,SB-PB-PMQ,NR,0,12
PMR,PITAMBARPUR,Uttar Pradesh,UP,SB-UP,SB-UP-PMR,IR,0,13
PMS,PARMALKASA,Chhattisgarh,CG,SB-CG,SB-CG-PMS,IR,0,14
PMT,PULLAMPET,Andhra Pradesh,AP,SB-AP,SB-AP-PMT,IR,0,4
PMU,PARMANANDPUR,Bihar,BR,SB-BR,SB-BR-PMU,IR,0,13
PMY,Pali Marwar,Rajasthan,RJ,SB-RJ,SB-RJ-PMY,NWR,0,59
PMYA,PARMINIYA HALT,Bihar,BR,SB-BR,SB-BR-PMYA,ECR,0,14
PN,PANSAR,Gujarat,GJ,SB-GJ,SB-GJ-PN,WR,0,0
PNB,Panbari,Assam,AS,SB-AS,SB-AS-PNB,NFR,0,4
PNBE,Patna Junction,Bihar,BR,SB-BR,SB-BR-PNBE,IR,1,328
PNC,Patna Saheb,Bihar,BR,SB-BR,SB-BR-PNC,IR,0,114
PNCB,Pancheberia,West Bengal,WB,SB-WB,SB-WB-PNCB,ER,0,45
PND,PENDRA ROAD,Chhattisgarh,CG,SB-CG,SB-CG-PND,IR,0,57
PNDI,PACHANDI,West Bengal,WB,SB-WB,SB-WB-PNDI,IR,0,8
PNDM,PENNADAM,Tamil Nadu,TN,SB-TN,SB-TN-PNDM,IR,0,14
PNDP,PANDILLAPALLI,Andhra Pradesh,AP,SB-AP,SB-AP-PNDP,SCR,0,4
PNDR,PANDORI,Gujarat,GJ,SB-GJ,SB-GJ-PNDR,IR,0,16
PNE,PRANTIK,West Bengal,WB,SB-WB,SB-WB-PNE,IR,0,28
PNF,PANGAON,Maharashtra,MH,SB-MH,SB-MH-PNF,SCR,0,10
PNGI,Panangudi,Tamil Nadu,TN,SB-TN,SB-TN-PNGI,SR,0,2
PNGM,Panchgram,Assam,AS,SB-AS,SB-AS-PNGM,NFR,0,6
PNGR,PINGORA,Rajasthan,RJ,SB-RJ,SB-RJ-PNGR,WCR,0,6
PNHI,PANHAI,Uttar Pradesh,UP,SB-UP,SB-UP-PNHI,NCR,0,4
PNHR,PANIHAR,Madhya Pradesh,MP,SB-MP,SB-MP-PNHR,WCR,0,2
PNI,PURAINI,Uttarakhand,UK,SB-UK,SB-UK-PNI,IR,0,4
PNJ,Padriganj,Madhya Pradesh,MP,SB-MP,SB-MP-PNJ,SECR,0,6
PNK,Panki,Uttar Pradesh,UP,SB-UP,SB-UP-PNK,IR,0,0
PNKD,PANKI DHAM,Uttar Pradesh,UP,SB-UP,SB-UP-PNKD,IR,0,16
PNM,PANYAM,Andhra Pradesh,AP,SB-AP,SB-AP-PNM,IR,0,8
PNME,Parasnath Station,Jharkhand,JH,SB-JH,SB-JH-PNME,ECR,1,83
PNP,Panipat Junction,Haryana,HR,SB-HR,SB-HR-PNP,IR,0,109
PNPI,PURUNAPANI,Odisha,OD,SB-OD,SB-OD-PNPI,IR,0,10
PNPL,PANPALI,Madhya Pradesh,MP,SB-MP,SB-MP-PNPL,IR,0,10
PNPN,PANPANA,Odisha,OD,SB-OD,SB-OD-PNPN,IR,0,13
PNPR,PUNNAPURA,Kerala,KL,SB-KL,SB-KL-PNPR,SR,0,7
PNQ,PUNKUNNAM,Kerala,KL,SB-KL,SB-KL-PNQ,IR,0,25
PNRA,PANIARA,Uttar Pradesh,UP,SB-UP,SB-UP-PNRA,NER,0,8
PNS,PILLAMSHAT,Uttar Pradesh,UP,SB-UP,SB-UP-PNS,NR,0,0
PNSA,Punsia,Bihar,BR,SB-BR,SB-BR-PNSA,ER,0,20
PNSD,PANGARSHINDE HALT,Maharashtra,MH,SB-MH,SB-MH-PNSD,IR,0,4
PNSR,PNSR,Uttar Pradesh,UP,SB-UP,SB-UP-PNSR,NR,0,0
PNT,PANITOLA,Assam,AS,SB-AS,SB-AS-PNT,NFR,0,2
PNTR,PENNATHUR HALT,Tamil Nadu,TN,SB-TN,SB-TN-PNTR,IR,0,5
PNU,Palanpur Junction,Gujarat,GJ,SB-GJ,SB-GJ-PNU,WR,1,131
PNUG,Punpun Ghat Halt,Bihar,BR,SB-BR,SB-BR-PNUG,?,0,23
PNV,PANEVADI,Maharashtra,MH,SB-MH,SB-MH-PNV,IR,0,4
PNVL,Panvel,Maharashtra,MH,SB-MH,SB-MH-PNVL,CR,0,202
PNVT,Pancharatna,Assam,AS,SB-AS,SB-AS-PNVT,NFR,0,4
PNW,PUNDHAG,Jharkhand,JH,SB-JH,SB-JH-PNW,IR,0,18
PNWN,PACHWAN,Madhya Pradesh,MP,SB-MP,SB-MP-PNWN,IR,0,4
PNYA,PANIAHWA,Bihar,BR,SB-BR,SB-BR-PNYA,NER,0,12
PO,PARANGIPETTAI,Tamil Nadu,TN,SB-TN,SB-TN-PO,SR,0,12
POA,Palikona,Andhra Pradesh,AP,SB-AP,SB-AP-POA,SCR,0,14
POE,Pawapuri Road Halt,Bihar,BR,SB-BR,SB-BR-POE,IR,0,20
POF,PIPARSAND,Uttar Pradesh,UP,SB-UP,SB-UP-POF,IR,0,11
POHE,Pohe,Maharashtra,MH,SB-MH,SB-MH-POHE,CR,0,0
POI,PONPADI,Andhra Pradesh,AP,SB-AP,SB-AP-POI,IR,0,6
POK,Pokran,Rajasthan,RJ,SB-RJ,SB-RJ-POK,NWR,0,16
POKL,PEOKOL,Uttar Pradesh,UP,SB-UP,SB-UP-POKL,NER,0,10
POL,PINJRAPOL,Uttar Pradesh,UP,SB-UP,SB-UP-POL,NR,0,0
POM,Punthottam,Tamil Nadu,TN,SB-TN,SB-TN-POM,IR,0,8
PON,Ponneri,Tamil Nadu,TN,SB-TN,SB-TN-PON,IR,0,92
POO,POTLAPADU,Andhra Pradesh,AP,SB-AP,SB-AP-POO,IR,0,2
POR,Pipalda Road,Rajasthan,RJ,SB-RJ,SB-RJ-POR,WCR,0,5
PORA,PORA,Uttar Pradesh,UP,SB-UP,SB-UP-PORA,IR,0,6
POT,Pothia,West Bengal,WB,SB-WB,SB-WB-POT,IR,0,8
POTI,POTHERI HALT,Tamil Nadu,TN,SB-TN,SB-TN-POTI,IR,0,175
POU,Padrauna,Maharashtra,MH,SB-MH,SB-MH-POU,IR,0,20
POX,POLA-PATTHAR,Madhya Pradesh,MP,SB-MP,SB-MP-POX,IR,0,2
POY,Pollachi Junction,Tamil Nadu,TN,SB-TN,SB-TN-POY,IR,0,24
POZ,POTUL,Maharashtra,MH,SB-MH,SB-MH-POZ,SCR,0,10
PP,PURANPUR,Uttar Pradesh,UP,SB-UP,SB-UP-PP,NER,0,14
PPA,PIPRA,Bihar,BR,SB-BR,SB-BR-PPA,ECR,0,25
PPB,Partabpura,Punjab,PB,SB-PB,SB-PB-PPB,NR,0,10
PPC,Pipraich,Uttar Pradesh,UP,SB-UP,SB-UP-PPC,NER,0,21
PPCK,Pipalwali Chowk,Madhya Pradesh,MP,SB-MP,SB-MP-PPCK,NCR,0,6
PPD,Piplod Junction,Gujarat,GJ,SB-GJ,SB-GJ-PPD,IR,0,13
PPDA,PANCHPATIA DEORIA HALT,Bihar,BR,SB-BR,SB-BR-PPDA,IR,0,8
PPDE,PANDU PINDARA,Haryana,HR,SB-HR,SB-HR-PPDE,NR,0,14
PPDI,Pipradih,Bihar,BR,SB-BR,SB-BR-PPDI,IR,0,16
PPE,PAINTEPUR,Uttar Pradesh,UP,SB-UP,SB-UP-PPE,IR,0,4
PPEA,PAPRERA,Rajasthan,RJ,SB-RJ,SB-RJ-PPEA,IR,0,6
PPF,PIPLAJ,Rajasthan,RJ,SB-RJ,SB-RJ-PPF,NWR,0,0
PPG,Piploda Bagla,Madhya Pradesh,MP,SB-MP,SB-MP-PPG,IR,0,16
PPGT,PRINCEP GHAT,West Bengal,WB,SB-WB,SB-WB-PPGT,IR,0,26
PPH,PIPRI DIH,Uttar Pradesh,UP,SB-UP,SB-UP-PPH,NER,0,8
PPI,Pipariya,Madhya Pradesh,MP,SB-MP,SB-MP-PPI,WCR,1,126
PPJ,POPHLAJ,Maharashtra,MH,SB-MH,SB-MH-PPJ,IR,0,1
PPK,Pachpokharia,Bihar,BR,SB-BR,SB-BR-PPK,IR,0,8
PPKD,PAPRAKUND,Uttar Pradesh,UP,SB-UP,SB-UP-PPKD,ECR,0,0
PPLA,PIPLAI,Rajasthan,RJ,SB-RJ,SB-RJ-PPLA,IR,0,2
PPLC,PIMPLA CHAURE HALT,Uttar Pradesh,UP,SB-UP,SB-UP-PPLC,NR,0,0
PPLI,PIPLI,Gujarat,GJ,SB-GJ,SB-GJ-PPLI,WR,0,2
PPM,PHIRANGIPURAM,Andhra Pradesh,AP,SB-AP,SB-AP-PPM,IR,0,6
PPN,Punpun,Bihar,BR,SB-BR,SB-BR-PPN,ECR,0,39
PPNI,PARAS PANI,Uttar Pradesh,UP,SB-UP,SB-UP-PPNI,NR,0,0
PPNS,PAPPINISSERY,Kerala,KL,SB-KL,SB-KL-PPNS,SR,0,6
PPO,PANPOSH,Odisha,OD,SB-OD,SB-OD-PPO,IR,0,9
PPR,Pipar Road Junction,Rajasthan,RJ,SB-RJ,SB-RJ-PPR,IR,0,16
PPRH,PIPARAHAN HALT,Bihar,BR,SB-BR,SB-BR-PPRH,IR,0,8
PPRN,PIPRAN,Uttar Pradesh,UP,SB-UP,SB-UP-PPRN,NR,0,0
PPS,PIPILIYA ROAD,Uttar Pradesh,UP,SB-UP,SB-UP-PPS,NR,0,0
PPT,PIRPAINTI,Bihar,BR,SB-BR,SB-BR-PPT,IR,0,32
PPTA,PATLIPUTRA,Bihar,BR,SB-BR,SB-BR-PPTA,IR,0,106
PPTN,Piprithan,West Bengal,WB,SB-WB,SB-WB-PPTN,IR,0,6
PPTR,PUSHPATTUR,Tamil Nadu,TN,SB-TN,SB-TN-PPTR,IR,0,2
PPU,PIPARPUR,Uttar Pradesh,UP,SB-UP,SB-UP-PPU,NR,0,4
PPV,Pratapganj,Bihar,BR,SB-BR,SB-BR-PPV,ECR,0,12
PPVL,PIRAPPANVALASAI,Tamil Nadu,TN,SB-TN,SB-TN-PPVL,SR,0,0
PPW,Pachperwa,Uttar Pradesh,UP,SB-UP,SB-UP-PPW,NER,0,14
PPY,PAPATAPALLI,Andhra Pradesh,AP,SB-AP,SB-AP-PPY,SCR,0,4
PPZ,PEDDEMPET,Telangana,TS,SB-TS,SB-TS-PPZ,IR,0,4
PQA,Pipla Halt,Maharashtra,MH,SB-MH,SB-MH-PQA,SECR,0,4
PQD,Pranpur Road,Uttar Pradesh,UP,SB-UP,SB-UP-PQD,IR,0,8
PQE,Pawapuri Road,Bihar,BR,SB-BR,SB-BR-PQE,ECR,0,0
PQH,Pindkepar Halt,Maharashtra,MH,SB-MH,SB-MH-PQH,IR,0,9
PQK,PRATAP KHATA,Uttar Pradesh,UP,SB-UP,SB-UP-PQK,NR,0,0
PQL,PINDLAI,Telangana,TS,SB-TS,SB-TS-PQL,IR,0,5
PQM,PAKKAM,Uttar Pradesh,UP,SB-UP,SB-UP-PQM,NR,0,0
PQN,Pariawan Kalakankar Road,Uttar Pradesh,UP,SB-UP,SB-UP-PQN,NR,0,13
PQS,PARK CIRCUS,West Bengal,WB,SB-WB,SB-WB-PQS,IR,0,269
PQT,Puniyavant,Gujarat,GJ,SB-GJ,SB-GJ-PQT,WR,0,10
PQU,PARHANA MAU,Madhya Pradesh,MP,SB-MP,SB-MP-PQU,IR,0,2
PQY,Pabli Khas,Uttar Pradesh,UP,SB-UP,SB-UP-PQY,NR,0,6
PQZ,PUNDIBARI,Uttar Pradesh,UP,SB-UP,SB-UP-PQZ,NR,0,0
PR,MUMBAI PAREL,Maharashtra,MH,SB-MH,SB-MH-PR,CR,0,3
PRAE,PALLA ROAD,West Bengal,WB,SB-WB,SB-WB-PRAE,IR,0,46
PRAR,PAROR,Himachal Pradesh,HP,SB-HP,SB-HP-PRAR,NR,0,11
PRB,PARBATI,Madhya Pradesh,MP,SB-MP,SB-MP-PRB,IR,0,11
PRBG,PRATAP BAGH,Maharashtra,MH,SB-MH,SB-MH-PRBG,IR,0,18
PRBR,PARSA BASUARI HALT,Bihar,BR,SB-BR,SB-BR-PRBR,IR,0,8
PRBZ,Parsa Bazar,Bihar,BR,SB-BR,SB-BR-PRBZ,ECR,0,27
PRCA,PERECHERLA,Andhra Pradesh,AP,SB-AP,SB-AP-PRCA,IR,0,8
PRDG,PORADANGA HALT,West Bengal,WB,SB-WB,SB-WB-PRDG,ER,0,11
PRDH,PIR DULHE SHAH HALT,Uttar Pradesh,UP,SB-UP,SB-UP-PRDH,NR,0,0
PRDL,Paradol,Madhya Pradesh,MP,SB-MP,SB-MP-PRDL,SECR,0,6
PRDP,Paradip,Odisha,OD,SB-OD,SB-OD-PRDP,ECOR,0,12
PRDT,Proddatur,Andhra Pradesh,AP,SB-AP,SB-AP-PRDT,IR,0,10
PRE,PAHARA,Uttar Pradesh,UP,SB-UP,SB-UP-PRE,IR,0,6
PRES,Pattabiram East Depot,Tamil Nadu,TN,SB-TN,SB-TN-PRES,SR,0,32
PRF,PARSIPUR,Uttar Pradesh,UP,SB-UP,SB-UP-PRF,IR,0,14
PRG,Prayag,Uttar Pradesh,UP,SB-UP,SB-UP-PRG,NR,0,43
PRGA,PAHARJAGANGAU,Bihar,BR,SB-BR,SB-BR-PRGA,IR,0,14
PRGD,Perungudi,Tamil Nadu,TN,SB-TN,SB-TN-PRGD,SR,0,92
PRGL,PERUNGULATTUR,Tamil Nadu,TN,SB-TN,SB-TN-PRGL,IR,0,196
PRGR,PINARGARIA,Jharkhand,JH,SB-JH,SB-JH-PRGR,IR,0,6
PRGT,Pargothan,Maharashtra,MH,SB-MH,SB-MH-PRGT,CR,0,0
PRH,POWERPET,Andhra Pradesh,AP,SB-AP,SB-AP-PRH,IR,0,10
PRI,PATHRI,Uttarakhand,UK,SB-UK,SB-UK-PRI,NR,0,5
PRJ,Prantij,Gujarat,GJ,SB-GJ,SB-GJ-PRJ,WR,0,10
PRK,PARKHAM,Uttar Pradesh,UP,SB-UP,SB-UP-PRK,IR,0,8
PRKA,Parikha,Gujarat,GJ,SB-GJ,SB-GJ-PRKA,WR,0,0
PRKD,POWERKHEDA,Uttar Pradesh,UP,SB-UP,SB-UP-PRKD,NR,0,0
PRKE,PURUA KHERA,Uttar Pradesh,UP,SB-UP,SB-UP-PRKE,NR,0,7
PRKH,PARKANHATTI,Karnataka,KA,SB-KA,SB-KA-PRKH,SWR,0,10
PRKL,PARIKKAL,Tamil Nadu,TN,SB-TN,SB-TN-PRKL,IR,0,4
PRL,Polur,Tamil Nadu,TN,SB-TN,SB-TN-PRL,SR,0,14
PRLI,Parli Vaijnath,Maharashtra,MH,SB-MH,SB-MH-PRLI,SCR,0,39
PRM,PIRUMADARA,Uttarakhand,UK,SB-UK,SB-UK-PRM,NER,0,8
PRN,PARAUNA,Uttar Pradesh,UP,SB-UP,SB-UP-PRN,IR,0,4
PRNA,Purnia Junction,Bihar,BR,SB-BR,SB-BR-PRNA,IR,0,38
PRNC,Purnia Court,Bihar,BR,SB-BR,SB-BR-PRNC,ECR,0,28
PRND,PERINAD,Kerala,KL,SB-KL,SB-KL-PRND,IR,0,23
PRNG,Pritam Nagar,Madhya Pradesh,MP,SB-MP,SB-MP-PRNG,WR,0,8
PRNR,Porjanpur,Odisha,OD,SB-OD,SB-OD-PRNR,?,0,2
PRNT,Periyanagathunai,Tamil Nadu,TN,SB-TN,SB-TN-PRNT,IR,0,6
PRP,PAHARPUR,Bihar,BR,SB-BR,SB-BR-PRP,IR,0,20
PRPM,PT RAM PRASAD BISMIL,Uttar Pradesh,UP,SB-UP,SB-UP-PRPM,NR,0,0
PRR,Purulia Junction,West Bengal,WB,SB-WB,SB-WB-PRR,IR,1,85
PRRB,PRAYAGRAJ RAMBAG,Uttar Pradesh,UP,SB-UP,SB-UP-PRRB,IR,0,34
PRSL,Pandrasali,Jharkhand,JH,SB-JH,SB-JH-PRSL,SER,0,8
PRSN,PARSA NAGAR,Bihar,BR,SB-BR,SB-BR-PRSN,IR,0,8
PRSP,PRASADPUR,Uttar Pradesh,UP,SB-UP,SB-UP-PRSP,NER,0,8
PRSR,Paharsar,Rajasthan,RJ,SB-RJ,SB-RJ-PRSR,NWR,0,6
PRT,PANRUTI,Tamil Nadu,TN,SB-TN,SB-TN-PRT,SR,0,24
PRTL,Pirtala,West Bengal,WB,SB-WB,SB-WB-PRTL,ER,0,29
PRTN,Pratapnagar,Gujarat,GJ,SB-GJ,SB-GJ-PRTN,WR,0,27
PRTP,"Partapur, Uttar Pradesh",Uttar Pradesh,UP,SB-UP,SB-UP-PRTP,NR,0,11
PRTR,PUTARRA P.H.,Madhya Pradesh,MP,SB-MP,SB-MP-PRTR,IR,0,10
PRU,PARLU,Rajasthan,RJ,SB-RJ,SB-RJ-PRU,NWR,0,6
PRUR,Prithwirajpur,Rajasthan,RJ,SB-RJ,SB-RJ-PRUR,IR,0,9
PRV,PUKKIRIVARI,Tamil Nadu,TN,SB-TN,SB-TN-PRV,IR,0,6
PRWA,PARWAKHURD HALT,Maharashtra,MH,SB-MH,SB-MH-PRWA,IR,0,4
PRWD,PAREWADI,Uttar Pradesh,UP,SB-UP,SB-UP-PRWD,NR,0,0
PRWS,Pattabiram West,Tamil Nadu,TN,SB-TN,SB-TN-PRWS,SR,0,0
PRY,PARAIYA,Bihar,BR,SB-BR,SB-BR-PRY,IR,0,12
PRYJ,PRAYAGRAJ JN,Uttar Pradesh,UP,SB-UP,SB-UP-PRYJ,NCR,1,315
PRZ,Parsa,Uttar Pradesh,UP,SB-UP,SB-UP-PRZ,NER,0,12
PS,PARAS,Maharashtra,MH,SB-MH,SB-MH-PS,IR,0,4
PSA,Palasa,Andhra Pradesh,AP,SB-AP,SB-AP-PSA,IR,1,148
PSAE,PURBASTHALI,West Bengal,WB,SB-WB,SB-WB-PSAE,ER,0,43
PSB,PARSABAD,Jharkhand,JH,SB-JH,SB-JH-PSB,ECR,1,16
PSD,PARSODA,Maharashtra,MH,SB-MH,SB-MH-PSD,SCR,0,9
PSDA,PASIVEDALA,Andhra Pradesh,AP,SB-AP,SB-AP-PSDA,IR,0,5
PSE,PUSAULI,Bihar,BR,SB-BR,SB-BR-PSE,IR,0,12
PSF,PATRASAYER PH,West Bengal,WB,SB-WB,SB-WB-PSF,IR,0,11
PSJ,Patasahi,Odisha,OD,SB-OD,SB-OD-PSJ,SER,0,2
PSK,Paradsinga Halt,Madhya Pradesh,MP,SB-MP,SB-MP-PSK,SECR,0,4
PSL,PARISAL,Rajasthan,RJ,SB-RJ,SB-RJ-PSL,NWR,0,6
PSLI,Parsoli,Rajasthan,RJ,SB-RJ,SB-RJ-PSLI,WCR,0,8
PSLP,PASALAPUDI,Andhra Pradesh,AP,SB-AP,SB-AP-PSLP,SCR,0,6
PSN,PARSENDI,Uttar Pradesh,UP,SB-UP,SB-UP-PSN,IR,0,4
PSO,PALSORA MAKRAWA,Madhya Pradesh,MP,SB-MP,SB-MP-PSO,IR,0,16
PSPH,PURUSHOTAMPUR HALT,Bihar,BR,SB-BR,SB-BR-PSPH,IR,0,6
PSPY,PRASANNAYA PALLI,Andhra Pradesh,AP,SB-AP,SB-AP-PSPY,IR,0,8
PSR,PASRAHA,Bihar,BR,SB-BR,SB-BR-PSR,IR,0,12
PSRY,PASHWASHRAYA,Uttar Pradesh,UP,SB-UP,SB-UP-PSRY,NR,0,0
PSS,PADSALI,Uttar Pradesh,UP,SB-UP,SB-UP-PSS,NR,0,0
PST,POSOTIA,Jharkhand,JH,SB-JH,SB-JH-PST,IR,0,6
PSV,Parsneu,Rajasthan,RJ,SB-RJ,SB-RJ-PSV,IR,0,10
PSX,Patansaongi Town Halt,Maharashtra,MH,SB-MH,SB-MH-PSX,SECR,0,4
PSZ,PARSAUNI,Bihar,BR,SB-BR,SB-BR-PSZ,IR,0,10
PT,Patli,Haryana,HR,SB-HR,SB-HR-PT,NR,0,25
PTA,Patiala,Punjab,PB,SB-PB,SB-PB-PTA,NR,0,26
PTAB,PATIA HALT,Odisha,OD,SB-OD,SB-OD-PTAB,IR,0,20
PTAE,PATULI,West Bengal,WB,SB-WB,SB-WB-PTAE,ER,0,42
PTB,Pattambi,Kerala,KL,SB-KL,SB-KL-PTB,SR,0,36
PTD,Petlad Junction,Gujarat,GJ,SB-GJ,SB-GJ-PTD,WR,0,16
PTE,Patiala Cantt.,Punjab,PB,SB-PB,SB-PB-PTE,NR,0,4
PTF,PALTA,West Bengal,WB,SB-WB,SB-WB-PTF,IR,0,184
PTG,Patna Ghat,Bihar,BR,SB-BR,SB-BR-PTG,ECR,0,0
PTH,Patranga,Uttar Pradesh,UP,SB-UP,SB-UP-PTH,IR,0,4
PTHD,PATOHAN,Madhya Pradesh,MP,SB-MP,SB-MP-PTHD,IR,0,6
PTHL,PANTIHAL PH,West Bengal,WB,SB-WB,SB-WB-PTHL,IR,0,22
PTI,PATIALI,Uttar Pradesh,UP,SB-UP,SB-UP-PTI,IR,0,12
PTJ,Podanur Junction,Tamil Nadu,TN,SB-TN,SB-TN-PTJ,IR,0,84
PTK,Pathankot Junction,Punjab,PB,SB-PB,SB-PB-PTK,NR,0,45
PTKC,Pathankot Cantt,Punjab,PB,SB-PB,SB-PB-PTKC,IR,0,96
PTKD,Patharkandi,Assam,AS,SB-AS,SB-AS-PTKD,NFR,0,12
PTKP,POTKAPALLI,Telangana,TS,SB-TS,SB-TS-PTKP,IR,0,9
PTKR,PATIPUKUR,West Bengal,WB,SB-WB,SB-WB-PTKR,IR,0,26
PTLD,Patiladaha,Assam,AS,SB-AS,SB-AS-PTLD,NFR,0,8
PTLI,PATHAULI,Uttar Pradesh,UP,SB-UP,SB-UP-PTLI,NCR,0,6
PTLR,PUTLUR HALT,Tamil Nadu,TN,SB-TN,SB-TN-PTLR,IR,0,146
PTM,PADALAM,Uttar Pradesh,UP,SB-UP,SB-UP-PTM,NR,0,0
PTMS,Pattabiram Military,Tamil Nadu,TN,SB-TN,SB-TN-PTMS,IR,0,32
PTN,PATAN,Gujarat,GJ,SB-GJ,SB-GJ-PTN,WR,0,36
PTNR,PATEL NAGAR,Delhi,DL,SB-DL,SB-DL-PTNR,NR,0,34
PTP,Patal Pani,Madhya Pradesh,MP,SB-MP,SB-MP-PTP,WR,0,2
PTPR,Pratabpur,Uttar Pradesh,UP,SB-UP,SB-UP-PTPR,NER,0,8
PTPU,PRATTIAPADU,Uttar Pradesh,UP,SB-UP,SB-UP-PTPU,NR,0,0
PTRA,PATRA,Uttar Pradesh,UP,SB-UP,SB-UP-PTRA,IR,0,6
PTRD,Pataudi Road,Haryana,HR,SB-HR,SB-HR-PTRD,NR,0,52
PTRE,Patara,Uttar Pradesh,UP,SB-UP,SB-UP-PTRE,NCR,0,8
PTRJ,PATTI RAJPURA HALT,Himachal Pradesh,HP,SB-HP,SB-HP-PTRJ,NR,0,11
PTRL,PATHRALA,Punjab,PB,SB-PB,SB-PB-PTRL,NWR,0,5
PTRT,Pathrot,Maharashtra,MH,SB-MH,SB-MH-PTRT,CR,0,0
PTRU,PATRATU,Jharkhand,JH,SB-JH,SB-JH-PTRU,IR,0,30
PTS,Patansaongi,Maharashtra,MH,SB-MH,SB-MH-PTS,SECR,0,4
PTSC,PARICHAA THERMA,Uttar Pradesh,UP,SB-UP,SB-UP-PTSC,NR,0,0
PTT,PUTALAPATTU,Andhra Pradesh,AP,SB-AP,SB-AP-PTT,IR,0,6
PTTN,PATTAN,Jammu and Kashmir,JK,SB-JK,SB-JK-PTTN,IR,0,17
PTU,Partur,Maharashtra,MH,SB-MH,SB-MH-PTU,SCR,0,40
PTWA,PATWARA,Madhya Pradesh,MP,SB-MP,SB-MP-PTWA,WCR,0,6
PTYR,Patiyara,Uttar Pradesh,UP,SB-UP,SB-UP-PTYR,NR,0,4
PTZ,Patsul,Maharashtra,MH,SB-MH,SB-MH-PTZ,SCR,0,6
PU,PATCHUR,Andhra Pradesh,AP,SB-AP,SB-AP-PU,IR,0,6
PUA,PULLA,Andhra Pradesh,AP,SB-AP,SB-AP-PUA,IR,0,6
PUC,PUDUCHATIRAM,Tamil Nadu,TN,SB-TN,SB-TN-PUC,SR,0,8
PUD,PHANDA,Madhya Pradesh,MP,SB-MP,SB-MP-PUD,IR,0,4
PUDI,PUDI,Andhra Pradesh,AP,SB-AP,SB-AP-PUDI,IR,0,6
PUE,Palari,Madhya Pradesh,MP,SB-MP,SB-MP-PUE,SECR,0,4
PUF,Pauta,Uttar Pradesh,UP,SB-UP,SB-UP-PUF,NER,0,8
PUG,PUNGGUDI,Tamil Nadu,TN,SB-TN,SB-TN-PUG,IR,0,2
PUHT,PUSHKAR TERMINUS,Rajasthan,RJ,SB-RJ,SB-RJ-PUHT,IR,0,2
PUK,PUDUKAD,Kerala,KL,SB-KL,SB-KL-PUK,IR,0,17
PUKK,PURUNAKATAK,Odisha,OD,SB-OD,SB-OD-PUKK,IR,0,6
PUKS,PARU KHAS,Bihar,BR,SB-BR,SB-BR-PUKS,ECR,0,4
PUL,RAMPURA PHUL,Punjab,PB,SB-PB,SB-PB-PUL,NR,0,24
PUM,PALLIPPURAM,Kerala,KL,SB-KL,SB-KL-PUM,SR,0,10
PUMU,Penumarru,Andhra Pradesh,AP,SB-AP,SB-AP-PUMU,SCR,0,9
PUN,PUNDI,Andhra Pradesh,AP,SB-AP,SB-AP-PUN,IR,0,8
PUNA,PAUNIA,Madhya Pradesh,MP,SB-MP,SB-MP-PUNA,IR,0,8
PUNE,Pune Junction,Maharashtra,MH,SB-MH,SB-MH-PUNE,IR,1,310
PUO,PIR UMROD,Madhya Pradesh,MP,SB-MP,SB-MP-PUO,IR,0,4
PUPR,PUNNAPRA,Kerala,KL,SB-KL,SB-KL-PUPR,SR,0,0
PUQ,Puranigudam,Assam,AS,SB-AS,SB-AS-PUQ,NFR,0,2
PURA,PURA HALT,Uttar Pradesh,UP,SB-UP,SB-UP-PURA,NR,0,0
PURI,Puri,Odisha,OD,SB-OD,SB-OD-PURI,IR,0,120
PUS,PHUSRO,Jharkhand,JH,SB-JH,SB-JH-PUS,ECR,0,14
PUSA,Pusla,Maharashtra,MH,SB-MH,SB-MH-PUSA,IR,0,4
PUT,PUTTUR,Andhra Pradesh,AP,SB-AP,SB-AP-PUT,SCR,1,24
PUU,Punalur,Tamil Nadu,TN,SB-TN,SB-TN-PUU,SR,0,23
PUW,Patuwas Mehrana,Haryana,HR,SB-HR,SB-HR-PUW,NWR,0,12
PUWA,Pauwara Halt,Chhattisgarh,CG,SB-CG,SB-CG-PUWA,IR,0,10
PUX,Parasia,Madhya Pradesh,MP,SB-MP,SB-MP-PUX,CR,0,10
PUY,Phulaguri,Assam,AS,SB-AS,SB-AS-PUY,NFR,0,4
PV,PALLAVARAM,Tamil Nadu,TN,SB-TN,SB-TN-PV,IR,0,381
PVD,PEDDAVADIAPUDI,Andhra Pradesh,AP,SB-AP,SB-AP-PVD,IR,0,16
PVI,Peravurani,Tamil Nadu,TN,SB-TN,SB-TN-PVI,SR,0,12
PVL,PASUPATIKOVIL,Tamil Nadu,TN,SB-TN,SB-TN-PVL,SR,0,8
PVM,Pattaravakkam,Tamil Nadu,TN,SB-TN,SB-TN-PVM,SR,0,213
PVN,PAVUNUR,Tamil Nadu,TN,SB-TN,SB-TN-PVN,IR,0,2
PVP,Parvatipuram,Andhra Pradesh,AP,SB-AP,SB-AP-PVP,IR,0,52
PVPT,Parvatipuram Town,Andhra Pradesh,AP,SB-AP,SB-AP-PVPT,IR,0,28
PVR,Pandharpur,Maharashtra,MH,SB-MH,SB-MH-PVR,CR,0,20
PVRD,PIRAVAM ROAD,Kerala,KL,SB-KL,SB-KL-PVRD,IR,0,31
PVU,Paravur,Kerala,KL,SB-KL,SB-KL-PVU,SR,0,34
PVZ,Parvezpur,Rajasthan,RJ,SB-RJ,SB-RJ-PVZ,NWR,0,8
PW,Pirwa,Rajasthan,RJ,SB-RJ,SB-RJ-PW,NWR,0,6
PWA,Powai,Uttar Pradesh,UP,SB-UP,SB-UP-PWA,NR,0,0
PWBN,PAWAI BROHMASTHAN HALT,Bihar,BR,SB-BR,SB-BR-PWBN,IR,0,11
PWK,PIPARIYA KALAN,Madhya Pradesh,MP,SB-MP,SB-MP-PWK,WCR,0,2
PWL,Palwal,Haryana,HR,SB-HR,SB-HR-PWL,IR,0,44
PWS,PHULWARI SHARIF,Bihar,BR,SB-BR,SB-BR-PWS,IR,0,39
PWU,PARANUR,Tamil Nadu,TN,SB-TN,SB-TN-PWU,IR,0,176
PWXP,PAWANI KUMARPUR HALT,Bihar,BR,SB-BR,SB-BR-PWXP,IR,0,10
PXR,Palpara,West Bengal,WB,SB-WB,SB-WB-PXR,ER,0,111
PY,PERUNDURAI,Tamil Nadu,TN,SB-TN,SB-TN-PY,IR,0,4
PYA,PEDAPARIYA,Andhra Pradesh,AP,SB-AP,SB-AP-PYA,IR,0,6
PYD,PALLIYADI,Tamil Nadu,TN,SB-TN,SB-TN-PYD,SR,0,9
PYGS,PRAYAGRAJ SANGAM,Uttar Pradesh,UP,SB-UP,SB-UP-PYGS,IR,0,31
PYHT,PRAYAHAT HALT,Bihar,BR,SB-BR,SB-BR-PYHT,IR,0,30
PYI,PAYLI HALT,Rajasthan,RJ,SB-RJ,SB-RJ-PYI,IR,0,8
PYK,PERIYAKOTTAI,Tamil Nadu,TN,SB-TN,SB-TN-PYK,IR,0,4
PYLA,PIYALA BLOCK HUT,Uttar Pradesh,UP,SB-UP,SB-UP-PYLA,NR,0,0
PYM,PANDIYAPURAM,Tamil Nadu,TN,SB-TN,SB-TN-PYM,SR,0,0
PYOL,Payyoli,Kerala,KL,SB-KL,SB-KL-PYOL,SR,0,16
PYV,PAZHAYA SEEVARAM,Tamil Nadu,TN,SB-TN,SB-TN-PYV,SR,0,32
PYX,PEYANAPALLI,Andhra Pradesh,AP,SB-AP,SB-AP-PYX,IR,0,6
PZA,PALAVANTHANGAL,Tamil Nadu,TN,SB-TN,SB-TN-PZA,IR,0,381
PZV,PUZHUTHIVAKKAM,Tamil Nadu,TN,SB-TN,SB-TN-PZV,IR,0,92
QBW,QUBARWALA,Uttar Pradesh,UP,SB-UP,SB-UP-QBW,NR,0,0
QCAB,QCAB,Uttar Pradesh,UP,SB-UP,SB-UP-QCAB,NR,0,0
QDN,QADIAN,Punjab,PB,SB-PB,SB-PB-QDN,IR,0,2
QG,QUAZIGUND,Jammu and Kashmir,JK,SB-JK,SB-JK-QG,IR,0,16
QGT,KOLAGHAT,West Bengal,WB,SB-WB,SB-WB-QGT,IR,0,128
QLD,Koyilandy,Kerala,KL,SB-KL,SB-KL-QLD,SR,0,42
QLM,KULEM,Goa,GA,SB-GA,SB-GA-QLM,SWR,0,28
QLN,Kollam Junction,Kerala,KL,SB-KL,SB-KL-QLN,SR,0,198
QLR,KALLAR,Tamil Nadu,TN,SB-TN,SB-TN-QLR,IR,0,2
QMRS,Kayamsar,Rajasthan,RJ,SB-RJ,SB-RJ-QMRS,NWR,0,6
QRP,KILA RAIPUR,Punjab,PB,SB-PB,SB-PB-QRP,NR,0,8
QSR,KANSRAO,Uttarakhand,UK,SB-UK,SB-UK-QSR,NR,0,4
QTP,Quatabpur,Haryana,HR,SB-HR,SB-HR-QTP,NR,0,5
QXR,KUCHESAR ROAD,Uttar Pradesh,UP,SB-UP,SB-UP-QXR,IR,0,4
R,RAIPUR JN,Chhattisgarh,CG,SB-CG,SB-CG-R,SECR,1,221
RA,RAMPARDA,Gujarat,GJ,SB-GJ,SB-GJ-RA,WR,0,1
RAA,Barara,Haryana,HR,SB-HR,SB-HR-RAA,IR,0,17
RABE,RABALE,Maharashtra,MH,SB-MH,SB-MH-RABE,IR,0,2
RAG,RAIGIR,Uttar Pradesh,UP,SB-UP,SB-UP-RAG,NR,0,0
RAGM,RAJAGAMBIRAM,Tamil Nadu,TN,SB-TN,SB-TN-RAGM,SR,0,6
RAH,Ramgarh,Rajasthan,RJ,SB-RJ,SB-RJ-RAH,NCR,0,17
RAHA,Raha,Assam,AS,SB-AS,SB-AS-RAHA,NFR,0,6
RAI,RAIBHA,Uttar Pradesh,UP,SB-UP,SB-UP-RAI,IR,0,12
RAIR,RAIRAKHOL,Odisha,OD,SB-OD,SB-OD-RAIR,IR,0,38
RAJP,Rajapur Road,Maharashtra,MH,SB-MH,SB-MH-RAJP,KR,0,49
RAK,Ramkot,Uttar Pradesh,UP,SB-UP,SB-UP-RAK,NR,0,4
RAKD,Radha Kund,Uttar Pradesh,UP,SB-UP,SB-UP-RAKD,IR,0,10
RAKL,RETHORAKALAN,Madhya Pradesh,MP,SB-MP,SB-MP-RAKL,NCR,0,6
RAL,Repalle,Andhra Pradesh,AP,SB-AP,SB-AP-RAL,SCR,0,14
RAM,RAMAPURAM,Andhra Pradesh,AP,SB-AP,SB-AP-RAM,IR,0,10
RAMA,RAMVA,Uttar Pradesh,UP,SB-UP,SB-UP-RAMA,IR,0,2
RAMP,Rampuri,Madhya Pradesh,MP,SB-MP,SB-MP-RAMP,SECR,0,6
RAMR,RAMAIPUR HALT,Uttar Pradesh,UP,SB-UP,SB-UP-RAMR,IR,0,4
RANI,RANI,Rajasthan,RJ,SB-RJ,SB-RJ-RANI,NWR,1,43
RAPU,RAMPURA,Madhya Pradesh,MP,SB-MP,SB-MP-RAPU,IR,0,4
RAS,Ras,Gujarat,GJ,SB-GJ,SB-GJ-RAS,WR,0,0
RASP,Rasipuram,Tamil Nadu,TN,SB-TN,SB-TN-RASP,SR,0,14
RAU,Rau,Madhya Pradesh,MP,SB-MP,SB-MP-RAU,WR,0,14
RAWS,RAHATWAS,Uttar Pradesh,UP,SB-UP,SB-UP-RAWS,NR,0,0
RAY,RAY,Jharkhand,JH,SB-JH,SB-JH-RAY,IR,0,16
RAYA,RAYA,Uttar Pradesh,UP,SB-UP,SB-UP-RAYA,IR,0,10
RBA,RAMBHA,Odisha,OD,SB-OD,SB-OD-RBA,IR,0,12
RBD,RAHIMABAD,Bihar,BR,SB-BR,SB-BR-RBD,IR,0,5
RBG,RAYBAG,Karnataka,KA,SB-KA,SB-KA-RBG,SWR,0,20
RBGJ,Roberts Ganj,Uttar Pradesh,UP,SB-UP,SB-UP-RBGJ,NCR,0,0
RBH,RAJBANDH,West Bengal,WB,SB-WB,SB-WB-RBH,IR,0,26
RBHR,RABHRA HALT,Haryana,HR,SB-HR,SB-HR-RBHR,IR,0,6
RBJ,Raibojha,Uttar Pradesh,UP,SB-UP,SB-UP-RBJ,NER,0,4
RBK,REOTI BAHORA KHERA,Uttar Pradesh,UP,SB-UP,SB-UP-RBK,NR,0,10
RBL,Rae Bareli Junction,Uttar Pradesh,UP,SB-UP,SB-UP-RBL,IR,0,79
RBN,Raghubans Nagar,Bihar,BR,SB-BR,SB-BR-RBN,ECR,0,6
RBQ,RAM BISHANPUR,Bihar,BR,SB-BR,SB-BR-RBQ,IR,0,6
RBR,RIBADA,Gujarat,GJ,SB-GJ,SB-GJ-RBR,WR,0,8
RBS,RUPBAS,Rajasthan,RJ,SB-RJ,SB-RJ-RBS,NCR,0,20
RBZ,RAMBHADDARPUR,Bihar,BR,SB-BR,SB-BR-RBZ,IR,0,18
RC,Raichur,Karnataka,KA,SB-KA,SB-KA-RC,IR,1,125
RCA,Rentachintala,Andhra Pradesh,AP,SB-AP,SB-AP-RCA,SCR,0,6
RCD,RAJCHANDRAPUR,West Bengal,WB,SB-WB,SB-WB-RCD,IR,0,48
RCF,KAPURTHALA RAIL COACH FACTORY,Punjab,PB,SB-PB,SB-PB-RCF,NR,0,28
RCG,RACHAGUNNARI,Uttar Pradesh,UP,SB-UP,SB-UP-RCG,NR,0,0
RCGT,RICHUGHUTU,Jharkhand,JH,SB-JH,SB-JH-RCGT,IR,0,8
RCJ,RANYAL JASMIYA,Madhya Pradesh,MP,SB-MP,SB-MP-RCJ,WR,0,2
RCP,Ramachandrapur,Uttar Pradesh,UP,SB-UP,SB-UP-RCP,NR,0,4
RCPT,RAMACHANDRAPURAM TS,Telangana,TS,SB-TS,SB-TS-RCPT,IR,0,6
RCR,RATAR CHATTAR,Punjab,PB,SB-PB,SB-PB-RCR,IR,0,8
RCRA,Ramchaura,Uttar Pradesh,UP,SB-UP,SB-UP-RCRA,NER,0,10
RCTC,Raghunathpur,Odisha,OD,SB-OD,SB-OD-RCTC,ECOR,0,8
RD,RAM DAYALU NAGAR,Bihar,BR,SB-BR,SB-BR-RD,IR,0,11
RDBR,RANDIA BAUDPUR,Odisha,OD,SB-OD,SB-OD-RDBR,IR,0,12
RDD,RIKHABDEV ROAD,Rajasthan,RJ,SB-RJ,SB-RJ-RDD,NWR,0,6
RDDE,Rathdhana,Haryana,HR,SB-HR,SB-HR-RDDE,IR,0,19
RDE,RUNDHI,Haryana,HR,SB-HR,SB-HR-RDE,IR,0,18
RDF,RADHAGAON,West Bengal,WB,SB-WB,SB-WB-RDF,IR,0,9
RDG,Rayadurg,Andhra Pradesh,AP,SB-AP,SB-AP-RDG,SWR,0,10
RDHP,RADHANPUR,Gujarat,GJ,SB-GJ,SB-GJ-RDHP,WR,0,10
RDHR,RIDDHAPUR,Maharashtra,MH,SB-MH,SB-MH-RDHR,IR,0,4
RDI,KARDI,Karnataka,KA,SB-KA,SB-KA-RDI,SWR,0,10
RDK,Rasheedpura Khori,Rajasthan,RJ,SB-RJ,SB-RJ-RDK,NWR,0,6
RDL,RUDAULI,Uttar Pradesh,UP,SB-UP,SB-UP-RDL,IR,0,29
RDM,Ramagundam,Telangana,TS,SB-TS,SB-TS-RDM,IR,1,89
RDN,RUDAIN,Uttar Pradesh,UP,SB-UP,SB-UP-RDN,IR,0,12
RDP,Radhikapur,West Bengal,WB,SB-WB,SB-WB-RDP,NFR,0,20
RDRA,Ramdevra,Rajasthan,RJ,SB-RJ,SB-RJ-RDRA,NWR,0,28
RDS,RAMDAS,Punjab,PB,SB-PB,SB-PB-RDS,IR,0,8
RDT,RAVTHA ROAD,Rajasthan,RJ,SB-RJ,SB-RJ-RDT,IR,0,14
RDU,RADHAMOHANPUR,West Bengal,WB,SB-WB,SB-WB-RDU,IR,0,62
RDUM,RAMPUR DUMRA,Bihar,BR,SB-BR,SB-BR-RDUM,IR,0,16
RDV,Radha Balampur,Uttar Pradesh,UP,SB-UP,SB-UP-RDV,NR,0,4
RDY,REDIPALAYAM,Tamil Nadu,TN,SB-TN,SB-TN-RDY,SR,0,32
RE,Rewari,Haryana,HR,SB-HR,SB-HR-RE,NWR,1,195
REAI,REASI,Jammu and Kashmir,JK,SB-JK,SB-JK-REAI,IR,0,6
RECH,RECHNI ROAD,Telangana,TS,SB-TS,SB-TS-RECH,IR,0,8
REG,REGUPALEM,Andhra Pradesh,AP,SB-AP,SB-AP-REG,IR,0,4
REI,RITHI,Madhya Pradesh,MP,SB-MP,SB-MP-REI,IR,0,10
REJ,Rejinagar,West Bengal,WB,SB-WB,SB-WB-REJ,ER,0,32
REM,REDDIGUDEM,Andhra Pradesh,AP,SB-AP,SB-AP-REM,IR,0,4
REMA,REMA,Jharkhand,JH,SB-JH,SB-JH-REMA,IR,0,4
REN,REN,Rajasthan,RJ,SB-RJ,SB-RJ-REN,IR,0,29
RENH,RENHAT,Madhya Pradesh,MP,SB-MP,SB-MP-RENH,WCR,0,4
REP,RESAULI,Uttar Pradesh,UP,SB-UP,SB-UP-REP,NR,0,0
REPI,RANGEPALLI,Uttar Pradesh,UP,SB-UP,SB-UP-REPI,NR,0,0
RES,RASULL,Uttar Pradesh,UP,SB-UP,SB-UP-RES,IR,0,2
RET,RENTIA,Gujarat,GJ,SB-GJ,SB-GJ-RET,IR,0,8
REWA,Rewa,Madhya Pradesh,MP,SB-MP,SB-MP-REWA,WCR,0,30
RF,RAFALESHWAR,Gujarat,GJ,SB-GJ,SB-GJ-RF,IR,0,12
RFJ,RAFIGANJ,Bihar,BR,SB-BR,SB-BR-RFJ,ECR,1,36
RFR,RAFINAGAR,Uttar Pradesh,UP,SB-UP,SB-UP-RFR,IR,0,2
RG,Rajghat Narora,Uttar Pradesh,UP,SB-UP,SB-UP-RG,NR,0,10
RGA,Rajgoda,West Bengal,WB,SB-WB,SB-WB-RGA,SER,0,18
RGB,RAMGANGA,Uttar Pradesh,UP,SB-UP,SB-UP-RGB,NR,0,17
RGBD,RAMGANGA,Uttar Pradesh,UP,SB-UP,SB-UP-RGBD,NR,0,0
RGBP,RANI GAIDINLIU,Manipur,MN,SB-MN,SB-MN-RGBP,IR,0,2
RGD,Rajgir,Bihar,BR,SB-BR,SB-BR-RGD,ECR,0,32
RGDA,Rayagada,Odisha,OD,SB-OD,SB-OD-RGDA,IR,0,68
RGG,RADOGARH,Madhya Pradesh,MP,SB-MP,SB-MP-RGG,IR,0,2
RGH,Ramgarhwa,Bihar,BR,SB-BR,SB-BR-RGH,ECR,0,14
RGI,RAMGIRI,Karnataka,KA,SB-KA,SB-KA-RGI,SWR,0,12
RGJ,RaiGanj,West Bengal,WB,SB-WB,SB-WB-RGJ,NFR,0,20
RGJI,Rangjuli,Assam,AS,SB-AS,SB-AS-RGJI,NFR,0,10
RGL,RENGALI,Odisha,OD,SB-OD,SB-OD-RGL,IR,0,26
RGLI,RANGAULI,Uttar Pradesh,UP,SB-UP,SB-UP-RGLI,NCR,0,4
RGM,RANGAPURAM,Andhra Pradesh,AP,SB-AP,SB-AP-RGM,IR,0,10
RGNH,RAGHUNATHGARH,Rajasthan,RJ,SB-RJ,SB-RJ-RGNH,IR,0,8
RGO,ROTEGAON,Maharashtra,MH,SB-MH,SB-MH-RGO,SCR,0,27
RGP,RAGHUNATHPALLI,Telangana,TS,SB-TS,SB-TS-RGP,IR,0,10
RGPM,RAGHAVAPURAM,Telangana,TS,SB-TS,SB-TS-RGPM,IR,0,6
RGQ,RAIGADH ROAD,Gujarat,GJ,SB-GJ,SB-GJ-RGQ,NWR,0,4
RGS,Ringas Junction,Rajasthan,RJ,SB-RJ,SB-RJ-RGS,NWR,1,87
RGT,RAJGHAT HALT,Odisha,OD,SB-OD,SB-OD-RGT,IR,0,13
RGU,Ragaul,Uttar Pradesh,UP,SB-UP,SB-UP-RGU,NCR,0,16
RGV,Rathopur,Bihar,BR,SB-BR,SB-BR-RGV,ECR,0,25
RGX,Raghunathbari,West Bengal,WB,SB-WB,SB-WB-RGX,SER,0,18
RHA,Ranaghat Junction,West Bengal,WB,SB-WB,SB-WB-RHA,ER,0,233
RHBH,RAKESH BAGH HALT,Jharkhand,JH,SB-JH,SB-JH-RHBH,IR,0,4
RHE,RAKHA MINES,Jharkhand,JH,SB-JH,SB-JH-RHE,IR,0,24
RHG,Rajgarh,Rajasthan,RJ,SB-RJ,SB-RJ-RHG,NWR,0,45
RHI,Rakhi,Rajasthan,RJ,SB-RJ,SB-RJ-RHI,NWR,0,4
RHMA,Rahama,Odisha,OD,SB-OD,SB-OD-RHMA,ECOR,0,10
RHMP,RAHAMATPUR,Bihar,BR,SB-BR,SB-BR-RHMP,IR,0,2
RHN,ROSHANPUR,Uttar Pradesh,UP,SB-UP,SB-UP-RHN,NER,0,14
RHNE,Rohini,Maharashtra,MH,SB-MH,SB-MH-RHNE,IR,0,0
RHR,RAJHURA,Jharkhand,JH,SB-JH,SB-JH-RHR,IR,0,12
RHU,Rahon,Punjab,PB,SB-PB,SB-PB-RHU,NR,0,2
RHW,ROHIRA GHALUGHRA,Punjab,PB,SB-PB,SB-PB-RHW,NR,0,5
RIBP,RAMAKUNDA IBP (HALT),Jharkhand,JH,SB-JH,SB-JH-RIBP,IR,0,2
RIG,Raigarh,Chhattisgarh,CG,SB-CG,SB-CG-RIG,IR,1,81
RIGA,RIGA,Bihar,BR,SB-BR,SB-BR-RIGA,ECR,0,11
RIKA,RATIKHEDA,Madhya Pradesh,MP,SB-MP,SB-MP-RIKA,IR,0,12
RIKD,RISHIKUND,Bihar,BR,SB-BR,SB-BR-RIKD,IR,0,14
RIM,Rajim,Chhattisgarh,CG,SB-CG,SB-CG-RIM,SECR,0,6
RIS,Rishra,West Bengal,WB,SB-WB,SB-WB-RIS,IR,0,235
RJ,Rawat Ganj,Uttar Pradesh,UP,SB-UP,SB-UP-RJ,NER,0,10
RJA,RAJANAGAR,Bihar,BR,SB-BR,SB-BR-RJA,IR,0,22
RJAK,RAJNAGAR,Madhya Pradesh,MP,SB-MP,SB-MP-RJAK,NCR,0,4
RJAP,RAJAPUR,Andhra Pradesh,AP,SB-AP,SB-AP-RJAP,IR,0,6
RJB,RAJABERA,Jharkhand,JH,SB-JH,SB-JH-RJB,IR,0,6
RJG,RAJGRAM,West Bengal,WB,SB-WB,SB-WB-RJG,IR,0,15
RJGR,RAJTHAGARH,Odisha,OD,SB-OD,SB-OD-RJGR,IR,0,6
RJI,RAJAWARI,Uttar Pradesh,UP,SB-UP,SB-UP-RJI,NER,0,18
RJIN,RAJURI,Maharashtra,MH,SB-MH,SB-MH-RJIN,IR,0,2
RJJN,RAJAJAN HALT,Bihar,BR,SB-BR,SB-BR-RJJN,IR,0,4
RJK,Raja Ka Sahaspr,Uttar Pradesh,UP,SB-UP,SB-UP-RJK,NR,0,18
RJL,Rajmahal,Jharkhand,JH,SB-JH,SB-JH-RJL,ER,0,25
RJLA,RAJLA,Bihar,BR,SB-BR,SB-BR-RJLA,IR,0,16
RJLK,Rajalukah,Odisha,OD,SB-OD,SB-OD-RJLK,IR,0,6
RJMA,RAJOMAJRA,Uttar Pradesh,UP,SB-UP,SB-UP-RJMA,NR,0,0
RJMP,RAJMALPUR ROAD,Rajasthan,RJ,SB-RJ,SB-RJ-RJMP,IR,0,4
RJN,Raj Nandgaon,Chhattisgarh,CG,SB-CG,SB-CG-RJN,IR,1,93
RJO,RAJENDRA PUL,Bihar,BR,SB-BR,SB-BR-RJO,IR,0,8
RJP,RAZAMPETA,Andhra Pradesh,AP,SB-AP,SB-AP-RJP,SCR,1,57
RJPB,Rajendar Nagar Bihar,Bihar,BR,SB-BR,SB-BR-RJPB,IR,0,95
RJPM,Rajapalayam,Tamil Nadu,TN,SB-TN,SB-TN-RJPM,IR,0,22
RJQ,Rajendranagar,Madhya Pradesh,MP,SB-MP,SB-MP-RJQ,WR,0,14
RJR,Rajaldesar,Rajasthan,RJ,SB-RJ,SB-RJ-RJR,NWR,0,22
RJS,RAJIYASAR,Rajasthan,RJ,SB-RJ,SB-RJ-RJS,NWR,0,10
RJT,Rajkot Junction,Gujarat,GJ,SB-GJ,SB-GJ-RJT,WR,0,119
RJU,Rajula City,Gujarat,GJ,SB-GJ,SB-GJ-RJU,WR,0,0
RJW,RAJEVADI,Maharashtra,MH,SB-MH,SB-MH-RJW,CR,0,2
RJY,Rajamundry,Andhra Pradesh,AP,SB-AP,SB-AP-RJY,IR,1,270
RK,Roorkee,Uttarakhand,UK,SB-UK,SB-UK-RK,IR,0,119
RKB,Raika Bagh,Rajasthan,RJ,SB-RJ,SB-RJ-RKB,IR,0,40
RKD,RUKADI,Maharashtra,MH,SB-MH,SB-MH-RKD,CR,0,14
RKDI,RAUKHERI,Uttar Pradesh,UP,SB-UP,SB-UP-RKDI,NR,0,0
RKG,RATTOKE GUDWARA,Punjab,PB,SB-PB,SB-PB-RKG,IR,0,8
RKH,RAKHIYAL,Gujarat,GJ,SB-GJ,SB-GJ-RKH,WR,0,6
RKI,RAMKANALI JN,West Bengal,WB,SB-WB,SB-WB-RKI,SER,0,26
RKJE,Rakhitpur,Jharkhand,JH,SB-JH,SB-JH-RKJE,ECR,0,8
RKK,Ratangarh Kanakwal,Haryana,HR,SB-HR,SB-HR-RKK,IR,0,10
RKL,Ramkola,Maharashtra,MH,SB-MH,SB-MH-RKL,IR,0,12
RKM,Raja Ki Mandi,Uttar Pradesh,UP,SB-UP,SB-UP-RKM,IR,0,21
RKMP,RANI KAMALAPATI,Madhya Pradesh,MP,SB-MP,SB-MP-RKMP,WCR,1,147
RKN,RATI KA NAGLA,Uttar Pradesh,UP,SB-UP,SB-UP-RKN,IR,0,10
RKO,RAMAKRISHNAPURAM GATE,Andhra Pradesh,AP,SB-AP,SB-AP-RKO,SCR,0,28
RKR,RANIKUND RARAH,Rajasthan,RJ,SB-RJ,SB-RJ-RKR,WCR,0,6
RKRI,RAO KHEDI,Uttar Pradesh,UP,SB-UP,SB-UP-RKRI,NR,0,0
RKS,SARAI RANI,Uttar Pradesh,UP,SB-UP,SB-UP-RKS,IR,0,4
RKSH,RISHIKESH,Uttarakhand,UK,SB-UK,SB-UK-RKSH,NR,0,10
RKSN,RAJKHARSAWAN JN,Jharkhand,JH,SB-JH,SB-JH-RKSN,IR,0,36
RKX,RUKHI,Haryana,HR,SB-HR,SB-HR-RKX,NR,0,6
RKY,KOTHARIYA,Gujarat,GJ,SB-GJ,SB-GJ-RKY,WR,0,4
RKZ,RAJKIAWAS,Rajasthan,RJ,SB-RJ,SB-RJ-RKZ,NWR,0,2
RLA,RAJULA JN,Gujarat,GJ,SB-GJ,SB-GJ-RLA,WR,0,8
RLD,RANDALA,Gujarat,GJ,SB-GJ,SB-GJ-RLD,IR,0,2
RLE,RAILEY ENGLISH HALT,Bihar,BR,SB-BR,SB-BR-RLE,IR,0,8
RLG,RELANGI,Andhra Pradesh,AP,SB-AP,SB-AP-RLG,SCR,0,9
RLJC,RLJC,Uttar Pradesh,UP,SB-UP,SB-UP-RLJC,NR,0,0
RLK,ROHAL KHURD,Madhya Pradesh,MP,SB-MP,SB-MP-RLK,IR,0,6
RLL,REGADIPALLI,Andhra Pradesh,AP,SB-AP,SB-AP-RLL,IR,0,2
RLO,RAYALCHERUVU,Andhra Pradesh,AP,SB-AP,SB-AP-RLO,IR,0,2
RLP,HARLAPUR,Karnataka,KA,SB-KA,SB-KA-RLP,SWR,0,8
RLR,RAILA ROAD,Rajasthan,RJ,SB-RJ,SB-RJ-RLR,NWR,0,4
RLS,ROMANA ALBEL SINGH,Punjab,PB,SB-PB,SB-PB-RLS,NR,0,12
RLT,RALAPET,Uttar Pradesh,UP,SB-UP,SB-UP-RLT,NR,0,0
RLW,REPALLIWADA,Uttar Pradesh,UP,SB-UP,SB-UP-RLW,NR,0,0
RLX,Ramanujampalli,Andhra Pradesh,AP,SB-AP,SB-AP-RLX,SCR,0,0
RM,Rajmane,Maharashtra,MH,SB-MH,SB-MH-RM,CR,0,8
RMA,Ramganj Mandi,Rajasthan,RJ,SB-RJ,SB-RJ-RMA,IR,0,86
RMB,Rampura Beri,Rajasthan,RJ,SB-RJ,SB-RJ-RMB,NWR,0,16
RMBG,RAMGHAT HALT,Jammu and Kashmir,JK,SB-JK,SB-JK-RMBG,IR,0,8
RMC,Ram Chaura Road,Uttar Pradesh,UP,SB-UP,SB-UP-RMC,NR,0,9
RMD,Ramanathapuram,Tamil Nadu,TN,SB-TN,SB-TN-RMD,SR,0,39
RMF,RAMNA,Jharkhand,JH,SB-JH,SB-JH-RMF,ECR,0,12
RMGJ,RAMGANJ,Uttar Pradesh,UP,SB-UP,SB-UP-RMGJ,NR,0,2
RMGM,Ramanagaram,Karnataka,KA,SB-KA,SB-KA-RMGM,SWR,0,54
RMH,RANGMAHAL,Rajasthan,RJ,SB-RJ,SB-RJ-RMH,NWR,0,4
RMJ,RAMRAJATALA,West Bengal,WB,SB-WB,SB-WB-RMJ,IR,0,137
RMJK,RAM NAGAR J K,Jammu and Kashmir,JK,SB-JK,SB-JK-RMJK,NR,0,8
RMM,Rameswaram,Tamil Nadu,TN,SB-TN,SB-TN-RMM,SR,0,39
RMN,Raman,Punjab,PB,SB-PB,SB-PB-RMN,NWR,0,14
RMNP,RAMANNAPET,Telangana,TS,SB-TS,SB-TS-RMNP,IR,0,8
RMNR,RAHMAT NAGAR,Uttar Pradesh,UP,SB-UP,SB-UP-RMNR,IR,0,2
RMO,Ramakona,Madhya Pradesh,MP,SB-MP,SB-MP-RMO,SECR,0,4
RMOA,RAIMOHA,Maharashtra,MH,SB-MH,SB-MH-RMOA,IR,0,2
RMP,RAHIMATPUR,Maharashtra,MH,SB-MH,SB-MH-RMP,CR,0,13
RMPB,RAMPUR BAZAR,West Bengal,WB,SB-WB,SB-WB-RMPB,IR,0,10
RMPH,Rampahari,Madhya Pradesh,MP,SB-MP,SB-MP-RMPH,NCR,0,6
RMPR,RAMPUR HALT,Bihar,BR,SB-BR,SB-BR-RMPR,IR,0,15
RMQ,RAMRI,Uttar Pradesh,UP,SB-UP,SB-UP-RMQ,NR,0,0
RMR,RAMNAGAR,Uttarakhand,UK,SB-UK,SB-UK-RMR,NER,0,22
RMRB,Ramnagar Bengal,West Bengal,WB,SB-WB,SB-WB-RMRB,?,0,16
RMSR,RAMSINGHPUR,Rajasthan,RJ,SB-RJ,SB-RJ-RMSR,NWR,0,12
RMT,RAMGARH CANT,Jharkhand,JH,SB-JH,SB-JH-RMT,IR,0,16
RMTR,REMOUNT ROAD,West Bengal,WB,SB-WB,SB-WB-RMTR,IR,0,26
RMU,RAMPUR,Uttar Pradesh,UP,SB-UP,SB-UP-RMU,IR,0,68
RMV,RAMAVARAPPADU,Andhra Pradesh,AP,SB-AP,SB-AP-RMV,SCR,0,18
RMW,ROSHAN MAU,Uttar Pradesh,UP,SB-UP,SB-UP-RMW,IR,0,8
RMX,Ramsar,Rajasthan,RJ,SB-RJ,SB-RJ-RMX,NWR,0,4
RMY,RUKMAPUR,Telangana,TS,SB-TS,SB-TS-RMY,IR,0,5
RMZ,ROUTHPURAM HALT,Andhra Pradesh,AP,SB-AP,SB-AP-RMZ,IR,0,6
RN,Ratnagiri,Maharashtra,MH,SB-MH,SB-MH-RN,KR,0,154
RNA,Rohana Kalan,Uttar Pradesh,UP,SB-UP,SB-UP-RNA,NR,0,6
RNB,Ranpura,Rajasthan,RJ,SB-RJ,SB-RJ-RNB,NCR,0,0
RNBD,RANA BORDI,Gujarat,GJ,SB-GJ,SB-GJ-RNBD,WR,0,6
RNBT,RAHENBATA,Chhattisgarh,CG,SB-CG,SB-CG-RNBT,IR,0,6
RNC,Ranchi,Jharkhand,JH,SB-JH,SB-JH-RNC,SER,0,129
RNE,RANJANI,Maharashtra,MH,SB-MH,SB-MH-RNE,SCR,0,11
RNG,Raniganj,West Bengal,WB,SB-WB,SB-WB-RNG,IR,1,66
RNGG,Rangaliting,Assam,AS,SB-AS,SB-AS-RNGG,NFR,0,2
RNGN,RANIGAON,Assam,AS,SB-AS,SB-AS-RNGN,IR,0,2
RNGR,RAINAGAR PH,West Bengal,WB,SB-WB,SB-WB-RNGR,IR,0,11
RNH,RUNKHERA,Madhya Pradesh,MP,SB-MP,SB-MP-RNH,IR,0,13
RNI,RANGAPANI,West Bengal,WB,SB-WB,SB-WB-RNI,IR,0,4
RNIR,Rajnarainpur,Uttar Pradesh,UP,SB-UP,SB-UP-RNIR,NER,0,0
RNIS,Ranolishishu,Rajasthan,RJ,SB-RJ,SB-RJ-RNIS,NWR,0,6
RNJ,Runija,Madhya Pradesh,MP,SB-MP,SB-MP-RNJ,WR,0,10
RNJD,Ranjangaon Rd,Maharashtra,MH,SB-MH,SB-MH-RNJD,IR,0,2
RNKA,RUNKUTA,Uttar Pradesh,UP,SB-UP,SB-UP-RNKA,IR,0,6
RNL,RANALA,Maharashtra,MH,SB-MH,SB-MH-RNL,IR,0,6
RNN,RAJANKUNTI,Karnataka,KA,SB-KA,SB-KA-RNN,IR,0,4
RNO,RANOLI,Gujarat,GJ,SB-GJ,SB-GJ-RNO,IR,0,14
RNPR,RUPNARAYANPUR,West Bengal,WB,SB-WB,SB-WB-RNPR,IR,0,14
RNQ,RENUKUT,Uttar Pradesh,UP,SB-UP,SB-UP-RNQ,ECR,0,30
RNR,RANIBENNUR,Karnataka,KA,SB-KA,SB-KA-RNR,SWR,0,52
RNRD,RANIPUR ROAD,Uttar Pradesh,UP,SB-UP,SB-UP-RNRD,NCR,0,6
RNT,Ranthambhore,Rajasthan,RJ,SB-RJ,SB-RJ-RNT,WCR,0,8
RNTE,RAMANAND,Bihar,BR,SB-BR,SB-BR-RNTE,IR,0,7
RNTL,RANITAL,Odisha,OD,SB-OD,SB-OD-RNTL,IR,0,14
RNU,Ratnapur,Uttar Pradesh,UP,SB-UP,SB-UP-RNU,NR,0,0
RNV,Raniwara,Rajasthan,RJ,SB-RJ,SB-RJ-RNV,NWR,0,34
RNW,Renwal,Rajasthan,RJ,SB-RJ,SB-RJ-RNW,NWR,0,18
RNX,RANIPATRA,Bihar,BR,SB-BR,SB-BR-RNX,IR,0,12
RNY,Rangiya Junction,Assam,AS,SB-AS,SB-AS-RNY,NFR,1,126
ROA,RUSERA GHAT,Bihar,BR,SB-BR,SB-BR-ROA,IR,0,26
ROB,ROBERTSON,Chhattisgarh,CG,SB-CG,SB-CG-ROB,IR,0,8
ROH,Roha,Maharashtra,MH,SB-MH,SB-MH-ROH,KR,0,0
ROHA,ROHA,Maharashtra,MH,SB-MH,SB-MH-ROHA,CR,0,98
ROHN,ROHEDNAGAR HALT,Haryana,HR,SB-HR,SB-HR-ROHN,NR,0,16
ROI,REOTI,Bihar,BR,SB-BR,SB-BR-ROI,IR,0,16
ROK,Rohtak Junction,Haryana,HR,SB-HR,SB-HR-ROK,NR,0,112
ROL,Rajuli,Maharashtra,MH,SB-MH,SB-MH-ROL,SECR,0,9
ROP,RUPSA JN,Odisha,OD,SB-OD,SB-OD-ROP,IR,0,35
RORA,RORA,Uttar Pradesh,UP,SB-UP,SB-UP-RORA,NCR,0,6
ROS,RAJOSI,Rajasthan,RJ,SB-RJ,SB-RJ-ROS,NWR,0,2
ROU,Rourkela,Odisha,OD,SB-OD,SB-OD-ROU,IR,1,138
ROZA,ROZA JN,Uttar Pradesh,UP,SB-UP,SB-UP-ROZA,IR,0,24
RPAN,RANGAPARA NORTH,Assam,AS,SB-AS,SB-AS-RPAN,IR,0,44
RPAP,RATNIPORA HALT,Jammu and Kashmir,JK,SB-JK,SB-JK-RPAP,IR,0,6
RPAR,Rupnagar,Punjab,PB,SB-PB,SB-PB-RPAR,IR,0,29
RPB,Rupasibari,Assam,AS,SB-AS,SB-AS-RPB,NFR,0,8
RPD,RUPAUND,Madhya Pradesh,MP,SB-MP,SB-MP-RPD,IR,0,6
RPGU,RASULPURGOGAMAU,Uttar Pradesh,UP,SB-UP,SB-UP-RPGU,IR,0,4
RPH,RAMPUR HAT,West Bengal,WB,SB-WB,SB-WB-RPH,ER,1,151
RPHR,Raipur Hariyana Junction,Haryana,HR,SB-HR,SB-HR-RPHR,NR,0,9
RPI,RUPAHELI,Rajasthan,RJ,SB-RJ,SB-RJ-RPI,NWR,0,2
RPJ,Rajpura Junction,Punjab,PB,SB-PB,SB-PB-RPJ,IR,0,87
RPK,RAVALPALLI KALA,Uttar Pradesh,UP,SB-UP,SB-UP-RPK,NR,0,0
RPL,REDDIPALLE,Uttar Pradesh,UP,SB-UP,SB-UP-RPL,NR,0,0
RPLY,Rupauli,Bihar,BR,SB-BR,SB-BR-RPLY,ECR,0,10
RPM,ROYAPURAM,Tamil Nadu,TN,SB-TN,SB-TN-RPM,IR,0,74
RPMN,RAMPURMANI HARA,Uttar Pradesh,UP,SB-UP,SB-UP-RPMN,NR,0,18
RPMY,RPMY,Uttar Pradesh,UP,SB-UP,SB-UP-RPMY,NR,0,0
RPO,Rawatpur(Kanpur),Uttar Pradesh,UP,SB-UP,SB-UP-RPO,IR,0,16
RPP,Ranu Pipri,Gujarat,GJ,SB-GJ,SB-GJ-RPP,WR,0,0
RPR,RAGHUNATHPUR,Bihar,BR,SB-BR,SB-BR-RPR,IR,0,40
RPRD,RUPRA ROAD,Odisha,OD,SB-OD,SB-OD-RPRD,IR,0,14
RPRL,RAPARLA HALT,Andhra Pradesh,AP,SB-AP,SB-AP-RPRL,IR,0,8
RPSC,RUDRAPUR SIDCUL HALT,Uttarakhand,UK,SB-UK,SB-UK-RPSC,IR,0,10
RPUR,RATANPUR,Bihar,BR,SB-BR,SB-BR-RPUR,IR,0,25
RPV,Rajapatti,Bihar,BR,SB-BR,SB-BR-RPV,NER,0,10
RPWN,Rambhawan Halt,Bihar,BR,SB-BR,SB-BR-RPWN,IR,0,6
RPY,RUPAI,Assam,AS,SB-AS,SB-AS-RPY,IR,0,2
RPZ,Ranapratapnagar,Rajasthan,RJ,SB-RJ,SB-RJ-RPZ,NWR,0,53
RQJ,RANINAGAR JALPAIGIRI,West Bengal,WB,SB-WB,SB-WB-RQJ,IR,0,10
RQP,RADHAKISHOREPUR,Odisha,OD,SB-OD,SB-OD-RQP,IR,0,2
RR,RICHHA ROAD,Uttar Pradesh,UP,SB-UP,SB-UP-RR,NER,0,10
RRAL,RURE ASAL,Punjab,PB,SB-PB,SB-PB-RRAL,IR,0,8
RRB,Birur Junction,Karnataka,KA,SB-KA,SB-KA-RRB,SWR,0,105
RRD,REAY ROAD,Maharashtra,MH,SB-MH,SB-MH-RRD,IR,0,2
RRE,Rahul Road,Bihar,BR,SB-BR,SB-BR-RRE,ECR,0,14
RRGA,RANGAREDDY GUDA,Telangana,TS,SB-TS,SB-TS-RRGA,IR,0,7
RRI,Rahuri,Maharashtra,MH,SB-MH,SB-MH-RRI,IR,0,6
RRJ,RAMARAJU PALLI,Andhra Pradesh,AP,SB-AP,SB-AP-RRJ,SCR,0,0
RRL,REWRAL,Maharashtra,MH,SB-MH,SB-MH-RRL,IR,0,10
RRME,RANCHI ROAD,Jharkhand,JH,SB-JH,SB-JH-RRME,ECR,0,12
RRNH,RAMRUPNAGAR,Bihar,BR,SB-BR,SB-BR-RRNH,IR,0,8
RRP,Rairangpur,Odisha,OD,SB-OD,SB-OD-RRP,SER,0,13
RRS,Raghuraj Singh,Uttar Pradesh,UP,SB-UP,SB-UP-RRS,NR,0,12
RRU,RAYARU,Madhya Pradesh,MP,SB-MP,SB-MP-RRU,IR,0,8
RRW,Roranwala,Punjab,PB,SB-PB,SB-PB-RRW,NR,0,10
RS,Risia,Uttar Pradesh,UP,SB-UP,SB-UP-RS,NER,0,8
RSA,Risama,Chhattisgarh,CG,SB-CG,SB-CG-RSA,SECR,0,10
RSC,RAMGANGA SOUTH,Uttar Pradesh,UP,SB-UP,SB-UP-RSC,NR,0,0
RSG,RAMSAGAR,West Bengal,WB,SB-WB,SB-WB-RSG,SER,0,20
RSH,Ratan Shahr,Rajasthan,RJ,SB-RJ,SB-RJ-RSH,NWR,0,10
RSI,RAISI,Uttarakhand,UK,SB-UK,SB-UK-RSI,IR,0,4
RSJ,RAYSER,Madhya Pradesh,MP,SB-MP,SB-MP-RSJ,WCR,0,4
RSKA,RAJSUNAKHALA,Odisha,OD,SB-OD,SB-OD-RSKA,IR,0,8
RSLR,RASULPUR,West Bengal,WB,SB-WB,SB-WB-RSLR,IR,0,52
RSM,RASMARA,Chhattisgarh,CG,SB-CG,SB-CG-RSM,IR,0,14
RSMN,Ramgovindsingh Mahuli Halt,Bihar,BR,SB-BR,SB-BR-RSMN,?,0,18
RSNA,RASANA HALT,Uttar Pradesh,UP,SB-UP,SB-UP-RSNA,NR,0,0
RSNR,Rai Singh Nagar,Rajasthan,RJ,SB-RJ,SB-RJ-RSNR,NWR,0,27
RSR,RASRA,Uttar Pradesh,UP,SB-UP,SB-UP-RSR,IR,0,20
RSRI,RAISHREE,Uttar Pradesh,UP,SB-UP,SB-UP-RSRI,NR,0,0
RSWN,RAMESHWAR NAGAR,Bihar,BR,SB-BR,SB-BR-RSWN,IR,0,6
RSWT,Ramgarh Shekhawati,Rajasthan,RJ,SB-RJ,SB-RJ-RSWT,NWR,0,10
RSYI,RASAYANI,Maharashtra,MH,SB-MH,SB-MH-RSYI,CR,0,16
RT,ROHAT,Rajasthan,RJ,SB-RJ,SB-RJ-RT,NWR,0,2
RTA,RUTHIYAI,Madhya Pradesh,MP,SB-MP,SB-MP-RTA,IR,0,60
RTB,RAJA TALAB,Uttar Pradesh,UP,SB-UP,SB-UP-RTB,NER,0,8
RTBR,Ratabari,Assam,AS,SB-AS,SB-AS-RTBR,NFR,0,4
RTD,RATLAM A CABIN,Uttar Pradesh,UP,SB-UP,SB-UP-RTD,NR,0,0
RTG,Rangtong,West Bengal,WB,SB-WB,SB-WB-RTG,NFR,0,6
RTGH,Ratangarh Junction,Rajasthan,RJ,SB-RJ,SB-RJ-RTGH,NWR,0,62
RTGN,RATANGAON,Madhya Pradesh,MP,SB-MP,SB-MP-RTGN,IR,0,6
RTI,RAOTI,Madhya Pradesh,MP,SB-MP,SB-MP-RTI,IR,0,8
RTJ,Rantej,Gujarat,GJ,SB-GJ,SB-GJ-RTJ,WR,0,0
RTK,Ramtek,Maharashtra,MH,SB-MH,SB-MH-RTK,SECR,0,4
RTLM,RATLAM JN,Uttar Pradesh,UP,SB-UP,SB-UP-RTLM,NR,0,0
RTM,Ratlam Junction,Madhya Pradesh,MP,SB-MP,SB-MP-RTM,IR,1,302
RTME,RATLAM EAST CABIN,Uttar Pradesh,UP,SB-UP,SB-UP-RTME,NR,0,0
RTN,RETANG,Odisha,OD,SB-OD,SB-OD-RTN,IR,0,22
RTP,RATANPURA,Rajasthan,RJ,SB-RJ,SB-RJ-RTP,IR,0,8
RTR,RAMNATHPUR,Uttar Pradesh,UP,SB-UP,SB-UP-RTR,NER,0,8
RTRA,NEW RAMNATH PUR,Assam,AS,SB-AS,SB-AS-RTRA,IR,0,4
RTU,Ratan Sarai,Bihar,BR,SB-BR,SB-BR-RTU,IR,0,8
RTWS,RAHATWAS,Madhya Pradesh,MP,SB-MP,SB-MP-RTWS,IR,0,12
RTZ,RATONA,Madhya Pradesh,MP,SB-MP,SB-MP-RTZ,IR,0,8
RU,Renigunta Junction,Andhra Pradesh,AP,SB-AP,SB-AP-RU,IR,1,266
RUB,RASULABAD,Uttar Pradesh,UP,SB-UP,SB-UP-RUB,IR,0,2
RUG,RAJLU GARHI,Haryana,HR,SB-HR,SB-HR-RUG,IR,0,18
RUI,Rukni,West Bengal,WB,SB-WB,SB-WB-RUI,SER,0,14
RUJ,RANUJ,Gujarat,GJ,SB-GJ,SB-GJ-RUJ,WR,0,10
RUKH,RUKHAI HALT,Bihar,BR,SB-BR,SB-BR-RUKH,IR,0,2
RUL,RAULI,Odisha,OD,SB-OD,SB-OD-RUL,IR,0,2
RUM,RUPAMAU,Uttar Pradesh,UP,SB-UP,SB-UP-RUM,IR,0,2
RUP,Rupahigaon,Assam,AS,SB-AS,SB-AS-RUP,NFR,0,2
RUPC,RUDRAPUR CITY,Uttarakhand,UK,SB-UK,SB-UK-RUPC,NER,0,23
RUR,RANPUR,Gujarat,GJ,SB-GJ,SB-GJ-RUR,WR,0,14
RURA,RURA,Uttar Pradesh,UP,SB-UP,SB-UP-RURA,IR,0,25
RUSD,Runnisaidpur,Bihar,BR,SB-BR,SB-BR-RUSD,ECR,0,14
RUT,RATNAL,Gujarat,GJ,SB-GJ,SB-GJ-RUT,WR,0,0
RV,RAVER,Maharashtra,MH,SB-MH,SB-MH-RV,CR,0,18
RVD,RAVIKAMPADU,Uttar Pradesh,UP,SB-UP,SB-UP-RVD,NR,0,0
RVG,REVELGANJ GHAT HALT,Bihar,BR,SB-BR,SB-BR-RVG,IR,0,4
RVH,RAIPUR R-V BLOCK,Uttar Pradesh,UP,SB-UP,SB-UP-RVH,NR,0,0
RVK,RAJA BHAT KHAWA,West Bengal,WB,SB-WB,SB-WB-RVK,NFR,0,4
RVKH,RAVINDRAKHANI,Telangana,TS,SB-TS,SB-TS-RVKH,IR,0,12
RVS,RAVANASAMUDRAM,Tamil Nadu,TN,SB-TN,SB-TN-RVS,IR,0,8
RVSN,RVS NAGAR,Uttar Pradesh,UP,SB-UP,SB-UP-RVSN,NR,0,0
RVT,Revelganj Ghat,Bihar,BR,SB-BR,SB-BR-RVT,NER,0,0
RW,Rankua,Gujarat,GJ,SB-GJ,SB-GJ-RW,WR,0,4
RWA,RAUTARA,Bihar,BR,SB-BR,SB-BR-RWA,IR,0,12
RWH,Rowriah Sdg,Assam,AS,SB-AS,SB-AS-RWH,NFR,0,0
RWJ,RAWANIA DUNGAR,Rajasthan,RJ,SB-RJ,SB-RJ-RWJ,IR,0,10
RWL,Raiwala,Uttarakhand,UK,SB-UK,SB-UK-RWL,NR,0,28
RWO,RANAVAV,Gujarat,GJ,SB-GJ,SB-GJ-RWO,WR,0,19
RWTB,ROWTA BAGAN,Assam,AS,SB-AS,SB-AS-RWTB,IR,0,10
RXL,Raxaul Junction,Bihar,BR,SB-BR,SB-BR-RXL,ECR,0,86
RXM,ROOMA,Uttar Pradesh,UP,SB-UP,SB-UP-RXM,IR,0,4
RXN,Ramsan,Gujarat,GJ,SB-GJ,SB-GJ-RXN,NWR,0,4
RXR,RANGAPAHAR,Nagaland,NL,SB-NL,SB-NL-RXR,NFR,0,2
RXRX,RANGAPAHAR CRS,Nagaland,NL,SB-NL,SB-NL-RXRX,NFR,0,0
RXW,Ratangarh West,Rajasthan,RJ,SB-RJ,SB-RJ-RXW,NWR,0,0
RY,RAYAKA,Gujarat,GJ,SB-GJ,SB-GJ-RY,WR,0,6
RYC,Rayakkottai,Tamil Nadu,TN,SB-TN,SB-TN-RYC,SWR,0,6
RYM,RAMIDI HALT,Uttar Pradesh,UP,SB-UP,SB-UP-RYM,NR,0,0
RYP,RAYANAPAD,Andhra Pradesh,AP,SB-AP,SB-AP-RYP,SCR,0,26
RYS,RASURIYA,Uttar Pradesh,UP,SB-UP,SB-UP-RYS,IR,0,2
RYT,RAYAT PURA,Madhya Pradesh,MP,SB-MP,SB-MP-RYT,NCR,0,6
RZJ,RAZAGANJ,Uttar Pradesh,UP,SB-UP,SB-UP-RZJ,NER,0,8
RZN,RAUZAGAON,Uttar Pradesh,UP,SB-UP,SB-UP-RZN,IR,0,2
S,SHRIRANGAPATNA,Karnataka,KA,SB-KA,SB-KA-S,SWR,0,14
SA,SALEM JN,Tamil Nadu,TN,SB-TN,SB-TN-SA,IR,0,240
SAA,SATHIAON,Uttar Pradesh,UP,SB-UP,SB-UP-SAA,IR,0,8
SAB,SANTAMAGULUR,Andhra Pradesh,AP,SB-AP,SB-AP-SAB,IR,0,4
SABD,SALABAD,Rajasthan,RJ,SB-RJ,SB-RJ-SABD,IR,0,6
SAC,SANICHARA,Madhya Pradesh,MP,SB-MP,SB-MP-SAC,NCR,0,14
SACH,SUCHITRA CENTRE HALT,Telangana,TS,SB-TS,SB-TS-SACH,SCR,0,4
SAD,Sonada,West Bengal,WB,SB-WB,SB-WB-SAD,NFR,0,6
SADL,SADLA,Uttar Pradesh,UP,SB-UP,SB-UP-SADL,NR,0,0
SADP,SAIDAPUR,Karnataka,KA,SB-KA,SB-KA-SADP,SCR,1,17
SAE,SIMARIA,Uttar Pradesh,UP,SB-UP,SB-UP-SAE,NR,0,0
SAF,SALKHAPUR,Uttar Pradesh,UP,SB-UP,SB-UP-SAF,NR,0,4
SAG,SANGRUR,Punjab,PB,SB-PB,SB-PB-SAG,NR,0,40
SAGM,SAGMA,Madhya Pradesh,MP,SB-MP,SB-MP-SAGM,WCR,0,6
SAGR,SHRIRAJNAGAR,Uttar Pradesh,UP,SB-UP,SB-UP-SAGR,IR,0,2
SAH,Saphale,Maharashtra,MH,SB-MH,SB-MH-SAH,WR,0,77
SAHA,Sarahula,Uttar Pradesh,UP,SB-UP,SB-UP-SAHA,ECR,0,6
SAHI,SATHI,Bihar,BR,SB-BR,SB-BR-SAHI,ECR,0,12
SAHL,SAHELI,Uttar Pradesh,UP,SB-UP,SB-UP-SAHL,NR,0,0
SAHP,SAHIJPUR,Gujarat,GJ,SB-GJ,SB-GJ-SAHP,WR,0,4
SAHR,SAHERI,Uttar Pradesh,UP,SB-UP,SB-UP-SAHR,NER,0,14
SAI,SARAI,Bihar,BR,SB-BR,SB-BR-SAI,IR,0,12
SAJH,SAHJA HALT,Bihar,BR,SB-BR,SB-BR-SAJH,IR,0,8
SAK,Sak Bahadurpur,Gujarat,GJ,SB-GJ,SB-GJ-SAK,WR,0,10
SAKA,Simariya Kajanwada,Madhya Pradesh,MP,SB-MP,SB-MP-SAKA,SECR,0,6
SAKD,Suprakandi,Assam,AS,SB-AS,SB-AS-SAKD,IR,0,8
SAL,SALWA,Maharashtra,MH,SB-MH,SB-MH-SAL,IR,0,11
SALE,SALAR,West Bengal,WB,SB-WB,SB-WB-SALE,ER,0,49
SALI,SAHELI,Rajasthan,RJ,SB-RJ,SB-RJ-SALI,NWR,0,2
SALR,Salur,Andhra Pradesh,AP,SB-AP,SB-AP-SALR,IR,0,0
SAMT,SALEM MARKET,Tamil Nadu,TN,SB-TN,SB-TN-SAMT,IR,0,6
SAN,SANDILA,Uttar Pradesh,UP,SB-UP,SB-UP-SAN,IR,0,23
SANG,SAIRANG,Mizoram,MZ,SB-MZ,SB-MZ-SANG,IR,0,8
SANH,SANHA HALT,Bihar,BR,SB-BR,SB-BR-SANH,IR,0,6
SANI,SHANKI,Jharkhand,JH,SB-JH,SB-JH-SANI,IR,0,4
SANK,SANK,Madhya Pradesh,MP,SB-MP,SB-MP-SANK,IR,0,2
SANR,SARDARNAGAR,Uttar Pradesh,UP,SB-UP,SB-UP-SANR,IR,0,7
SAO,SAGONI,Madhya Pradesh,MP,SB-MP,SB-MP-SAO,IR,0,8
SAP,SATTENAPALLE,Andhra Pradesh,AP,SB-AP,SB-AP-SAP,IR,0,46
SAPD,SANAPADAR PASSENGER HALT (PH),Odisha,OD,SB-OD,SB-OD-SAPD,IR,0,8
SAPE,SAPE WAMNE,Maharashtra,MH,SB-MH,SB-MH-SAPE,KR,0,12
SAPR,SARANGPUR ROAD,Gujarat,GJ,SB-GJ,SB-GJ-SAPR,WR,0,6
SAPT,Sugapahari,Jharkhand,JH,SB-JH,SB-JH-SAPT,ER,0,12
SAR,SHAHZAD NAGAR,Uttar Pradesh,UP,SB-UP,SB-UP-SAR,NR,0,0
SARR,SIDHAOUNA RAMPUR HALT,Uttar Pradesh,UP,SB-UP,SB-UP-SARR,IR,0,8
SARY,SARAIYA HALT,Bihar,BR,SB-BR,SB-BR-SARY,ECR,0,4
SAS,SHIVDASPURA PADAMPURA,Rajasthan,RJ,SB-RJ,SB-RJ-SAS,IR,0,4
SASG,Sasan Gir,Gujarat,GJ,SB-GJ,SB-GJ-SASG,WR,0,8
SASN,SAS NAGAR MOHALI,Punjab,PB,SB-PB,SB-PB-SASN,NR,0,40
SASR,Sausar,Madhya Pradesh,MP,SB-MP,SB-MP-SASR,SECR,0,8
SAT,SANT ROAD,Gujarat,GJ,SB-GJ,SB-GJ-SAT,IR,0,11
SATR,SATR HALT,Bihar,BR,SB-BR,SB-BR-SATR,IR,0,7
SAU,SANAND,Gujarat,GJ,SB-GJ,SB-GJ-SAU,IR,0,10
SAV,SAVDA,Maharashtra,MH,SB-MH,SB-MH-SAV,CR,0,6
SAW,SURIAWAN,Uttar Pradesh,UP,SB-UP,SB-UP-SAW,IR,0,18
SAWN,Sohansra,Haryana,HR,SB-HR,SB-HR-SAWN,NWR,0,10
SAY,SAYAMA,Gujarat,GJ,SB-GJ,SB-GJ-SAY,IR,0,16
SAZ,Samni,Gujarat,GJ,SB-GJ,SB-GJ-SAZ,WR,0,0
SB,SARAI BHOPAT,Uttar Pradesh,UP,SB-UP,SB-UP-SB,IR,0,8
SB04,Mana,Chhattisgarh,CG,SB-CG,SB-CG-SB04,?,0,0
SBB,SAHIBABAD,Delhi,DL,SB-DL,SB-DL-SBB,IR,0,95
SBBJ,JOGULAMBA HALT,Andhra Pradesh,AP,SB-AP,SB-AP-SBBJ,IR,0,10
SBBP,SARDARBALLABH BHAI PATEL,Bihar,BR,SB-BR,SB-BR-SBBP,IR,0,4
SBC,Bangalore City Junction,Karnataka,KA,SB-KA,SB-KA-SBC,SWR,0,188
SBD,SLEEMANABAD RD,Madhya Pradesh,MP,SB-MP,SB-MP-SBD,WCR,0,16
SBDP,SABDALPUR JN,Bihar,BR,SB-BR,SB-BR-SBDP,IR,0,14
SBDR,SONBHADRA,Uttar Pradesh,UP,SB-UP,SB-UP-SBDR,IR,0,20
SBE,Sorbhog Junction,Assam,AS,SB-AS,SB-AS-SBE,NFR,0,20
SBG,SAHIBGANJ JN,Bihar,BR,SB-BR,SB-BR-SBG,IR,0,64
SBGA,SHRAVANABELAGOLA,Karnataka,KA,SB-KA,SB-KA-SBGA,IR,0,16
SBGB,SUTEI BADEGAN,Odisha,OD,SB-OD,SB-OD-SBGB,IR,0,6
SBGN,SISIBARGAON,Assam,AS,SB-AS,SB-AS-SBGN,IR,0,2
SBGR,Subhas Gram,West Bengal,WB,SB-WB,SB-WB-SBGR,ER,0,162
SBH,SULEBHAVI,Karnataka,KA,SB-KA,SB-KA-SBH,SWR,0,10
SBHN,SHRI BHAVNATH,Rajasthan,RJ,SB-RJ,SB-RJ-SBHN,IR,0,2
SBHR,Subrahmanya Road,Karnataka,KA,SB-KA,SB-KA-SBHR,SWR,0,20
SBI,SABARMATI JN,Uttar Pradesh,UP,SB-UP,SB-UP-SBI,NR,0,0
SBIB,SABARMATI BG,Gujarat,GJ,SB-GJ,SB-GJ-SBIB,WR,1,71
SBIC,SABARMATI BRIDGE,Uttar Pradesh,UP,SB-UP,SB-UP-SBIC,NR,0,0
SBID,SABARMATI D CABIN,Uttar Pradesh,UP,SB-UP,SB-UP-SBID,NR,0,0
SBIS,SABARMATI SOUTH,Uttar Pradesh,UP,SB-UP,SB-UP-SBIS,NR,0,0
SBJ,SARAI BANJARA,Punjab,PB,SB-PB,SB-PB-SBJ,IR,0,10
SBK,SHAHBAZ KULI,Uttar Pradesh,UP,SB-UP,SB-UP-SBK,NER,0,6
SBL,Sabalgarh,Madhya Pradesh,MP,SB-MP,SB-MP-SBL,NCR,0,6
SBLJ,SHRI BALAJI,Rajasthan,RJ,SB-RJ,SB-RJ-SBLJ,IR,0,2
SBLT,SHRI BHADRIYA LATHI,Rajasthan,RJ,SB-RJ,SB-RJ-SBLT,NWR,0,8
SBM,SONBARSA KACHERI,Bihar,BR,SB-BR,SB-BR-SBM,ECR,0,18
SBNM,Subarnamrigi,West Bengal,WB,SB-WB,SB-WB-SBNM,ER,0,16
SBNR,SHRI VIJAINAGAR,Rajasthan,RJ,SB-RJ,SB-RJ-SBNR,NWR,0,12
SBO,SABAUR,Bihar,BR,SB-BR,SB-BR-SBO,IR,0,22
SBP,Sambalpur,Odisha,OD,SB-OD,SB-OD-SBP,IR,0,92
SBPD,SAMBALPUR ROAD,Uttar Pradesh,UP,SB-UP,SB-UP-SBPD,NR,0,0
SBPY,SAMBALPUR CITY,Odisha,OD,SB-OD,SB-OD-SBPY,IR,0,18
SBR,SAMBHAR LAKE,Rajasthan,RJ,SB-RJ,SB-RJ-SBR,IR,0,18
SBRA,SARBAHARA,Chhattisgarh,CG,SB-CG,SB-CG-SBRA,IR,0,6
SBRM,SABROOM,Tripura,TR,SB-TR,SB-TR-SBRM,IR,0,10
SBT,SABARMATI JN,Gujarat,GJ,SB-GJ,SB-GJ-SBT,IR,0,15
SBTA,SABARMATI A CABIN,Uttar Pradesh,UP,SB-UP,SB-UP-SBTA,NR,0,0
SBTF,SABARMATI F CABIN,Uttar Pradesh,UP,SB-UP,SB-UP-SBTF,NR,0,0
SBTJ,SHANIDEV DHAM BISHNATHGANJ,Uttar Pradesh,UP,SB-UP,SB-UP-SBTJ,IR,0,6
SBV,SIMRI BHAKHTIYARPUR,Bihar,BR,SB-BR,SB-BR-SBV,ECR,0,57
SBW,Shewbabudih,Jharkhand,JH,SB-JH,SB-JH-SBW,SER,0,4
SBY,Solan Brewery,Himachal Pradesh,HP,SB-HP,SB-HP-SBY,NR,0,0
SBZ,SISWA BAZAR,Uttar Pradesh,UP,SB-UP,SB-UP-SBZ,NER,0,40
SC,Secunderabad Junction,Telangana,TS,SB-TS,SB-TS-SC,SCR,0,260
SCA,Salchapra,Assam,AS,SB-AS,SB-AS-SCA,NFR,0,12
SCC,SITAPUR CANT,Uttar Pradesh,UP,SB-UP,SB-UP-SCC,NR,0,0
SCE,Senchoa Junction,Assam,AS,SB-AS,SB-AS-SCE,NFR,0,12
SCH,Sachin,Gujarat,GJ,SB-GJ,SB-GJ-SCH,WR,0,23
SCI,SANCHI,Madhya Pradesh,MP,SB-MP,SB-MP-SCI,IR,0,14
SCKR,SALICHAUKA ROAD,Madhya Pradesh,MP,SB-MP,SB-MP-SCKR,WCR,0,15
SCL,Silchar,Assam,AS,SB-AS,SB-AS-SCL,NFR,0,32
SCM,Simhachalam,Andhra Pradesh,AP,SB-AP,SB-AP-SCM,IR,0,48
SCMN,SIMHACHALAM NORTH,Andhra Pradesh,AP,SB-AP,SB-AP-SCMN,IR,0,3
SCN,SONDHA ROAD,Madhya Pradesh,MP,SB-MP,SB-MP-SCN,NCR,0,6
SCO,SATUNA,Maharashtra,MH,SB-MH,SB-MH-SCO,SCR,0,6
SCP,SIRNAPALLI,Andhra Pradesh,AP,SB-AP,SB-AP-SCP,SCR,0,11
SCPD,SUCHIPIND,Punjab,PB,SB-PB,SB-PB-SCPD,NR,0,6
SCPR,SHYAMA CHARANPUR HALT,Odisha,OD,SB-OD,SB-OD-SCPR,IR,0,6
SCQ,Sham Chaurasi,Punjab,PB,SB-PB,SB-PB-SCQ,NR,0,12
SCT,SENGOTTAI,Tamil Nadu,TN,SB-TN,SB-TN-SCT,IR,0,35
SCV,Sukhchain,Haryana,HR,SB-HR,SB-HR-SCV,IR,0,10
SCY,SACHIWALAY HALT,Bihar,BR,SB-BR,SB-BR-SCY,IR,0,31
SD,SIDHAULI,Uttar Pradesh,UP,SB-UP,SB-UP-SD,NER,0,14
SDAH,Sealdah,West Bengal,WB,SB-WB,SB-WB-SDAH,ER,1,745
SDAM,SUNDHIAMAU,Uttar Pradesh,UP,SB-UP,SB-UP-SDAM,IR,0,4
SDB,SHAHABAD,Karnataka,KA,SB-KA,SB-KA-SDB,SCR,1,36
SDBH,Sindri Block Hut,Jharkhand,JH,SB-JH,SB-JH-SDBH,ECR,0,8
SDC,SAIDABAD,Uttar Pradesh,UP,SB-UP,SB-UP-SDC,NER,0,8
SDD,SINDHAWADAR,Gujarat,GJ,SB-GJ,SB-GJ-SDD,WR,0,2
SDDN,SIDDHARTH NAGAR,Uttar Pradesh,UP,SB-UP,SB-UP-SDDN,IR,0,34
SDE,SADISOPUR,Bihar,BR,SB-BR,SB-BR-SDE,IR,0,24
SDF,Sudsar,Rajasthan,RJ,SB-RJ,SB-RJ-SDF,NWR,0,16
SDG,SAHADAI BUZURG,Bihar,BR,SB-BR,SB-BR-SDG,ECR,0,10
SDGH,Sri Dungargarh,Rajasthan,RJ,SB-RJ,SB-RJ-SDGH,NWR,0,34
SDGM,SARDARGRAM,Gujarat,GJ,SB-GJ,SB-GJ-SDGM,WR,0,14
SDH,SARADHNA,Rajasthan,RJ,SB-RJ,SB-RJ-SDH,NWR,0,4
SDHA,SIDHARI HALT,Uttar Pradesh,UP,SB-UP,SB-UP-SDHA,IR,0,6
SDHR,Sandhanidhar,Gujarat,GJ,SB-GJ,SB-GJ-SDHR,WR,0,0
SDHS,SIDHIRSAI,Jharkhand,JH,SB-JH,SB-JH-SDHS,IR,0,8
SDI,Sagardighi,West Bengal,WB,SB-WB,SB-WB-SDI,ER,0,20
SDL,SHAHDOL,Madhya Pradesh,MP,SB-MP,SB-MP-SDL,IR,0,75
SDLE,SWADINPUR,West Bengal,WB,SB-WB,SB-WB-SDLE,IR,0,26
SDLK,SUNDLAK,Rajasthan,RJ,SB-RJ,SB-RJ-SDLK,IR,0,4
SDLP,Sadulpur Junction,Rajasthan,RJ,SB-RJ,SB-RJ-SDLP,NWR,0,91
SDM,SURAREDDIPALEM,Andhra Pradesh,AP,SB-AP,SB-AP-SDM,IR,0,6
SDMD,Sudamdih,West Bengal,WB,SB-WB,SB-WB-SDMD,SER,0,12
SDMK,Sidmukh,Rajasthan,RJ,SB-RJ,SB-RJ-SDMK,NWR,0,16
SDN,Sholavandan,Tamil Nadu,TN,SB-TN,SB-TN-SDN,IR,0,18
SDNR,Seydunganallur,Tamil Nadu,TN,SB-TN,SB-TN-SDNR,SR,0,12
SDP,Sodepur,West Bengal,WB,SB-WB,SB-WB-SDP,IR,0,0
SDPH,Sardar Patel Halt,Bihar,BR,SB-BR,SB-BR-SDPH,IR,0,6
SDPN,SINDPAN,Uttar Pradesh,UP,SB-UP,SB-UP-SDPN,NR,0,0
SDPR,SARDAR PATEL ROAD,Delhi,DL,SB-DL,SB-DL-SDPR,NR,0,1
SDPT,SEDARAMPATTU,Tamil Nadu,TN,SB-TN,SB-TN-SDPT,IR,0,8
SDRA,Sudharana,Haryana,HR,SB-HR,SB-HR-SDRA,NWR,0,14
SDRN,Shendurni,Maharashtra,MH,SB-MH,SB-MH-SDRN,CR,0,0
SDS,Sadulshahr,Rajasthan,RJ,SB-RJ,SB-RJ-SDS,NWR,0,20
SDT,SADAT,Uttar Pradesh,UP,SB-UP,SB-UP-SDT,NER,0,22
SDUA,SADURA,Jammu and Kashmir,JK,SB-JK,SB-JK-SDUA,IR,0,12
SDV,SOMIDEVIPALLE,Andhra Pradesh,AP,SB-AP,SB-AP-SDV,IR,0,6
SDVL,SOLDEVANAHALLI,Karnataka,KA,SB-KA,SB-KA-SDVL,SWR,0,16
SDWR,SIDHWAR,Jharkhand,JH,SB-JH,SB-JH-SDWR,IR,0,2
SDY,SADHOO GARH,Punjab,PB,SB-PB,SB-PB-SDY,IR,0,10
SDZ,Sindhar,Punjab,PB,SB-PB,SB-PB-SDZ,NR,0,10
SE,SEMLA,Uttar Pradesh,UP,SB-UP,SB-UP-SE,NR,0,0
SEB,Son Nagar,Bihar,BR,SB-BR,SB-BR-SEB,IR,0,22
SED,SHEDBAL,Karnataka,KA,SB-KA,SB-KA-SED,SWR,0,10
SEE,SONPUR JN,Bihar,BR,SB-BR,SB-BR-SEE,IR,0,171
SEG,Shegaon,Maharashtra,MH,SB-MH,SB-MH-SEG,IR,1,69
SEGM,Sevagram,Maharashtra,MH,SB-MH,SB-MH-SEGM,IR,1,62
SEH,SEHORE,Madhya Pradesh,MP,SB-MP,SB-MP-SEH,IR,0,60
SEI,SHENDRI,Maharashtra,MH,SB-MH,SB-MH-SEI,CR,0,2
SEJ,SARKHEJ,Gujarat,GJ,SB-GJ,SB-GJ-SEJ,WR,0,16
SEL,SANKRALL,West Bengal,WB,SB-WB,SB-WB-SEL,IR,0,127
SELU,SELU,Maharashtra,MH,SB-MH,SB-MH-SELU,SCR,0,45
SEM,SERAM,Karnataka,KA,SB-KA,SB-KA-SEM,IR,0,34
SEN,SENAPURA,Karnataka,KA,SB-KA,SB-KA-SEN,KR,0,4
SEO,SEOHARA,Uttar Pradesh,UP,SB-UP,SB-UP-SEO,IR,0,18
SEP,SODPUR,West Bengal,WB,SB-WB,SB-WB-SEP,IR,0,226
SEPN,SEPON,Assam,AS,SB-AS,SB-AS-SEPN,IR,0,2
SEPR,SHERPUR,Uttar Pradesh,UP,SB-UP,SB-UP-SEPR,NR,0,6
SEQ,SEKHA,Punjab,PB,SB-PB,SB-PB-SEQ,NR,0,8
SER,SAMAYANALLUR,Tamil Nadu,TN,SB-TN,SB-TN-SER,IR,0,4
SES,SEMARI,Rajasthan,RJ,SB-RJ,SB-RJ-SES,NWR,0,14
SET,SETTIHALLY,Karnataka,KA,SB-KA,SB-KA-SET,SWR,0,10
SETB,Sessa,Uttar Pradesh,UP,SB-UP,SB-UP-SETB,NR,0,0
SEU,SENDRA,Rajasthan,RJ,SB-RJ,SB-RJ-SEU,NWR,0,13
SEV,SITHALAVAI,Tamil Nadu,TN,SB-TN,SB-TN-SEV,SR,0,11
SEW,SEHAL,Uttar Pradesh,UP,SB-UP,SB-UP-SEW,NER,0,4
SEX,Seroni Road,Madhya Pradesh,MP,SB-MP,SB-MP-SEX,NCR,0,0
SEY,Seoni,Madhya Pradesh,MP,SB-MP,SB-MP-SEY,SECR,0,14
SF,SETTIGUNTA,Andhra Pradesh,AP,SB-AP,SB-AP-SF,IR,0,4
SFA,SANHERA HALT,Uttar Pradesh,UP,SB-UP,SB-UP-SFA,NR,0,22
SFC,SAINTALA,Odisha,OD,SB-OD,SB-OD-SFC,IR,0,12
SFDE,SAFIDON,Haryana,HR,SB-HR,SB-HR-SFDE,NR,0,6
SFE,Sanodiya,Rajasthan,RJ,SB-RJ,SB-RJ-SFE,NWR,0,6
SFF,SUNERA PIRKHERI,Uttar Pradesh,UP,SB-UP,SB-UP-SFF,NR,0,0
SFG,SUBEDARGANJ,Uttar Pradesh,UP,SB-UP,SB-UP-SFG,IR,0,51
SFH,SAFEDABAD,Uttar Pradesh,UP,SB-UP,SB-UP-SFH,IR,0,5
SFK,SIKIR,Odisha,OD,SB-OD,SB-OD-SFK,IR,0,4
SFM,SUNAM,Punjab,PB,SB-PB,SB-PB-SFM,NR,0,0
SFMU,SUNAM UDHAM SINGH WALA,Punjab,PB,SB-PB,SB-PB-SFMU,IR,0,28
SFNR,Saifinagar Halt,Madhya Pradesh,MP,SB-MP,SB-MP-SFNR,WR,0,14
SFPR,Safipur,Uttar Pradesh,UP,SB-UP,SB-UP-SFPR,NR,0,4
SFR,SAFRAI,Assam,AS,SB-AS,SB-AS-SFR,NFR,0,6
SFW,SARANGPUR,Madhya Pradesh,MP,SB-MP,SB-MP-SFW,IR,0,12
SFX,SAFILGUDA,Andhra Pradesh,AP,SB-AP,SB-AP-SFX,SCR,0,28
SFY,SHAJAPUR,Madhya Pradesh,MP,SB-MP,SB-MP-SFY,IR,0,30
SFZ,SINDURIYA KACHARI,Madhya Pradesh,MP,SB-MP,SB-MP-SFZ,IR,0,2
SG,SHAHGARH,Uttar Pradesh,UP,SB-UP,SB-UP-SG,NER,0,8
SGA,Shergarh,Punjab,PB,SB-PB,SB-PB-SGA,NWR,0,10
SGAC,SOGARIYA CABIN,Rajasthan,RJ,SB-RJ,SB-RJ-SGAC,IR,0,32
SGAM,SAREIGRAM,Madhya Pradesh,MP,SB-MP,SB-MP-SGAM,WCR,0,16
SGBA,Sir Gurudas Banerjee Halt,West Bengal,WB,SB-WB,SB-WB-SGBA,ER,0,14
SGBB,SGBB,Uttar Pradesh,UP,SB-UP,SB-UP-SGBB,NR,0,0
SGBJ,SURGAON BANJARI,Madhya Pradesh,MP,SB-MP,SB-MP-SGBJ,WCR,0,4
SGC,SAONGI,Madhya Pradesh,MP,SB-MP,SB-MP-SGC,IR,0,16
SGD,SONGADH,Gujarat,GJ,SB-GJ,SB-GJ-SGD,WR,0,30
SGDM,SIGADAM,Andhra Pradesh,AP,SB-AP,SB-AP-SGDM,IR,0,8
SGDN,SANGALDAN,Jammu and Kashmir,JK,SB-JK,SB-JK-SGDN,IR,0,8
SGDP,Sagadapata,Odisha,OD,SB-OD,SB-OD-SGDP,ECOR,0,6
SGDV,Soma Guddu,Uttar Pradesh,UP,SB-UP,SB-UP-SGDV,NR,0,0
SGE,SankariDurg,Tamil Nadu,TN,SB-TN,SB-TN-SGE,IR,0,16
SGF,SANGAT,Punjab,PB,SB-PB,SB-PB-SGF,NWR,0,12
SGG,SULTANGANJ,Bihar,BR,SB-BR,SB-BR-SGG,IR,0,97
SGJ,Safdarganj,Uttar Pradesh,UP,SB-UP,SB-UP-SGJ,IR,0,6
SGKM,Srungavruksham,Andhra Pradesh,AP,SB-AP,SB-AP-SGKM,SCR,0,10
SGL,Sagauli Junction,Bihar,BR,SB-BR,SB-BR-SGL,ECR,0,61
SGLA,SANGOLA,Maharashtra,MH,SB-MH,SB-MH-SGLA,CR,0,14
SGLM,SENGULAM,Tamil Nadu,TN,SB-TN,SB-TN-SGLM,SR,0,1
SGM,SOLGAMPATTI,Tamil Nadu,TN,SB-TN,SB-TN-SGM,SR,0,19
SGND,Shrigonda Road,Maharashtra,MH,SB-MH,SB-MH-SGND,IR,0,4
SGNL,SANGANAL,Karnataka,KA,SB-KA,SB-KA-SGNL,IR,0,2
SGNR,SHRI GANGANAGAR,Rajasthan,RJ,SB-RJ,SB-RJ-SGNR,NWR,0,63
SGO,SAUGOR,Madhya Pradesh,MP,SB-MP,SB-MP-SGO,IR,0,95
SGP,SOHAGPUR,Madhya Pradesh,MP,SB-MP,SB-MP-SGP,WCR,0,23
SGPA,Sugapahari,Jharkhand,JH,SB-JH,SB-JH-SGPA,ER,0,12
SGR,Sangmeshwar Road,Maharashtra,MH,SB-MH,SB-MH-SGR,KR,0,73
SGRA,SANGARIA,Rajasthan,RJ,SB-RJ,SB-RJ-SGRA,NWR,0,27
SGRD,SULGARE,Chhattisgarh,CG,SB-CG,SB-CG-SGRD,IR,0,11
SGRE,SULGARE,Maharashtra,MH,SB-MH,SB-MH-SGRE,CR,0,4
SGRL,SINGRAULI,Madhya Pradesh,MP,SB-MP,SB-MP-SGRL,ECR,0,32
SGRM,SINGARAM,Odisha,OD,SB-OD,SB-OD-SGRM,IR,0,2
SGRP,SINGHIRAMPUR,Uttar Pradesh,UP,SB-UP,SB-UP-SGRP,IR,0,8
SGRR,SANGAR,Jammu and Kashmir,JK,SB-JK,SB-JK-SGRR,NR,0,4
SGS,Shoghi,Himachal Pradesh,HP,SB-HP,SB-HP-SGS,NR,0,4
SGTY,SANKRAIL GOODS TERMINAL,West Bengal,WB,SB-WB,SB-WB-SGTY,IR,0,5
SGUD,Siliguri,Uttar Pradesh,UP,SB-UP,SB-UP-SGUD,NR,0,0
SGUJ,SILIGURI JN,West Bengal,WB,SB-WB,SB-WB-SGUJ,NFR,0,58
SGUT,SILIGURU TOWN,West Bengal,WB,SB-WB,SB-WB-SGUT,NFR,0,4
SGV,Sargachhi,West Bengal,WB,SB-WB,SB-WB-SGV,ER,0,30
SGW,SINGWAL,Rajasthan,RJ,SB-RJ,SB-RJ-SGW,NWR,0,2
SGWF,WHITE FIELD SATELLITE,Uttar Pradesh,UP,SB-UP,SB-UP-SGWF,NR,0,0
SGYW,Singriawan,Bihar,BR,SB-BR,SB-BR-SGYW,IR,0,8
SGZ,SHAMGARH,Madhya Pradesh,MP,SB-MP,SB-MP-SGZ,IR,0,63
SHAD,Shahad,Maharashtra,MH,SB-MH,SB-MH-SHAD,CR,0,155
SHAN,SRINIVASA NAGAR,Andhra Pradesh,AP,SB-AP,SB-AP-SHAN,SCR,0,16
SHB,Shahibag,Uttar Pradesh,UP,SB-UP,SB-UP-SHB,NR,0,0
SHBA,SAHEBTALA,West Bengal,WB,SB-WB,SB-WB-SHBA,ER,0,30
SHBC,SIBAICHANDI,West Bengal,WB,SB-WB,SB-WB-SHBC,IR,0,56
SHBL,SHIBLUN,West Bengal,WB,SB-WB,SB-WB-SHBL,ER,0,26
SHC,Saharsa Junction,Bihar,BR,SB-BR,SB-BR-SHC,ECR,0,106
SHDM,SHAHBAD MARKNDA,Haryana,HR,SB-HR,SB-HR-SHDM,IR,0,20
SHDR,SHADHORAGAON,Madhya Pradesh,MP,SB-MP,SB-MP-SHDR,IR,0,16
SHE,SEORAPHULI,West Bengal,WB,SB-WB,SB-WB-SHE,IR,0,267
SHEO,SHISHO,Bihar,BR,SB-BR,SB-BR-SHEO,IR,0,22
SHER,Sher,Bihar,BR,SB-BR,SB-BR-SHER,IR,0,4
SHF,Shirud,Maharashtra,MH,SB-MH,SB-MH-SHF,CR,0,10
SHG,SHAHGANJ JN,Uttar Pradesh,UP,SB-UP,SB-UP-SHG,IR,0,68
SHGN,SHRI GHASINAGAR,Rajasthan,RJ,SB-RJ,SB-RJ-SHGN,IR,0,6
SHH,SHAPUR JN,Gujarat,GJ,SB-GJ,SB-GJ-SHH,WR,0,6
SHHT,SINGHAUL HALT,Bihar,BR,SB-BR,SB-BR-SHHT,IR,0,2
SHI,SINGANALLUR,Tamil Nadu,TN,SB-TN,SB-TN-SHI,IR,0,8
SHIH,SARHARI,Bihar,BR,SB-BR,SB-BR-SHIH,IR,0,4
SHIN,Singanallur(Coimbatore),Tamil Nadu,TN,SB-TN,SB-TN-SHIN,IR,0,0
SHIT,SALHAITOLA P.H.,Chhattisgarh,CG,SB-CG,SB-CG-SHIT,IR,0,6
SHIV,SHINDAWANE,Maharashtra,MH,SB-MH,SB-MH-SHIV,CR,0,2
SHJ,SAHASPUR ROAD,West Bengal,WB,SB-WB,SB-WB-SHJ,IR,0,11
SHJP,SAHAJIPUR HALT,Uttar Pradesh,UP,SB-UP,SB-UP-SHJP,IR,0,2
SHK,SHEIKPURA,Bihar,BR,SB-BR,SB-BR-SHK,ECR,0,30
SHKL,SHANKRUL,West Bengal,WB,SB-WB,SB-WB-SHKL,IR,0,11
SHKY,Saharsa Kutchery Halt,Bihar,BR,SB-BR,SB-BR-SHKY,ECR,0,12
SHLK,SHOLAKA,Haryana,HR,SB-HR,SB-HR-SHLK,IR,0,16
SHLT,SHALASHAH THANA,Rajasthan,RJ,SB-RJ,SB-RJ-SHLT,IR,0,2
SHLU,SHELU,Maharashtra,MH,SB-MH,SB-MH-SHLU,IR,0,69
SHLV,SELAVI,Gujarat,GJ,SB-GJ,SB-GJ-SHLV,IR,0,10
SHM,KOLKATA SHALIMAR,West Bengal,WB,SB-WB,SB-WB-SHM,SER,1,77
SHMI,SHIROOR,Karnataka,KA,SB-KA,SB-KA-SHMI,KR,0,4
SHMR,SHYAMSUNDER,West Bengal,WB,SB-WB,SB-WB-SHMR,IR,0,11
SHN,Suchan Kotli,Haryana,HR,SB-HR,SB-HR-SHN,NWR,0,10
SHNG,SHIVNAGAR,Uttar Pradesh,UP,SB-UP,SB-UP-SHNG,IR,0,2
SHNR,SHADNAGAR,Telangana,TS,SB-TS,SB-TS-SHNR,IR,0,42
SHNX,SHEO SINGH PURA,Rajasthan,RJ,SB-RJ,SB-RJ-SHNX,IR,0,4
SHR,SIHORA ROAD,Madhya Pradesh,MP,SB-MP,SB-MP-SHR,WCR,0,46
SHRD,SAIJ SERTHA RD,Gujarat,GJ,SB-GJ,SB-GJ-SHRD,WR,0,0
SHRG,Sri Ramgarh Halt,Rajasthan,RJ,SB-RJ,SB-RJ-SHRG,NWR,0,8
SHRM,SHARMA,Uttar Pradesh,UP,SB-UP,SB-UP-SHRM,IR,0,2
SHRN,SANT HIRDARAM NAGAR JN,Madhya Pradesh,MP,SB-MP,SB-MP-SHRN,IR,0,83
SHSK,SAHARSRAKUND,Maharashtra,MH,SB-MH,SB-MH-SHSK,SCR,0,12
SHT,SAHARI HALT,Bihar,BR,SB-BR,SB-BR-SHT,IR,0,6
SHTS,Sambhal Hatim Sarai,Uttar Pradesh,UP,SB-UP,SB-UP-SHTS,NR,0,4
SHTT,Silghat Town,Assam,AS,SB-AS,SB-AS-SHTT,NFR,0,8
SHU,SHOLINGHUR,Tamil Nadu,TN,SB-TN,SB-TN-SHU,IR,0,24
SHV,SHIVANI,Karnataka,KA,SB-KA,SB-KA-SHV,SWR,0,14
SHW,SAMHON,Uttar Pradesh,UP,SB-UP,SB-UP-SHW,IR,0,10
SHWL,SAHUWALA,Rajasthan,RJ,SB-RJ,SB-RJ-SHWL,IR,0,5
SHX,SHUKHARULLAPUR,Uttar Pradesh,UP,SB-UP,SB-UP-SHX,IR,0,6
SHYP,Sakarayapatna,Karnataka,KA,SB-KA,SB-KA-SHYP,IR,0,8
SHZ,Summer Hill,Himachal Pradesh,HP,SB-HP,SB-HP-SHZ,NR,0,4
SI,SONALLI,Bihar,BR,SB-BR,SB-BR-SI,IR,0,14
SIA,SHIVLANKHA,Gujarat,GJ,SB-GJ,SB-GJ-SIA,IR,0,2
SIBR,SHRIBAR,Assam,AS,SB-AS,SB-AS-SIBR,IR,0,2
SIC,SONIK,Uttar Pradesh,UP,SB-UP,SB-UP-SIC,IR,0,11
SICY,SHAHEED ISHWAR CHOWDHARY HALT,Bihar,BR,SB-BR,SB-BR-SICY,IR,0,7
SID,SIDDHPUR,Gujarat,GJ,SB-GJ,SB-GJ-SID,WR,0,22
SIDG,SIDDAPUR,Karnataka,KA,SB-KA,SB-KA-SIDG,IR,0,8
SIE,SIDDAMPALLI,Andhra Pradesh,AP,SB-AP,SB-AP-SIE,IR,0,6
SIF,SIRLI,Maharashtra,MH,SB-MH,SB-MH-SIF,SCR,0,4
SIGA,SHANTIGRAMA,Karnataka,KA,SB-KA,SB-KA-SIGA,IR,0,4
SIHI,SHIHORI,Gujarat,GJ,SB-GJ,SB-GJ-SIHI,IR,0,2
SIHO,SIHO,Bihar,BR,SB-BR,SB-BR-SIHO,IR,0,10
SIHT,SAMELI HALT,Bihar,BR,SB-BR,SB-BR-SIHT,IR,0,2
SII,SITIMANI,Karnataka,KA,SB-KA,SB-KA-SII,SWR,0,3
SIJU,SIJU,Odisha,OD,SB-OD,SB-OD-SIJU,IR,0,2
SIKD,SIKRODA KWANRI,Madhya Pradesh,MP,SB-MP,SB-MP-SIKD,IR,0,2
SIKR,Sikar Junction,Rajasthan,RJ,SB-RJ,SB-RJ-SIKR,NWR,0,53
SIL,SAKHI GOPAL,Odisha,OD,SB-OD,SB-OD-SIL,IR,0,40
SILO,Silao,Bihar,BR,SB-BR,SB-BR-SILO,ECR,0,14
SILR,SILARI,Rajasthan,RJ,SB-RJ,SB-RJ-SILR,IR,0,2
SIM,SHRI AMIRGADH,Rajasthan,RJ,SB-RJ,SB-RJ-SIM,NWR,0,4
SIMR,SRIRAMPUR F,West Bengal,WB,SB-WB,SB-WB-SIMR,IR,0,13
SIN,MUMBAI SION,Uttar Pradesh,UP,SB-UP,SB-UP-SIN,NR,0,0
SINA,SRI NAGAR,Jammu and Kashmir,JK,SB-JK,SB-JK-SINA,IR,0,20
SINI,SINI JN,Jharkhand,JH,SB-JH,SB-JH-SINI,SER,1,36
SINR,Sinor,Gujarat,GJ,SB-GJ,SB-GJ-SINR,WR,0,0
SIOB,SAMAKHIALI JN,Gujarat,GJ,SB-GJ,SB-GJ-SIOB,IR,0,46
SION,SION,Maharashtra,MH,SB-MH,SB-MH-SION,IR,0,3
SIP,SURAIMANPUR,Uttar Pradesh,UP,SB-UP,SB-UP-SIP,IR,0,43
SIPA,Singhookharia,Jharkhand,JH,SB-JH,SB-JH-SIPA,SER,0,6
SIPI,SAIPHAI,Uttar Pradesh,UP,SB-UP,SB-UP-SIPI,IR,0,2
SIPR,SIHAPAR,Uttar Pradesh,UP,SB-UP,SB-UP-SIPR,IR,0,7
SIPT,SIDDIPET,Andhra Pradesh,AP,SB-AP,SB-AP-SIPT,IR,0,4
SIQ,SARKONI,Uttar Pradesh,UP,SB-UP,SB-UP-SIQ,IR,0,2
SIR,SIRHIND JN,Punjab,PB,SB-PB,SB-PB-SIR,IR,0,66
SIRA,Sirhi Itara,Uttar Pradesh,UP,SB-UP,SB-UP-SIRA,NCR,0,4
SIRD,Sird,Rajasthan,RJ,SB-RJ,SB-RJ-SIRD,?,0,2
SIRL,Shirala,Uttar Pradesh,UP,SB-UP,SB-UP-SIRL,NR,0,0
SISM,Singuli Shyam,Uttar Pradesh,UP,SB-UP,SB-UP-SISM,NR,0,0
SISN,SISAUNA,Uttar Pradesh,UP,SB-UP,SB-UP-SISN,IR,0,6
SIU,Singur,West Bengal,WB,SB-WB,SB-WB-SIU,ER,0,81
SIVN,SIVNAR HALT,Bihar,BR,SB-BR,SB-BR-SIVN,IR,0,6
SIW,SHIRRAVDE,Maharashtra,MH,SB-MH,SB-MH-SIW,CR,0,4
SIY,Sirry,Chhattisgarh,CG,SB-CG,SB-CG-SIY,SECR,0,0
SIZ,Shrikhanda,West Bengal,WB,SB-WB,SB-WB-SIZ,ER,0,14
SJA,SIJUA,Jharkhand,JH,SB-JH,SB-JH-SJA,IR,0,4
SJDA,SANJUJE DA AREY,Goa,GA,SB-GA,SB-GA-SJDA,SWR,0,6
SJDR,SRI JHADESHWAR,Odisha,OD,SB-OD,SB-OD-SJDR,IR,0,10
SJER,SANJARPUR,Uttar Pradesh,UP,SB-UP,SB-UP-SJER,IR,0,4
SJF,SAJANVAR ROAD,Gujarat,GJ,SB-GJ,SB-GJ-SJF,WR,0,2
SJGH,SARAI JAGDISH,Uttar Pradesh,UP,SB-UP,SB-UP-SJGH,NER,0,8
SJGM,SANJAY GRAM,Bihar,BR,SB-BR,SB-BR-SJGM,IR,0,6
SJHG,SHAHEED JITENDRA HALT GOPALPUR,Bihar,BR,SB-BR,SB-BR-SJHG,IR,0,8
SJJ,Sanjha,Bihar,BR,SB-BR,SB-BR-SJJ,ER,0,16
SJKL,SURJA KAMAL,Bihar,BR,SB-BR,SB-BR-SJKL,IR,0,6
SJL,SANGAM JAGARLAMUDI,Andhra Pradesh,AP,SB-AP,SB-AP-SJL,SCR,0,10
SJM,Sajuma,Andhra Pradesh,AP,SB-AP,SB-AP-SJM,NR,0,5
SJMA,SANJAMALA,Andhra Pradesh,AP,SB-AP,SB-AP-SJMA,IR,0,2
SJN,SANJAN,Gujarat,GJ,SB-GJ,SB-GJ-SJN,WR,0,26
SJNP,SUJANPUR,Punjab,PB,SB-PB,SB-PB-SJNP,NR,0,4
SJP,SHUJALPUR,Madhya Pradesh,MP,SB-MP,SB-MP-SJP,IR,0,80
SJPA,Sujalpur,West Bengal,WB,SB-WB,SB-WB-SJPA,?,0,10
SJPM,SUJATA PURAM HALT,Karnataka,KA,SB-KA,SB-KA-SJPM,SWR,0,12
SJPR,Surjyapur,West Bengal,WB,SB-WB,SB-WB-SJPR,ER,0,62
SJQ,SURAJPUR ROAD,Chhattisgarh,CG,SB-CG,SB-CG-SJQ,SECR,0,10
SJRR,SAJHERPAR,Uttar Pradesh,UP,SB-UP,SB-UP-SJRR,NR,0,0
SJS,SHAMLAJI ROAD,Gujarat,GJ,SB-GJ,SB-GJ-SJS,NWR,0,16
SJSM,Salemgarhmasani,Rajasthan,RJ,SB-RJ,SB-RJ-SJSM,NWR,0,6
SJT,SHUJAATPUR,Uttar Pradesh,UP,SB-UP,SB-UP-SJT,IR,0,2
SJTR,Sojitra,Gujarat,GJ,SB-GJ,SB-GJ-SJTR,WR,0,0
SJV,Sanjhauli Halt,Bihar,BR,SB-BR,SB-BR-SJV,ECR,0,12
SJVP,SANJEEVAIAH PARK,Telangana,TS,SB-TS,SB-TS-SJVP,IR,0,45
SJWB,SUMERPUR JAWAI BANDH,Rajasthan,RJ,SB-RJ,SB-RJ-SJWB,IR,0,47
SK,SAKHUN,Rajasthan,RJ,SB-RJ,SB-RJ-SK,NWR,0,4
SKA,SIKANDRA RAO,Uttar Pradesh,UP,SB-UP,SB-UP-SKA,IR,0,20
SKAP,SK Para,Tripura,TR,SB-TR,SB-TR-SKAP,NFR,0,4
SKAR,SAKARIYA,Madhya Pradesh,MP,SB-MP,SB-MP-SKAR,IR,0,2
SKB,SHIKOHABAD JN,Uttar Pradesh,UP,SB-UP,SB-UP-SKB,IR,0,50
SKBN,SILAKHEDI,Uttar Pradesh,UP,SB-UP,SB-UP-SKBN,NR,0,0
SKBR,SHANKARPUR BHADAURA,Madhya Pradesh,MP,SB-MP,SB-MP-SKBR,WCR,0,2
SKDM,SIKRODA MINA,Rajasthan,RJ,SB-RJ,SB-RJ-SKDM,IR,0,6
SKEN,Sukhshena,Bihar,BR,SB-BR,SB-BR-SKEN,?,0,6
SKF,SAKHOTI TANDA,Uttar Pradesh,UP,SB-UP,SB-UP-SKF,NR,0,19
SKG,SAKTIGARH,West Bengal,WB,SB-WB,SB-WB-SKG,IR,0,97
SKGH,SAKTESGARH,Uttar Pradesh,UP,SB-UP,SB-UP-SKGH,NCR,0,12
SKHK,Sukhasan Kothi,Bihar,BR,SB-BR,SB-BR-SKHK,ECR,0,6
SKHR,SIKHERA MB HALT,Uttar Pradesh,UP,SB-UP,SB-UP-SKHR,NR,0,0
SKHV,SUKHOVI,Nagaland,NL,SB-NL,SB-NL-SKHV,IR,0,4
SKI,SAKRI JN,Bihar,BR,SB-BR,SB-BR-SKI,IR,0,81
SKIP,SHIKARIPARA,Jharkhand,JH,SB-JH,SB-JH-SKIP,IR,0,8
SKJ,SAHIBPUR KAMAL JN,Bihar,BR,SB-BR,SB-BR-SKJ,ECR,0,23
SKK,SIKKAL,Tamil Nadu,TN,SB-TN,SB-TN-SKK,SR,0,10
SKKE,SEKERKOTE,Tripura,TR,SB-TR,SB-TR-SKKE,IR,0,8
SKL,SINGAPERUMAL KOIL,Tamil Nadu,TN,SB-TN,SB-TN-SKL,IR,0,177
SKLI,Sukli,Maharashtra,MH,SB-MH,SB-MH-SKLI,IR,0,10
SKLP,SHANKARPUR,Uttar Pradesh,UP,SB-UP,SB-UP-SKLP,IR,0,4
SKLR,Sakleshpur,Karnataka,KA,SB-KA,SB-KA-SKLR,SWR,0,14
SKM,Singarayakonda,Andhra Pradesh,AP,SB-AP,SB-AP-SKM,IR,0,40
SKN,SRIKRISHNA NAGAR,Uttar Pradesh,UP,SB-UP,SB-UP-SKN,IR,0,12
SKND,Sukinda Road,Odisha,OD,SB-OD,SB-OD-SKND,ECOR,0,8
SKNP,SARKANPUR,Madhya Pradesh,MP,SB-MP,SB-MP-SKNP,IR,0,4
SKNR,Shakar Nagar,Andhra Pradesh,AP,SB-AP,SB-AP-SKNR,SCR,0,0
SKP,Shankarpalli,Telangana,TS,SB-TS,SB-TS-SKP,IR,0,26
SKPA,SHRIKALYANPURA,Rajasthan,RJ,SB-RJ,SB-RJ-SKPA,IR,0,4
SKPI,SIKARPAI,Andhra Pradesh,AP,SB-AP,SB-AP-SKPI,IR,0,2
SKPN,Sakharayapatna (Sakrepatna),Karnataka,KA,SB-KA,SB-KA-SKPN,SWR,0,0
SKPR,Sikarpur Halt,Madhya Pradesh,MP,SB-MP,SB-MP-SKPR,IR,0,4
SKPT,SOMANAYAKKANPTI,Andhra Pradesh,AP,SB-AP,SB-AP-SKPT,IR,0,4
SKQ,SIKANDARPUR,Rajasthan,RJ,SB-RJ,SB-RJ-SKQ,IR,0,18
SKR,SAKHPUR,Gujarat,GJ,SB-GJ,SB-GJ-SKR,WR,0,6
SKRI,SIKARIA,Bihar,BR,SB-BR,SB-BR-SKRI,IR,0,7
SKS,Salekasa,Maharashtra,MH,SB-MH,SB-MH-SKS,IR,1,19
SKSO,Sikosa,Chhattisgarh,CG,SB-CG,SB-CG-SKSO,SECR,0,10
SKT,SAKTI,Chhattisgarh,CG,SB-CG,SB-CG-SKT,SECR,1,28
SKTN,Shakti Nagar,Uttar Pradesh,UP,SB-UP,SB-UP-SKTN,ECR,0,4
SKU,Sikroda,Madhya Pradesh,MP,SB-MP,SB-MP-SKU,NCR,0,0
SKVL,SANKVAL,Goa,GA,SB-GA,SB-GA-SKVL,SWR,0,6
SKW,Sheikhupur,Uttar Pradesh,UP,SB-UP,SB-UP-SKW,NER,0,7
SKX,SARKARA,Uttarakhand,UK,SB-UK,SB-UK-SKX,NER,0,10
SKY,Shikara,Madhya Pradesh,MP,SB-MP,SB-MP-SKY,SECR,0,10
SKZR,Sirpur Kagaznagar,Telangana,TS,SB-TS,SB-TS-SKZR,IR,1,131
SL,Surathkal,Karnataka,KA,SB-KA,SB-KA-SL,KR,0,28
SLB,SALBONI,West Bengal,WB,SB-WB,SB-WB-SLB,SER,0,26
SLBN,SALAI BANWA,Uttar Pradesh,UP,SB-UP,SB-UP-SLBN,IR,0,4
SLBS,SALSALA BARI,Uttar Pradesh,UP,SB-UP,SB-UP-SLBS,NR,0,0
SLD,SAKALDIHA,Uttar Pradesh,UP,SB-UP,SB-UP-SLD,IR,0,14
SLF,SILLI,Jharkhand,JH,SB-JH,SB-JH-SLF,IR,0,18
SLG,SIMLAGARH,West Bengal,WB,SB-WB,SB-WB-SLG,IR,0,60
SLGE,SULERJAVALGE,Karnataka,KA,SB-KA,SB-KA-SLGE,SWR,0,6
SLGH,SHELGOAN H,Maharashtra,MH,SB-MH,SB-MH-SLGH,SCR,0,6
SLGM,SANKARALINGAPRM,Uttar Pradesh,UP,SB-UP,SB-UP-SLGM,NR,0,0
SLGR,Simaluguri Junction,Assam,AS,SB-AS,SB-AS-SLGR,NFR,0,36
SLH,SILIARI,Chhattisgarh,CG,SB-CG,SB-CG-SLH,IR,0,12
SLHA,SALHANA,Madhya Pradesh,MP,SB-MP,SB-MP-SLHA,WCR,0,2
SLHI,Shilhauri Halt,Bihar,BR,SB-BR,SB-BR-SLHI,IR,0,6
SLHP,Sulah Himachal Pradesh,Himachal Pradesh,HP,SB-HP,SB-HP-SLHP,NR,0,11
SLI,Sangli,Maharashtra,MH,SB-MH,SB-MH-SLI,CR,0,71
SLIA,SALAIYA,Jharkhand,JH,SB-JH,SB-JH-SLIA,IR,0,4
SLJ,SAKRIGALI JN,Jharkhand,JH,SB-JH,SB-JH-SLJ,IR,0,20
SLJR,SALGA JHARI,Uttar Pradesh,UP,SB-UP,SB-UP-SLJR,NR,0,0
SLKN,SANDAL KALAN,Haryana,HR,SB-HR,SB-HR-SLKN,IR,0,18
SLKR,SALKAROAD,Chhattisgarh,CG,SB-CG,SB-CG-SLKR,IR,0,6
SLKX,Salakati,Assam,AS,SB-AS,SB-AS-SLKX,NFR,0,8
SLM,Somalapuram,Andhra Pradesh,AP,SB-AP,SB-AP-SLM,SWR,0,6
SLME,SALEM EAST,Uttar Pradesh,UP,SB-UP,SB-UP-SLME,NR,0,0
SLN,SULTANPUR,Uttar Pradesh,UP,SB-UP,SB-UP-SLN,NR,1,82
SLNA,SALAUNA,Bihar,BR,SB-BR,SB-BR-SLNA,IR,0,26
SLNG,SULTANPUR GRAM,Bihar,BR,SB-BR,SB-BR-SLNG,IR,0,2
SLO,Samalkot Junction,Andhra Pradesh,AP,SB-AP,SB-AP-SLO,IR,1,199
SLON,Salona,Assam,AS,SB-AS,SB-AS-SLON,NFR,0,2
SLOR,SELOO ROAD,Maharashtra,MH,SB-MH,SB-MH-SLOR,IR,0,2
SLP,SALPA,Maharashtra,MH,SB-MH,SB-MH-SLP,CR,0,2
SLPM,Shivalingapuram,Andhra Pradesh,AP,SB-AP,SB-AP-SLPM,ECOR,0,0
SLPR,Silpaprabesh,Uttar Pradesh,UP,SB-UP,SB-UP-SLPR,NR,0,0
SLQ,Salona Assam,Uttar Pradesh,UP,SB-UP,SB-UP-SLQ,NR,0,0
SLR,Salogra,Himachal Pradesh,HP,SB-HP,SB-HP-SLR,NR,0,4
SLRA,SARALA,Odisha,OD,SB-OD,SB-OD-SLRA,IR,0,8
SLRD,SURLA ROAD,Andhra Pradesh,AP,SB-AP,SB-AP-SLRD,IR,0,8
SLRP,SALARPUR,Uttar Pradesh,UP,SB-UP,SB-UP-SLRP,IR,0,2
SLRW,SHELARWADI,Uttar Pradesh,UP,SB-UP,SB-UP-SLRW,NR,0,0
SLS,SALANPUR,West Bengal,WB,SB-WB,SB-WB-SLS,IR,0,12
SLT,SILAUT,Bihar,BR,SB-BR,SB-BR-SLT,IR,0,10
SLTH,SILLAKKUDI,Tamil Nadu,TN,SB-TN,SB-TN-SLTH,IR,0,4
SLU,SASALU,Karnataka,KA,SB-KA,SB-KA-SLU,SWR,0,4
SLV,SANDALPUR,Uttar Pradesh,UP,SB-UP,SB-UP-SLV,NR,0,0
SLW,SOHWAL,Uttar Pradesh,UP,SB-UP,SB-UP-SLW,IR,0,14
SLWR,SILAWAR,Uttar Pradesh,UP,SB-UP,SB-UP-SLWR,NR,0,8
SLX,SELENG HAT,Assam,AS,SB-AS,SB-AS-SLX,NFR,0,6
SLY,Samalpatti,Tamil Nadu,TN,SB-TN,SB-TN-SLY,IR,0,17
SLZ,SOLARI,Odisha,OD,SB-OD,SB-OD-SLZ,IR,0,6
SM,SAMSI,West Bengal,WB,SB-WB,SB-WB-SM,IR,0,45
SMAE,SAMUDRAGARH,West Bengal,WB,SB-WB,SB-WB-SMAE,ER,0,43
SMAP,SHAMNAPUR,Andhra Pradesh,AP,SB-AP,SB-AP-SMAP,IR,0,4
SMBH,SALIM PUR BIHAR,Bihar,BR,SB-BR,SB-BR-SMBH,IR,0,15
SMBJ,Shri Mahabirji,Rajasthan,RJ,SB-RJ,SB-RJ-SMBJ,WCR,0,0
SMBL,SIMBHOOLI,Uttar Pradesh,UP,SB-UP,SB-UP-SMBL,IR,0,8
SMBR,SUMBAR,Jammu and Kashmir,JK,SB-JK,SB-JK-SMBR,IR,0,8
SMBX,SAMBA,Jammu and Kashmir,JK,SB-JK,SB-JK-SMBX,NR,0,14
SMC,Samnapur,Madhya Pradesh,MP,SB-MP,SB-MP-SMC,SECR,0,6
SMCK,SHYAM CHAK,West Bengal,WB,SB-WB,SB-WB-SMCK,IR,0,55
SMD,CHERAN MAHADEVI,Tamil Nadu,TN,SB-TN,SB-TN-SMD,IR,0,17
SMDC,SAWAI MADHOPUR D CABIN,Uttar Pradesh,UP,SB-UP,SB-UP-SMDC,NR,0,0
SMDM,SAMUDRAM,Tamil Nadu,TN,SB-TN,SB-TN-SMDM,IR,0,2
SMDP,SHAHABAD MOHAMADPUR,Delhi,DL,SB-DL,SB-DL-SMDP,NR,0,29
SMDR,Simodara,Gujarat,GJ,SB-GJ,SB-GJ-SMDR,WR,0,0
SMDT,Semmandappatti,Tamil Nadu,TN,SB-TN,SB-TN-SMDT,SWR,0,4
SME,Shimoga,Karnataka,KA,SB-KA,SB-KA-SME,SWR,0,16
SMET,Shimoga Town,Karnataka,KA,SB-KA,SB-KA-SMET,SWR,0,31
SMF,SAMAR GOPALPUR,Haryana,HR,SB-HR,SB-HR-SMF,NR,0,14
SMGR,Samaguri,Assam,AS,SB-AS,SB-AS-SMGR,NFR,0,2
SMH,SIMRAHA,Bihar,BR,SB-BR,SB-BR-SMH,IR,0,12
SMI,SITAMARHI JN,Bihar,BR,SB-BR,SB-BR-SMI,IR,0,75
SMK,SAMALKHA,Haryana,HR,SB-HR,SB-HR-SMK,IR,0,34
SMKR,Sham Kauria,Bihar,BR,SB-BR,SB-BR-SMKR,NER,0,10
SMKT,Somankatti,Karnataka,KA,SB-KA,SB-KA-SMKT,SWR,0,2
SML,Shimla,Himachal Pradesh,HP,SB-HP,SB-HP-SML,NR,0,10
SMLA,SAMLAYA JN,Gujarat,GJ,SB-GJ,SB-GJ-SMLA,IR,0,15
SMLG,Shimiliaguda,Andhra Pradesh,AP,SB-AP,SB-AP-SMLG,ECOR,0,2
SMLT,SAMLOTI,Himachal Pradesh,HP,SB-HP,SB-HP-SMLT,NR,0,11
SMM,SALIYAMANGALAM,Tamil Nadu,TN,SB-TN,SB-TN-SMM,SR,0,14
SMND,SARMATANR,Jharkhand,JH,SB-JH,SB-JH-SMND,IR,0,6
SMNE,SOMTANE,Maharashtra,MH,SB-MH,SB-MH-SMNE,CR,0,16
SMNH,Somnath,Gujarat,GJ,SB-GJ,SB-GJ-SMNH,WR,0,0
SMNN,Shri Makri Nath Nagar,Rajasthan,RJ,SB-RJ,SB-RJ-SMNN,NWR,0,12
SMO,SEMAPUR,Bihar,BR,SB-BR,SB-BR-SMO,IR,0,21
SMP,SHAMBHUPURA,Rajasthan,RJ,SB-RJ,SB-RJ-SMP,WR,0,12
SMPA,Shampura,Rajasthan,RJ,SB-RJ,SB-RJ-SMPA,WCR,0,6
SMPC,Shambhupura C Cabin,Uttar Pradesh,UP,SB-UP,SB-UP-SMPC,NR,0,0
SMPR,Shri Madhopur,Rajasthan,RJ,SB-RJ,SB-RJ-SMPR,NWR,1,36
SMQL,SHAMLI,Uttar Pradesh,UP,SB-UP,SB-UP-SMQL,NR,0,32
SMR,Samdhari Junction,Rajasthan,RJ,SB-RJ,SB-RJ-SMR,NWR,0,55
SMRL,SAMRALA,Punjab,PB,SB-PB,SB-PB-SMRL,IR,0,7
SMRR,SUMRERI,Madhya Pradesh,MP,SB-MP,SB-MP-SMRR,IR,0,10
SMSR,Samaswara,Madhya Pradesh,MP,SB-MP,SB-MP-SMSR,SECR,0,4
SMT,SALAMATPUR,Madhya Pradesh,MP,SB-MP,SB-MP-SMT,IR,0,6
SMTA,SAMUKTALA ROAD,Assam,AS,SB-AS,SB-AS-SMTA,IR,0,2
SMTG,Saheed Matangini,West Bengal,WB,SB-WB,SB-WB-SMTG,SER,0,18
SMTL,SIMARIATAL,Madhya Pradesh,MP,SB-MP,SB-MP-SMTL,IR,0,2
SMTN,Somthan,Maharashtra,MH,SB-MH,SB-MH-SMTN,CR,0,0
SMU,SAMBHU,Haryana,HR,SB-HR,SB-HR-SMU,IR,0,18
SMV,Sumaoli,Madhya Pradesh,MP,SB-MP,SB-MP-SMV,NCR,0,6
SMVB,SMVT BENGALURU,Karnataka,KA,SB-KA,SB-KA-SMVB,SWR,0,112
SMVJ,SHRI MAHAVEERJI,Rajasthan,RJ,SB-RJ,SB-RJ-SMVJ,IR,0,33
SMWA,SOMESHWARA,Karnataka,KA,SB-KA,SB-KA-SMWA,IR,0,4
SMX,Simurali,West Bengal,WB,SB-WB,SB-WB-SMX,ER,0,118
SMYD,SMYD,Uttar Pradesh,UP,SB-UP,SB-UP-SMYD,NR,0,0
SMZ,SARAI MIR,Uttar Pradesh,UP,SB-UP,SB-UP-SMZ,IR,0,15
SN,Sukna,West Bengal,WB,SB-WB,SB-WB-SN,NFR,0,6
SNA,Sadanapura,Gujarat,GJ,SB-GJ,SB-GJ-SNA,WR,0,16
SNAD,Saniyad,Gujarat,GJ,SB-GJ,SB-GJ-SNAD,WR,0,0
SNAP,SONA ARJUNPUR,Uttar Pradesh,UP,SB-UP,SB-UP-SNAP,NR,0,12
SNAR,Srinagar Rajasthan,Rajasthan,RJ,SB-RJ,SB-RJ-SNAR,WCR,0,4
SNB,Satnaur Badesron,Punjab,PB,SB-PB,SB-PB-SNB,NR,0,2
SNBD,Sunderabad,Madhya Pradesh,MP,SB-MP,SB-MP-SNBD,WR,0,8
SNBR,SONUABARY,Assam,AS,SB-AS,SB-AS-SNBR,IR,0,2
SNC,S NARAYAN CHPLA,Uttar Pradesh,UP,SB-UP,SB-UP-SNC,IR,0,8
SNCA,SONACHARA,Assam,AS,SB-AS,SB-AS-SNCA,IR,0,10
SNCR,SANPADA,Maharashtra,MH,SB-MH,SB-MH-SNCR,IR,0,2
SND,SONDIMRA,Jharkhand,JH,SB-JH,SB-JH-SND,IR,0,4
SNDD,SINDHUDURG,Maharashtra,MH,SB-MH,SB-MH-SNDD,KR,0,54
SNDI,SENDURAI,Tamil Nadu,TN,SB-TN,SB-TN-SNDI,IR,0,6
SNDT,Sindri Town,Jharkhand,JH,SB-JH,SB-JH-SNDT,?,0,6
SNDY,SANDAI,Uttar Pradesh,UP,SB-UP,SB-UP-SNDY,NER,0,8
SNE,SHENOLI,Maharashtra,MH,SB-MH,SB-MH-SNE,CR,0,4
SNF,SANAT NAGAR,Telangana,TS,SB-TS,SB-TS-SNF,IR,0,20
SNGN,SANGANER,Rajasthan,RJ,SB-RJ,SB-RJ-SNGN,IR,0,10
SNGP,SINGHPUR,Madhya Pradesh,MP,SB-MP,SB-MP-SNGP,IR,0,8
SNGR,SANGANAPUR,Maharashtra,MH,SB-MH,SB-MH-SNGR,SCR,0,8
SNH,SAUNSHI,Karnataka,KA,SB-KA,SB-KA-SNH,SWR,0,8
SNHR,SANKHAI,Gujarat,GJ,SB-GJ,SB-GJ-SNHR,WR,0,10
SNHT,SANHATI,West Bengal,WB,SB-WB,SB-WB-SNHT,IR,0,64
SNI,SINDI,Maharashtra,MH,SB-MH,SB-MH-SNI,IR,0,11
SNIE,SATH NARAINI,Uttar Pradesh,UP,SB-UP,SB-UP-SNIE,IR,0,2
SNJL,SANJALI,Uttar Pradesh,UP,SB-UP,SB-UP-SNJL,NR,0,0
SNK,Sindkheda,Maharashtra,MH,SB-MH,SB-MH-SNK,IR,0,24
SNKB,SONKHAMB,Maharashtra,MH,SB-MH,SB-MH-SNKB,IR,0,4
SNKE,SUNEHTI KHARKHARI,Uttarakhand,UK,SB-UK,SB-UK-SNKE,IR,0,6
SNKG,SANKARAGUMMANUR HALT,Andhra Pradesh,AP,SB-AP,SB-AP-SNKG,SCR,0,4
SNKL,Sankarankovil,Tamil Nadu,TN,SB-TN,SB-TN-SNKL,IR,0,22
SNKR,Sanka,West Bengal,WB,SB-WB,SB-WB-SNKR,SER,0,14
SNKX,Sankra,Uttar Pradesh,UP,SB-UP,SB-UP-SNKX,NR,0,0
SNL,SANAHWAL,Punjab,PB,SB-PB,SB-PB-SNL,IR,0,7
SNLR,SANTALPUR,Gujarat,GJ,SB-GJ,SB-GJ-SNLR,WR,0,4
SNM,SITANAGARAM,Andhra Pradesh,AP,SB-AP,SB-AP-SNM,IR,0,10
SNMR,Soniyana Mewar,Uttar Pradesh,UP,SB-UP,SB-UP-SNMR,NR,0,0
SNMY,Sindri Marshalling Yard,Jharkhand,JH,SB-JH,SB-JH-SNMY,ECR,0,6
SNN,SONEGAON,Maharashtra,MH,SB-MH,SB-MH-SNN,IR,0,2
SNNR,SINDHANUR,Karnataka,KA,SB-KA,SB-KA-SNNR,IR,0,8
SNO,Somanur,Tamil Nadu,TN,SB-TN,SB-TN-SNO,IR,0,8
SNP,Sonipat,Haryana,HR,SB-HR,SB-HR-SNP,IR,0,67
SNPH,SHANKAPUR HALT,Uttar Pradesh,UP,SB-UP,SB-UP-SNPH,NR,0,0
SNPR,SINGARPUR,Rajasthan,RJ,SB-RJ,SB-RJ-SNPR,NCR,0,6
SNPU,SONEPUR,Odisha,OD,SB-OD,SB-OD-SNPU,IR,0,14
SNQ,SANKARPUR,Jharkhand,JH,SB-JH,SB-JH-SNQ,IR,0,16
SNR,Shyamnagar,West Bengal,WB,SB-WB,SB-WB-SNR,IR,0,203
SNRA,SANWARA,Rajasthan,RJ,SB-RJ,SB-RJ-SNRA,IR,0,4
SNRD,Sandhurst Road,Maharashtra,MH,SB-MH,SB-MH-SNRD,CR,0,5
SNRL,SANSARTALI,Uttar Pradesh,UP,SB-UP,SB-UP-SNRL,NR,0,0
SNRR,SANSARPUR,Madhya Pradesh,MP,SB-MP,SB-MP-SNRR,WCR,0,8
SNS,SASNI,Uttar Pradesh,UP,SB-UP,SB-UP-SNS,IR,0,8
SNSI,SAINAGAR SHIRDI,Maharashtra,MH,SB-MH,SB-MH-SNSI,CR,0,33
SNSL,SONSHELU,Maharashtra,MH,SB-MH,SB-MH-SNSL,IR,0,4
SNSN,SONASAN,Gujarat,GJ,SB-GJ,SB-GJ-SNSN,WR,0,6
SNT,SAINTHIA,West Bengal,WB,SB-WB,SB-WB-SNT,ER,1,58
SNTD,Santaldih,West Bengal,WB,SB-WB,SB-WB-SNTD,SER,0,20
SNTH,Sonthaliya,Rajasthan,RJ,SB-RJ,SB-RJ-SNTH,NWR,0,6
SNTN,Santinagar Halt,Uttar Pradesh,UP,SB-UP,SB-UP-SNTN,NR,0,0
SNTR,SHANTINAGAR HALT,West Bengal,WB,SB-WB,SB-WB-SNTR,IR,0,17
SNU,Sangrampur,West Bengal,WB,SB-WB,SB-WB-SNU,ER,0,64
SNV,Sondad,Maharashtra,MH,SB-MH,SB-MH-SNV,SECR,0,9
SNVR,SANVATSAR,Uttar Pradesh,UP,SB-UP,SB-UP-SNVR,NR,0,0
SNX,SANEH ROAD,Uttar Pradesh,UP,SB-UP,SB-UP-SNX,NR,0,8
SNYN,SONIYANA,Rajasthan,RJ,SB-RJ,SB-RJ-SNYN,NWR,0,2
SNZ,Sherganj,Uttar Pradesh,UP,SB-UP,SB-UP-SNZ,NER,0,8
SOA,SANOSRA,Gujarat,GJ,SB-GJ,SB-GJ-SOA,WR,0,14
SOAE,SOMRA BAZAR,West Bengal,WB,SB-WB,SB-WB-SOAE,ER,0,44
SOB,SILANIBARI,Assam,AS,SB-AS,SB-AS-SOB,IR,0,4
SOD,SOJAT ROAD,Rajasthan,RJ,SB-RJ,SB-RJ-SOD,NWR,0,22
SOE,Sheopur Kalan,Madhya Pradesh,MP,SB-MP,SB-MP-SOE,NCR,0,0
SOF,Saota,West Bengal,WB,SB-WB,SB-WB-SOF,ER,0,14
SOG,SURATGARH JN,Rajasthan,RJ,SB-RJ,SB-RJ-SOG,NWR,0,65
SOGR,SOGRA,Madhya Pradesh,MP,SB-MP,SB-MP-SOGR,IR,0,8
SOH,SIROHI ROAD,Rajasthan,RJ,SB-RJ,SB-RJ-SOH,NWR,0,0
SOHL,Sohal,Punjab,PB,SB-PB,SB-PB-SOHL,NR,0,12
SOI,Sonaripur,Uttar Pradesh,UP,SB-UP,SB-UP-SOI,NER,0,0
SOJ,SAROJINI NAGAR,Delhi,DL,SB-DL,SB-DL-SOJ,NR,0,1
SOJN,SIHOR GUJARAT,Gujarat,GJ,SB-GJ,SB-GJ-SOJN,WR,0,46
SOL,Solan,Himachal Pradesh,HP,SB-HP,SB-HP-SOL,NR,0,10
SOLA,SOVABAZAR-AHIRI,West Bengal,WB,SB-WB,SB-WB-SOLA,IR,0,26
SOLR,SOLUR,Karnataka,KA,SB-KA,SB-KA-SOLR,IR,0,4
SOM,SOMNA,Rajasthan,RJ,SB-RJ,SB-RJ-SOM,IR,0,14
SONA,SONAMUKHI PH,West Bengal,WB,SB-WB,SB-WB-SONA,IR,0,13
SONH,Seonan Halt,Bihar,BR,SB-BR,SB-BR-SONH,?,0,11
SONI,SONI,Madhya Pradesh,MP,SB-MP,SB-MP-SONI,NCR,0,22
SONR,Saoner Junction,Maharashtra,MH,SB-MH,SB-MH-SONR,SECR,0,6
SONW,SONWARSA HALT,Bihar,BR,SB-BR,SB-BR-SONW,?,0,4
SOP,SHIUPUR,Uttar Pradesh,UP,SB-UP,SB-UP-SOP,IR,0,6
SOPR,SONMA PRANPUR(H,Bihar,BR,SB-BR,SB-BR-SOPR,IR,0,14
SOQ,SOMPUR ROAD,Karnataka,KA,SB-KA,SB-KA-SOQ,SWR,0,6
SOR,SONAGIR,Madhya Pradesh,MP,SB-MP,SB-MP-SOR,IR,0,12
SORI,SORAI,Uttar Pradesh,UP,SB-UP,SB-UP-SORI,NR,0,0
SORO,Soro,Odisha,OD,SB-OD,SB-OD-SORO,IR,0,39
SOS,SOMESAR,Rajasthan,RJ,SB-RJ,SB-RJ-SOS,NWR,0,11
SOT,Shohratgarh,Uttar Pradesh,UP,SB-UP,SB-UP-SOT,NER,0,24
SOU,Supaul,Bihar,BR,SB-BR,SB-BR-SOU,ECR,0,35
SOW,Suhsarai,Bihar,BR,SB-BR,SB-BR-SOW,ECR,0,12
SOY,Sukrimangela,Madhya Pradesh,MP,SB-MP,SB-MP-SOY,SECR,0,10
SP,SAIDAPET,Tamil Nadu,TN,SB-TN,SB-TN-SP,IR,0,381
SPAK,SALEMPUR ARNIYA KHURD,Rajasthan,RJ,SB-RJ,SB-RJ-SPAK,IR,0,2
SPAM,SENJI PANAMBAKKAM,Tamil Nadu,TN,SB-TN,SB-TN-SPAM,IR,0,74
SPB,Sonekpur Halt,Uttar Pradesh,UP,SB-UP,SB-UP-SPB,NR,0,0
SPBG,Sipra Bridge,Uttar Pradesh,UP,SB-UP,SB-UP-SPBG,NR,0,0
SPBK,SUNDERPUR (BARAH KALAN),Haryana,HR,SB-HR,SB-HR-SPBK,IR,0,6
SPC,SITAPUR CITY,Uttar Pradesh,UP,SB-UP,SB-UP-SPC,IR,0,14
SPD,SUPEDI,Gujarat,GJ,SB-GJ,SB-GJ-SPD,WR,0,6
SPDM,SINGHPUR DUMRA,Madhya Pradesh,MP,SB-MP,SB-MP-SPDM,NCR,0,6
SPDR,SHEOPRASADNAGER,Chhattisgarh,CG,SB-CG,SB-CG-SPDR,SECR,0,4
SPE,Sullurupeta,Andhra Pradesh,AP,SB-AP,SB-AP-SPE,IR,1,85
SPF,STUARTPURAM,Andhra Pradesh,AP,SB-AP,SB-AP-SPF,IR,0,8
SPGL,Sarai Gopal,Uttar Pradesh,UP,SB-UP,SB-UP-SPGL,NR,0,2
SPGN,SRIPURIA GAON,Uttar Pradesh,UP,SB-UP,SB-UP-SPGN,NR,0,0
SPGR,SAMPIGE ROAD,Karnataka,KA,SB-KA,SB-KA-SPGR,SWR,0,10
SPHL,SHAMPURHALLI,Karnataka,KA,SB-KA,SB-KA-SPHL,IR,0,2
SPJ,Samastipur Junction,Bihar,BR,SB-BR,SB-BR-SPJ,ECR,0,219
SPJB,SAIDPUR JALALABAD HA,Punjab,PB,SB-PB,SB-PB-SPJB,IR,0,8
SPK,SAPEKHATI,Assam,AS,SB-AS,SB-AS-SPK,NFR,0,8
SPL,SundaraperumalKoil,Tamil Nadu,TN,SB-TN,SB-TN-SPL,SR,0,8
SPLE,SUJNIPARA,West Bengal,WB,SB-WB,SB-WB-SPLE,ER,0,14
SPN,SHAHJEHANPUR,Uttar Pradesh,UP,SB-UP,SB-UP-SPN,NR,1,151
SPO,SURPURA,Rajasthan,RJ,SB-RJ,SB-RJ-SPO,IR,0,4
SPP,SHAHPUR PATOREE,Bihar,BR,SB-BR,SB-BR-SPP,ECR,0,46
SPPA,SHERPUR DHIPURA,Bihar,BR,SB-BR,SB-BR-SPPA,IR,0,10
SPPR,SHUDNIPUR,Uttar Pradesh,UP,SB-UP,SB-UP-SPPR,NR,0,4
SPQ,Sorupeta,Assam,AS,SB-AS,SB-AS-SPQ,NFR,0,14
SPR,Sonarpur Junction,West Bengal,WB,SB-WB,SB-WB-SPR,ER,0,258
SPRA,Sillipur,Rajasthan,RJ,SB-RJ,SB-RJ-SPRA,NCR,0,0
SPRD,Singapuram Road,Andhra Pradesh,AP,SB-AP,SB-AP-SPRD,IR,0,14
SPRM,Sitapuram Halt,Odisha,OD,SB-OD,SB-OD-SPRM,ECOR,0,4
SPRN,SALEMPUR HALT,Bihar,BR,SB-BR,SB-BR-SPRN,IR,0,4
SPS,Shripat Shrikhand,West Bengal,WB,SB-WB,SB-WB-SPS,ER,0,14
SPSR,SARPESWAR PH,Odisha,OD,SB-OD,SB-OD-SPSR,IR,0,2
SPT,Sompeta,Andhra Pradesh,AP,SB-AP,SB-AP-SPT,IR,1,61
SPTR,SILAPATHAR,Assam,AS,SB-AS,SB-AS-SPTR,IR,0,6
SPV,Sivapur,Karnataka,KA,SB-KA,SB-KA-SPV,SWR,0,6
SPWI,SOLAPURWADI,Maharashtra,MH,SB-MH,SB-MH-SPWI,IR,0,2
SPX,Sapatgram,Assam,AS,SB-AS,SB-AS-SPX,NFR,0,6
SPY,Sarsonpuri,Chhattisgarh,CG,SB-CG,SB-CG-SPY,SECR,0,0
SPYA,Sipaya,Maharashtra,MH,SB-MH,SB-MH-SPYA,IR,0,8
SPZ,SAMPLA,Haryana,HR,SB-HR,SB-HR-SPZ,NR,0,28
SQD,SATTIRAKKUDI,Tamil Nadu,TN,SB-TN,SB-TN-SQD,SR,0,6
SQE,SAMRLA,Maharashtra,MH,SB-MH,SB-MH-SQE,SCR,0,6
SQF,Sukritipur,Assam,AS,SB-AS,SB-AS-SQF,NFR,0,2
SQJ,Saila Khurd,Punjab,PB,SB-PB,SB-PB-SQJ,NR,0,2
SQK,Shankar,Punjab,PB,SB-PB,SB-PB-SQK,NR,0,8
SQL,SONTALAI,Madhya Pradesh,MP,SB-MP,SB-MP-SQL,WCR,0,6
SQN,SARAI KANSRAI,Uttar Pradesh,UP,SB-UP,SB-UP-SQN,IR,0,10
SQQ,SALAGAON,Odisha,OD,SB-OD,SB-OD-SQQ,IR,0,4
SQR,SULTANPUR LODI,Punjab,PB,SB-PB,SB-PB-SQR,NR,0,30
SQS,SIGSIGI,Bihar,BR,SB-BR,SB-BR-SQS,IR,0,8
SQW,Sidhwalia,Bihar,BR,SB-BR,SB-BR-SQW,NER,0,10
SQZ,VANCHANGIRI,Uttar Pradesh,UP,SB-UP,SB-UP-SQZ,NR,0,0
SR,SABLI ROAD,Gujarat,GJ,SB-GJ,SB-GJ-SR,WR,0,0
SRA,SEMRA,Bihar,BR,SB-BR,SB-BR-SRA,ECR,0,11
SRAS,SIRAS,Rajasthan,RJ,SB-RJ,SB-RJ-SRAS,IR,0,4
SRB,SAROBAG,Bihar,BR,SB-BR,SB-BR-SRB,IR,0,7
SRBA,Saragbundia,Chhattisgarh,CG,SB-CG,SB-CG-SRBA,SECR,0,12
SRBG,Sarobag,Uttar Pradesh,UP,SB-UP,SB-UP-SRBG,NR,0,0
SRBH,SHAHID RAMPHAL,Haryana,HR,SB-HR,SB-HR-SRBH,IR,0,4
SRBR,SURBARI,Uttar Pradesh,UP,SB-UP,SB-UP-SRBR,NR,0,0
SRBZ,SEHARA BAZAR PH,West Bengal,WB,SB-WB,SB-WB-SRBZ,IR,0,11
SRC,SANTRAGACHI JN,West Bengal,WB,SB-WB,SB-WB-SRC,SER,1,311
SRDH,SARSADH,Uttar Pradesh,UP,SB-UP,SB-UP-SRDH,NR,0,0
SRDR,Sardarshahr,Rajasthan,RJ,SB-RJ,SB-RJ-SRDR,NWR,0,6
SRDW,SHRIMAD DWARAKAPURI,Uttar Pradesh,UP,SB-UP,SB-UP-SRDW,NCR,0,4
SRE,Saharanpur,Uttar Pradesh,UP,SB-UP,SB-UP-SRE,IR,0,178
SREE,SREE,Uttar Pradesh,UP,SB-UP,SB-UP-SREE,NR,0,0
SRF,Sagar Jambagaru,Karnataka,KA,SB-KA,SB-KA-SRF,SWR,0,12
SRGH,Surajgarh,Rajasthan,RJ,SB-RJ,SB-RJ-SRGH,NWR,0,16
SRGM,Srirangam,Tamil Nadu,TN,SB-TN,SB-TN-SRGM,IR,0,39
SRGP,SARAGIPALLI,Odisha,OD,SB-OD,SB-OD-SRGP,IR,0,2
SRGR,Saraygarh,Bihar,BR,SB-BR,SB-BR-SRGR,ECR,0,33
SRGT,SURENDRANAGAR GATE,Gujarat,GJ,SB-GJ,SB-GJ-SRGT,WR,0,28
SRI,SALMARI,Bihar,BR,SB-BR,SB-BR-SRI,IR,0,18
SRID,SHRIDHAM,Madhya Pradesh,MP,SB-MP,SB-MP-SRID,WCR,1,33
SRJ,SHANKARGARH,Madhya Pradesh,MP,SB-MP,SB-MP-SRJ,NCR,1,39
SRJK,Suraj Kunda,Uttar Pradesh,UP,SB-UP,SB-UP-SRJK,IR,0,4
SRJM,SIRJAM,West Bengal,WB,SB-WB,SB-WB-SRJM,SER,0,24
SRJN,Sirajnagar Halt,West Bengal,WB,SB-WB,SB-WB-SRJN,ER,0,20
SRJR,SARSA JAMALPUR,Bihar,BR,SB-BR,SB-BR-SRJR,IR,0,2
SRK,SAMRAU,Rajasthan,RJ,SB-RJ,SB-RJ-SRK,NWR,0,0
SRKI,SEMARKHERI,Madhya Pradesh,MP,SB-MP,SB-MP-SRKI,IR,0,12
SRKN,Sherekan,Rajasthan,RJ,SB-RJ,SB-RJ-SRKN,NWR,0,6
SRKR,Salar Khurd,Bihar,BR,SB-BR,SB-BR-SRKR,IR,0,2
SRKT,SARKANTRA,Uttar Pradesh,UP,SB-UP,SB-UP-SRKT,NR,0,0
SRL,SAROLA,Maharashtra,MH,SB-MH,SB-MH-SRL,IR,0,2
SRM,Sarna,Punjab,PB,SB-PB,SB-PB-SRM,NR,0,12
SRMN,Semraon,Bihar,BR,SB-BR,SB-BR-SRMN,ECR,0,0
SRMP,Sirsi Mukhdumpr,Uttar Pradesh,UP,SB-UP,SB-UP-SRMP,NR,0,4
SRMR,SRIRAMPURAM,Telangana,TS,SB-TS,SB-TS-SRMR,IR,0,4
SRMT,Sirmuttra,Rajasthan,RJ,SB-RJ,SB-RJ-SRMT,NCR,0,0
SRN,Soron,Uttar Pradesh,UP,SB-UP,SB-UP-SRN,NER,0,0
SRNK,Soron,Uttar Pradesh,UP,SB-UP,SB-UP-SRNK,NER,0,18
SRNM,SRIRAMNAGAR H,Karnataka,KA,SB-KA,SB-KA-SRNM,IR,0,6
SRNR,Sriramnagar,Andhra Pradesh,AP,SB-AP,SB-AP-SRNR,IR,0,15
SRNT,SARNATH,Uttar Pradesh,UP,SB-UP,SB-UP-SRNT,NER,0,29
SRO,SIRATHU,Uttar Pradesh,UP,SB-UP,SB-UP-SRO,IR,0,20
SRP,SERAMPORE,West Bengal,WB,SB-WB,SB-WB-SRP,IR,0,262
SRPB,"Srirampur, Assam",Assam,AS,SB-AS,SB-AS-SRPB,NFR,0,2
SRPJ,SWARUPGANJ,Rajasthan,RJ,SB-RJ,SB-RJ-SRPJ,NWR,0,6
SRPM,SIRIPURAM,Andhra Pradesh,AP,SB-AP,SB-AP-SRPM,IR,0,6
SRPN,SRIPANI,Assam,AS,SB-AS,SB-AS-SRPN,IR,0,4
SRPR,SARUPSAR JN,Rajasthan,RJ,SB-RJ,SB-RJ-SRPR,NWR,0,21
SRPU,SRIPUR HALT,Uttar Pradesh,UP,SB-UP,SB-UP-SRPU,IR,0,10
SRR,SHORANUR JN,Kerala,KL,SB-KL,SB-KL-SRR,IR,0,157
SRRB,SHORANUR B CABIN,Uttar Pradesh,UP,SB-UP,SB-UP-SRRB,NR,0,0
SRRG,SURERGOTH,Rajasthan,RJ,SB-RJ,SB-RJ-SRRG,NWR,0,6
SRSI,Sarsi,Bihar,BR,SB-BR,SB-BR-SRSI,ECR,0,16
SRSL,Sirsala,Rajasthan,RJ,SB-RJ,SB-RJ-SRSL,NWR,0,10
SRSO,Sarsoo,Bihar,BR,SB-BR,SB-BR-SRSO,IR,0,4
SRT,Satur,Tamil Nadu,TN,SB-TN,SB-TN-SRT,SR,0,79
SRTE,Soorothee,Rajasthan,RJ,SB-RJ,SB-RJ-SRTE,NCR,0,0
SRTL,Cherthala,Kerala,KL,SB-KL,SB-KL-SRTL,IR,0,37
SRTN,Sibsagar Town (Sivasagar),Assam,AS,SB-AS,SB-AS-SRTN,NFR,0,12
SRU,SALEMPUR JN,Uttar Pradesh,UP,SB-UP,SB-UP-SRU,NER,0,40
SRUR,Sirpur Town,Telangana,TS,SB-TS,SB-TS-SRUR,IR,0,6
SRVN,Sravanur,Karnataka,KA,SB-KA,SB-KA-SRVN,SWR,0,6
SRVT,SIRUVATTUR,Tamil Nadu,TN,SB-TN,SB-TN-SRVT,IR,0,6
SRVX,SURAVALI,Goa,GA,SB-GA,SB-GA-SRVX,KR,0,8
SRW,Shri Karanpur,Rajasthan,RJ,SB-RJ,SB-RJ-SRW,NWR,0,27
SRWN,SARASWATINAGAR,Chhattisgarh,CG,SB-CG,SB-CG-SRWN,IR,0,26
SRX,SURA NUSSI,Punjab,PB,SB-PB,SB-PB-SRX,IR,0,5
SRY,SIRARI,Bihar,BR,SB-BR,SB-BR-SRY,ECR,0,16
SRZ,SARDARGARH,Rajasthan,RJ,SB-RJ,SB-RJ-SRZ,NWR,0,17
SS,SHIRSOLI,Maharashtra,MH,SB-MH,SB-MH-SS,IR,0,4
SSA,Sirsa,Haryana,HR,SB-HR,SB-HR-SSA,NWR,0,30
SSB,SHAKURBASTI,Delhi,DL,SB-DL,SB-DL-SSB,NR,0,86
SSC,Shahi,Uttar Pradesh,UP,SB-UP,SB-UP-SSC,NER,0,10
SSCR,SSCR,West Bengal,WB,SB-WB,SB-WB-SSCR,IR,0,2
SSD,SHAMSABAD,Uttar Pradesh,UP,SB-UP,SB-UP-SSD,IR,0,10
SSDT,SHAMSHABAD TOWN,Uttar Pradesh,UP,SB-UP,SB-UP-SSDT,IR,0,4
SSF,Sirsuphal,Maharashtra,MH,SB-MH,SB-MH-SSF,CR,0,0
SSG,SHIU SAGAR ROAD,Bihar,BR,SB-BR,SB-BR-SSG,IR,0,10
SSGJ,SURSARAIGHAT JH,Madhya Pradesh,MP,SB-MP,SB-MP-SSGJ,WCR,0,2
SSGR,Sisai Gulabrai,Uttar Pradesh,UP,SB-UP,SB-UP-SSGR,IR,0,8
SSHT,SAGHAR SUTANPUR,Bihar,BR,SB-BR,SB-BR-SSHT,IR,0,4
SSI,Shirsai,Maharashtra,MH,SB-MH,SB-MH-SSI,CR,0,8
SSIA,SUISA,Jharkhand,JH,SB-JH,SB-JH-SSIA,IR,0,6
SSKA,SISARKA,Uttar Pradesh,UP,SB-UP,SB-UP-SSKA,NR,0,9
SSKI,SARSOKI,Uttar Pradesh,UP,SB-UP,SB-UP-SSKI,IR,0,2
SSKL,Suskal,Gujarat,GJ,SB-GJ,SB-GJ-SSKL,?,0,10
SSL,SIRSAUL,Uttar Pradesh,UP,SB-UP,SB-UP-SSL,IR,0,6
SSM,SASARAM,Bihar,BR,SB-BR,SB-BR-SSM,ECR,1,146
SSN,SASON,Odisha,OD,SB-OD,SB-OD-SSN,IR,0,8
SSNH,SREE SARADANAGAR HALT,Karnataka,KA,SB-KA,SB-KA-SSNH,SWR,0,8
SSNR,Satsang Nagar Halt,Jharkhand,JH,SB-JH,SB-JH-SSNR,ER,0,16
SSNS,SHAHEED S N SINGH HALT,Bihar,BR,SB-BR,SB-BR-SSNS,IR,0,24
SSNT,SIRSA NUNTHAR HALT,Jharkhand,JH,SB-JH,SB-JH-SSNT,IR,0,5
SSP,Santoshpur,West Bengal,WB,SB-WB,SB-WB-SSP,ER,0,54
SSPD,Sadashivapet Road,Andhra Pradesh,AP,SB-AP,SB-AP-SSPD,SCR,0,2
SSPH,Satish Samanta P.H.,West Bengal,WB,SB-WB,SB-WB-SSPH,?,0,8
SSPN,Sri Sathya Sai Prasanthi Nilayam,Andhra Pradesh,AP,SB-AP,SB-AP-SSPN,IR,0,32
SSPR,SADASHIBAPUR,Odisha,OD,SB-OD,SB-OD-SSPR,IR,0,6
SSR,SARERI,Rajasthan,RJ,SB-RJ,SB-RJ-SSR,NWR,0,2
SSRD,Shasan Road,West Bengal,WB,SB-WB,SB-WB-SSRD,ER,0,61
SSRH,SHASAN HALT,Bihar,BR,SB-BR,SB-BR-SSRH,IR,0,14
SSU,Sasa Musa,Maharashtra,MH,SB-MH,SB-MH-SSU,IR,0,8
SSV,SASVAD ROAD,Maharashtra,MH,SB-MH,SB-MH-SSV,CR,0,10
SSW,SARSAWA,Haryana,HR,SB-HR,SB-HR-SSW,IR,0,7
SSZ,SADDA SINGHWALA,Punjab,PB,SB-PB,SB-PB-SSZ,NR,0,2
ST,Surat,Gujarat,GJ,SB-GJ,SB-GJ-ST,WR,1,436
STA,SATNA,Madhya Pradesh,MP,SB-MP,SB-MP-STA,WCR,1,259
STB,Shantipur,West Bengal,WB,SB-WB,SB-WB-STB,ER,0,47
STBB,SATBERIA   H,Andhra Pradesh,AP,SB-AP,SB-AP-STBB,IR,0,35
STBD,SULTANABAD,Telangana,TS,SB-TS,SB-TS-STBD,IR,0,2
STBJ,Sitabanji,Odisha,OD,SB-OD,SB-OD-STBJ,ECOR,0,6
STC,Santacruz,Maharashtra,MH,SB-MH,SB-MH-STC,WR,0,0
STD,Satrod,Haryana,HR,SB-HR,SB-HR-STD,NWR,0,24
STDB,SITAFALMANDI B,Uttar Pradesh,UP,SB-UP,SB-UP-STDB,NR,0,0
STDR,Satadhar,Gujarat,GJ,SB-GJ,SB-GJ-STDR,WR,0,8
STE,Sagarkatte,Karnataka,KA,SB-KA,SB-KA-STE,SWR,0,8
STF,Sikta,Bihar,BR,SB-BR,SB-BR-STF,ECR,0,33
STH,Sethal,Uttar Pradesh,UP,SB-UP,SB-UP-STH,NER,0,10
STJT,SATHAJAGAT,Bihar,BR,SB-BR,SB-BR-STJT,IR,0,11
STKT,SASTHANKOTTA,Kerala,KL,SB-KL,SB-KL-STKT,IR,0,60
STKW,Sultanpur Kalia,Haryana,HR,SB-HR,SB-HR-STKW,IR,0,6
STL,SIMULTALA,Bihar,BR,SB-BR,SB-BR-STL,IR,0,30
STLB,Sitalpur Bengal,West Bengal,WB,SB-WB,SB-WB-STLB,IR,0,10
STLI,SITHOULI,Madhya Pradesh,MP,SB-MP,SB-MP-STLI,IR,0,2
STLR,SITALPUR,Bihar,BR,SB-BR,SB-BR-STLR,IR,0,16
STM,ST THOMAS MOUNT,Tamil Nadu,TN,SB-TN,SB-TN-STM,IR,0,383
STMM,ST THOMAS MOUNT(MRTS),Tamil Nadu,TN,SB-TN,SB-TN-STMM,IR,0,92
STN,SITARAMPUR,West Bengal,WB,SB-WB,SB-WB-STN,IR,0,31
STNC,Sitarampur Link Cabin,Uttar Pradesh,UP,SB-UP,SB-UP-STNC,NR,0,0
STNL,Satnali,Haryana,HR,SB-HR,SB-HR-STNL,NWR,0,18
STNR,Sitalnagar,Rajasthan,RJ,SB-RJ,SB-RJ-STNR,IR,0,8
STP,SITAPUR,Uttar Pradesh,UP,SB-UP,SB-UP-STP,NER,0,80
STPD,SITAFAL MANDI,Telangana,TS,SB-TS,SB-TS-STPD,IR,0,72
STPM,S NARAYANAPURAM,Andhra Pradesh,AP,SB-AP,SB-AP-STPM,SCR,0,0
STPT,SITAMPET,Uttar Pradesh,UP,SB-UP,SB-UP-STPT,NR,0,0
STR,Satara,Maharashtra,MH,SB-MH,SB-MH-STR,CR,0,63
STRB,SANTIR BAZAR,Tripura,TR,SB-TR,SB-TR-STRB,IR,0,8
STRK,SITAPUR KUTCHERY HALT,Uttar Pradesh,UP,SB-UP,SB-UP-STRK,IR,0,6
STRM,SITARAMAPURAM,Uttar Pradesh,UP,SB-UP,SB-UP-STRM,NR,0,0
STSN,SHAITAN SINGH NAGAR,Rajasthan,RJ,SB-RJ,SB-RJ-STSN,NWR,0,2
STUR,SATULUR,Andhra Pradesh,AP,SB-AP,SB-AP-STUR,IR,0,2
STVA,SATYAVADA,Andhra Pradesh,AP,SB-AP,SB-AP-STVA,SCR,0,6
STW,SAHATWAR,Bihar,BR,SB-BR,SB-BR-STW,IR,0,16
STZ,Satraon,Uttar Pradesh,UP,SB-UP,SB-UP-STZ,NER,0,8
SUA,SARDIHA,West Bengal,WB,SB-WB,SB-WB-SUA,IR,0,20
SUAL,SAUNDAL (H),Maharashtra,MH,SB-MH,SB-MH-SUAL,IR,0,2
SUBL,HUBLI SOUTH,Uttar Pradesh,UP,SB-UP,SB-UP-SUBL,NR,0,0
SUBR,Subhagpur,Uttar Pradesh,UP,SB-UP,SB-UP-SUBR,NER,0,4
SUC,Sunak,Gujarat,GJ,SB-GJ,SB-GJ-SUC,IR,0,2
SUCH,SUCHINDRAM,Tamil Nadu,TN,SB-TN,SB-TN-SUCH,SR,0,0
SUD,SUDHANI,Bihar,BR,SB-BR,SB-BR-SUD,IR,0,18
SUDR,SUNDERPUR HALT,Bihar,BR,SB-BR,SB-BR-SUDR,IR,0,12
SUDV,SUMMADEVI,Andhra Pradesh,AP,SB-AP,SB-AP-SUDV,IR,0,2
SUF,SESAPANI,Uttar Pradesh,UP,SB-UP,SB-UP-SUF,NR,0,0
SUH,SULEHALLI,Karnataka,KA,SB-KA,SB-KA-SUH,IR,0,1
SUI,Sui,Haryana,HR,SB-HR,SB-HR-SUI,IR,0,8
SUIA,SURAINCHA,Uttar Pradesh,UP,SB-UP,SB-UP-SUIA,NER,0,8
SUJ,SARJU,Uttar Pradesh,UP,SB-UP,SB-UP-SUJ,IR,0,6
SUJH,Sujangarh,Rajasthan,RJ,SB-RJ,SB-RJ-SUJH,NWR,0,20
SUJR,SUJRA,Uttar Pradesh,UP,SB-UP,SB-UP-SUJR,NR,0,21
SUK,SUKHPUR,Uttar Pradesh,UP,SB-UP,SB-UP-SUK,NR,0,0
SUKU,Suku,Odisha,OD,SB-OD,SB-OD-SUKU,ECOR,0,2
SUL,SULADHAL,Karnataka,KA,SB-KA,SB-KA-SUL,SWR,0,10
SULH,Sulhani,Punjab,PB,SB-PB,SB-PB-SULH,NR,0,8
SUM,SUMMIT,Uttar Pradesh,UP,SB-UP,SB-UP-SUM,NR,0,0
SUMR,SUMER,Madhya Pradesh,MP,SB-MP,SB-MP-SUMR,IR,0,2
SUNE,Sune,Uttar Pradesh,UP,SB-UP,SB-UP-SUNE,NR,0,0
SUNM,SUNAMAI HALT,Uttar Pradesh,UP,SB-UP,SB-UP-SUNM,NR,0,6
SUNR,SURENDRANAGAR,Gujarat,GJ,SB-GJ,SB-GJ-SUNR,WR,0,113
SUNW,Surendra Nagar (W) Cabin,Uttar Pradesh,UP,SB-UP,SB-UP-SUNW,NR,0,0
SUP,Srungavarapukota,Andhra Pradesh,AP,SB-AP,SB-AP-SUP,ECOR,0,4
SUPP,SUPPALAPADU,Andhra Pradesh,AP,SB-AP,SB-AP-SUPP,IR,0,2
SUPR,Surajpur,Uttar Pradesh,UP,SB-UP,SB-UP-SUPR,NR,0,0
SUR,Solapur Junction,Maharashtra,MH,SB-MH,SB-MH-SUR,IR,1,137
SURC,Sholapur CB,Maharashtra,MH,SB-MH,SB-MH-SURC,IR,0,0
SURI,SIURI,West Bengal,WB,SB-WB,SB-WB-SURI,ER,0,34
SURL,SURELI,Rajasthan,RJ,SB-RJ,SB-RJ-SURL,IR,0,4
SURM,Solapur Junction,Maharashtra,MH,SB-MH,SB-MH-SURM,IR,0,0
SURP,Suratpura,Rajasthan,RJ,SB-RJ,SB-RJ-SURP,NWR,0,5
SURR,Surera,Rajasthan,RJ,SB-RJ,SB-RJ-SURR,NWR,0,6
SUT,SUTLANA,Rajasthan,RJ,SB-RJ,SB-RJ-SUT,NWR,0,10
SUU,Sulur Road (Coimbatore),Tamil Nadu,TN,SB-TN,SB-TN-SUU,IR,0,6
SUW,SUKHISEWANIYAN,Madhya Pradesh,MP,SB-MP,SB-MP-SUW,IR,0,2
SUX,SUDIYUR,Tamil Nadu,TN,SB-TN,SB-TN-SUX,SR,0,6
SUZ,SUBANSIRI,Assam,AS,SB-AS,SB-AS-SUZ,IR,0,2
SV,Siwan Junction,Bihar,BR,SB-BR,SB-BR-SV,IR,0,118
SVA,SUWASRA,Madhya Pradesh,MP,SB-MP,SB-MP-SVA,IR,0,26
SVB,Savni,Gujarat,GJ,SB-GJ,SB-GJ-SVB,WR,0,8
SVC,Siwan Kachari,Bihar,BR,SB-BR,SB-BR-SVC,NER,0,14
SVD,SARWARI,Maharashtra,MH,SB-MH,SB-MH-SVD,SCR,0,6
SVDC,Sivadevunichkla,Andhra Pradesh,AP,SB-AP,SB-AP-SVDC,SCR,0,0
SVDK,Shri Mata Vaishno Devi Katra,Jammu and Kashmir,JK,SB-JK,SB-JK-SVDK,IR,0,51
SVE,SEWRI,Maharashtra,MH,SB-MH,SB-MH-SVE,IR,0,2
SVF,SRI VENKATAPERU,Uttar Pradesh,UP,SB-UP,SB-UP-SVF,NR,0,0
SVG,SAWALGI,Karnataka,KA,SB-KA,SB-KA-SVG,IR,0,5
SVGA,Sivaganga,Tamil Nadu,TN,SB-TN,SB-TN-SVGA,SR,0,32
SVGL,Shrivagilu,Uttar Pradesh,UP,SB-UP,SB-UP-SVGL,NR,0,0
SVH,Sonadanga,West Bengal,WB,SB-WB,SB-WB-SVH,ER,0,28
SVHE,SISVINHALLI,Karnataka,KA,SB-KA,SB-KA-SVHE,SWR,0,20
SVI,SAGARPALI,Rajasthan,RJ,SB-RJ,SB-RJ-SVI,IR,0,10
SVJR,SHIVAJINAGAR,Maharashtra,MH,SB-MH,SB-MH-SVJR,IR,0,56
SVK,SIVARAKOTTAI,Uttar Pradesh,UP,SB-UP,SB-UP-SVK,NR,0,0
SVKD,SAVAR KUNDLA,Gujarat,GJ,SB-GJ,SB-GJ-SVKD,WR,0,8
SVKS,Sivakasi,Tamil Nadu,TN,SB-TN,SB-TN-SVKS,IR,0,22
SVL,Sevaliya,Gujarat,GJ,SB-GJ,SB-GJ-SVL,WR,0,13
SVM,SANVERDAM CHUCH,Goa,GA,SB-GA,SB-GA-SVM,SWR,0,28
SVN,SIVUNGAON,Maharashtra,MH,SB-MH,SB-MH-SVN,SCR,0,6
SVNR,SAVANUR,Karnataka,KA,SB-KA,SB-KA-SVNR,SWR,0,6
SVO,Sanvrad,Rajasthan,RJ,SB-RJ,SB-RJ-SVO,NWR,0,6
SVPI,SHIVPURI,Madhya Pradesh,MP,SB-MP,SB-MP-SVPI,WCR,0,36
SVPM,S VENKTESWRPALM,Uttar Pradesh,UP,SB-UP,SB-UP-SVPM,NR,0,0
SVPR,Srivilliputtur,Tamil Nadu,TN,SB-TN,SB-TN-SVPR,IR,0,16
SVQ,SIVOK,West Bengal,WB,SB-WB,SB-WB-SVQ,NFR,0,12
SVR,SEVVAPET ROAD,Tamil Nadu,TN,SB-TN,SB-TN-SVR,IR,0,149
SVRP,SHIVANARAYANPUR,Bihar,BR,SB-BR,SB-BR-SVRP,IR,0,26
SVS,Srinivaspur,Karnataka,KA,SB-KA,SB-KA-SVS,IR,0,4
SVT,SHIVPURA,Madhya Pradesh,MP,SB-MP,SB-MP-SVT,IR,0,2
SVTN,SHIVATHAN,Uttar Pradesh,UP,SB-UP,SB-UP-SVTN,NR,0,0
SVUR,SEVUR,Tamil Nadu,TN,SB-TN,SB-TN-SVUR,IR,0,5
SVV,Srivaikuntam,Tamil Nadu,TN,SB-TN,SB-TN-SVV,SR,0,14
SVW,Shivni Shivapur,Maharashtra,MH,SB-MH,SB-MH-SVW,SCR,0,4
SVX,SAVARDA,Maharashtra,MH,SB-MH,SB-MH-SVX,KR,0,45
SVZ,SARAI HARKHU,Uttar Pradesh,UP,SB-UP,SB-UP-SVZ,IR,0,4
SW,SEHRAMAU,Uttar Pradesh,UP,SB-UP,SB-UP-SW,NER,0,8
SWA,SAHJANWA,Uttar Pradesh,UP,SB-UP,SB-UP-SWA,IR,0,16
SWAR,SEWAR,Rajasthan,RJ,SB-RJ,SB-RJ-SWAR,WCR,0,6
SWC,SHIVRAMPUR,Uttar Pradesh,UP,SB-UP,SB-UP-SWC,NCR,0,6
SWD,Sanawad,Madhya Pradesh,MP,SB-MP,SB-MP-SWD,WR,0,4
SWDE,SIWAHA,Haryana,HR,SB-HR,SB-HR-SWDE,NR,0,6
SWDK,SEAWOODS DARAVE KARAVE,Maharashtra,MH,SB-MH,SB-MH-SWDK,IR,0,2
SWE,SIWAITH,Uttar Pradesh,UP,SB-UP,SB-UP-SWE,NR,0,4
SWF,SATHIN ROAD,Rajasthan,RJ,SB-RJ,SB-RJ-SWF,IR,0,4
SWG,Sidhwan,Punjab,PB,SB-PB,SB-PB-SWG,NR,0,10
SWI,Swamimalai,Tamil Nadu,TN,SB-TN,SB-TN-SWI,SR,0,8
SWJ,SIAJULI,Assam,AS,SB-AS,SB-AS-SWJ,IR,0,2
SWKE,SAWALKOTE,Jammu and Kashmir,JK,SB-JK,SB-JK-SWKE,IR,0,4
SWLN,SURWADI,Maharashtra,MH,SB-MH,SB-MH-SWLN,IR,0,4
SWM,SAWAI MADHOPUR,Rajasthan,RJ,SB-RJ,SB-RJ-SWM,WCR,1,198
SWMD,Sawai Madhopur D,Uttar Pradesh,UP,SB-UP,SB-UP-SWMD,NR,0,0
SWNI,Siwani,Rajasthan,RJ,SB-RJ,SB-RJ-SWNI,NWR,0,18
SWNR,SEWA NAGAR,Delhi,DL,SB-DL,SB-DL-SWNR,NR,0,1
SWO,Sonwara,Himachal Pradesh,HP,SB-HP,SB-HP-SWO,NR,0,1
SWPR,SEWAPURI,Uttar Pradesh,UP,SB-UP,SB-UP-SWPR,IR,0,16
SWQ,Sangwi,Maharashtra,MH,SB-MH,SB-MH-SWQ,CR,0,0
SWR,SONUA,Jharkhand,JH,SB-JH,SB-JH-SWR,IR,0,14
SWRT,SAHAWAR TOWN,Uttar Pradesh,UP,SB-UP,SB-UP-SWRT,IR,0,12
SWS,SUWANSA,Haryana,HR,SB-HR,SB-HR-SWS,IR,0,4
SWT,Shivwala Tehu,Uttar Pradesh,UP,SB-UP,SB-UP-SWT,IR,0,4
SWU,SANAURA,Uttar Pradesh,UP,SB-UP,SB-UP-SWU,NR,0,0
SWV,Sawantwadi Road,Maharashtra,MH,SB-MH,SB-MH-SWV,KR,0,69
SWW,Shahanagar Timarua,Uttar Pradesh,UP,SB-UP,SB-UP-SWW,NCR,0,2
SWX,Saidanwala,Punjab,PB,SB-PB,SB-PB-SWX,NR,0,8
SXA,SAGPHATA,Madhya Pradesh,MP,SB-MP,SB-MP-SXA,IR,0,4
SXB,SAMBRE,Karnataka,KA,SB-KA,SB-KA-SXB,SWR,0,10
SXC,Sondalia,West Bengal,WB,SB-WB,SB-WB-SXC,ER,0,56
SXD,SIDULI,West Bengal,WB,SB-WB,SB-WB-SXD,IR,0,10
SXE,SILA KHERI HALT,Haryana,HR,SB-HR,SB-HR-SXE,NR,0,6
SXF,SOBHAPUR,Madhya Pradesh,MP,SB-MP,SB-MP-SXF,WCR,0,0
SXK,SHAJAHANPURCORT,Uttar Pradesh,UP,SB-UP,SB-UP-SXK,IR,0,8
SXN,SONAKHAN,Madhya Pradesh,MP,SB-MP,SB-MP-SXN,IR,0,8
SXO,SRIKONA,Uttar Pradesh,UP,SB-UP,SB-UP-SXO,NR,0,0
SXP,SANKOPARA,West Bengal,WB,SB-WB,SB-WB-SXP,ER,0,10
SXQ,SUAHERI,Uttar Pradesh,UP,SB-UP,SB-UP-SXQ,IR,0,4
SXR,SERNDANUR,Tamil Nadu,TN,SB-TN,SB-TN-SXR,SR,0,8
SXS,SHOBHASAN,Gujarat,GJ,SB-GJ,SB-GJ-SXS,WR,0,0
SXT,SALEM TOWN,Tamil Nadu,TN,SB-TN,SB-TN-SXT,IR,0,8
SXV,Suku,Uttar Pradesh,UP,SB-UP,SB-UP-SXV,NR,0,0
SXX,SALBARI,West Bengal,WB,SB-WB,SB-WB-SXX,IR,0,2
SXZM,SOPORE,Jammu and Kashmir,JK,SB-JK,SB-JK-SXZM,IR,0,17
SY,Sirkazhi,Tamil Nadu,TN,SB-TN,SB-TN-SY,SR,0,52
SYA,SALAIA,Madhya Pradesh,MP,SB-MP,SB-MP-SYA,IR,0,10
SYAE,LILUAH (SORTING YARD),Uttar Pradesh,UP,SB-UP,SB-UP-SYAE,NR,0,0
SYC,SARAI CHANDI,Uttar Pradesh,UP,SB-UP,SB-UP-SYC,NR,0,8
SYE,Sindewahi,Maharashtra,MH,SB-MH,SB-MH-SYE,SECR,0,9
SYF,Semai,Madhya Pradesh,MP,SB-MP,SB-MP-SYF,NCR,0,6
SYH,SAIYEDPUR BHTRI,Uttar Pradesh,UP,SB-UP,SB-UP-SYH,NER,0,14
SYI,Singareni Colleries,Telangana,TS,SB-TS,SB-TS-SYI,IR,0,0
SYJ,SAIDRAJA,Bihar,BR,SB-BR,SB-BR-SYJ,IR,0,8
SYK,SAIDKHANPUR,Uttar Pradesh,UP,SB-UP,SB-UP-SYK,IR,0,2
SYL,SALPURA,Rajasthan,RJ,SB-RJ,SB-RJ-SYL,WCR,0,12
SYM,SAVALYAPURAM,Andhra Pradesh,AP,SB-AP,SB-AP-SYM,IR,0,4
SYN,SAYAN,Gujarat,GJ,SB-GJ,SB-GJ-SYN,IR,0,22
SYO,SIROLIYA,Uttar Pradesh,UP,SB-UP,SB-UP-SYO,NR,0,0
SYQ,SINHAN,Gujarat,GJ,SB-GJ,SB-GJ-SYQ,WR,0,0
SYU,SARAYAN,Uttar Pradesh,UP,SB-UP,SB-UP-SYU,IR,0,4
SYW,SINDURWA,Uttar Pradesh,UP,SB-UP,SB-UP-SYW,IR,0,2
SYWN,SAIYID SARAWAN,Uttar Pradesh,UP,SB-UP,SB-UP-SYWN,IR,0,3
SYZ,SONAI,Uttar Pradesh,UP,SB-UP,SB-UP-SYZ,IR,0,10
SZ,Salawas,Rajasthan,RJ,SB-RJ,SB-RJ-SZ,NWR,0,12
SZA,SAROTRA ROAD,Gujarat,GJ,SB-GJ,SB-GJ-SZA,NWR,0,4
SZB,SARONA CABIN,Chhattisgarh,CG,SB-CG,SB-CG-SZB,IR,0,27
SZE,SONARDIH,Jharkhand,JH,SB-JH,SB-JH-SZE,IR,0,4
SZF,SATBAHINI,Bihar,BR,SB-BR,SB-BR-SZF,IR,0,8
SZH,Saonga Halt,Madhya Pradesh,MP,SB-MP,SB-MP-SZH,SECR,0,4
SZK,SUR KHAND KA KHEDA,Rajasthan,RJ,SB-RJ,SB-RJ-SZK,NWR,0,2
SZM,SUBZI MANDI,Delhi,DL,SB-DL,SB-DL-SZM,IR,0,56
SZN,Shahbaznagar,Uttar Pradesh,UP,SB-UP,SB-UP-SZN,NER,0,10
SZP,Shahjahanpur,Uttar Pradesh,UP,SB-UP,SB-UP-SZP,NER,0,0
SZR,SARUPATHAR,Assam,AS,SB-AS,SB-AS-SZR,NFR,0,16
SZV,Sivadi,Tamil Nadu,TN,SB-TN,SB-TN-SZV,SWR,0,4
SZY,Silak Jhori,Chhattisgarh,CG,SB-CG,SB-CG-SZY,ECOR,0,2
SZZ,SABIRA,Odisha,OD,SB-OD,SB-OD-SZZ,IR,0,13
TA,Tanur,Kerala,KL,SB-KL,SB-KL-TA,SR,0,28
TAA,TADLA PUSAPALLI,Andhra Pradesh,AP,SB-AP,SB-AP-TAA,SCR,0,3
TABU,Talaburu,Jharkhand,JH,SB-JH,SB-JH-TABU,SER,0,6
TAC,TATICHERLA,Andhra Pradesh,AP,SB-AP,SB-AP-TAC,IR,0,5
TADA,TADA,Andhra Pradesh,AP,SB-AP,SB-AP-TADA,IR,0,30
TAE,TADALI,Maharashtra,MH,SB-MH,SB-MH-TAE,IR,0,2
TAK,Tarakeswar,West Bengal,WB,SB-WB,SB-WB-TAK,ER,0,90
TAKL,Takal,Uttar Pradesh,UP,SB-UP,SB-UP-TAKL,NR,0,0
TAKU,TAKU,Madhya Pradesh,MP,SB-MP,SB-MP-TAKU,IR,0,2
TALA,TALLA,West Bengal,WB,SB-WB,SB-WB-TALA,IR,0,26
TALL,TALL JN,Bihar,BR,SB-BR,SB-BR-TALL,IR,0,21
TAM,Tilaivilagam,Tamil Nadu,TN,SB-TN,SB-TN-TAM,SR,0,6
TAN,TARANA ROAD,Madhya Pradesh,MP,SB-MP,SB-MP-TAN,IR,0,22
TAO,TAMNA,West Bengal,WB,SB-WB,SB-WB-TAO,IR,0,16
TAP,TAPANG,Odisha,OD,SB-OD,SB-OD-TAP,IR,0,10
TAPA,Tapa,Punjab,PB,SB-PB,SB-PB-TAPA,NR,0,14
TAR,THARSA,Maharashtra,MH,SB-MH,SB-MH-TAR,IR,0,10
TAS,Thasra,Gujarat,GJ,SB-GJ,SB-GJ-TAS,WR,0,13
TASA,THIPPASANDRA,Karnataka,KA,SB-KA,SB-KA-TASA,IR,0,4
TAT,Tummanamgutta,Andhra Pradesh,AP,SB-AP,SB-AP-TAT,SCR,0,2
TATA,Tatanagar Junction,Jharkhand,JH,SB-JH,SB-JH-TATA,IR,1,165
TATI,TATI,Odisha,OD,SB-OD,SB-OD-TATI,IR,0,4
TAV,Talala Junction,Gujarat,GJ,SB-GJ,SB-GJ-TAV,WR,0,10
TAY,TALAIYUTHU,Tamil Nadu,TN,SB-TN,SB-TN-TAY,SR,0,6
TAZ,TARGAON,Maharashtra,MH,SB-MH,SB-MH-TAZ,CR,0,13
TB,Tharbitia,Bihar,BR,SB-BR,SB-BR-TB,ECR,0,12
TBA,Timba Road,Gujarat,GJ,SB-GJ,SB-GJ-TBA,WR,0,12
TBAE,TRIBENI,West Bengal,WB,SB-WB,SB-WB-TBAE,ER,0,44
TBB,TILBHITA,Jharkhand,JH,SB-JH,SB-JH-TBB,IR,0,12
TBD,Telibandha,Chhattisgarh,CG,SB-CG,SB-CG-TBD,SECR,0,0
TBDM,TUNGABHADRA DAM,Andhra Pradesh,AP,SB-AP,SB-AP-TBDM,IR,0,8
TBH,TATIBAHAR,Assam,AS,SB-AS,SB-AS-TBH,IR,0,10
TBL,TARCHERRA BRLRM,Rajasthan,RJ,SB-RJ,SB-RJ-TBL,IR,0,4
TBM,Tambaram,Tamil Nadu,TN,SB-TN,SB-TN-TBM,IR,0,536
TBMS,TAMBARAM SANATORIUM,Tamil Nadu,TN,SB-TN,SB-TN-TBMS,IR,0,381
TBN,TIMARNI,Madhya Pradesh,MP,SB-MP,SB-MP-TBN,WCR,0,17
TBR,Taiabpur,West Bengal,WB,SB-WB,SB-WB-TBR,IR,0,10
TBT,TALBAHAT,Madhya Pradesh,MP,SB-MP,SB-MP-TBT,IR,0,14
TBTN,THANA BHAWAN TN,Uttar Pradesh,UP,SB-UP,SB-UP-TBTN,NR,0,9
TBU,THARBAN,Maharashtra,MH,SB-MH,SB-MH-TBU,IR,0,4
TBV,TIMBARVA,Gujarat,GJ,SB-GJ,SB-GJ-TBV,IR,0,7
TBX,Tilbhum,Tripura,TR,SB-TR,SB-TR-TBX,NFR,0,4
TCH,Tiruchchuli,Tamil Nadu,TN,SB-TN,SB-TN-TCH,IR,0,2
TCL,TYAKAL,Karnataka,KA,SB-KA,SB-KA-TCL,IR,0,34
TCN,Tiruchendur,Tamil Nadu,TN,SB-TN,SB-TN-TCN,SR,0,14
TCNR,TIRUCHANUR,Andhra Pradesh,AP,SB-AP,SB-AP-TCNR,IR,0,20
TCR,Trichur,Kerala,KL,SB-KL,SB-KL-TCR,IR,0,217
TCT,Tiruchitrambalam,Tamil Nadu,TN,SB-TN,SB-TN-TCT,SR,0,4
TDD,Tadepalligudem,Andhra Pradesh,AP,SB-AP,SB-AP-TDD,IR,1,81
TDE,THUDIYALUR,Tamil Nadu,TN,SB-TN,SB-TN-TDE,IR,0,10
TDH,Tindharia,West Bengal,WB,SB-WB,SB-WB-TDH,NFR,0,6
TDK,TADUKU,Andhra Pradesh,AP,SB-AP,SB-AP-TDK,IR,0,6
TDL,Tundla Junction,Uttar Pradesh,UP,SB-UP,SB-UP-TDL,IR,1,201
TDLE,TILDANGA,West Bengal,WB,SB-WB,SB-WB-TDLE,IR,0,10
TDN,TIRUPARANKNDRM,Tamil Nadu,TN,SB-TN,SB-TN-TDN,IR,0,16
TDO,TANDA URMAR,Punjab,PB,SB-PB,SB-PB-TDO,NR,0,12
TDOK,TADOKI,Chhattisgarh,CG,SB-CG,SB-CG-TDOK,IR,0,2
TDP,TODARPUR,Uttar Pradesh,UP,SB-UP,SB-UP-TDP,IR,0,4
TDPM,Todikkapulam Halt,Kerala,KL,SB-KL,SB-KL-TDPM,SR,0,10
TDPR,Tirupadripuliyur,Tamil Nadu,TN,SB-TN,SB-TN-TDPR,SR,0,48
TDR,Tiruvidaimarudur,Tamil Nadu,TN,SB-TN,SB-TN-TDR,SR,0,8
TDRD,TANDA ROAD,Gujarat,GJ,SB-GJ,SB-GJ-TDRD,IR,0,3
TDU,Tandur,Telangana,TS,SB-TS,SB-TS-TDU,IR,0,56
TDV,THONDEBHAVI,Karnataka,KA,SB-KA,SB-KA-TDV,IR,0,4
TDW,TANDWAL,Haryana,HR,SB-HR,SB-HR-TDW,IR,0,6
TEA,Taregna,Bihar,BR,SB-BR,SB-BR-TEA,ECR,0,45
TEG,TIRBEDIGANJ,Uttar Pradesh,UP,SB-UP,SB-UP-TEG,IR,0,2
TEK,Tekkali Halt,Andhra Pradesh,AP,SB-AP,SB-AP-TEK,ECOR,0,6
TEL,Tenali Junction,Andhra Pradesh,AP,SB-AP,SB-AP-TEL,IR,1,189
TELI,TELI,Uttar Pradesh,UP,SB-UP,SB-UP-TELI,NR,0,0
TELO,TELO,Jharkhand,JH,SB-JH,SB-JH-TELO,IR,0,12
TELY,Telia,Bihar,BR,SB-BR,SB-BR-TELY,?,0,12
TEN,Tirunelveli Junction,Tamil Nadu,TN,SB-TN,SB-TN-TEN,SR,0,120
TENI,Theni,Tamil Nadu,TN,SB-TN,SB-TN-TENI,IR,0,6
TEO,TEEGAON,Madhya Pradesh,MP,SB-MP,SB-MP-TEO,IR,0,4
TEP,Tempa,Maharashtra,MH,SB-MH,SB-MH-TEP,SECR,0,0
TER,THAIR,Maharashtra,MH,SB-MH,SB-MH-TER,CR,0,0
TERH,Terha Halt,Bihar,BR,SB-BR,SB-BR-TERH,IR,0,6
TET,TETULMARI,Jharkhand,JH,SB-JH,SB-JH-TET,IR,0,20
TETA,TELTA,Bihar,BR,SB-BR,SB-BR-TETA,IR,0,20
TFGN,Tufanganj,Assam,AS,SB-AS,SB-AS-TFGN,IR,0,8
TGA,TEGHRA,Bihar,BR,SB-BR,SB-BR-TGA,IR,0,27
TGB,Tangarbasuli,Jharkhand,JH,SB-JH,SB-JH-TGB,SER,0,8
TGBP,THINGOU,Manipur,MN,SB-MN,SB-MN-TGBP,IR,0,2
TGCH,TERAGACHH,Bihar,BR,SB-BR,SB-BR-TGCH,IR,0,2
TGDE,THANGUNDI,Karnataka,KA,SB-KA,SB-KA-TGDE,IR,0,2
TGE,Thekeraguri,Assam,AS,SB-AS,SB-AS-TGE,NFR,0,2
TGH,Titagarh,West Bengal,WB,SB-WB,SB-WB-TGH,IR,0,202
TGL,TUGGALI,Andhra Pradesh,AP,SB-AP,SB-AP-TGL,SCR,0,6
TGLN,TARADGAON,Maharashtra,MH,SB-MH,SB-MH-TGLN,IR,0,4
TGM,TANGARMUNDA,Madhya Pradesh,MP,SB-MP,SB-MP-TGM,IR,0,6
TGN,TALEGAON,Maharashtra,MH,SB-MH,SB-MH-TGN,IR,0,56
TGP,TULJAPUR,Maharashtra,MH,SB-MH,SB-MH-TGP,IR,0,7
TGQ,TENGANMADA,Chhattisgarh,CG,SB-CG,SB-CG-TGQ,IR,0,8
TGR2,BLOCK AND CATCH SIDING CABINE NO.2,Uttar Pradesh,UP,SB-UP,SB-UP-TGR2,NR,0,0
TGR3,BLOCK AND CATCH SIDING CABINE NO.3,Uttar Pradesh,UP,SB-UP,SB-UP-TGR3,NR,0,0
TGRL,Tangiriapal,Odisha,OD,SB-OD,SB-OD-TGRL,ECOR,0,6
TGT,TINAI GHAT,Karnataka,KA,SB-KA,SB-KA-TGT,SWR,0,2
TGU,TARIGOPPULA,Andhra Pradesh,AP,SB-AP,SB-AP-TGU,SCR,0,19
TH,TINICH,Uttar Pradesh,UP,SB-UP,SB-UP-TH,IR,0,8
THA,Tehta,Bihar,BR,SB-BR,SB-BR-THA,ECR,0,27
THAN,THAN JN,Gujarat,GJ,SB-GJ,SB-GJ-THAN,WR,0,26
THB,THANA BIHPUR JN,Bihar,BR,SB-BR,SB-BR-THB,IR,0,29
THBN,THANA BHAWAN,Uttar Pradesh,UP,SB-UP,SB-UP-THBN,NR,0,12
THDR,THANDLA RD,Madhya Pradesh,MP,SB-MP,SB-MP-THDR,IR,0,13
THE,Thawe Junction,Maharashtra,MH,SB-MH,SB-MH-THE,NER,0,41
THEA,Thalera,Rajasthan,RJ,SB-RJ,SB-RJ-THEA,WCR,0,4
THED,TAUHEED,Uttar Pradesh,UP,SB-UP,SB-UP-THED,NR,0,0
THJ,TALHERI BUZURG,Uttar Pradesh,UP,SB-UP,SB-UP-THJ,NR,0,5
THK,THAKRULI,Maharashtra,MH,SB-MH,SB-MH-THK,IR,0,3
THKU,Thallak,Karnataka,KA,SB-KA,SB-KA-THKU,SWR,0,6
THL,TIRUVALAM,Tamil Nadu,TN,SB-TN,SB-TN-THL,IR,0,10
THM,THALYAT HAMIRA,Rajasthan,RJ,SB-RJ,SB-RJ-THM,NWR,0,2
THMR,THATHANA MITHRI,Rajasthan,RJ,SB-RJ,SB-RJ-THMR,IR,0,2
THN,TOLAHUNSE,Karnataka,KA,SB-KA,SB-KA-THN,SWR,0,8
THO,TULIN,Jharkhand,JH,SB-JH,SB-JH-THO,IR,0,17
THP,Taherpur,West Bengal,WB,SB-WB,SB-WB-THP,ER,0,61
THPR,TIPPAPUR,Andhra Pradesh,AP,SB-AP,SB-AP-THPR,SCR,0,9
THR,Thara,Madhya Pradesh,MP,SB-MP,SB-MP-THR,NCR,0,0
THS,THANSIT,Maharashtra,MH,SB-MH,SB-MH-THS,IR,0,36
THSA,THANISANDRA,Uttar Pradesh,UP,SB-UP,SB-UP-THSA,NR,0,0
THTW,THAILIK TWISA,Tripura,TR,SB-TR,SB-TR-THTW,IR,0,8
THUR,THURIA,Madhya Pradesh,MP,SB-MP,SB-MP-THUR,IR,0,6
THV,THERUBALI,Odisha,OD,SB-OD,SB-OD-THV,IR,0,20
THVM,Thivim,Goa,GA,SB-GA,SB-GA-THVM,KR,0,62
THW,THARWAI,Uttar Pradesh,UP,SB-UP,SB-UP-THW,NR,0,6
THX,TOVALAI,Tamil Nadu,TN,SB-TN,SB-TN-THX,SR,0,2
THY,THADI,Uttar Pradesh,UP,SB-UP,SB-UP-THY,NR,0,0
THZI,Takazhi,Kerala,KL,SB-KL,SB-KL-THZI,SR,0,0
TI,Thiruninravur,Tamil Nadu,TN,SB-TN,SB-TN-TI,SR,0,162
TIA,TILAYA,Bihar,BR,SB-BR,SB-BR-TIA,ECR,0,34
TIBI,Tibi,Rajasthan,RJ,SB-RJ,SB-RJ-TIBI,NWR,0,16
TIC,TIMMACHIPURAM,Tamil Nadu,TN,SB-TN,SB-TN-TIC,SR,0,5
TID,TAGDI,Gujarat,GJ,SB-GJ,SB-GJ-TID,WR,0,6
TIG,TITLAGARH,Odisha,OD,SB-OD,SB-OD-TIG,IR,0,82
TIGJ,TRIVENIGANJ,Bihar,BR,SB-BR,SB-BR-TIGJ,IR,0,2
TIHU,Tihu,Assam,AS,SB-AS,SB-AS-TIHU,NFR,0,22
TII,Tingrai,Assam,AS,SB-AS,SB-AS-TII,NFR,0,2
TIK,Tik,Haryana,HR,SB-HR,SB-HR-TIK,NR,0,5
TIL,TILRATH,Bihar,BR,SB-BR,SB-BR-TIL,ECR,0,12
TILA,TILA,Madhya Pradesh,MP,SB-MP,SB-MP-TILA,IR,0,4
TIM,TIMMANACHERLA,Andhra Pradesh,AP,SB-AP,SB-AP-TIM,IR,0,4
TIP,TATTAPPARAI,Tamil Nadu,TN,SB-TN,SB-TN-TIP,SR,0,4
TIR,Tirur,Kerala,KL,SB-KL,SB-KL-TIR,SR,0,108
TIS,TATISILWAI,Jharkhand,JH,SB-JH,SB-JH-TIS,IR,0,30
TISI,TISI,Maharashtra,MH,SB-MH,SB-MH-TISI,IR,0,6
TIT,TALIT,West Bengal,WB,SB-WB,SB-WB-TIT,IR,0,42
TIU,Tilaru,Andhra Pradesh,AP,SB-AP,SB-AP-TIU,IR,0,14
TIW,TIVARI,Rajasthan,RJ,SB-RJ,SB-RJ-TIW,NWR,0,12
TJ,Thanjavur,Tamil Nadu,TN,SB-TN,SB-TN-TJ,SR,0,101
TJD,TAJPUR DEHMA,Uttar Pradesh,UP,SB-UP,SB-UP-TJD,NER,0,6
TJH,Tajgadh,Gujarat,GJ,SB-GJ,SB-GJ-TJH,WR,0,10
TJM,TURINJAPURAM,Tamil Nadu,TN,SB-TN,SB-TN-TJM,IR,0,3
TJNR,Taj Nagar,Haryana,HR,SB-HR,SB-HR-TJNR,NR,0,0
TJP,TAJPUR,Madhya Pradesh,MP,SB-MP,SB-MP-TJP,IR,0,6
TJSP,TAJ SULTANPUR,Karnataka,KA,SB-KA,SB-KA-TJSP,IR,0,8
TJW,Tejpurwa Halt,Bihar,BR,SB-BR,SB-BR-TJW,IR,0,6
TK,Tumkur,Karnataka,KA,SB-KA,SB-KA-TK,SWR,0,129
TKA,TEHARKA,Uttar Pradesh,UP,SB-UP,SB-UP-TKA,NCR,0,8
TKB,TUPKADIH,Jharkhand,JH,SB-JH,SB-JH-TKB,IR,0,6
TKBG,TEKA BIGHA HALT,Bihar,BR,SB-BR,SB-BR-TKBG,IR,0,21
TKBN,TSAKIBANDA,Andhra Pradesh,AP,SB-AP,SB-AP-TKBN,SWR,0,6
TKC,Thakurkuchi,Assam,AS,SB-AS,SB-AS-TKC,NFR,0,8
TKD,Tuglakabad,Uttar Pradesh,UP,SB-UP,SB-UP-TKD,IR,0,38
TKDC,TUGLAKABAD CABIN,Uttar Pradesh,UP,SB-UP,SB-UP-TKDC,NR,0,0
TKE,Tarikere Junction,Karnataka,KA,SB-KA,SB-KA-TKE,SWR,0,29
TKEC,TUGLAKABAD EAST CABIN,Uttar Pradesh,UP,SB-UP,SB-UP-TKEC,NR,0,0
TKF,Taki Road,West Bengal,WB,SB-WB,SB-WB-TKF,ER,0,54
TKG,Thakurganj,West Bengal,WB,SB-WB,SB-WB-TKG,IR,0,28
TKH,Thakurtola,Odisha,OD,SB-OD,SB-OD-TKH,SER,0,10
TKHA,TAKHA,Uttar Pradesh,UP,SB-UP,SB-UP-TKHA,NCR,0,4
TKHE,TAKARKHEDE,Maharashtra,MH,SB-MH,SB-MH-TKHE,IR,0,6
TKI,TAKLI,Maharashtra,MH,SB-MH,SB-MH-TKI,IR,0,1
TKJ,Tilak Bridge,Delhi,DL,SB-DL,SB-DL-TKJ,IR,0,79
TKLB,Takli Bhansali,Maharashtra,MH,SB-MH,SB-MH-TKLB,SECR,0,4
TKLE,Tikani,Bihar,BR,SB-BR,SB-BR-TKLE,ER,0,18
TKLN,Tarrakalan,Madhya Pradesh,MP,SB-MP,SB-MP-TKLN,NCR,0,0
TKMG,Tikamgarh,Madhya Pradesh,MP,SB-MP,SB-MP-TKMG,IR,0,22
TKMY,TAKLIMIYA,Uttar Pradesh,UP,SB-UP,SB-UP-TKMY,NR,0,0
TKN,TANKUPPA,Bihar,BR,SB-BR,SB-BR-TKN,IR,0,12
TKND,Trivikramdeo Nagar,Bihar,BR,SB-BR,SB-BR-TKND,IR,0,4
TKNG,TILAKNAGAR,Maharashtra,MH,SB-MH,SB-MH-TKNG,IR,0,2
TKNR,THAKURNAGAR,West Bengal,WB,SB-WB,SB-WB-TKNR,IR,0,81
TKO,TAKKOLAM,Tamil Nadu,TN,SB-TN,SB-TN-TKO,SR,0,18
TKOT,TOKKOTTU,Karnataka,KA,SB-KA,SB-KA-TKOT,SR,0,0
TKP,Takipur,West Bengal,WB,SB-WB,SB-WB-TKP,ER,0,16
TKPH,TAKIPUR HALT,West Bengal,WB,SB-WB,SB-WB-TKPH,IR,0,39
TKPL,TIKIRAPAL HALT,Odisha,OD,SB-OD,SB-OD-TKPL,IR,0,11
TKPY,TURAKAPALLI,Andhra Pradesh,AP,SB-AP,SB-AP-TKPY,IR,0,2
TKQ,Trikarpur,Kerala,KL,SB-KL,SB-KL-TKQ,SR,0,10
TKR,TAKARI,Maharashtra,MH,SB-MH,SB-MH-TKR,CR,0,12
TKRA,Tikra Ph,West Bengal,WB,SB-WB,SB-WB-TKRA,?,0,10
TKRI,TIKIRI,Odisha,OD,SB-OD,SB-OD-TKRI,IR,0,12
TKRP,Tikauli Rawatpur,Uttar Pradesh,UP,SB-UP,SB-UP-TKRP,NR,0,4
TKRU,TAKHRAU,Uttar Pradesh,UP,SB-UP,SB-UP-TKRU,NCR,0,4
TKS,TOKISUD,Jharkhand,JH,SB-JH,SB-JH-TKS,IR,0,8
TKT,TIKKOTTI,Kerala,KL,SB-KL,SB-KL-TKT,SR,0,8
TKTB,THAKURBARI,Assam,AS,SB-AS,SB-AS-TKTB,IR,0,6
TKU,Tanakallu,Andhra Pradesh,AP,SB-AP,SB-AP-TKU,SCR,0,3
TKUR,TAPPA KHAJURIA,Uttar Pradesh,UP,SB-UP,SB-UP-TKUR,IR,0,4
TKV,TEKANWAS,Bihar,BR,SB-BR,SB-BR-TKV,IR,0,10
TKVR,TAPPA KHAJURIAY,Uttar Pradesh,UP,SB-UP,SB-UP-TKVR,NR,0,0
TKW,THAKURVADI,Uttar Pradesh,UP,SB-UP,SB-UP-TKW,NR,0,0
TKWD,TIKEKARWADI,Maharashtra,MH,SB-MH,SB-MH-TKWD,IR,0,16
TKYR,TIKARIA,Madhya Pradesh,MP,SB-MP,SB-MP-TKYR,WCR,0,6
TL,Titwala,Maharashtra,MH,SB-MH,SB-MH-TL,CR,0,6
TLA,TITVALA,Maharashtra,MH,SB-MH,SB-MH-TLA,IR,0,155
TLAM,TULSI ASHRAM,Uttar Pradesh,UP,SB-UP,SB-UP-TLAM,IR,0,12
TLB,TALWA BAZAR,Bihar,BR,SB-BR,SB-BR-TLB,IR,0,18
TLC,Talchhapar,Rajasthan,RJ,SB-RJ,SB-RJ-TLC,NWR,0,10
TLD,TILDA,Chhattisgarh,CG,SB-CG,SB-CG-TLD,SECR,1,52
TLE,Talgaria,Jharkhand,JH,SB-JH,SB-JH-TLE,SER,0,4
TLG,TOLLY GANJ,West Bengal,WB,SB-WB,SB-WB-TLG,IR,0,68
TLGI,TELIGI,Andhra Pradesh,AP,SB-AP,SB-AP-TLGI,IR,0,6
TLGP,Talguppa,Karnataka,KA,SB-KA,SB-KA-TLGP,SWR,0,12
TLGR,TULSI NAGAR,Uttar Pradesh,UP,SB-UP,SB-UP-TLGR,NR,0,0
TLH,TILHAR,Uttar Pradesh,UP,SB-UP,SB-UP-TLH,IR,0,14
TLHD,TALCHER ROAD,Odisha,OD,SB-OD,SB-OD-TLHD,IR,0,37
TLHR,Talcher,Odisha,OD,SB-OD,SB-OD-TLHR,IR,0,20
TLI,Tulwara Jhil,Rajasthan,RJ,SB-RJ,SB-RJ-TLI,NWR,0,10
TLJ,TALJHARI,Jharkhand,JH,SB-JH,SB-JH-TLJ,IR,0,18
TLKH,TALAKHAJURI,Uttar Pradesh,UP,SB-UP,SB-UP-TLKH,IR,0,2
TLKL,TALAKAL,Karnataka,KA,SB-KA,SB-KA-TLKL,IR,0,4
TLL,TALAP,Assam,AS,SB-AS,SB-AS-TLL,IR,0,2
TLM,TRISULAM,Tamil Nadu,TN,SB-TN,SB-TN-TLM,IR,0,383
TLMD,TRILOCHAN MAHDO,Uttar Pradesh,UP,SB-UP,SB-UP-TLMD,IR,0,2
TLMG,TALMADUGU,Andhra Pradesh,AP,SB-AP,SB-AP-TLMG,?,0,4
TLMR,Teliamura,Tripura,TR,SB-TR,SB-TR-TLMR,NFR,0,12
TLN,TALNI,Maharashtra,MH,SB-MH,SB-MH-TLN,IR,0,4
TLNH,TILAUNCHI,Uttar Pradesh,UP,SB-UP,SB-UP-TLNH,IR,0,4
TLNR,TALANALLUR,Tamil Nadu,TN,SB-TN,SB-TN-TLNR,IR,0,4
TLO,TALANDU,West Bengal,WB,SB-WB,SB-WB-TLO,IR,0,63
TLPH,TALPUR HALT,West Bengal,WB,SB-WB,SB-WB-TLPH,IR,0,39
TLPR,TELAPUR,Telangana,TS,SB-TS,SB-TS-TLPR,IR,0,16
TLR,Tulsipur,Uttar Pradesh,UP,SB-UP,SB-UP-TLR,NER,0,24
TLRA,TALARA,Himachal Pradesh,HP,SB-HP,SB-HP-TLRA,NR,0,10
TLS,Bettahalsoor,Karnataka,KA,SB-KA,SB-KA-TLS,SWR,0,4
TLSI,TULSIA HALT,Bihar,BR,SB-BR,SB-BR-TLSI,IR,0,2
TLT,TILATI,Maharashtra,MH,SB-MH,SB-MH-TLT,IR,0,4
TLTM,TALCHER THERMAL,Uttar Pradesh,UP,SB-UP,SB-UP-TLTM,NR,0,0
TLU,TARLUPADU,Tamil Nadu,TN,SB-TN,SB-TN-TLU,IR,0,8
TLV,TALVADYA,Madhya Pradesh,MP,SB-MP,SB-MP-TLV,WCR,0,16
TLWA,THALWARA,Bihar,BR,SB-BR,SB-BR-TLWA,IR,0,16
TLX,Taldi,West Bengal,WB,SB-WB,SB-WB-TLX,ER,0,64
TLY,Tellicherry,Kerala,KL,SB-KL,SB-KL-TLY,SR,0,84
TLZ,TALAVLI,Madhya Pradesh,MP,SB-MP,SB-MP-TLZ,IR,0,6
TMA,Tamuria,Bihar,BR,SB-BR,SB-BR-TMA,ECR,0,10
TMB,Temburu,Andhra Pradesh,AP,SB-AP,SB-AP-TMB,ECOR,0,4
TMC,TALAMANCHI,Uttar Pradesh,UP,SB-UP,SB-UP-TMC,NR,0,0
TMD,TALMADLA,Andhra Pradesh,AP,SB-AP,SB-AP-TMD,SCR,0,9
TME,TUTI MELUR,Tamil Nadu,TN,SB-TN,SB-TN-TME,SR,0,19
TMGN,Thamla Mogana,Uttar Pradesh,UP,SB-UP,SB-UP-TMGN,NR,0,0
TMH,TIN MILE HAT,West Bengal,WB,SB-WB,SB-WB-TMH,IR,0,2
TMHA,THUMHA,Bihar,BR,SB-BR,SB-BR-TMHA,IR,0,2
TMKA,Tomka,Odisha,OD,SB-OD,SB-OD-TMKA,ECOR,0,6
TML,TENMALAI,Tamil Nadu,TN,SB-TN,SB-TN-TML,IR,0,13
TMLP,TIRUMALPUR,Tamil Nadu,TN,SB-TN,SB-TN-TMLP,SR,0,30
TMLU,TUMMALACHERUVU,Andhra Pradesh,AP,SB-AP,SB-AP-TMLU,IR,0,4
TMP,TAMARAIPADI,Tamil Nadu,TN,SB-TN,SB-TN-TMP,IR,0,2
TMPM,TIMMAPURAM,Uttar Pradesh,UP,SB-UP,SB-UP-TMPM,NR,0,0
TMPT,TIRUMALAIRAYAN PATTINAM H,Tamil Nadu,TN,SB-TN,SB-TN-TMPT,IR,0,14
TMPY,TUMBOLI,Kerala,KL,SB-KL,SB-KL-TMPY,IR,0,6
TMQ,Tirumangalam,Tamil Nadu,TN,SB-TN,SB-TN-TMQ,IR,0,22
TMR,Tumsar Road,Maharashtra,MH,SB-MH,SB-MH-TMR,IR,1,49
TMS,Tumsar Town,Maharashtra,MH,SB-MH,SB-MH-TMS,SECR,0,10
TMT,TIMTALA,Maharashtra,MH,SB-MH,SB-MH-TMT,IR,0,2
TMU,TIRUMANTHIKUNAM,Tamil Nadu,TN,SB-TN,SB-TN-TMU,SR,0,12
TMUR,TENUA DUMARIA HALT,Bihar,BR,SB-BR,SB-BR-TMUR,IR,0,6
TMV,Tindivanam,Tamil Nadu,TN,SB-TN,SB-TN-TMV,IR,0,35
TMVL,Thirumullaivoyal,Tamil Nadu,TN,SB-TN,SB-TN-TMVL,SR,0,213
TMX,Timmapur,Andhra Pradesh,AP,SB-AP,SB-AP-TMX,IR,0,17
TMZ,Tamluk,West Bengal,WB,SB-WB,SB-WB-TMZ,SER,0,43
TMZJ,Tmzj,Uttar Pradesh,UP,SB-UP,SB-UP-TMZJ,NR,0,0
TN,Tuticorin,Tamil Nadu,TN,SB-TN,SB-TN-TN,SR,0,21
TNA,Thane,Maharashtra,MH,SB-MH,SB-MH-TNA,CR,1,198
TNDE,Thanesar City,Haryana,HR,SB-HR,SB-HR-TNDE,NR,0,6
TNDN,THANDONI,Uttar Pradesh,UP,SB-UP,SB-UP-TNDN,NR,0,0
TNGI,Tungi Halt,Bihar,BR,SB-BR,SB-BR-TNGI,?,0,8
TNGL,TORANAGALLU,Karnataka,KA,SB-KA,SB-KA-TNGL,SWR,0,34
TNGM,TONDALAGOPAVARAM,Andhra Pradesh,AP,SB-AP,SB-AP-TNGM,SCR,0,4
TNGN,TANGANI,Assam,AS,SB-AS,SB-AS-TNGN,IR,0,2
TNGR,THONGANUR,Tamil Nadu,TN,SB-TN,SB-TN-TNGR,IR,0,6
TNH,TINKHEDA,Maharashtra,MH,SB-MH,SB-MH-TNH,IR,0,4
TNI,TANDARAI,Tamil Nadu,TN,SB-TN,SB-TN-TNI,IR,0,3
TNJE,TENTULLA,Uttar Pradesh,UP,SB-UP,SB-UP-TNJE,NR,0,0
TNJR,TAJ NAGAR,Haryana,HR,SB-HR,SB-HR-TNJR,IR,0,25
TNK,Tirunellikaval,Tamil Nadu,TN,SB-TN,SB-TN-TNK,SR,0,10
TNKU,Tanuku,Andhra Pradesh,AP,SB-AP,SB-AP-TNKU,SCR,0,48
TNL,TANGLA,Assam,AS,SB-AS,SB-AS-TNL,IR,0,22
TNLR,Thondaimanallur,Tamil Nadu,TN,SB-TN,SB-TN-TNLR,SR,0,0
TNM,Tiruvannamalai,Tamil Nadu,TN,SB-TN,SB-TN-TNM,SR,0,39
TNNH,TAPASWINARAYAN NAGAR HALT,Bihar,BR,SB-BR,SB-BR-TNNH,IR,0,8
TNO,TUNDU,Uttar Pradesh,UP,SB-UP,SB-UP-TNO,NR,0,0
TNP,Tondiarpet,Tamil Nadu,TN,SB-TN,SB-TN-TNP,SR,0,92
TNPR,Tejnarayanpur,Bihar,BR,SB-BR,SB-BR-TNPR,IR,0,6
TNR,TANGUTURU,Andhra Pradesh,AP,SB-AP,SB-AP-TNR,IR,0,14
TNRI,Teneri Halt,Bihar,BR,SB-BR,SB-BR-TNRI,?,0,21
TNRU,TENNERU,Andhra Pradesh,AP,SB-AP,SB-AP-TNRU,SCR,0,10
TNT,TINNAPPATTI,Tamil Nadu,TN,SB-TN,SB-TN-TNT,IR,0,8
TNU,TIRUNETTUR,Uttar Pradesh,UP,SB-UP,SB-UP-TNU,NR,0,0
TNUE,TINDAULI,Uttar Pradesh,UP,SB-UP,SB-UP-TNUE,NCR,0,4
TNW,THAPAR NAGAR,Jharkhand,JH,SB-JH,SB-JH-TNW,IR,0,12
TNX,Tarak Nagar,West Bengal,WB,SB-WB,SB-WB-TNX,ER,0,46
TO,TIRUVALANGADU,Tamil Nadu,TN,SB-TN,SB-TN-TO,IR,0,82
TOD,TALOD,Gujarat,GJ,SB-GJ,SB-GJ-TOD,WR,0,10
TOI,Tamkuhi Road,Maharashtra,MH,SB-MH,SB-MH-TOI,IR,0,20
TOK,Thokur,Karnataka,KA,SB-KA,SB-KA-TOK,KR,0,4
TOM,TONDAMANPATTI,Tamil Nadu,TN,SB-TN,SB-TN-TOM,SR,0,18
TOP,TAPASI,West Bengal,WB,SB-WB,SB-WB-TOP,IR,0,2
TOR,Titur,Uttar Pradesh,UP,SB-UP,SB-UP-TOR,NR,0,0
TORA,Torniya,Gujarat,GJ,SB-GJ,SB-GJ-TORA,WR,0,10
TORI,TORI,Jharkhand,JH,SB-JH,SB-JH-TORI,IR,0,46
TOS,TOLASAMPATTI,Uttar Pradesh,UP,SB-UP,SB-UP-TOS,NR,0,0
TOU,TELAPROLU,Uttar Pradesh,UP,SB-UP,SB-UP-TOU,NR,0,0
TOY,TOPPUTURAI,Tamil Nadu,TN,SB-TN,SB-TN-TOY,IR,0,4
TP,Tiruchirapalli Fort,Tamil Nadu,TN,SB-TN,SB-TN-TP,SR,0,17
TPB,Trilokpur,Uttar Pradesh,UP,SB-UP,SB-UP-TPB,NER,0,4
TPC,TIRUPPACHETTI,Tamil Nadu,TN,SB-TN,SB-TN-TPC,SR,0,6
TPE,Tiruchirapalli PLKI,Tamil Nadu,TN,SB-TN,SB-TN-TPE,SR,0,9
TPF,TARAPITH ROAD,West Bengal,WB,SB-WB,SB-WB-TPF,IR,0,20
TPG,TIPLING,Assam,AS,SB-AS,SB-AS-TPG,IR,0,2
TPH,Tinpahar Junction,Jharkhand,JH,SB-JH,SB-JH-TPH,IR,0,57
TPJ,Tiruchirapalli,Tamil Nadu,TN,SB-TN,SB-TN-TPJ,SR,0,214
TPK,Tipkai,Assam,AS,SB-AS,SB-AS-TPK,NFR,0,4
TPKR,TIKIAPARA,West Bengal,WB,SB-WB,SB-WB-TPKR,IR,0,144
TPM,TOTIYAPALAYAM,Tamil Nadu,TN,SB-TN,SB-TN-TPM,IR,0,4
TPN,Tapona,Maharashtra,MH,SB-MH,SB-MH-TPN,CR,0,0
TPND,TALOJA PANCHAND,Maharashtra,MH,SB-MH,SB-MH-TPND,CR,0,24
TPNI,Tuiya Pani,Madhya Pradesh,MP,SB-MP,SB-MP-TPNI,SECR,0,0
TPO,Tantpur,Rajasthan,RJ,SB-RJ,SB-RJ-TPO,NCR,0,0
TPP,Toppur,Tamil Nadu,TN,SB-TN,SB-TN-TPP,SWR,0,4
TPPI,TIPPARTHI,Telangana,TS,SB-TS,SB-TS-TPPI,IR,0,4
TPQ,Topokal,Chhattisgarh,CG,SB-CG,SB-CG-TPQ,ECOR,0,2
TPSA,TOP SARTHUA,Bihar,BR,SB-BR,SB-BR-TPSA,IR,0,4
TPT,Tirupattur Junction,Tamil Nadu,TN,SB-TN,SB-TN-TPT,IR,0,30
TPTN,TIRUCHIRAPALI TOWN,Tamil Nadu,TN,SB-TN,SB-TN-TPTN,IR,0,8
TPTY,Tirupati,Andhra Pradesh,AP,SB-AP,SB-AP-TPTY,IR,0,172
TPU,Tanakpur,Uttarakhand,UK,SB-UK,SB-UK-TPU,NER,0,22
TPV,Tinpheria,Maharashtra,MH,SB-MH,SB-MH-TPV,IR,0,8
TPW,TIRUPATI WEST HALT,Andhra Pradesh,AP,SB-AP,SB-AP-TPW,IR,0,8
TPY,Tadakalpudi,Andhra Pradesh,AP,SB-AP,SB-AP-TPY,SCR,0,4
TPZ,TAPRI JN,Uttar Pradesh,UP,SB-UP,SB-UP-TPZ,NR,0,49
TQA,Takia,Uttar Pradesh,UP,SB-UP,SB-UP-TQA,NR,0,6
TQL,Theh Qalandar,Punjab,PB,SB-PB,SB-PB-TQL,NR,0,10
TQN,TIKUNIA,Uttar Pradesh,UP,SB-UP,SB-UP-TQN,NER,0,6
TQR,TEKTAR,Bihar,BR,SB-BR,SB-BR-TQR,IR,0,10
TR,TARU,Maharashtra,MH,SB-MH,SB-MH-TR,SCR,0,9
TRA,TANGRA,Punjab,PB,SB-PB,SB-PB-TRA,IR,0,4
TRAN,TORANG,Jharkhand,JH,SB-JH,SB-JH-TRAN,IR,0,6
TRB,Tiruverumbur,Tamil Nadu,TN,SB-TN,SB-TN-TRB,SR,0,33
TRBE,Tarabari,Assam,AS,SB-AS,SB-AS-TRBE,NFR,0,2
TRBI,TARABOI PASSENGER HALT,Odisha,OD,SB-OD,SB-OD-TRBI,IR,0,8
TRDI,Tirodi,Madhya Pradesh,MP,SB-MP,SB-MP-TRDI,SECR,0,14
TRE,TIKRI,Jammu and Kashmir,JK,SB-JK,SB-JK-TRE,IR,0,8
TRG,Tarighat,Uttar Pradesh,UP,SB-UP,SB-UP-TRG,ECR,0,8
TRJ,Tariasujan,Maharashtra,MH,SB-MH,SB-MH-TRJ,IR,0,8
TRK,Tirukoilur,Tamil Nadu,TN,SB-TN,SB-TN-TRK,IR,0,14
TRKR,TUREKALA ROAD,Chhattisgarh,CG,SB-CG,SB-CG-TRKR,IR,0,8
TRL,Tiruvallur,Tamil Nadu,TN,SB-TN,SB-TN-TRL,SR,1,191
TRM,Tirunagesvaram,Tamil Nadu,TN,SB-TN,SB-TN-TRM,SR,0,8
TRMN,Taramani,Tamil Nadu,TN,SB-TN,SB-TN-TRMN,SR,0,92
TRN,TARAON,Uttar Pradesh,UP,SB-UP,SB-UP-TRN,NER,0,14
TRO,Tirora,Maharashtra,MH,SB-MH,SB-MH-TRO,IR,1,25
TRP,TARAPUR JN,Gujarat,GJ,SB-GJ,SB-GJ-TRP,IR,0,16
TRPL,TRIPAL HALT,Himachal Pradesh,HP,SB-HP,SB-HP-TRPL,NR,0,10
TRR,TARAORI,Haryana,HR,SB-HR,SB-HR-TRR,IR,0,14
TRS,TARSARAI,Bihar,BR,SB-BR,SB-BR-TRS,IR,0,24
TRSR,TARSAI,Gujarat,GJ,SB-GJ,SB-GJ-TRSR,IR,0,12
TRT,Tiruttani,Tamil Nadu,TN,SB-TN,SB-TN-TRT,IR,1,66
TRTR,Tripunittura,Kerala,KL,SB-KL,SB-KL-TRTR,IR,0,34
TRVL,Tiruvalla,Kerala,KL,SB-KL,SB-KL-TRVL,IR,0,112
TRVZ,TIRUVIZHA,Kerala,KL,SB-KL,SB-KL-TRVZ,IR,0,6
TRW,TARSOD,Uttar Pradesh,UP,SB-UP,SB-UP-TRW,NR,0,0
TRWT,TARAVATA,Madhya Pradesh,MP,SB-MP,SB-MP-TRWT,WCR,0,2
TRX,TIRUMANI,Uttar Pradesh,UP,SB-UP,SB-UP-TRX,NR,0,0
TRZ,TOLRA,Jharkhand,JH,SB-JH,SB-JH-TRZ,IR,0,12
TSA,TISUA,Uttar Pradesh,UP,SB-UP,SB-UP-TSA,IR,0,2
TSAH,Tata Sijua Halt,Jharkhand,JH,SB-JH,SB-JH-TSAH,SER,0,6
TSD,Tahsil Bhadra,Rajasthan,RJ,SB-RJ,SB-RJ-TSD,NWR,0,23
TSF,TAHSIL FATEHPUR,Uttar Pradesh,UP,SB-UP,SB-UP-TSF,IR,0,6
TSG,SITAPUR CITY (THOMASGANJ),Uttar Pradesh,UP,SB-UP,SB-UP-TSG,NR,0,0
TSI,Tenkasi,Tamil Nadu,TN,SB-TN,SB-TN-TSI,IR,0,37
TSK,Tinsukia Junction,Assam,AS,SB-AS,SB-AS-TSK,NFR,0,14
TSKG,TINSUKIA GOODS,Uttar Pradesh,UP,SB-UP,SB-UP-TSKG,NR,0,0
TSL,Taksal,Himachal Pradesh,HP,SB-HP,SB-HP-TSL,NR,0,1
TSR,TSUNDURU,Andhra Pradesh,AP,SB-AP,SB-AP-TSR,IR,0,12
TSS,TALLI SAIDASAHU,Punjab,PB,SB-PB,SB-PB-TSS,NR,0,16
TT,TITTE,Tamil Nadu,TN,SB-TN,SB-TN-TT,SR,0,8
TTB,TITABAR,Assam,AS,SB-AS,SB-AS-TTB,NFR,0,8
TTI,TURTIPAR,Uttar Pradesh,UP,SB-UP,SB-UP-TTI,NER,0,6
TTL,Tiruttangal,Tamil Nadu,TN,SB-TN,SB-TN-TTL,SR,0,10
TTLA,Tetelia,Assam,AS,SB-AS,SB-AS-TTLA,NFR,0,2
TTN,TULSITANR,Uttar Pradesh,UP,SB-UP,SB-UP-TTN,NR,0,0
TTO,Tarn Taran,Punjab,PB,SB-PB,SB-PB-TTO,IR,0,16
TTP,Tiruturaipundi Junction,Tamil Nadu,TN,SB-TN,SB-TN-TTP,SR,0,20
TTPT,TALCHER THERMAL,Odisha,OD,SB-OD,SB-OD-TTPT,IR,0,5
TTQ,Thathankulam,Tamil Nadu,TN,SB-TN,SB-TN-TTQ,SR,0,10
TTR,TIPTUR,Karnataka,KA,SB-KA,SB-KA-TTR,SWR,0,69
TTU,TETTU,Andhra Pradesh,AP,SB-AP,SB-AP-TTU,IR,0,6
TTW,Titwa,Madhya Pradesh,MP,SB-MP,SB-MP-TTW,SECR,0,6
TTZ,Tukaithad,Maharashtra,MH,SB-MH,SB-MH-TTZ,SCR,0,0
TU,Tadipatri,Andhra Pradesh,AP,SB-AP,SB-AP-TU,IR,1,61
TUA,TIRUNNAVAYA,Kerala,KL,SB-KL,SB-KL-TUA,SR,0,12
TUD,Talodhi Road,Maharashtra,MH,SB-MH,SB-MH-TUD,SECR,0,9
TUG,THALANGAI,Tamil Nadu,TN,SB-TN,SB-TN-TUG,IR,0,10
TUH,Turbhe,Maharashtra,MH,SB-MH,SB-MH-TUH,CR,0,2
TUJ,TANIJAN,Assam,AS,SB-AS,SB-AS-TUJ,IR,0,2
TUL,TIRALDIH,Jharkhand,JH,SB-JH,SB-JH-TUL,IR,0,6
TUN,TOHANA,Haryana,HR,SB-HR,SB-HR-TUN,NR,0,32
TUNG,Tung,West Bengal,WB,SB-WB,SB-WB-TUNG,NFR,0,6
TUNI,Tuni,Andhra Pradesh,AP,SB-AP,SB-AP-TUNI,IR,1,71
TUP,Tiruppur,Tamil Nadu,TN,SB-TN,SB-TN-TUP,IR,0,175
TUR,TURKI,Bihar,BR,SB-BR,SB-BR-TUR,IR,0,8
TUV,Tuvvur,Kerala,KL,SB-KL,SB-KL-TUV,SR,0,16
TUVR,TURAVUR,Kerala,KL,SB-KL,SB-KL-TUVR,IR,0,18
TUWA,Tuwa,Gujarat,GJ,SB-GJ,SB-GJ-TUWA,WR,0,12
TUX,TUNIA,Jharkhand,JH,SB-JH,SB-JH-TUX,IR,0,8
TUY,THIRUTHURAIYUR,Tamil Nadu,TN,SB-TN,SB-TN-TUY,SR,0,8
TVC,Trivandrum Central,Kerala,KL,SB-KL,SB-KL-TVC,IR,0,111
TVCN,THIRUVANANTHAPURAM NORTH,Kerala,KL,SB-KL,SB-KL-TVCN,IR,0,67
TVCS,THIRUVANANTHAPURAM SOUTH,Kerala,KL,SB-KL,SB-KL-TVCS,IR,0,11
TVG,TAVARGATTI,Karnataka,KA,SB-KA,SB-KA-TVG,SWR,0,4
TVI,Taradevi,Himachal Pradesh,HP,SB-HP,SB-HP-TVI,NR,0,10
TVL,TADWAL,Maharashtra,MH,SB-MH,SB-MH-TVL,SWR,0,8
TVN,TIRUPPUVANAM,Tamil Nadu,TN,SB-TN,SB-TN-TVN,SR,0,6
TVNL,TIRVNLNLUR ROAD,Tamil Nadu,TN,SB-TN,SB-TN-TVNL,IR,0,4
TVP,Thiruvananthapuram Pettah,Kerala,KL,SB-KL,SB-KL-TVP,IR,0,27
TVR,Thiruvarur Junction,Tamil Nadu,TN,SB-TN,SB-TN-TVR,SR,0,66
TVS,TALAIVASAL,Tamil Nadu,TN,SB-TN,SB-TN-TVS,IR,0,6
TVT,Tiruvottiyur,Tamil Nadu,TN,SB-TN,SB-TN-TVT,SR,0,92
TVTN,Thambawati Nagri,Uttar Pradesh,UP,SB-UP,SB-UP-TVTN,NR,0,0
TWB,Talwandi,Punjab,PB,SB-PB,SB-PB-TWB,NR,0,18
TWG,TWINING GANJ,Bihar,BR,SB-BR,SB-BR-TWG,IR,0,16
TWI,Totewahi Halt,Maharashtra,MH,SB-MH,SB-MH-TWI,IR,0,9
TWL,TILWARA,Rajasthan,RJ,SB-RJ,SB-RJ-TWL,NWR,0,6
TWV,Thuwavi,Gujarat,GJ,SB-GJ,SB-GJ-TWV,WR,0,8
TXD,Tyada,Andhra Pradesh,AP,SB-AP,SB-AP-TXD,ECOR,0,0
TXM,TANDAVAPURA,Karnataka,KA,SB-KA,SB-KA-TXM,SWR,0,12
TXR,TIRUNALLARU,Tamil Nadu,TN,SB-TN,SB-TN-TXR,IR,0,10
TY,TULUKAPATI,Tamil Nadu,TN,SB-TN,SB-TN-TY,SR,0,1
TYAE,TENYA,West Bengal,WB,SB-WB,SB-WB-TYAE,ER,0,29
TYK,THABALKE,Punjab,PB,SB-PB,SB-PB-TYK,IR,0,8
TYM,Tirumayam,Tamil Nadu,TN,SB-TN,SB-TN-TYM,SR,0,10
TYMR,Tiruvanmiyur,Tamil Nadu,TN,SB-TN,SB-TN-TYMR,SR,0,92
TYT,TIRUNELVELI TWN,Tamil Nadu,TN,SB-TN,SB-TN-TYT,IR,0,8
TZD,TOZHUPPEDU,Tamil Nadu,TN,SB-TN,SB-TN-TZD,IR,0,2
TZH,TAKAZHI,Kerala,KL,SB-KL,SB-KL-TZH,IR,0,6
TZR,TURKI ROAD,Madhya Pradesh,MP,SB-MP,SB-MP-TZR,WCR,0,6
TZTB,Tezpore,Assam,AS,SB-AS,SB-AS-TZTB,NFR,0,0
UA,Upleta,Gujarat,GJ,SB-GJ,SB-GJ-UA,WR,0,12
UAA,UPPALA,Kerala,KL,SB-KL,SB-KL-UAA,SR,0,8
UAM,Udagamandalam,Tamil Nadu,TN,SB-TN,SB-TN-UAM,SR,0,14
UAR,UNAWA AITHOR,Uttar Pradesh,UP,SB-UP,SB-UP-UAR,NR,0,0
UB,Uska Bazar,Uttar Pradesh,UP,SB-UP,SB-UP-UB,NER,0,14
UBC,Ambala City,Haryana,HR,SB-HR,SB-HR-UBC,IR,0,55
UBCN,ULHAS BRIDGE CABIN,Uttar Pradesh,UP,SB-UP,SB-UP-UBCN,NR,0,0
UBL,Hubli Central Junction,Karnataka,KA,SB-KA,SB-KA-UBL,SWR,0,150
UBN,Ubarni,Uttar Pradesh,UP,SB-UP,SB-UP-UBN,NR,0,4
UBR,Umbargam Road,Gujarat,GJ,SB-GJ,SB-GJ-UBR,WR,0,38
UCA,Uchana,Haryana,HR,SB-HR,SB-HR-UCA,NR,0,24
UCB,UNCHI BASSI,Punjab,PB,SB-PB,SB-PB-UCB,NR,0,6
UCH,UNCHAULIA,Uttar Pradesh,UP,SB-UP,SB-UP-UCH,IR,0,4
UCP,UCHIPPULI,Tamil Nadu,TN,SB-TN,SB-TN-UCP,SR,0,8
UCR,Unchahar Junction,Uttar Pradesh,UP,SB-UP,SB-UP-UCR,NR,0,23
UD,Udupi,Karnataka,KA,SB-KA,SB-KA-UD,KR,0,81
UDGR,Udgir,Maharashtra,MH,SB-MH,SB-MH-UDGR,SCR,0,28
UDH,Udhampur,Jammu and Kashmir,JK,SB-JK,SB-JK-UDH,IR,0,0
UDK,UDYAN KHERI,Madhya Pradesh,MP,SB-MP,SB-MP-UDK,IR,0,2
UDKL,UDAI KALAN,Rajasthan,RJ,SB-RJ,SB-RJ-UDKL,IR,0,2
UDKN,UDAYPUR KHURD,Uttar Pradesh,UP,SB-UP,SB-UP-UDKN,IR,0,8
UDL,Andal Junction,West Bengal,WB,SB-WB,SB-WB-UDL,ER,0,75
UDLE,ANDAL-EAST/CABIN,Uttar Pradesh,UP,SB-UP,SB-UP-UDLE,NR,0,0
UDLW,ANDAL WEST CABIN,Uttar Pradesh,UP,SB-UP,SB-UP-UDLW,NR,0,0
UDM,Undasa Madhawpu,Madhya Pradesh,MP,SB-MP,SB-MP-UDM,WR,0,4
UDMR,UDI MOR JN,Uttar Pradesh,UP,SB-UP,SB-UP-UDMR,IR,0,6
UDN,Udhna Junction,Gujarat,GJ,SB-GJ,SB-GJ-UDN,IR,0,95
UDPR,Udaipura,Madhya Pradesh,MP,SB-MP,SB-MP-UDPR,IR,0,6
UDPU,UDAIPUR,Tripura,TR,SB-TR,SB-TR-UDPU,IR,0,10
UDR,AMDARA ROAD,Madhya Pradesh,MP,SB-MP,SB-MP-UDR,WCR,0,16
UDS,Udasar,Rajasthan,RJ,SB-RJ,SB-RJ-UDS,IR,0,6
UDT,Udumalpettai,Tamil Nadu,TN,SB-TN,SB-TN-UDT,IR,0,18
UDX,URDAULI,Uttar Pradesh,UP,SB-UP,SB-UP-UDX,NR,0,0
UDZ,Udaipur City,Rajasthan,RJ,SB-RJ,SB-RJ-UDZ,NWR,0,63
UGD,UPPUGUNDURU,Andhra Pradesh,AP,SB-AP,SB-AP-UGD,IR,0,8
UGN,UGAON,Maharashtra,MH,SB-MH,SB-MH-UGN,IR,0,4
UGNA,UGNA HALT,Bihar,BR,SB-BR,SB-BR-UGNA,IR,0,10
UGP,UGARPUR,Uttar Pradesh,UP,SB-UP,SB-UP-UGP,NCR,0,4
UGR,Ugar Khurd,Karnataka,KA,SB-KA,SB-KA-UGR,SWR,0,14
UGU,Ugu,Uttar Pradesh,UP,SB-UP,SB-UP-UGU,NR,0,4
UGWE,Ugwe,Maharashtra,MH,SB-MH,SB-MH-UGWE,SCR,0,6
UHL,Una Himachal,Himachal Pradesh,HP,SB-HP,SB-HP-UHL,NR,0,23
UHP,UDHAMPUR,Jammu and Kashmir,JK,SB-JK,SB-JK-UHP,NR,0,0
UHR,UNCHHERA,Madhya Pradesh,MP,SB-MP,SB-MP-UHR,WCR,0,18
UIH,Umaria Ispa Halt,Madhya Pradesh,MP,SB-MP,SB-MP-UIH,SECR,0,4
UJ,UJALVAV,Gujarat,GJ,SB-GJ,SB-GJ-UJ,WR,0,10
UJA,Unjha,Gujarat,GJ,SB-GJ,SB-GJ-UJA,WR,0,30
UJH,Ujhani,Uttar Pradesh,UP,SB-UP,SB-UP-UJH,NER,0,20
UJJN,Ujjain Jn,Uttar Pradesh,UP,SB-UP,SB-UP-UJJN,NR,0,0
UJN,Ujjain Junction,Madhya Pradesh,MP,SB-MP,SB-MP-UJN,IR,0,202
UJNC,UJN C CABIN,Uttar Pradesh,UP,SB-UP,SB-UP-UJNC,NR,0,0
UJP,UJIARPUR,Bihar,BR,SB-BR,SB-BR-UJP,IR,0,18
UKA,UKHRA,West Bengal,WB,SB-WB,SB-WB-UKA,ER,0,18
UKC,Ukshi,Maharashtra,MH,SB-MH,SB-MH-UKC,KR,0,2
UKD,ULINDAKONDA,Andhra Pradesh,AP,SB-AP,SB-AP-UKD,IR,0,8
UKE,UTTARKATHANI,Assam,AS,SB-AS,SB-AS-UKE,IR,0,4
UKH,UKHALI,Maharashtra,MH,SB-MH,SB-MH-UKH,SCR,0,8
UKL,Uttukuli,Tamil Nadu,TN,SB-TN,SB-TN-UKL,IR,0,11
UKLR,Ukilerhat Halt,West Bengal,WB,SB-WB,SB-WB-UKLR,ER,0,30
UKN,Uklana,Haryana,HR,SB-HR,SB-HR-UKN,NR,0,14
UKR,UDALKACHAR,Madhya Pradesh,MP,SB-MP,SB-MP-UKR,SECR,0,8
UKV,UTTAMARKOVIL,Tamil Nadu,TN,SB-TN,SB-TN-UKV,IR,0,4
ULA,Umra Nala,Madhya Pradesh,MP,SB-MP,SB-MP-ULA,SECR,0,4
ULB,ULUBARIA,West Bengal,WB,SB-WB,SB-WB-ULB,SER,1,166
ULD,Achhalda,Uttar Pradesh,UP,SB-UP,SB-UP-ULD,NCR,0,10
ULG,Udalguri,Assam,AS,SB-AS,SB-AS-ULG,IR,0,38
ULL,Ullal,Karnataka,KA,SB-KA,SB-KA-ULL,SR,0,7
ULM,URLAM,Andhra Pradesh,AP,SB-AP,SB-AP-ULM,IR,0,6
ULN,ULNA BHARI,Uttar Pradesh,UP,SB-UP,SB-UP-ULN,NR,0,0
ULNR,Ulhasnagar,Maharashtra,MH,SB-MH,SB-MH-ULNR,CR,0,232
ULR,ULTADANGA ROAD,Uttar Pradesh,UP,SB-UP,SB-UP-ULR,NR,0,0
ULT,Kulti,West Bengal,WB,SB-WB,SB-WB-ULT,IR,0,25
ULTL,Kulti Link Cabin,Uttar Pradesh,UP,SB-UP,SB-UP-ULTL,NR,0,0
ULU,ULUNDURPET,Tamil Nadu,TN,SB-TN,SB-TN-ULU,IR,0,6
UM,UMARDASHI,Gujarat,GJ,SB-GJ,SB-GJ-UM,WR,0,4
UMB,Ambala Cantonment,Haryana,HR,SB-HR,SB-HR-UMB,IR,0,304
UMD,USMANABAD,Maharashtra,MH,SB-MH,SB-MH-UMD,CR,0,0
UMED,UMED,Rajasthan,RJ,SB-RJ,SB-RJ-UMED,IR,0,8
UMG,Uttangal Mangalam,Tamil Nadu,TN,SB-TN,SB-TN-UMG,SR,0,6
UMH,Umreth,Gujarat,GJ,SB-GJ,SB-GJ-UMH,WR,0,19
UMM,UMRAM,Andhra Pradesh,AP,SB-AP,SB-AP-UMM,SCR,0,3
UMN,Ambliyasan,Gujarat,GJ,SB-GJ,SB-GJ-UMN,WR,0,12
UMNF,Ambliyasan Jn,Uttar Pradesh,UP,SB-UP,SB-UP-UMNF,NR,0,0
UMNR,UMESHNAGAR,Bihar,BR,SB-BR,SB-BR-UMNR,ECR,0,14
UMPD,Umarpada,Gujarat,GJ,SB-GJ,SB-GJ-UMPD,WR,0,0
UMR,Umaria,Madhya Pradesh,MP,SB-MP,SB-MP-UMR,IR,0,47
UMRA,UMRA,Rajasthan,RJ,SB-RJ,SB-RJ-UMRA,NWR,0,6
UMRI,Umri,Maharashtra,MH,SB-MH,SB-MH-UMRI,SCR,0,24
UMS,UDRAMSAR,Rajasthan,RJ,SB-RJ,SB-RJ-UMS,IR,0,2
UNA,Una,Gujarat,GJ,SB-GJ,SB-GJ-UNA,WR,0,4
UND,UNCHDIH,Uttar Pradesh,UP,SB-UP,SB-UP-UND,IR,0,6
UNDI,UNDI,Andhra Pradesh,AP,SB-AP,SB-AP-UNDI,SCR,0,12
UNI,Unai Vansada Road,Gujarat,GJ,SB-GJ,SB-GJ-UNI,WR,0,4
UNK,UNKAL,Karnataka,KA,SB-KA,SB-KA-UNK,SWR,0,4
UNL,Unhel,Madhya Pradesh,MP,SB-MP,SB-MP-UNL,IR,0,16
UNLA,UNAULA,Uttar Pradesh,UP,SB-UP,SB-UP-UNLA,NER,0,12
UOI,Umroli,Maharashtra,MH,SB-MH,SB-MH-UOI,WR,0,50
UPA,Uttarpara,West Bengal,WB,SB-WB,SB-WB-UPA,IR,0,238
UPD,Ulavapadu,Andhra Pradesh,AP,SB-AP,SB-AP-UPD,IR,0,6
UPI,UPLAI,Maharashtra,MH,SB-MH,SB-MH-UPI,CR,0,0
UPL,UPPALUR,Andhra Pradesh,AP,SB-AP,SB-AP-UPL,SCR,0,17
UPM,URAPPAKKAM,Tamil Nadu,TN,SB-TN,SB-TN-UPM,IR,0,195
UPR,USMANPUR,Maharashtra,MH,SB-MH,SB-MH-UPR,SCR,0,6
UPRD,USMANPUR DEHAT HALT,Uttar Pradesh,UP,SB-UP,SB-UP-UPRD,IR,0,8
UPW,UPPALAVAI,Andhra Pradesh,AP,SB-AP,SB-AP-UPW,SCR,0,8
UR,UMDANAGAR,Telangana,TS,SB-TS,SB-TS-UR,IR,0,44
URD,UNTARE ROAD,Bihar,BR,SB-BR,SB-BR-URD,IR,0,18
UREN,UREN,Bihar,BR,SB-BR,SB-BR-UREN,IR,0,19
URG,USARGAON,Uttar Pradesh,UP,SB-UP,SB-UP-URG,IR,0,4
URGA,Urga,Chhattisgarh,CG,SB-CG,SB-CG-URGA,SECR,0,12
URGR,URGR,Odisha,OD,SB-OD,SB-OD-URGR,IR,0,2
URI,Uruli Kanchan,Maharashtra,MH,SB-MH,SB-MH-URI,IR,0,35
URK,URKURA,Chhattisgarh,CG,SB-CG,SB-CG-URK,IR,0,13
URL,Unjalur,Tamil Nadu,TN,SB-TN,SB-TN-URL,SR,0,5
URMA,URMA,West Bengal,WB,SB-WB,SB-WB-URMA,IR,0,16
URML,Upramal,Rajasthan,RJ,SB-RJ,SB-RJ-URML,IR,0,4
URN,UTRAN,Gujarat,GJ,SB-GJ,SB-GJ-URN,IR,0,13
URP,Udairampur,West Bengal,WB,SB-WB,SB-WB-URP,ER,0,30
URPR,UGRASENPUR,Uttar Pradesh,UP,SB-UP,SB-UP-URPR,NR,0,10
URR,Umred,Maharashtra,MH,SB-MH,SB-MH-URR,SECR,0,0
USD,UKAI SONGADH,Gujarat,GJ,SB-GJ,SB-GJ-USD,IR,0,12
USK,USIA KHAS,Uttar Pradesh,UP,SB-UP,SB-UP-USK,IR,0,12
USL,USALAPUR,Chhattisgarh,CG,SB-CG,SB-CG-USL,IR,0,43
USLP,USILAMPATTI,Tamil Nadu,TN,SB-TN,SB-TN-USLP,IR,0,6
USRA,USRA,Gujarat,GJ,SB-GJ,SB-GJ-USRA,IR,0,6
UTA,UMAR TALI,Bihar,BR,SB-BR,SB-BR-UTA,IR,0,4
UTD,UTARSANDA,Gujarat,GJ,SB-GJ,SB-GJ-UTD,IR,0,11
UTL,UTARLAI,Rajasthan,RJ,SB-RJ,SB-RJ-UTL,NWR,0,13
UTN,Uttar Radhanagar Halt,West Bengal,WB,SB-WB,SB-WB-UTN,ER,0,62
UTP,UTRIPURA,Uttar Pradesh,UP,SB-UP,SB-UP-UTP,IR,0,8
UTR,UTRAHTIA,Uttar Pradesh,UP,SB-UP,SB-UP-UTR,IR,0,36
UVD,Udvada,Gujarat,GJ,SB-GJ,SB-GJ-UVD,WR,0,25
UWAN,URWAN,Jharkhand,JH,SB-JH,SB-JH-UWAN,IR,0,4
UWNR,Udwant Nagar Halt,Bihar,BR,SB-BR,SB-BR-UWNR,ECR,0,0
VAA,Bhaga Junction,Jharkhand,JH,SB-JH,SB-JH-VAA,SER,0,12
VADR,WARUD,Uttar Pradesh,UP,SB-UP,SB-UP-VADR,NR,0,0
VAE,Vadali,Andhra Pradesh,AP,SB-AP,SB-AP-VAE,WR,0,0
VAH,VAH,Uttar Pradesh,UP,SB-UP,SB-UP-VAH,NR,0,0
VAJ,VADAPALANJI HALT,Tamil Nadu,TN,SB-TN,SB-TN-VAJ,IR,0,2
VAK,Varkala Sivagiri Station,Kerala,KL,SB-KL,SB-KL-VAK,IR,0,72
VAL,VADAL,Gujarat,GJ,SB-GJ,SB-GJ-VAL,WR,0,6
VAN,Vadhvana,Gujarat,GJ,SB-GJ,SB-GJ-VAN,WR,0,10
VAPI,Vapi,Gujarat,GJ,SB-GJ,SB-GJ-VAPI,WR,1,274
VAPM,VALAPATTANAM,Kerala,KL,SB-KL,SB-KL-VAPM,SR,0,10
VAR,VIDYANAGAR,Telangana,TS,SB-TS,SB-TS-VAR,IR,0,58
VARD,Vaikom,Kerala,KL,SB-KL,SB-KL-VARD,SR,0,22
VASO,Vaso,Gujarat,GJ,SB-GJ,SB-GJ-VASO,WR,0,0
VAT,VATLUR,Uttar Pradesh,UP,SB-UP,SB-UP-VAT,NR,0,0
VAY,VAYALAR,Kerala,KL,SB-KL,SB-KL-VAY,IR,0,6
VB,VILLIYAMBAKKAM,Tamil Nadu,TN,SB-TN,SB-TN-VB,SR,0,33
VBH,VISHNUPUR BATHUA HALT,Bihar,BR,SB-BR,SB-BR-VBH,IR,0,4
VBL,Bobbili,Andhra Pradesh,AP,SB-AP,SB-AP-VBL,IR,0,58
VBN,VALLABHNAGAR,Rajasthan,RJ,SB-RJ,SB-RJ-VBN,NWR,0,4
VBR,VAMBORI,Maharashtra,MH,SB-MH,SB-MH-VBR,IR,0,2
VBU,VEMBUR,Uttar Pradesh,UP,SB-UP,SB-UP-VBU,NR,0,0
VBW,VAIBHAVWADI RD,Maharashtra,MH,SB-MH,SB-MH-VBW,KR,0,46
VC,VYASA COLONY,Andhra Pradesh,AP,SB-AP,SB-AP-VC,IR,0,6
VCN,VIROCHANNAGAR,Uttar Pradesh,UP,SB-UP,SB-UP-VCN,NR,0,0
VD,VAGDIYA,Gujarat,GJ,SB-GJ,SB-GJ-VD,WR,0,1
VDA,VASAD JN,Gujarat,GJ,SB-GJ,SB-GJ-VDA,IR,0,22
VDD,VENDODU,Andhra Pradesh,AP,SB-AP,SB-AP-VDD,IR,0,4
VDE,VEDAYAPALEM,Andhra Pradesh,AP,SB-AP,SB-AP-VDE,IR,0,16
VDG,Vadnagar,Gujarat,GJ,SB-GJ,SB-GJ-VDG,IR,0,8
VDGN,VADGAON NILA,Maharashtra,MH,SB-MH,SB-MH-VDGN,SCR,0,0
VDH,Vedchha,Gujarat,GJ,SB-GJ,SB-GJ-VDH,WR,0,21
VDI,VELDURTI,Andhra Pradesh,AP,SB-AP,SB-AP-VDI,IR,0,10
VDK,VADAKANNIKAPURM,Uttar Pradesh,UP,SB-UP,SB-UP-VDK,NR,0,0
VDKS,Vadanam Kurussi Halt,Kerala,KL,SB-KL,SB-KL-VDKS,SR,0,10
VDL,Vaitheeswarankoil,Tamil Nadu,TN,SB-TN,SB-TN-VDL,SR,0,22
VDLR,VADALA ROAD BBY,Maharashtra,MH,SB-MH,SB-MH-VDLR,IR,0,2
VDM,VADAMADURA,Tamil Nadu,TN,SB-TN,SB-TN-VDM,IR,0,6
VDN,Vadgaon,Maharashtra,MH,SB-MH,SB-MH-VDN,IR,0,34
VDNP,Baijnath Andoli,Bihar,BR,SB-BR,SB-BR-VDNP,ECR,0,10
VDP,VADIPPATTI,Tamil Nadu,TN,SB-TN,SB-TN-VDP,IR,0,6
VDR,VANDALUR,Tamil Nadu,TN,SB-TN,SB-TN-VDR,IR,0,191
VDS,VIDYASAGAR,Jharkhand,JH,SB-JH,SB-JH-VDS,IR,0,32
VDV,Vadiya Devli,Gujarat,GJ,SB-GJ,SB-GJ-VDV,WR,0,8
VDY,VEDARANNIYAM,Tamil Nadu,TN,SB-TN,SB-TN-VDY,IR,0,4
VEER,Veer,Maharashtra,MH,SB-MH,SB-MH-VEER,KR,0,54
VEI,VELLIYANI,Tamil Nadu,TN,SB-TN,SB-TN-VEI,SR,0,2
VEK,VELLARAKKAD,Kerala,KL,SB-KL,SB-KL-VEK,SR,0,4
VEL,Vellanur,Tamil Nadu,TN,SB-TN,SB-TN-VEL,SR,0,10
VELI,VELI,Kerala,KL,SB-KL,SB-KL-VELI,IR,0,5
VEM,VEMPALLI,Uttar Pradesh,UP,SB-UP,SB-UP-VEM,NR,0,0
VEN,Verna,Goa,GA,SB-GA,SB-GA-VEN,KR,0,2
VEP,Velpuru Road,Andhra Pradesh,AP,SB-AP,SB-AP-VEP,SCR,0,0
VER,VELLUR HALT,Tamil Nadu,TN,SB-TN,SB-TN-VER,IR,0,4
VEU,VEPPAMPATTU,Tamil Nadu,TN,SB-TN,SB-TN-VEU,IR,0,149
VG,Viramgam Junction,Gujarat,GJ,SB-GJ,SB-GJ-VG,IR,0,134
VGA,VEPAGUNTA,Andhra Pradesh,AP,SB-AP,SB-AP-VGA,IR,0,6
VGDC,Viramgam D Cabin,Uttar Pradesh,UP,SB-UP,SB-UP-VGDC,NR,0,0
VGE,VALAPPADI G HLT,Tamil Nadu,TN,SB-TN,SB-TN-VGE,IR,0,8
VGI,VANGANI,Maharashtra,MH,SB-MH,SB-MH-VGI,IR,0,70
VGL,Vangal,Tamil Nadu,TN,SB-TN,SB-TN-VGL,IR,0,0
VGLJ,VIRANGANA LAKSHMIBAI JHANSI JN,Uttar Pradesh,UP,SB-UP,SB-UP-VGLJ,NCR,1,314
VGM,VINNAMANGALAM,Tamil Nadu,TN,SB-TN,SB-TN-VGM,IR,0,2
VGN,Vangaon,Maharashtra,MH,SB-MH,SB-MH-VGN,WR,0,66
VGT,UNGUTURU,Uttar Pradesh,UP,SB-UP,SB-UP-VGT,NR,0,0
VHCH,BLOCK CABIN CHAKKI,Uttar Pradesh,UP,SB-UP,SB-UP-VHCH,NR,0,0
VHGN,WIHIRGAON,Uttar Pradesh,UP,SB-UP,SB-UP-VHGN,NR,0,0
VI,Villianur,Puducherry,PY,SB-PY,SB-PY-VI,SR,0,10
VID,VILAVADE,Maharashtra,MH,SB-MH,SB-MH-VID,KR,0,31
VINA,Vina,Uttar Pradesh,UP,SB-UP,SB-UP-VINA,NR,0,0
VINH,VINHERE,Maharashtra,MH,SB-MH,SB-MH-VINH,KR,0,12
VJ,VIRINCHIPURAM,Tamil Nadu,TN,SB-TN,SB-TN-VJ,IR,0,2
VJA,VEJANDLA,Andhra Pradesh,AP,SB-AP,SB-AP-VJA,SCR,0,12
VJD,VIJPADI ROAD,Gujarat,GJ,SB-GJ,SB-GJ-VJD,WR,0,4
VJF,Vijapur,Gujarat,GJ,SB-GJ,SB-GJ-VJF,IR,0,0
VJK,VEJALKA,Gujarat,GJ,SB-GJ,SB-GJ-VJK,WR,0,2
VJM,Vyasarpadi Jeeva,Tamil Nadu,TN,SB-TN,SB-TN-VJM,SR,0,213
VJP,VIJAY PUR,Madhya Pradesh,MP,SB-MP,SB-MP-VJP,IR,0,2
VJPJ,VIJAYPUR JAMMU,Jammu and Kashmir,JK,SB-JK,SB-JK-VJPJ,NR,0,14
VJR,VIJAYANAGAR,Maharashtra,MH,SB-MH,SB-MH-VJR,SWR,0,10
VJRD,VAJIRABAD,Uttar Pradesh,UP,SB-UP,SB-UP-VJRD,NR,0,0
VK,VIKHROLI,Maharashtra,MH,SB-MH,SB-MH-VK,IR,0,3
VKA,Verka Junction,Punjab,PB,SB-PB,SB-PB-VKA,NR,0,26
VKB,Vikarabad Junction,Telangana,TS,SB-TS,SB-TS-VKB,IR,0,88
VKD,Vinukonda,Andhra Pradesh,AP,SB-AP,SB-AP-VKD,IR,0,15
VKDH,VEER KUNWAR HALT,Bihar,BR,SB-BR,SB-BR-VKDH,IR,0,6
VKG,Vavadi Khurd,Gujarat,GJ,SB-GJ,SB-GJ-VKG,WR,0,12
VKH,VIKHRAN ROAD,Maharashtra,MH,SB-MH,SB-MH-VKH,IR,0,6
VKI,VENKATAGIRI,Andhra Pradesh,AP,SB-AP,SB-AP-VKI,IR,0,16
VKL,Vankal,Gujarat,GJ,SB-GJ,SB-GJ-VKL,WR,0,0
VKM,VENKATESAPURAM,Tamil Nadu,TN,SB-TN,SB-TN-VKM,IR,0,3
VKN,VINUKONDA,Andhra Pradesh,AP,SB-AP,SB-AP-VKN,IR,0,23
VKNR,VALMIKINAGAR RD,Bihar,BR,SB-BR,SB-BR-VKNR,ECR,0,7
VKP,VARAKALPATTU,Tamil Nadu,TN,SB-TN,SB-TN-VKP,SR,0,8
VKR,VENKATNAGRA,Chhattisgarh,CG,SB-CG,SB-CG-VKR,IR,0,12
VKT,VENKATACHALAM,Andhra Pradesh,AP,SB-AP,SB-AP-VKT,IR,0,11
VKZ,VENKATA NARASIMHA RAJU VARI PETA,Andhra Pradesh,AP,SB-AP,SB-AP-VKZ,IR,0,6
VL,VILAD,Maharashtra,MH,SB-MH,SB-MH-VL,IR,0,2
VLA,BAVLA,Gujarat,GJ,SB-GJ,SB-GJ-VLA,WR,0,10
VLC,Velachha,Gujarat,GJ,SB-GJ,SB-GJ-VLC,WR,0,0
VLCA,VELLALCHERUVU H,Uttar Pradesh,UP,SB-UP,SB-UP-VLCA,NR,0,0
VLCY,Velachery,Tamil Nadu,TN,SB-TN,SB-TN-VLCY,SR,0,98
VLD,Vayalpad,Andhra Pradesh,AP,SB-AP,SB-AP-VLD,SCR,0,3
VLDE,VALADI,Tamil Nadu,TN,SB-TN,SB-TN-VLDE,IR,0,6
VLDI,VITHALWADI,Maharashtra,MH,SB-MH,SB-MH-VLDI,IR,0,232
VLDR,Valadar,Gujarat,GJ,SB-GJ,SB-GJ-VLDR,WR,0,4
VLE,VELLALCHERUVU H,Andhra Pradesh,AP,SB-AP,SB-AP-VLE,IR,0,2
VLG,VANIGONDA,Telangana,TS,SB-TS,SB-TS-VLG,IR,0,4
VLI,Vallikkunnu,Kerala,KL,SB-KL,SB-KL-VLI,SR,0,17
VLK,Villivakkam,Tamil Nadu,TN,SB-TN,SB-TN-VLK,SR,0,229
VLKN,Velankanni,Tamil Nadu,TN,SB-TN,SB-TN-VLKN,?,0,0
VLL,VELLAYIL,Kerala,KL,SB-KL,SB-KL-VLL,SR,0,4
VLN,Vilegaon,Maharashtra,MH,SB-MH,SB-MH-VLN,CR,0,0
VLNK,VELANKANNI,Tamil Nadu,TN,SB-TN,SB-TN-VLNK,IR,0,41
VLP,Vile Parle,Maharashtra,MH,SB-MH,SB-MH-VLP,WR,0,0
VLR,Vellore Cantonment,Tamil Nadu,TN,SB-TN,SB-TN-VLR,SR,0,36
VLT,VALATHOOR,Tamil Nadu,TN,SB-TN,SB-TN-VLT,IR,0,8
VLTR,Vadali Luter Road,Gujarat,GJ,SB-GJ,SB-GJ-VLTR,WR,0,0
VLU,Vadalur,Tamil Nadu,TN,SB-TN,SB-TN-VLU,SR,0,6
VLV,Vallivedu,Andhra Pradesh,AP,SB-AP,SB-AP-VLV,SCR,0,0
VLY,Valliyur,Tamil Nadu,TN,SB-TN,SB-TN-VLY,SR,0,47
VLYN,Vallabh Vidyanagar,Gujarat,GJ,SB-GJ,SB-GJ-VLYN,IR,0,16
VM,Villupuram Junction,Tamil Nadu,TN,SB-TN,SB-TN-VM,IR,0,199
VMA,VIKRAMGARH ALOT,Madhya Pradesh,MP,SB-MP,SB-MP-VMA,IR,0,40
VMC,VMC,Uttar Pradesh,UP,SB-UP,SB-UP-VMC,NR,0,0
VMD,Vadlamannadu,Andhra Pradesh,AP,SB-AP,SB-AP-VMD,SCR,0,14
VML,VEMULAPADU,Andhra Pradesh,AP,SB-AP,SB-AP-VML,IR,0,2
VMLD,VEMULURIPADU,Uttar Pradesh,UP,SB-UP,SB-UP-VMLD,NR,0,0
VMM,Valaramanikkam,Tamil Nadu,TN,SB-TN,SB-TN-VMM,SR,0,4
VMP,VALLAMPADUGAI,Tamil Nadu,TN,SB-TN,SB-TN-VMP,SR,0,10
VMU,Vemuru,Andhra Pradesh,AP,SB-AP,SB-AP-VMU,SCR,0,14
VN,Vaniyambadi,Tamil Nadu,TN,SB-TN,SB-TN-VN,SR,0,27
VNA,Varangaon,Maharashtra,MH,SB-MH,SB-MH-VNA,IR,1,7
VNB,Vaniyambalam,Kerala,KL,SB-KL,SB-KL-VNB,SR,0,16
VND,VENDRA,Andhra Pradesh,AP,SB-AP,SB-AP-VND,SCR,0,8
VNE,VISHWANATH CHARIALI,Assam,AS,SB-AS,SB-AS-VNE,IR,0,26
VNEC,Vijayawada North East,Uttar Pradesh,UP,SB-UP,SB-UP-VNEC,NR,0,0
VNG,Visnagar,Gujarat,GJ,SB-GJ,SB-GJ-VNG,IR,0,4
VNGP,VANGAICHUNGPAO,Manipur,MN,SB-MN,SB-MN-VNGP,IR,0,4
VNJ,TIRUPPUR VANJIPALAYAM,Tamil Nadu,TN,SB-TN,SB-TN-VNJ,IR,0,4
VNK,Binaiki,Madhya Pradesh,MP,SB-MP,SB-MP-VNK,SECR,0,10
VNM,ONTIMITTA,Andhra Pradesh,AP,SB-AP,SB-AP-VNM,IR,0,6
VNN,BHANAUR,Uttar Pradesh,UP,SB-UP,SB-UP-VNN,NR,0,4
VNR,DEVANUR,Karnataka,KA,SB-KA,SB-KA-VNR,SWR,0,16
VNRD,VANI ROAD,Gujarat,GJ,SB-GJ,SB-GJ-VNRD,WR,0,0
VNTD,VANTADA,Gujarat,GJ,SB-GJ,SB-GJ-VNTD,IR,0,2
VNUP,VISHNUPURAM,Telangana,TS,SB-TS,SB-TS-VNUP,IR,0,6
VNWI,VIGHANWADI,Maharashtra,MH,SB-MH,SB-MH-VNWI,IR,0,2
VO,VELLODU,Uttar Pradesh,UP,SB-UP,SB-UP-VO,NR,0,0
VOC,V. O. C. Nagar,Tamil Nadu,TN,SB-TN,SB-TN-VOC,SR,0,92
VOL,Virol,Gujarat,GJ,SB-GJ,SB-GJ-VOL,WR,0,0
VONB,VONDH,Gujarat,GJ,SB-GJ,SB-GJ-VONB,IR,0,2
VP,VIRAPUR,Andhra Pradesh,AP,SB-AP,SB-AP-VP,SCR,0,8
VPDA,VIDYAPATIDHAM,Bihar,BR,SB-BR,SB-BR-VPDA,IR,0,14
VPG,VENTRAPRAGADA,Andhra Pradesh,AP,SB-AP,SB-AP-VPG,SCR,0,11
VPH,Vachaspati Nagar,Bihar,BR,SB-BR,SB-BR-VPH,ECR,0,6
VPJ,VALYAMPATTI,Tamil Nadu,TN,SB-TN,SB-TN-VPJ,IR,0,6
VPL,VENKATAMPALLE,Andhra Pradesh,AP,SB-AP,SB-AP-VPL,IR,0,4
VPN,VIDYAPATINAGAR,Bihar,BR,SB-BR,SB-BR-VPN,ECR,0,0
VPO,BHUPIA MAU,Uttar Pradesh,UP,SB-UP,SB-UP-VPO,NR,0,4
VPR,Visapur,Maharashtra,MH,SB-MH,SB-MH-VPR,IR,0,2
VPT,Virudunagar Junction,Tamil Nadu,TN,SB-TN,SB-TN-VPT,IR,0,120
VPU,VELPURU,Andhra Pradesh,AP,SB-AP,SB-AP-VPU,SCR,0,5
VPY,VYASARPADI,Tamil Nadu,TN,SB-TN,SB-TN-VPY,IR,0,1
VPZ,Vailapuzha,Kerala,KL,SB-KL,SB-KL-VPZ,SR,0,15
VQD,VIRAMDAD,Gujarat,GJ,SB-GJ,SB-GJ-VQD,WR,0,0
VR,Virar,Maharashtra,MH,SB-MH,SB-MH-VR,WR,0,84
VRA,Valavanur,Tamil Nadu,TN,SB-TN,SB-TN-VRA,SR,0,6
VRB,VISHRAMBAG,Maharashtra,MH,SB-MH,SB-MH-VRB,CR,0,6
VRBD,VRINDABAN ROAD,Uttar Pradesh,UP,SB-UP,SB-UP-VRBD,IR,0,14
VRDP,VARADAPUR,Uttar Pradesh,UP,SB-UP,SB-UP-VRDP,NR,0,0
VRE,VAREDIYA,Gujarat,GJ,SB-GJ,SB-GJ-VRE,IR,0,9
VRG,Vikramnagar,Madhya Pradesh,MP,SB-MP,SB-MP-VRG,WR,0,6
VRH,VIRBHADRA,Uttarakhand,UK,SB-UK,SB-UK-VRH,NR,0,16
VRI,Vridhachalam Junction,Tamil Nadu,TN,SB-TN,SB-TN-VRI,IR,0,84
VRJ,Vadaj,Gujarat,GJ,SB-GJ,SB-GJ-VRJ,WR,0,0
VRK,Virkudi,Uttar Pradesh,UP,SB-UP,SB-UP-VRK,NR,0,0
VRKD,Varkhedi,Maharashtra,MH,SB-MH,SB-MH-VRKD,CR,0,0
VRL,Veraval,Gujarat,GJ,SB-GJ,SB-GJ-VRL,WR,0,44
VRLF,Veraval Mg,Uttar Pradesh,UP,SB-UP,SB-UP-VRLF,NR,0,0
VRLI,VERAVALI,Maharashtra,MH,SB-MH,SB-MH-VRLI,IR,0,2
VRLR,VIRANI ALUR,Tamil Nadu,TN,SB-TN,SB-TN-VRLR,SR,0,9
VRM,VARNAMA,Gujarat,GJ,SB-GJ,SB-GJ-VRM,IR,0,8
VRN,VANGANUR,Andhra Pradesh,AP,SB-AP,SB-AP-VRN,IR,0,2
VRPD,VIRAPANDY ROAD,Tamil Nadu,TN,SB-TN,SB-TN-VRPD,IR,0,8
VRQ,VIRARAKKIYAM,Tamil Nadu,TN,SB-TN,SB-TN-VRQ,SR,0,9
VRR,Virpur,Gujarat,GJ,SB-GJ,SB-GJ-VRR,WR,0,25
VRT,VRIDDHACHALM TN,Tamil Nadu,TN,SB-TN,SB-TN-VRT,IR,0,6
VRU,VALIVERU,Uttar Pradesh,UP,SB-UP,SB-UP-VRU,NR,0,0
VRV,VIRAVADA,Gujarat,GJ,SB-GJ,SB-GJ-VRV,NWR,0,0
VRVL,VIRAVALLI,Uttar Pradesh,UP,SB-UP,SB-UP-VRVL,NR,0,0
VRX,VARAHI,Gujarat,GJ,SB-GJ,SB-GJ-VRX,WR,0,2
VS,VISHVAMITRI,Gujarat,GJ,SB-GJ,SB-GJ-VS,IR,0,20
VSD,Vasind,Maharashtra,MH,SB-MH,SB-MH-VSD,CR,0,76
VSG,Vasco da Gama,Goa,GA,SB-GA,SB-GA-VSG,SWR,0,28
VSH,VASHI,Maharashtra,MH,SB-MH,SB-MH-VSH,IR,0,2
VSHI,VAISHALI,Bihar,BR,SB-BR,SB-BR-VSHI,IR,0,6
VSI,Vishvamitri,Gujarat,GJ,SB-GJ,SB-GJ-VSI,WR,0,0
VSKP,Visakhapatnam Junction,Andhra Pradesh,AP,SB-AP,SB-AP-VSKP,IR,1,253
VSP,WASANAPURA,Uttar Pradesh,UP,SB-UP,SB-UP-VSP,NR,0,0
VSPR,BISHNUPRIYA,West Bengal,WB,SB-WB,SB-WB-VSPR,ER,0,37
VSR,VASUNDHARA,Uttar Pradesh,UP,SB-UP,SB-UP-VSR,IR,0,2
VST,BIJAYSOTA,Madhya Pradesh,MP,SB-MP,SB-MP-VST,WCR,0,6
VSU,Bishnupur railway station,West Bengal,WB,SB-WB,SB-WB-VSU,ER,0,52
VSV,VASADVA,Uttar Pradesh,UP,SB-UP,SB-UP-VSV,NR,0,0
VSW,Visavadar,Gujarat,GJ,SB-GJ,SB-GJ-VSW,WR,0,10
VT,Vellore Town,Tamil Nadu,TN,SB-TN,SB-TN-VT,SR,0,7
VTA,VATVA,Gujarat,GJ,SB-GJ,SB-GJ-VTA,IR,0,17
VTDI,VARETHA,Gujarat,GJ,SB-GJ,SB-GJ-VTDI,IR,0,2
VTE,Venkatagiri Kote Halt,Karnataka,KA,SB-KA,SB-KA-VTE,SWR,0,12
VTG,Bhetaguri,West Bengal,WB,SB-WB,SB-WB-VTG,NFR,0,4
VTJ,Vartej,Gujarat,GJ,SB-GJ,SB-GJ-VTJ,WR,0,18
VTK,VALLATHOL NAGAR,Kerala,KL,SB-KL,SB-KL-VTK,IR,0,9
VTL,Vadtal Swaminarayan,Gujarat,GJ,SB-GJ,SB-GJ-VTL,WR,0,0
VTM,Vetapalemu,Andhra Pradesh,AP,SB-AP,SB-AP-VTM,IR,0,20
VTN,Vaitarna,Maharashtra,MH,SB-MH,SB-MH-VTN,WR,0,66
VTP,VASTRAPUR,Gujarat,GJ,SB-GJ,SB-GJ-VTP,WR,0,10
VTV,VALANTARAVAL,Tamil Nadu,TN,SB-TN,SB-TN-VTV,SR,0,6
VU,VAGHPURA,Gujarat,GJ,SB-GJ,SB-GJ-VU,IR,0,2
VUL,Virul,Maharashtra,MH,SB-MH,SB-MH-VUL,CR,0,0
VV,Valivade,Maharashtra,MH,SB-MH,SB-MH-VV,CR,0,16
VVA,VARVALA,Gujarat,GJ,SB-GJ,SB-GJ-VVA,WR,0,0
VVB,VIVEKA VIHAR,Delhi,DL,SB-DL,SB-DL-VVB,NR,0,41
VVD,Vavdi,Gujarat,GJ,SB-GJ,SB-GJ-VVD,WR,0,4
VVG,V.V.GIRI HALT,Bihar,BR,SB-BR,SB-BR-VVG,IR,0,6
VVH,Vidyavihar,Maharashtra,MH,SB-MH,SB-MH-VVH,CR,0,3
VVKN,VIVEKANANDA NAGAR,Uttar Pradesh,UP,SB-UP,SB-UP-VVKN,NR,0,0
VVKP,VIVEKANAND PURI HALT,Delhi,DL,SB-DL,SB-DL-VVKP,NR,0,31
VVM,Viravasaram,Andhra Pradesh,AP,SB-AP,SB-AP-VVM,SCR,0,25
VVN,VIKRAVANDI,Tamil Nadu,TN,SB-TN,SB-TN-VVN,IR,0,8
VVR,VIRAVANALLUR,Tamil Nadu,TN,SB-TN,SB-TN-VVR,IR,0,8
VVV,VAVERA,Gujarat,GJ,SB-GJ,SB-GJ-VVV,WR,0,4
VWA,VIDURASWATTHA,Andhra Pradesh,AP,SB-AP,SB-AP-VWA,IR,0,4
VXD,VADOD,Gujarat,GJ,SB-GJ,SB-GJ-VXD,IR,0,10
VXM,Vellipalayam,Tamil Nadu,TN,SB-TN,SB-TN-VXM,SR,0,14
VYA,Vyara,Gujarat,GJ,SB-GJ,SB-GJ-VYA,IR,0,38
VYK,VILAYATKALAN RD,Madhya Pradesh,MP,SB-MP,SB-MP-VYK,IR,0,4
VYN,VYASNAGAR,Uttar Pradesh,UP,SB-UP,SB-UP-VYN,IR,0,8
VYS,VYASANAKERI,Andhra Pradesh,AP,SB-AP,SB-AP-VYS,IR,0,6
VZ,VIJAYAMANGALAM,Tamil Nadu,TN,SB-TN,SB-TN-VZ,IR,0,4
VZM,Vizianagaram,Andhra Pradesh,AP,SB-AP,SB-AP-VZM,IR,1,238
VZPH,Vazeerpur Halt,Uttar Pradesh,UP,SB-UP,SB-UP-VZPH,NER,0,8
VZR,Bhanjpur,Odisha,OD,SB-OD,SB-OD-VZR,IR,0,16
WAAD,WAYAD,Gujarat,GJ,SB-GJ,SB-GJ-WAAD,IR,0,2
WAB,BALWA,Gujarat,GJ,SB-GJ,SB-GJ-WAB,WR,0,8
WADI,Wadi,Karnataka,KA,SB-KA,SB-KA-WADI,IR,1,94
WADO,WADODA,Maharashtra,MH,SB-MH,SB-MH-WADO,IR,0,4
WAIR,Wair,Rajasthan,RJ,SB-RJ,SB-RJ-WAIR,IR,0,18
WANI,WANI,Maharashtra,MH,SB-MH,SB-MH-WANI,CR,0,8
WARUD,Warud,Maharashtra,MH,SB-MH,SB-MH-WARUD,CR,0,0
WAT,Waltair,Andhra Pradesh,AP,SB-AP,SB-AP-WAT,IR,0,0
WC,WADHWAN CITY,Gujarat,GJ,SB-GJ,SB-GJ-WC,WR,0,12
WCB,WEST CABIN GAYA,Uttar Pradesh,UP,SB-UP,SB-UP-WCB,NR,0,0
WCN,Wimco Nagar,Tamil Nadu,TN,SB-TN,SB-TN-WCN,SR,0,94
WDA,Wadrengdisa,Assam,AS,SB-AS,SB-AS-WDA,NFR,0,2
WDC,WDC,Uttar Pradesh,UP,SB-UP,SB-UP-WDC,NR,0,0
WDD,Wadoda,Maharashtra,MH,SB-MH,SB-MH-WDD,IR,0,0
WDG,Wadegaon,Maharashtra,MH,SB-MH,SB-MH-WDG,SECR,0,9
WDHR,WADHARVA,Uttar Pradesh,UP,SB-UP,SB-UP-WDHR,NR,0,0
WDJ,Wanderjatana,Punjab,PB,SB-PB,SB-PB-WDJ,NR,0,10
WDL,WANDAL,Karnataka,KA,SB-KA,SB-KA-WDL,SWR,0,6
WDLN,WADWAL NAGNATH,Maharashtra,MH,SB-MH,SB-MH-WDLN,SCR,0,8
WDM,WYNDHAMGANJ,Uttar Pradesh,UP,SB-UP,SB-UP-WDM,ECR,0,12
WDN,VADGAON NILA,Maharashtra,MH,SB-MH,SB-MH-WDN,IR,0,10
WDR,WADIARAM,Andhra Pradesh,AP,SB-AP,SB-AP-WDR,SCR,0,24
WDS,WADSINGE,Maharashtra,MH,SB-MH,SB-MH-WDS,IR,0,4
WEL,Wellington,Tamil Nadu,TN,SB-TN,SB-TN-WEL,SR,0,14
WENA,Wena,Bihar,BR,SB-BR,SB-BR-WENA,ECR,0,16
WFD,WHITEFIELD,Karnataka,KA,SB-KA,SB-KA-WFD,IR,0,63
WG,WAGHOLI,Maharashtra,MH,SB-MH,SB-MH-WG,IR,0,2
WGA,WAGHODA,Madhya Pradesh,MP,SB-MP,SB-MP-WGA,CR,0,4
WGI,Waghai,Gujarat,GJ,SB-GJ,SB-GJ-WGI,WR,0,4
WGJ,WARIS GANJ HALT,Uttar Pradesh,UP,SB-UP,SB-UP-WGJ,IR,0,2
WH,WEST HILL,Kerala,KL,SB-KL,SB-KL-WH,SR,0,8
WHM,Washim,Maharashtra,MH,SB-MH,SB-MH-WHM,SCR,0,54
WIR,WAIR,Uttar Pradesh,UP,SB-UP,SB-UP-WIR,NR,0,0
WIRR,WIRUR,Telangana,TS,SB-TS,SB-TS-WIRR,IR,0,3
WJ,WALAJABAD,Tamil Nadu,TN,SB-TN,SB-TN-WJ,SR,0,38
WJR,Walajah Road Junction,Tamil Nadu,TN,SB-TN,SB-TN-WJR,IR,0,30
WKA,VAKAV,Maharashtra,MH,SB-MH,SB-MH-WKA,IR,0,4
WKI,Wadakanchery,Kerala,KL,SB-KL,SB-KL-WKI,IR,0,35
WKND,WANAWAR KOTESHWARNATH DHAM,Bihar,BR,SB-BR,SB-BR-WKND,IR,0,12
WKR,WANKANER JN,Gujarat,GJ,SB-GJ,SB-GJ-WKR,WR,0,87
WKRC,WANKANER CITY,Gujarat,GJ,SB-GJ,SB-GJ-WKRC,WR,0,0
WL,Warangal,Telangana,TS,SB-TS,SB-TS-WL,SCR,1,189
WLA,VALTOHA,Punjab,PB,SB-PB,SB-PB-WLA,IR,0,8
WLGN,Walgaon,Maharashtra,MH,SB-MH,SB-MH-WLGN,IR,0,6
WLH,VALHA,Maharashtra,MH,SB-MH,SB-MH-WLH,CR,0,2
WND,Wan Road,Maharashtra,MH,SB-MH,SB-MH-WND,SCR,0,0
WNG,WANEGAON,Maharashtra,MH,SB-MH,SB-MH-WNG,SCR,0,12
WOC,Warud Orange City,Maharashtra,MH,SB-MH,SB-MH-WOC,IR,0,8
WP,WANGAPALLI,Telangana,TS,SB-TS,SB-TS-WP,IR,0,4
WPR,WANPARTI ROAD,Telangana,TS,SB-TS,SB-TS-WPR,IR,0,24
WR,Wardha Junction,Maharashtra,MH,SB-MH,SB-MH-WR,IR,1,107
WRA,WALAYAR,Kerala,KL,SB-KL,SB-KL-WRA,IR,0,14
WRC,W R S COLONY PH,Chhattisgarh,CG,SB-CG,SB-CG-WRC,IR,0,14
WRD,Warudkhed,Maharashtra,MH,SB-MH,SB-MH-WRD,CR,0,0
WRE,Wardha East,Maharashtra,MH,SB-MH,SB-MH-WRE,IR,0,0
WRGN,WARIGAON NEWADA,Uttar Pradesh,UP,SB-UP,SB-UP-WRGN,NR,0,4
WRI,WARASEONI,Madhya Pradesh,MP,SB-MP,SB-MP-WRI,IR,0,16
WRR,Warora,Maharashtra,MH,SB-MH,SB-MH-WRR,IR,0,14
WRS,WARIS ALEGANJ,Bihar,BR,SB-BR,SB-BR-WRS,ECR,0,26
WSA,Wadsa,Maharashtra,MH,SB-MH,SB-MH-WSA,SECR,0,20
WSB,WASHIMBE,Maharashtra,MH,SB-MH,SB-MH-WSB,IR,0,8
WSC,SHIVARAMPUR,Uttar Pradesh,UP,SB-UP,SB-UP-WSC,NR,0,0
WSD,WASUD,Maharashtra,MH,SB-MH,SB-MH-WSD,CR,0,2
WSE,VASAN IYAWA,Uttar Pradesh,UP,SB-UP,SB-UP-WSE,NR,0,0
WSJ,WANSJALIYA,Gujarat,GJ,SB-GJ,SB-GJ-WSJ,WR,0,24
WST,WASHERMANPET,Tamil Nadu,TN,SB-TN,SB-TN-WST,IR,0,74
WTJ,JAM WANTHALI,Gujarat,GJ,SB-GJ,SB-GJ-WTJ,WR,0,8
WTP,Water Pipe,Maharashtra,MH,SB-MH,SB-MH-WTP,IR,0,4
WTR,Wathar,Maharashtra,MH,SB-MH,SB-MH-WTR,CR,0,13
WTWI,WETALWADI,Maharashtra,MH,SB-MH,SB-MH-WTWI,IR,0,2
WW,Wanabar,Uttar Pradesh,UP,SB-UP,SB-UP-WW,NR,0,0
WWA,VAVANIYA,Uttar Pradesh,UP,SB-UP,SB-UP-WWA,NR,0,0
WZJ,WAZERGANJ,Bihar,BR,SB-BR,SB-BR-WZJ,ECR,0,18
X108,Aman Lodge,Uttar Pradesh,UP,SB-UP,SB-UP-X108,NR,0,0
XBAC,Bachharpur Halt,Bihar,BR,SB-BR,SB-BR-XBAC,ECR,0,0
XBKJ,Bikramganj,Bihar,BR,SB-BR,SB-BR-XBKJ,ECR,0,14
XCBN,Xcbn,Uttar Pradesh,UP,SB-UP,SB-UP-XCBN,NR,0,0
XGN,Gokulnagar,Bihar,BR,SB-BR,SB-BR-XGN,IR,0,6
XKA,Kamta,Uttar Pradesh,UP,SB-UP,SB-UP-XKA,NR,0,0
XSAD,SADIPUR HALT,Bihar,BR,SB-BR,SB-BR-XSAD,?,0,4
XSAN,SARVODAYA HALT,Bihar,BR,SB-BR,SB-BR-XSAN,IR,0,7
XSK,SOKALI,Uttar Pradesh,UP,SB-UP,SB-UP-XSK,NR,0,0
XX-ANK,XX-ANK,Uttar Pradesh,UP,SB-UP,SB-UP-XX-ANK,NR,0,0
XX-BDXO,XX-BDXO,Uttar Pradesh,UP,SB-UP,SB-UP-XX-BDXO,NR,0,0
XX-BECE,XX-BECE,Uttar Pradesh,UP,SB-UP,SB-UP-XX-BECE,NR,0,0
XX-BSBC,XX-BSBC,Uttar Pradesh,UP,SB-UP,SB-UP-XX-BSBC,NR,0,0
XX-BSPY,XX-BSPY,Uttar Pradesh,UP,SB-UP,SB-UP-XX-BSPY,NR,0,0
XX-CLDO,XX-CLDO,Uttar Pradesh,UP,SB-UP,SB-UP-XX-CLDO,NR,0,0
XX-CPHO,XX-CPHO,Uttar Pradesh,UP,SB-UP,SB-UP-XX-CPHO,NR,0,0
XX-GTLB,XX-GTLB,Uttar Pradesh,UP,SB-UP,SB-UP-XX-GTLB,NR,0,0
XX-HPTB,XX-HPTB,Uttar Pradesh,UP,SB-UP,SB-UP-XX-HPTB,NR,0,0
XX-JSGB,XX-JSGB,Uttar Pradesh,UP,SB-UP,SB-UP-XX-JSGB,NR,0,0
XX-KJMB,XX-KJMB,Uttar Pradesh,UP,SB-UP,SB-UP-XX-KJMB,NR,0,0
XX-MEJB,XX-MEJB,Uttar Pradesh,UP,SB-UP,SB-UP-XX-MEJB,NR,0,0
XX-SUNB,XX-SUNB,Uttar Pradesh,UP,SB-UP,SB-UP-XX-SUNB,NR,0,0
XX-TNAB,XX-TNAB,Uttar Pradesh,UP,SB-UP,SB-UP-XX-TNAB,NR,0,0
XX-TNGC,XX-TNGC,Uttar Pradesh,UP,SB-UP,SB-UP-XX-TNGC,NR,0,0
Y,YELIYUR,Karnataka,KA,SB-KA,SB-KA-Y,SWR,0,12
YA,Yerraguntla,Andhra Pradesh,AP,SB-AP,SB-AP-YA,IR,1,70
YAD,YEULKHED,Maharashtra,MH,SB-MH,SB-MH-YAD,IR,0,2
YADA,YADA,Uttar Pradesh,UP,SB-UP,SB-UP-YADA,NR,0,0
YADD,YADADRI,Telangana,TS,SB-TS,SB-TS-YADD,IR,0,8
YAG,YAQUTGANJ,Uttar Pradesh,UP,SB-UP,SB-UP-YAG,IR,0,8
YAKUT PUR(YKA,YAKUT PUR(YKA,Uttar Pradesh,UP,SB-UP,SB-UP-YAKUT PUR(YKA,NR,0,0
YAL,YATALURU,Uttar Pradesh,UP,SB-UP,SB-UP-YAL,NR,0,0
YDD,YADUDIH,Jharkhand,JH,SB-JH,SB-JH-YDD,IR,0,4
YDK,Yedakumeri,Karnataka,KA,SB-KA,SB-KA-YDK,SWR,0,0
YDLP,YADALAPUR,Karnataka,KA,SB-KA,SB-KA-YDLP,IR,0,2
YDM,Yedamangala,Karnataka,KA,SB-KA,SB-KA-YDM,SWR,0,6
YDP,Yedapalli,Andhra Pradesh,AP,SB-AP,SB-AP-YDP,SCR,0,0
YDV,Yadvendranagar,Uttar Pradesh,UP,SB-UP,SB-UP-YDV,NER,0,4
YEAM,Yogendra Dham Halt,Uttar Pradesh,UP,SB-UP,SB-UP-YEAM,NER,0,6
YFP,Yusufpur,Uttar Pradesh,UP,SB-UP,SB-UP-YFP,NER,0,23
YG,Yadgir,Karnataka,KA,SB-KA,SB-KA-YG,IR,1,89
YGA,Yerra Goppa Halt,Karnataka,KA,SB-KA,SB-KA-YGA,SWR,0,2
YGD,YERRAGUDIPAD,Andhra Pradesh,AP,SB-AP,SB-AP-YGD,IR,0,2
YGL,YELGUR,Andhra Pradesh,AP,SB-AP,SB-AP-YGL,SCR,0,6
YGM,YADUGRAM BH,Bihar,BR,SB-BR,SB-BR-YGM,IR,0,4
YJUD,YAMUNANAGAR JAGADHARI,Haryana,HR,SB-HR,SB-HR-YJUD,IR,0,83
YKA,YAKUTPURA KACHEGUDA,Telangana,TS,SB-TS,SB-TS-YKA,IR,0,55
YL,Yeola,Maharashtra,MH,SB-MH,SB-MH-YL,IR,0,5
YLBA,YELBURGA,Karnataka,KA,SB-KA,SB-KA-YLBA,IR,0,2
YLG,YALVIGI,Karnataka,KA,SB-KA,SB-KA-YLG,SWR,0,16
YLK,YELLAKARU,Andhra Pradesh,AP,SB-AP,SB-AP-YLK,IR,0,4
YLM,Elamanchili,Andhra Pradesh,AP,SB-AP,SB-AP-YLM,IR,0,56
YNA,YENOR,Uttar Pradesh,UP,SB-UP,SB-UP-YNA,NR,0,0
YNG,YENUGONDA,Telangana,TS,SB-TS,SB-TS-YNG,IR,0,9
YNK,Yelahanka Junction,Karnataka,KA,SB-KA,SB-KA-YNK,IR,0,93
YNRK,YOG NAGARI RISHIKESH,Uttarakhand,UK,SB-UK,SB-UK-YNRK,IR,0,28
YP,ERRUPALEM,Andhra Pradesh,AP,SB-AP,SB-AP-YP,SCR,0,10
YPD,YERPEDU,Andhra Pradesh,AP,SB-AP,SB-AP-YPD,IR,0,3
YPR,Yesvantpur Junction,Karnataka,KA,SB-KA,SB-KA-YPR,IR,0,188
YS,YERMARAS,Uttar Pradesh,UP,SB-UP,SB-UP-YS,NR,0,0
YSI,YEDESHI,Maharashtra,MH,SB-MH,SB-MH-YSI,CR,0,6
YSPM,YASANTAPUR,Uttar Pradesh,UP,SB-UP,SB-UP-YSPM,NR,0,0
YT,YEVAT,Maharashtra,MH,SB-MH,SB-MH-YT,IR,0,12
YTL,Yavatmal Terminus,Maharashtra,MH,SB-MH,SB-MH-YTL,CR,0,0
YVP,YAWARPURA,Gujarat,GJ,SB-GJ,SB-GJ-YVP,IR,0,16
YY,YEDIYURU,Karnataka,KA,SB-KA,SB-KA-YY,IR,0,14
YY-BINP,YY-BINP,Uttar Pradesh,UP,SB-UP,SB-UP-YY-BINP,NR,0,0
YY-BJUC,YY-BJUC,Uttar Pradesh,UP,SB-UP,SB-UP-YY-BJUC,NR,0,0
YY-BPLC,YY-BPLC,Uttar Pradesh,UP,SB-UP,SB-UP-YY-BPLC,NR,0,0
YY-DKJC,YY-DKJC,Uttar Pradesh,UP,SB-UP,SB-UP-YY-DKJC,NR,0,0
YY-IDHW,YY-IDHW,Uttar Pradesh,UP,SB-UP,SB-UP-YY-IDHW,NR,0,0
YY-MLYB,YY-MLYB,Uttar Pradesh,UP,SB-UP,SB-UP-YY-MLYB,NR,0,0
YY-MMRX,YY-MMRX,Uttar Pradesh,UP,SB-UP,SB-UP-YY-MMRX,NR,0,0
YY-WADB,YY-WADB,Uttar Pradesh,UP,SB-UP,SB-UP-YY-WADB,NR,0,0
ZARP,ZARAP,Maharashtra,MH,SB-MH,SB-MH-ZARP,KR,0,13
ZB,Zahirabad,Andhra Pradesh,AP,SB-AP,SB-AP-ZB,SCR,0,28
ZBD,Zafarabad Junction,Uttar Pradesh,UP,SB-UP,SB-UP-ZBD,IR,0,26
ZKV,Zankhvav,Gujarat,GJ,SB-GJ,SB-GJ-ZKV,WR,0,0
ZN,Jangaon,Telangana,TS,SB-TS,SB-TS-ZN,IR,0,44
ZNA,Zamania,Uttar Pradesh,UP,SB-UP,SB-UP-ZNA,IR,0,34
ZNP,Zindpura,Uttar Pradesh,UP,SB-UP,SB-UP-ZNP,NER,0,8
ZP,Zarpur Pali,Haryana,HR,SB-HR,SB-HR-ZP,NWR,0,12
ZPI,Zampini,Andhra Pradesh,AP,SB-AP,SB-AP-ZPI,SCR,0,8
ZPL,ZANGALAPALLE,Andhra Pradesh,AP,SB-AP,SB-AP-ZPL,IR,0,8
ZPR,Zorawar Pura Halt,Rajasthan,RJ,SB-RJ,SB-RJ-ZPR,IR,0,6
ZRDE,JIRADEI,Bihar,BR,SB-BR,SB-BR-ZRDE,IR,0,14
ZW,Zawar,Rajasthan,RJ,SB-RJ,SB-RJ-ZW,NWR,0,18
