train_no,train_name,source_station,destination_station,train_type,treta_route_number,total_treta_zones
00111,BIRD-SGTY RAPID CARGO,BHIVANDI ROAD,SANKRAIL GOODS TERMINAL,PARCEL EXPRESS,TRETA-BHIV-SANK-Z01-00111,1
00112,SGTY-AJNI RAPID PARCEL,SANKRAIL GOODS TERMINAL,AJNI,PARCEL EXPRESS,TRETA-SANK-AJNI-Z02-00112,2
00113,BIRD-MIRZA JPP-RCS SPL,BHIVANDI ROAD,MIRZA,PARCEL EXPRESS,TRETA-BHIV-MIRZ-Z02-00113,2
00114,MIRZA-NGSM JPP-RCS SPL,MIRZA,MULUND,PARCEL EXPRESS,TRETA-MIRZ-MULU-Z02-00114,2
00131,DMO-AGT BHGV SPL Valid From : 07-Sep-2026,DAMOH,AGTHORI,TOURIST TRAIN,TRETA-DAMO-AGTH-Z03-00131,3
00132,AGT-DMO BHGV SPL Valid From : 10-Sep-2026,AGTHORI,DAMOH,TOURIST TRAIN,TRETA-AGTH-DAMO-Z03-00132,3
00170,DR-SWV FTR SPL,DADAR,DADAR,TOURIST TRAIN,TRETA-DADA-DADA-Z04-00170,4
00171,DR-SWV FTR SPL,DADAR,DADAR,TOURIST TRAIN,TRETA-DADA-DADA-Z04-00171,4
00172,DR-KUDL FTR SPL,DADAR,DADAR,TOURIST TRAIN,TRETA-DADA-DADA-Z02-00172,2
00173,CSMT-SWV FTR SPL,C SHIVAJI MAH T,C SHIVAJI MAH T,TOURIST TRAIN,TRETA-C_SH-C_SH-Z12-00173,12
00174,CSMT-SWV FTR SPL Valid From : 12-Sep-2026,C SHIVAJI MAH T,C SHIVAJI MAH T,TOURIST TRAIN,TRETA-C_SH-C_SH-Z10-00174,10
00290,PALACE ON WHEEL,DELHI SAFDARJUNG,DELHI SAFDARJUNG,TOURIST TRAIN,TRETA-DELH-DELH-Z09-00290,9
00392,BHARAT GAURAV Valid From : 06-Sep-2026,MANMAD JN,BETTIAH,TOURIST TRAIN,TRETA-MANM-BETT-Z17-00392,17
00412,DSJ-DSJ BHGV SPL,MANDAPAM,DWARKA,TOURIST TRAIN,TRETA-MAND-DWAR-Z04-00412,4
00441,CP-PTNR VP SPL,CHITPUR,PATELNAGAR,PARCEL EXPRESS,TRETA-CHIT-PATE-Z01-00441,1
00442,PTNR-CP VP SPL,PATELNAGAR,CHITPUR,PARCEL EXPRESS,TRETA-PATE-CHIT-Z01-00442,1
00461,ANDI-BDGM SPL,ADARSH NAGAR DELHI,BADGAM,PARCEL EXPRESS,TRETA-ADAR-BADG-Z04-00461,4
00462,BDGM-ANDI PEXP SPL,BADGAM,ADARSH NAGAR DELHI,PARCEL EXPRESS,TRETA-BADG-ADAR-Z03-00462,3
00629,YPR-ICOD TKD  PCET,YESVANTPUR JN.,TUGLAKABAD,PARCEL EXPRESS,TRETA-YESV-TUGL-Z02-00629,2
00630,ICOD TKD -YPR PCET,TUGLAKABAD,YESVANTPUR JN.,PARCEL EXPRESS,TRETA-TUGL-YESV-Z02-00630,2
00761,RU-NZM,RENIGUNTA JN,HAZRAT NIZAMUDDIN JN,PARCEL EXPRESS,TRETA-RENI-HAZR-Z06-00761,6
00762,NZM-RU,HAZRAT NIZAMUDDIN JN,RENIGUNTA JN,PARCEL EXPRESS,TRETA-HAZR-RENI-Z05-00762,5
00763,RU-NCTP,RENIGUNTA JN,,PARCEL EXPRESS,TRETA-RENI-NAN-Z11-00763,11
00764,NCTP-RU,,RENIGUNTA JN,PARCEL EXPRESS,TRETA-NAN-RENI-Z11-00764,11
00901,ST-NRPA PARCEL SPL,SURAT,NARAYNPUR ANANT,PARCEL EXPRESS,TRETA-SURA-NARA-Z06-00901,6
00902,NRPA-ST PARCEL SPL,NARAYNPUR ANANT,SURAT,PARCEL EXPRESS,TRETA-NARA-SURA-Z05-00902,5
00907,KKF-SGTY RAPID CARGO,KANKARIA,SANKRAIL GOODS TERMINAL,PARCEL EXPRESS,TRETA-KANK-SANK-Z05-00907,5
00908,SGTY -KKF PARCEL TRAIN,SANKRAIL GOODS TERMINAL,KANKARIA,PARCEL EXPRESS,TRETA-SANK-KANK-Z05-00908,5
00909,DFCR JPPRCS,NEW DADRI JN.,NEW ANCHELI,PARCEL EXPRESS,TRETA-NEW_-NEW_-Z02-00909,2
00910,DFCR JPPRCS,NEW ANCHELI,NEW DADRI JN.,PARCEL EXPRESS,TRETA-NEW_-NEW_-Z02-00910,2
00961,VALLEY QUEEN SPL,MARWAR JN,KHAMBLI GHAT,TOURIST TRAIN,TRETA-MARW-KHAM-Z02-00961,2
00962,VALLEY QUEEN SPL,KHAMBLI GHAT,MARWAR JN,TOURIST TRAIN,TRETA-KHAM-MARW-Z02-00962,2
00965,SJWB-HW-BSB-SJWB Valid From : 03-Sep-2026,SUMERPUR JAWAI BANDH,SUMERPUR JAWAI BANDH,TOURIST TRAIN,TRETA-SUME-SUME-Z08-00965,8
00976,TOURIST SPL Valid From : 10-Sep-2026,DURGAPURA,KANNIYAKUMARI,TOURIST TRAIN,TRETA-DURG-KANN-Z11-00976,11
01001,CSMT-SWV INAUGERAL SPL,C SHIVAJI MAH T,SAWANTWADI ROAD,INAUGURAL SPECIAL,TRETA-C_SH-SAWA-Z22-01001,22
01002,SWV SUR SPECIAL,SAWANTWADI ROAD,SOLAPUR JN,TRAIN ON DEMAND,TRETA-SAWA-SOLA-Z20-01002,20
01003,LTT-MAO GANPATI SPECIAL Valid From : 14-Sep-2026,LOKMANYATILAK,MADGAON JN,TRAIN ON DEMAND,TRETA-LOKM-MADG-Z23-01003,23
01004,MAO-LTT GANPATI SPECIAL Valid From : 13-Sep-2026,MADGAON JN,LOKMANYATILAK,TRAIN ON DEMAND,TRETA-MADG-LOKM-Z22-01004,22
01007,CSMT-MAO SPL Valid From : 11-Sep-2026,C SHIVAJI MAH T,MADGAON JUNCTION,TRAIN ON DEMAND,TRETA-C_SH-MADG-Z25-01007,25
01008,MAO-CSMT SPL Valid From : 11-Sep-2026,MADGAON JUNCTION,C SHIVAJI MAH T,TRAIN ON DEMAND,TRETA-MADG-C_SH-Z25-01008,25
01023,PUNE KOP SPECIAL,PUNE JN,KOLHAPUR,TRAIN ON DEMAND,TRETA-PUNE-KOLH-Z21-01023,21
01024,KOP PUNE SPECIAL,KOLHAPUR,PUNE JN,TRAIN ON DEMAND,TRETA-KOLH-PUNE-Z21-01024,21
01053,DVL-DNR SPL,DEVLALI,DANAPUR,TRAIN ON DEMAND,TRETA-DEVL-DANA-Z18-01053,18
01054,DNR-MMR SPL,DANAPUR,MANMAD JN,TRAIN ON DEMAND,TRETA-DANA-MANM-Z13-01054,13
01103,CSMT-SWV SPL Valid From : 11-Sep-2026,C SHIVAJI MAH T,SAWANTWADI ROAD,TRAIN ON DEMAND,TRETA-C_SH-SAWA-Z26-01103,26
01104,SWV-CSMT SPL Valid From : 12-Sep-2026,SAWANTWADI ROAD,C SHIVAJI MAH T,TRAIN ON DEMAND,TRETA-SAWA-C_SH-Z26-01104,26
01129,LTT-SWV SPL Valid From : 15-Sep-2026,LOKMANYATILAK,SAWANTWADI ROAD,TRAIN ON DEMAND,TRETA-LOKM-SAWA-Z20-01129,20
01130,SWV-LTT SPL Valid From : 15-Sep-2026,SAWANTWADI ROAD,LOKMANYATILAK,TRAIN ON DEMAND,TRETA-SAWA-LOKM-Z21-01130,21
01131,LTT-SWV SPL Valid From : 17-Sep-2026,LOKMANYATILAK,SAWANTWADI ROAD,TRAIN ON DEMAND,TRETA-LOKM-SAWA-Z21-01131,21
01132,SWV-LTT SPL Valid From : 17-Sep-2026,SAWANTWADI ROAD,LOKMANYATILAK,TRAIN ON DEMAND,TRETA-SAWA-LOKM-Z21-01132,21
01133,DIVA-CHI SPL Valid From : 11-Sep-2026,DIVA,CHIPLUN,TRAIN ON DEMAND,TRETA-DIVA-CHIP-Z27-01133,27
01134,CHI-DIVA SPL Valid From : 12-Sep-2026,CHIPLUN,DIVA,TRAIN ON DEMAND,TRETA-CHIP-DIVA-Z27-01134,27
01139,NGP-MAO GANPATI SPECIAL Valid From : 09-Sep-2026,NAGPUR JN.,MADGAON JUNCTION,TRAIN ON DEMAND,TRETA-NAGP-MADG-Z25-01139,25
01140,MAO NGP SPL Valid From : 08-Sep-2026,MADGAON JUNCTION,NAGPUR JN.,TRAIN ON DEMAND,TRETA-MADG-NAGP-Z25-01140,25
01149,BIRD-SGTY JPP-RCS,BHIVANDI ROAD,SANKRAIL GOODS TERMINAL,TRAIN ON DEMAND,TRETA-BHIV-SANK-Z19-01149,19
01150,SGTY-TNA JPP RCS,SANTRAGACHI JN,THANE,TRAIN ON DEMAND,TRETA-SANT-THAN-Z19-01150,19
01151,CSMT-SWV SPL Valid From : 11-Sep-2026,C SHIVAJI MAH T,SAWANTWADI ROAD,TRAIN ON DEMAND,TRETA-C_SH-SAWA-Z23-01151,23
01152,SWV-CSMT SPL Valid From : 11-Sep-2026,SAWANTWADI ROAD,C SHIVAJI MAH T,TRAIN ON DEMAND,TRETA-SAWA-C_SH-Z23-01152,23
01153,CSMT-RN GANPATI SPL Valid From : 11-Sep-2026,C SHIVAJI MAH T,RATNAGIRI,TRAIN ON DEMAND,TRETA-C_SH-RATN-Z16-01153,16
01154,RN-CSMT GANPATI SPL Valid From : 12-Sep-2026,RATNAGIRI,C SHIVAJI MAH T,TRAIN ON DEMAND,TRETA-RATN-C_SH-Z16-01154,16
01155,DIVA-KHED GANAPATI SPL Valid From : 11-Sep-2026,DIVA,KHED,TRAIN ON DEMAND,TRETA-DIVA-KHED-Z25-01155,25
01156,KHED-DIVA GANAPATI SPL Valid From : 11-Sep-2026,KHED,DIVA,TRAIN ON DEMAND,TRETA-KHED-DIVA-Z25-01156,25
01159,PNVL-CHI MEMU GANPATI SPL Valid From : 10-Sep-2026,PANVEL,CHIPLUN,MEMU,TRETA-PANV-CHIP-Z15-01159,15
01160,CHI-PNVL MEMU GANPATI SPL Valid From : 10-Sep-2026,CHIPLUN,PANVEL,MEMU,TRETA-CHIP-PANV-Z15-01160,15
01161,LTT VLNK SPL Valid From : 07-Sep-2026,LOKMANYATILAK,VELLANKANNI,TRAIN ON DEMAND,TRETA-LOKM-VELL-Z25-01161,25
01162,VLNK-LTT SPL Valid From : 09-Sep-2026,VELLANKANNI,LOKMANYATILAK,TRAIN ON DEMAND,TRETA-VELL-LOKM-Z25-01162,25
01165,LTT-MAO SPL Valid From : 15-Sep-2026,LOKMANYATILAK,MADGAON JUNCTION,TRAIN ON DEMAND,TRETA-LOKM-MADG-Z21-01165,21
01166,MAO-LTT SPL Valid From : 15-Sep-2026,MADGAON JUNCTION,LOKMANYATILAK,TRAIN ON DEMAND,TRETA-MADG-LOKM-Z21-01166,21
01167,LTT-RN SPL Valid From : 12-Sep-2026,LOKMANYATILAK,RATNAGIRI,TRAIN ON DEMAND,TRETA-LOKM-RATN-Z12-01167,12
01168,RN-LTT SPL Valid From : 13-Sep-2026,RATNAGIRI,LOKMANYATILAK,TRAIN ON DEMAND,TRETA-RATN-LOKM-Z12-01168,12
01171,LTT-SWV SPL Valid From : 11-Sep-2026,LOKMANYATILAK,SAWANTWADI ROAD,TRAIN ON DEMAND,TRETA-LOKM-SAWA-Z22-01171,22
01172,SWV-LTT SPL Valid From : 11-Sep-2026,SAWANTWADI ROAD,LOKMANYATILAK,TRAIN ON DEMAND,TRETA-SAWA-LOKM-Z22-01172,22
01185,LTT-MAO SPL Valid From : 16-Sep-2026,LOKMANYATILAK,MADGAON JUNCTION,TRAIN ON DEMAND,TRETA-LOKM-MADG-Z21-01185,21
01186,MAO-LTT SPL Valid From : 16-Sep-2026,MADGAON JUNCTION,LOKMANYATILAK,TRAIN ON DEMAND,TRETA-MADG-LOKM-Z21-01186,21
01445,PUNE-RN GANPATI SPL Valid From : 15-Sep-2026,PUNE JN,RATNAGIRI,TRAIN ON DEMAND,TRETA-PUNE-RATN-Z16-01445,16
01446,RN-PUNE SPL Valid From : 15-Sep-2026,RATNAGIRI,PUNE JN,TRAIN ON DEMAND,TRETA-RATN-PUNE-Z16-01446,16
01447,PUNE-RN SPL Valid From : 12-Sep-2026,PUNE JN,RATNAGIRI,TRAIN ON DEMAND,TRETA-PUNE-RATN-Z16-01447,16
01448,RN-PUNE SPL Valid From : 12-Sep-2026,RATNAGIRI,PUNE JN,TRAIN ON DEMAND,TRETA-RATN-PUNE-Z16-01448,16
01449,PUNE DNR SPECIAL,PUNE JN,DANAPUR,TRAIN ON DEMAND,TRETA-PUNE-DANA-Z16-01449,16
01450,DNR PUNE SPL,DANAPUR,PUNE JN,TRAIN ON DEMAND,TRETA-DANA-PUNE-Z16-01450,16
01661,RKMP-GAYA PITRAPAKASH SPL Valid From : 27-Sep-2026,RANI KAMALAPATI,GAYA JN,TRAIN ON DEMAND,TRETA-RANI-GAYA-Z18-01661,18
01662,GAYA-RKMP PITRAPAKSH SPL Valid From : 30-Sep-2026,GAYA JN,RANI KAMALAPATI,TRAIN ON DEMAND,TRETA-GAYA-RANI-Z18-01662,18
01665,RKMP AGTL SPL,RANI KAMALAPATI,AGARTALA,TRAIN ON DEMAND,TRETA-RANI-AGAR-Z39-01665,39
01666,AGTL RKMP SPL,AGARTALA,RANI KAMALAPATI,TRAIN ON DEMAND,TRETA-AGAR-RANI-Z39-01666,39
01701,JBP-GAYA PITRAPAKSHA SPL Valid From : 29-Sep-2026,JABALPUR,GAYA JN,TRAIN ON DEMAND,TRETA-JABA-GAYA-Z13-01701,13
01702,GAYA-JBP PITRAPAKSH SPL Valid From : 28-Sep-2026,GAYA JN,JABALPUR,TRAIN ON DEMAND,TRETA-GAYA-JABA-Z13-01702,13
01705,JBP AY SUMR SPL,JABALPUR,AYODHYA DHAM JN,TRAIN ON DEMAND,TRETA-JABA-AYOD-Z11-01705,11
01706,AY JBP SUMMR SPL,AYODHYA DHAM JN,JABALPUR,TRAIN ON DEMAND,TRETA-AYOD-JABA-Z11-01706,11
01825,VGLJ-MTJ MELA SPL,VIRANGANA LAKSHMIBAI JHANSI JN,MATHURA JN.,TRAIN ON DEMAND,TRETA-VIRA-MATH-Z07-01825,7
01826,MTJ-VGLJ MELA SPL,MATHURA JN.,VIRANGANA LAKSHMIBAI JHANSI JN,TRAIN ON DEMAND,TRETA-MATH-VIRA-Z07-01826,7
01827,VGLJ-MTJ MELA SPL,VIRANGANA LAKSHMIBAI JHANSI JN,MATHURA JN.,TRAIN ON DEMAND,TRETA-VIRA-MATH-Z07-01827,7
01828,MTJ-VGLJ MELA SPL,MATHURA JN.,VIRANGANA LAKSHMIBAI JHANSI JN,TRAIN ON DEMAND,TRETA-MATH-VIRA-Z07-01828,7
01905,CNB ASV SPL,KANPUR CENTRAL,ASARVA JN,TRAIN ON DEMAND,TRETA-KANP-ASAR-Z22-01905,22
01906,ASV CNB SPL Valid From : 08-Sep-2026,ASARVA JN,KANPUR CENTRAL,TRAIN ON DEMAND,TRETA-ASAR-KANP-Z22-01906,22
01907,AGC UDN H SPL,AGRA CANTT JN,UDHNA JN,TRAIN ON DEMAND,TRETA-AGRA-UDHN-Z08-01907,8
01908,UDN AGC SPL,UDHNA JN,AGRA CANTT JN,TRAIN ON DEMAND,TRETA-UDHN-AGRA-Z08-01908,8
01909,ASV AGC SPL,ASARVA JN,AGRA CANTT JN,TRAIN ON DEMAND,TRETA-ASAR-AGRA-Z17-01909,17
01910,AGC ASV  SPL,AGRA CANTT JN,ASARVA JN,TRAIN ON DEMAND,TRETA-AGRA-ASAR-Z17-01910,17
01911,AGC KOAA SPL,AGRA CANTT JN,KOLKATTA TERMINAL,TRAIN ON DEMAND,TRETA-AGRA-KOLK-Z19-01911,19
01912,KOAA AGC SPL,KOLKATTA TERMINAL,AGRA CANTT JN,TRAIN ON DEMAND,TRETA-KOLK-AGRA-Z19-01912,19
01921,HDP VGLJ SF SPL,HADAPSAR,VIRANGANA LAKSHMIBAI JHANSI JN,TRAIN ON DEMAND,TRETA-HADA-VIRA-Z13-01921,13
01922,VGLJ HDP EXP,VIRANGANA LAKSHMIBAI JHANSI JN,HADAPSAR,TRAIN ON DEMAND,TRETA-VIRA-HADA-Z13-01922,13
01923,HDP VGLJ SF SPL,HADAPSAR,VIRANGANA LAKSHMIBAI JHANSI JN,TRAIN ON DEMAND,TRETA-HADA-VIRA-Z09-01923,9
01924,VGLJ HDP SF SPL,VIRANGANA LAKSHMIBAI JHANSI JN,HADAPSAR,TRAIN ON DEMAND,TRETA-VIRA-HADA-Z09-01924,9
01925,CNB MDU SPECIAL,KANPUR CENTRAL,MADURAI JN,TRAIN ON DEMAND,TRETA-KANP-MADU-Z27-01925,27
01926,MDU CNB SPECIAL,MADURAI JN,KANPUR CENTRAL,TRAIN ON DEMAND,TRETA-MADU-KANP-Z27-01926,27
01929,VGLJ KUR SPL,VIRANGANA LAKSHMIBAI JHANSI JN,KHURDA ROAD JN,TRAIN ON DEMAND,TRETA-VIRA-KHUR-Z34-01929,34
01930,KUR VGLJ SPL,KHURDA ROAD JN,VIRANGANA LAKSHMIBAI JHANSI JN,TRAIN ON DEMAND,TRETA-KHUR-VIRA-Z34-01930,34
01941,AGC-PWL UNRESERVED SPL,AGRA CANTT JN,PALWAL,TRAIN ON DEMAND,TRETA-AGRA-PALW-Z07-01941,7
01942,PWL-AGC UNRESERVED SPL,PALWAL,AGRA CANTT JN,TRAIN ON DEMAND,TRETA-PALW-AGRA-Z07-01942,7
01943,AGC-RDE UNRESERVED SPL Valid From : 08-Sep-2026,AGRA CANTT JN,RUNDHI,TRAIN ON DEMAND,TRETA-AGRA-RUND-Z07-01943,7
01944,RDE-AGC UNRESERVED SPL,RUNDHI,AGRA CANTT JN,TRAIN ON DEMAND,TRETA-RUND-AGRA-Z07-01944,7
02023,HWH PNBE SPL,HOWRAH JN,PATNA JN,TRAIN ON DEMAND,TRETA-HOWR-PATN-Z15-02023,15
02024,PNBE HWH SF SPL,PATNA JN,HOWRAH JN,TRAIN ON DEMAND,TRETA-PATN-HOWR-Z15-02024,15
02197,CBE JBP SF SPL,COIMBATORE JN,JABALPUR,TRAIN ON DEMAND,TRETA-COIM-JABA-Z32-02197,32
02198,JBP CBE SPECIAL,JABALPUR,COIMBATORE JN,TRAIN ON DEMAND,TRETA-JABA-COIM-Z32-02198,32
02199,VGLJ BDTS SF SPL,VIRANGANA LAKSHMIBAI JHANSI JN,BANDRA TERMINUS,TRAIN ON DEMAND,TRETA-VIRA-BAND-Z20-02199,20
02200,BDTS VGLJ SPL,BANDRA TERMINUS,VIRANGANA LAKSHMIBAI JHANSI JN,TRAIN ON DEMAND,TRETA-BAND-VIRA-Z20-02200,20
02397,GAYA ANVT SPL,GAYA JN,ANAND VIHAR TERMINAL,TRAIN ON DEMAND,TRETA-GAYA-ANAN-Z09-02397,9
02398,ANVT GAYA SPL,ANAND VIHAR TERMINAL,GAYA JN,TRAIN ON DEMAND,TRETA-ANAN-GAYA-Z09-02398,9
02415,SFG NDLS SF SPL,SUBEDARGANJ,NEW DELHI,TRAIN ON DEMAND,TRETA-SUBE-NEW_-Z07-02415,7
02416,NDLS SFG SF SPL,NEW DELHI,SUBEDARGANJ,TRAIN ON DEMAND,TRETA-NEW_-SUBE-Z07-02416,7
02417,PRYJ DER SPL,PRAYAGRAJ JN,DADRI,TRAIN ON DEMAND,TRETA-PRAY-DADR-Z13-02417,13
02418,DER PRYJ SPL,DADRI,PRAYAGRAJ JN,TRAIN ON DEMAND,TRETA-DADR-PRAY-Z13-02418,13
02455,CNB NDLS SF SPL Valid From : 07-Sep-2026,KANPUR CENTRAL,NEW DELHI,TRAIN ON DEMAND,TRETA-KANP-NEW_-Z03-02455,3
02456,NDLS CNB SF SPL Valid From : 07-Sep-2026,NEW DELHI,KANPUR CENTRAL,TRAIN ON DEMAND,TRETA-NEW_-KANP-Z03-02456,3
02457,CNB-ANVT SPL Valid From : 08-Sep-2026,KANPUR CENTRAL,ANAND VIHAR TERMINAL,TRAIN ON DEMAND,TRETA-KANP-ANAN-Z03-02457,3
02458,ANVT CNB SF SPL Valid From : 08-Sep-2026,ANAND VIHAR TERMINAL,KANPUR CENTRAL,TRAIN ON DEMAND,TRETA-ANAN-KANP-Z03-02458,3
02533,LJN CSMT SF SPL,LUCKNOW LJN,C SHIVAJI MAH T,TRAIN ON DEMAND,TRETA-LUCK-C_SH-Z16-02533,16
02540,DJ KGN SLIP TRN,DARJEELING,KURSEONG,PASSENGER,TRETA-DARJ-KURS-Z04-02540,4
02541,KGN DJ SLIP TRN,KURSEONG,DARJEELING,PASSENGER,TRETA-KURS-DARJ-Z04-02541,4
02542,RED PANDA STEAM SPECIAL Valid From : 01-Oct-2026,KURSEONG,KURSEONG,PASSENGER,TRETA-KURS-KURS-Z02-02542,2
02543,MUKTADHARA SPECIAL Valid From : 01-Oct-2026,KURSEONG,KURSEONG,PASSENGER,TRETA-KURS-KURS-Z02-02543,2
02545,DJ-GHUM JOYRIDE SPECIAL,DARJEELING,,PASSENGER,TRETA-DARJ-NAN-Z01-02545,1
02546,GHUM-DJ JOYRIDE SPECIAL Valid From : 01-Oct-2026,,DARJEELING,PASSENGER,TRETA-NAN-DARJ-Z01-02546,1
02547,DJ-GHUM JOYRIDE SPECIAL Valid From : 01-Oct-2026,DARJEELING,,PASSENGER,TRETA-DARJ-NAN-Z01-02547,1
02548,GHUM-DJ JOYRIDE SPECIAL Valid From : 01-Oct-2026,,DARJEELING,PASSENGER,TRETA-NAN-DARJ-Z01-02548,1
02549,DJ-GHUM-DJ JOYRIDE SPL Valid From : 01-Oct-2026,DARJEELING,DARJEELING,PASSENGER,TRETA-DARJ-DARJ-Z02-02549,2
02550,DJ-GHUM-DJ JOYRIDE SPL Valid From : 01-Oct-2026,DARJEELING,DARJEELING,PASSENGER,TRETA-DARJ-DARJ-Z02-02550,2
02563,BJU NDLS SPL,BARAUNI JN,NEW DELHI,TRAIN ON DEMAND,TRETA-BARA-NEW_-Z09-02563,9
02564,NDLS BJU SPL Valid From : 05-Sep-2026,NEW DELHI,BARAUNI JN,TRAIN ON DEMAND,TRETA-NEW_-BARA-Z09-02564,9
02569,DBG NDLS SPL Valid From : 04-Sep-2026,DARBHANGA JN,NEW DELHI,TRAIN ON DEMAND,TRETA-DARB-NEW_-Z10-02569,10
02570,NDLS DBG SF SPL Valid From : 05-Sep-2026,NEW DELHI,DARBHANGA JN,TRAIN ON DEMAND,TRETA-NEW_-DARB-Z10-02570,10
02811,YPR SUMMER SPL,BHUBANESWAR,YESVANTPUR JN.,TRAIN ON DEMAND,TRETA-BHUB-YESV-Z21-02811,21
02812,YPR BBS SPL,YESVANTPUR JN.,BHUBANESWAR,TRAIN ON DEMAND,TRETA-YESV-BHUB-Z21-02812,21
02877,RNC ANVT SPL,RANCHI,ANAND VIHAR TERMINAL,TRAIN ON DEMAND,TRETA-RANC-ANAN-Z19-02877,19
02878,ANVT RNC SPL,ANAND VIHAR TERMINAL,RANCHI,TRAIN ON DEMAND,TRETA-ANAN-RANC-Z19-02878,19
02921,SGAC-MTJ UNRESERVED SF SP Valid From : 09-Sep-2026,SOGARIYA,MATHURA JN,TRAIN ON DEMAND,TRETA-SOGA-MATH-Z08-02921,8
02922,MTJ-SGAC UNRESERVED SPL,MATHURA JN,SOGARIYA,TRAIN ON DEMAND,TRETA-MATH-SOGA-Z08-02922,8
03001,HWH NES SPL,HOWRAH JN,NATESAR,TRAIN ON DEMAND,TRETA-HOWR-NATE-Z16-03001,16
03002,NES HWH SPL,NATESAR,HOWRAH JN,TRAIN ON DEMAND,TRETA-NATE-HOWR-Z16-03002,16
03029,HWH NES SPL,HOWRAH JN,NATESAR,TRAIN ON DEMAND,TRETA-HOWR-NATE-Z22-03029,22
03030,NES HWH SPL,NATESAR,HOWRAH JN,TRAIN ON DEMAND,TRETA-NATE-HOWR-Z22-03030,22
03147,BT HNB EMU SPL,BARASAT,HASANABAD,TRAIN ON DEMAND,TRETA-BARA-HASA-Z19-03147,19
03148,HNB-BT EMU SPL,HASANABAD,BARASAT,TRAIN ON DEMAND,TRETA-HASA-BARA-Z19-03148,19
03149,BT HNB EMU SPL,BARASAT,HASANABAD,TRAIN ON DEMAND,TRETA-BARA-HASA-Z19-03149,19
03150,HNB-BT EMU SPL,HASANABAD,BARASAT,TRAIN ON DEMAND,TRETA-HASA-BARA-Z19-03150,19
03215,PRNC PPTA SPL,PURNIA COURT,PATLIPUTRA,TRAIN ON DEMAND,TRETA-PURN-PATL-Z15-03215,15
03216,PPTA PRNC SPL,PATLIPUTRA,PURNIA COURT,TRAIN ON DEMAND,TRETA-PATL-PURN-Z15-03216,15
03229,KUR PNBE SPL,KHURDA ROAD JN,PATNA JN,TRAIN ON DEMAND,TRETA-KHUR-PATN-Z20-03229,20
03230,PNBE KUR SPL,PATNA JN,KHURDA ROAD JN,TRAIN ON DEMAND,TRETA-PATN-KHUR-Z20-03230,20
03252,SMVB DNR SPL,SMVT BENGALURU,DANAPUR,TRAIN ON DEMAND,TRETA-SMVT-DANA-Z21-03252,21
03253,PNBE CHZ SPL,PATNA JN,CHARLAPALLI,TRAIN ON DEMAND,TRETA-PATN-CHAR-Z22-03253,22
03254,CHZ PNBE SPL,CHARLAPALLI,PATNA JN,TRAIN ON DEMAND,TRETA-CHAR-PATN-Z22-03254,22
03255,CHZ PNBE SPL,CHARLAPALLI,PATNA JN,TRAIN ON DEMAND,TRETA-CHAR-PATN-Z22-03255,22
03287,BXR-DDU FAST PASS SPECIAL,BUXAR,PT.DEEN DAYAL UPADHYAYA JN.,TRAIN ON DEMAND,TRETA-BUXA-PT.D-Z06-03287,6
03288,DDU-BXR FAST PASS SPECIAL,PT.DEEN DAYAL UPADHYAYA JN.,BUXAR,TRAIN ON DEMAND,TRETA-PT.D-BUXA-Z06-03288,6
03297,PNBE IPR SPL,PATNA JN,ISLAMPUR,TRAIN ON DEMAND,TRETA-PATN-ISLA-Z07-03297,7
03298,IPR PNBE SPL,ISLAMPUR,PATNA JN,TRAIN ON DEMAND,TRETA-ISLA-PATN-Z07-03298,7
03299,DNR SUR SPL,DANAPUR,SOLAPUR JN,TRAIN ON DEMAND,TRETA-DANA-SOLA-Z15-03299,15
03399,DNR BSL SPL,DANAPUR,BHUSAVAL JN,TRAIN ON DEMAND,TRETA-DANA-BHUS-Z12-03399,12
03407,BGP-KIR SPL,BHAGALPUR,KATIHAR JN,TRAIN ON DEMAND,TRETA-BHAG-KATI-Z14-03407,14
03408,KIR-BGP SPL,KATIHAR JN,BHAGALPUR,TRAIN ON DEMAND,TRETA-KATI-BHAG-Z14-03408,14
03441,DGHR-JMP PGR SPL,DEOGHAR,JAMALPUR JN,TRAIN ON DEMAND,TRETA-DEOG-JAMA-Z38-03441,38
03442,JMP-DGHR PGR SPL,JAMALPUR JN,DEOGHAR,TRAIN ON DEMAND,TRETA-JAMA-DEOG-Z38-03442,38
03443,GODA-DGHR PGR SPL,GODDA,DEOGHAR,TRAIN ON DEMAND,TRETA-GODD-DEOG-Z09-03443,9
03444,DGHR-GODA PGR SPL,DEOGHAR,GODDA,TRAIN ON DEMAND,TRETA-DEOG-GODD-Z09-03444,9
03547,JSME-BAKA PGR SPL,JASIDIH JN.,BANKA,TRAIN ON DEMAND,TRETA-JASI-BANK-Z08-03547,8
03548,BAKA-JSME PGR SPL,BANKA,JASIDIH JN.,TRAIN ON DEMAND,TRETA-BANK-JASI-Z08-03548,8
03575,DGHR-SGG MEMU SPL Valid From : 25-Sep-2026,DEOGHAR,SULTANGANJ,TRAIN ON DEMAND,TRETA-DEOG-SULT-Z28-03575,28
03576,SGG - DGHR MEMU SPL Valid From : 26-Sep-2026,SULTANGANJ,DEOGHAR,TRAIN ON DEMAND,TRETA-SULT-DEOG-Z28-03576,28
03639,DHN SSB SPL,DHANBAD JN,SHAKURBASTI,TRAIN ON DEMAND,TRETA-DHAN-SHAK-Z15-03639,15
03640,SSB DHN SPL,SHAKURBASTI,DHANBAD JN,TRAIN ON DEMAND,TRETA-SHAK-DHAN-Z15-03640,15
04001,DDR-NZM SPL Valid From : 15-Oct-2026,DADAR,HAZRAT NIZAMUDDIN JN,TRAIN ON DEMAND,TRETA-DADA-HAZR-Z10-04001,10
04002,NZM-DDR SPL Valid From : 13-Oct-2026,HAZRAT NIZAMUDDIN JN,DADAR,TRAIN ON DEMAND,TRETA-HAZR-DADA-Z10-04002,10
04007,JBN-ANVT SPL Valid From : 11-Oct-2026,JOGBANI,ANAND VIHAR TERMINAL,TRAIN ON DEMAND,TRETA-JOGB-ANAN-Z23-04007,23
04008,ANVT-JBN SPECIAL Valid From : 10-Oct-2026,ANAND VIHAR TERMINAL,JOGBANI,TRAIN ON DEMAND,TRETA-ANAN-JOGB-Z23-04008,23
04009,SMI-DLI SPL Valid From : 17-Oct-2026,SITAMARHI JN,DELHI JN,TRAIN ON DEMAND,TRETA-SITA-DELH-Z13-04009,13
04010,DLI-SMI SPL Valid From : 15-Oct-2026,DELHI JN.,SITAMARHI JN,TRAIN ON DEMAND,TRETA-DELH-SITA-Z13-04010,13
04013,LKQ ANVT SPL,LAUKAHA BAZAR,ANAND VIHAR TERMINAL,TRAIN ON DEMAND,TRETA-LAUK-ANAN-Z20-04013,20
04014,LKQ SUMMER SPL,ANAND VIHAR TERMINAL,LAUKAHA BAZAR,TRAIN ON DEMAND,TRETA-ANAN-LAUK-Z20-04014,20
04027,MFP-ANVT SPL Valid From : 14-Oct-2026,MUZAFFARPUR JN,ANAND VIHAR TERMINAL,TRAIN ON DEMAND,TRETA-MUZA-ANAN-Z12-04027,12
04028,ANVT-MFP SPL Valid From : 13-Oct-2026,ANAND VIHAR TERMINAL,MUZAFFARPUR JN,TRAIN ON DEMAND,TRETA-ANAN-MUZA-Z12-04028,12
04071,SOU NDLS SPL,SUPAUL JUNCTION,NEW DELHI,TRAIN ON DEMAND,TRETA-SUPA-NEW_-Z22-04071,22
04072,SOU SUMMER SPL,NEW DELHI,SUPAUL JUNCTION,TRAIN ON DEMAND,TRETA-NEW_-SUPA-Z22-04072,22
04089,DNR NDLS SUP SPL Valid From : 05-Sep-2026,DANAPUR,NEW DELHI,TRAIN ON DEMAND,TRETA-DANA-NEW_-Z10-04089,10
04090,NDLS DNR SPL Valid From : 04-Sep-2026,NEW DELHI,DANAPUR,TRAIN ON DEMAND,TRETA-NEW_-DANA-Z10-04090,10
04095,PPTA-ANVT SPL Valid From : 02-Oct-2026,PATLIPUTRA,ANAND VIHAR TERMINAL,TRAIN ON DEMAND,TRETA-PATL-ANAN-Z12-04095,12
04096,ANVT-PPTA SPL Valid From : 01-Oct-2026,ANAND VIHAR TERMINAL,PATLIPUTRA,TRAIN ON DEMAND,TRETA-ANAN-PATL-Z12-04096,12
04105,PRYJ UDN SPL,PRAYAGRAJ JN,UDHNA JN,TRAIN ON DEMAND,TRETA-PRAY-UDHN-Z14-04105,14
04106,UDN PRYJ SPL,UDHNA JN,PRAYAGRAJ JN,TRAIN ON DEMAND,TRETA-UDHN-PRAY-Z14-04106,14
04111,PRYJ GG SPL,PRAYAGRAJ JN,GANDHIGRAM,TRAIN ON DEMAND,TRETA-PRAY-GAND-Z20-04111,20
04112,GG PRYJ SPL EXP,GANDHIGRAM,PRAYAGRAJ JN,TRAIN ON DEMAND,TRETA-GAND-PRAY-Z20-04112,20
04113,PRYJ UBL SPL,PRAYAGRAJ JN,SSS HUBBALLI JN,TRAIN ON DEMAND,TRETA-PRAY-SSS_-Z29-04113,29
04114,UBL PRYJ SPL,SSS HUBBALLI JN,PRAYAGRAJ JN,TRAIN ON DEMAND,TRETA-SSS_-PRAY-Z29-04114,29
04119,SFG BL SPL,SUBEDARGANJ,VALSAD,TRAIN ON DEMAND,TRETA-SUBE-VALS-Z12-04119,12
04120,BL SFG SPL EXP,VALSAD,SUBEDARGANJ,TRAIN ON DEMAND,TRETA-VALS-SUBE-Z12-04120,12
04123,PRYJ NZM SPL,PRAYAGRAJ JN,HAZRAT NIZAMUDDIN JN,TRAIN ON DEMAND,TRETA-PRAY-HAZR-Z17-04123,17
04124,NZM PRYJ SPL,HAZRAT NIZAMUDDIN JN,PRAYAGRAJ JN,TRAIN ON DEMAND,TRETA-HAZR-PRAY-Z17-04124,17
04127,CNB-GHY WEEKLY SPL Valid From : 10-Sep-2026,KANPUR CENTRAL,GUWAHATI,TRAIN ON DEMAND,TRETA-KANP-GUWA-Z29-04127,29
04128,CNB-GHY WEEKLY SPL Valid From : 11-Sep-2026,GUWAHATI,KANPUR CENTRAL,TRAIN ON DEMAND,TRETA-GUWA-KANP-Z29-04128,29
04131,CNB-SMVB SPECIAL Valid From : 04-Oct-2026,KANPUR CENTRAL,SMVT BENGALURU,TRAIN ON DEMAND,TRETA-KANP-SMVT-Z26-04131,26
04132,SMVB-CNB SPECIAL Valid From : 07-Oct-2026,SMVT BENGALURU,KANPUR CENTRAL,TRAIN ON DEMAND,TRETA-SMVT-KANP-Z26-04132,26
04133,CNB SMVB SUM SPL,KANPUR CENTRAL,SMVT BENGALURU,TRAIN ON DEMAND,TRETA-KANP-SMVT-Z28-04133,28
04134,SMVB CNB SPL,SMVT BENGALURU,KANPUR CENTRAL,TRAIN ON DEMAND,TRETA-SMVT-KANP-Z28-04134,28
04135,SFG-YPR SPECIAL Valid From : 11-Sep-2026,SUBEDARGANJ,YESVANTPUR JN.,TRAIN ON DEMAND,TRETA-SUBE-YESV-Z26-04135,26
04136,YPR-SFG SPECIAL Valid From : 14-Sep-2026,YESVANTPUR JN,SUBEDARGANJ,TRAIN ON DEMAND,TRETA-YESV-SUBE-Z26-04136,26
04137,GWL BJU S SPL,GWALIOR JN.,BARAUNI JN,TRAIN ON DEMAND,TRETA-GWAL-BARA-Z21-04137,21
04138,BJU GWL SPL,BARAUNI JN,GWALIOR JN.,TRAIN ON DEMAND,TRETA-BARA-GWAL-Z21-04138,21
04139,PRYJ DDR SPL,PRAYAGRAJ JN,DADAR,TRAIN ON DEMAND,TRETA-PRAY-DADA-Z17-04139,17
04140,DDR PRYJ SF SPL,DADAR,PRAYAGRAJ JN,TRAIN ON DEMAND,TRETA-DADA-PRAY-Z17-04140,17
04149,PRYJ YPR SPL,PRAYAGRAJ JN,YESVANTPUR JN.,TRAIN ON DEMAND,TRETA-PRAY-YESV-Z33-04149,33
04150,YPR PRYJ SPL,YESVANTPUR JN.,PRAYAGRAJ JN,TRAIN ON DEMAND,TRETA-YESV-PRAY-Z33-04150,33
04151,CNB LTT SF HSPL,KANPUR CENTRAL,LOKMANYATILAK,TRAIN ON DEMAND,TRETA-KANP-LOKM-Z11-04151,11
04152,LTT CNB SF SPL,LOKMANYATILAK,KANPUR CENTRAL,TRAIN ON DEMAND,TRETA-LOKM-KANP-Z11-04152,11
04155,SFG UDN SPL,SUBEDARGANJ,UDHNA JN,TRAIN ON DEMAND,TRETA-SUBE-UDHN-Z15-04155,15
04156,UDN SFG SPL,UDHNA JN,SUBEDARGANJ,TRAIN ON DEMAND,TRETA-UDHN-SUBE-Z15-04156,15
04157,CNB KOAA SPL,KANPUR CENTRAL,KOLKATTA TERMINAL,TRAIN ON DEMAND,TRETA-KANP-KOLK-Z16-04157,16
04158,KOAA CNB SPL,KOLKATTA TERMINAL,KANPUR CENTRAL,TRAIN ON DEMAND,TRETA-KOLK-KANP-Z16-04158,16
04159,PRYJ VSKP SPL,PRAYAGRAJ JN,VISAKHAPATNAM,TRAIN ON DEMAND,TRETA-PRAY-VISA-Z21-04159,21
04160,VSKP PRYJ SPL,VISAKHAPATNAM,PRAYAGRAJ JN,TRAIN ON DEMAND,TRETA-VISA-PRAY-Z21-04160,21
04161,PRYJ SIKR SPL,PRAYAGRAJ JN,SIKAR JN,TRAIN ON DEMAND,TRETA-PRAY-SIKA-Z16-04161,16
04162,SIKR PRYJ SPL,SIKAR JN,PRAYAGRAJ JN,TRAIN ON DEMAND,TRETA-SIKA-PRAY-Z16-04162,16
04169,SFG INDB SPL,SUBEDARGANJ,INDORE JN,TRAIN ON DEMAND,TRETA-SUBE-INDO-Z15-04169,15
04170,INDB SFG SPL,INDORE JN,SUBEDARGANJ,TRAIN ON DEMAND,TRETA-INDO-SUBE-Z15-04170,15
04173,PRYJ VRL SPL,PRAYAGRAJ JN,VERAVAL,TRAIN ON DEMAND,TRETA-PRAY-VERA-Z27-04173,27
04174,VRL PRYJ EXP,VERAVAL,PRAYAGRAJ JN,TRAIN ON DEMAND,TRETA-VERA-PRAY-Z27-04174,27
04175,SFG DDR SF SPL,SUBEDARGANJ,DADAR,TRAIN ON DEMAND,TRETA-SUBE-DADA-Z17-04175,17
04176,DDR SFG SF SPL Valid From : 08-Sep-2026,DADAR,SUBEDARGANJ,TRAIN ON DEMAND,TRETA-DADA-SUBE-Z17-04176,17
04177,SFG BL SMR SPL,SUBEDARGANJ,VALSAD,TRAIN ON DEMAND,TRETA-SUBE-VALS-Z12-04177,12
04178,BL SFG SPL,VALSAD,SUBEDARGANJ,TRAIN ON DEMAND,TRETA-VALS-SUBE-Z12-04178,12
04209,BSB-DLI RESERVED FESTIVAL Valid From : 02-Oct-2026,VARANASI,DELHI JN.,TRAIN ON DEMAND,TRETA-VARA-DELH-Z11-04209,11
04210,BSB-DLI RESERVED FESTIVAL Valid From : 03-Oct-2026,DELHI JN,VARANASI,TRAIN ON DEMAND,TRETA-DELH-VARA-Z11-04210,11
04213,AYC-ANVT RESERVED SPECIAL Valid From : 01-Oct-2026,AYODHYA CANTT,ANAND VIHAR TERMINAL,TRAIN ON DEMAND,TRETA-AYOD-ANAN-Z09-04213,9
04214,AYC-ANVT RESERVED SPECIAL Valid From : 02-Oct-2026,ANAND VIHAR TERMINAL,AYODHYA CANTT,TRAIN ON DEMAND,TRETA-ANAN-AYOD-Z09-04214,9
04217,BSB ANVT SPL,VARANASI,ANAND VIHAR TERMINAL,TRAIN ON DEMAND,TRETA-VARA-ANAN-Z08-04217,8
04218,ANVT BSB SPL,ANAND VIHAR TERMINAL,VARANASI,TRAIN ON DEMAND,TRETA-ANAN-VARA-Z08-04218,8
04313,MFP-YNRK SPL Valid From : 05-Oct-2026,MUZAFFARPUR JN,YOG NAGARI RISHIKESH,TRAIN ON DEMAND,TRETA-MUZA-YOG_-Z13-04313,13
04314,YNRK-MFP SPL Valid From : 04-Oct-2026,YOG NAGARI RISHIKESH,MUZAFFARPUR JN,TRAIN ON DEMAND,TRETA-YOG_-MUZA-Z13-04314,13
04409,MTJ-NZM SPL,MATHURA JN.,HAZRAT NIZAMUDDIN JN,TRAIN ON DEMAND,TRETA-MATH-HAZR-Z17-04409,17
04410,NZM-MTJ SPL,HAZRAT NIZAMUDDIN JN,MATHURA JN.,TRAIN ON DEMAND,TRETA-HAZR-MATH-Z17-04410,17
04411,MTJ-NZM SPL,MATHURA JN.,HAZRAT NIZAMUDDIN JN,TRAIN ON DEMAND,TRETA-MATH-HAZR-Z17-04411,17
04412,NZM-MTJ SPL,HAZRAT NIZAMUDDIN JN,MATHURA JN.,TRAIN ON DEMAND,TRETA-HAZR-MATH-Z17-04412,17
04413,DLI-HW SPL,DELHI JN.,HARIDWAR JN,TRAIN ON DEMAND,TRETA-DELH-HARI-Z05-04413,5
04414,HW-DLI SPL,HARIDWAR JN,DELHI JN.,TRAIN ON DEMAND,TRETA-HARI-DELH-Z05-04414,5
04415,DLI-RGS SPL,DELHI JN.,RINGAS JN,TRAIN ON DEMAND,TRETA-DELH-RING-Z08-04415,8
04416,RGS-DLI SPL,RINGAS JN,DELHI JN.,TRAIN ON DEMAND,TRETA-RING-DELH-Z08-04416,8
04445,BSB DLI SPL,VARANASI,DELHI JN.,TRAIN ON DEMAND,TRETA-VARA-DELH-Z11-04445,11
04446,DLI BSB SPL,DELHI JN.,VARANASI,TRAIN ON DEMAND,TRETA-DELH-VARA-Z11-04446,11
04451,NZM BEAS SPL,HAZRAT NIZAMUDDIN JN,BEAS,TRAIN ON DEMAND,TRETA-HAZR-BEAS-Z06-04451,6
04452,BEAS NZM SPL,BEAS,HAZRAT NIZAMUDDIN JN,TRAIN ON DEMAND,TRETA-BEAS-HAZR-Z06-04452,6
04507,NDLS-BEAS SPL Valid From : 07-Sep-2026,NEW DELHI,BEAS,TRAIN ON DEMAND,TRETA-NEW_-BEAS-Z09-04507,9
04508,BEAS-NDLS SPL Valid From : 06-Sep-2026,BEAS,NEW DELHI,TRAIN ON DEMAND,TRETA-BEAS-NEW_-Z11-04508,11
04511,PNBE-CDG SPL Valid From : 02-Oct-2026,PATNA JN,CHANDIGARH,TRAIN ON DEMAND,TRETA-PATN-CHAN-Z16-04511,16
04512,CDG-PNBE SPL Valid From : 01-Oct-2026,CHANDIGARH,PATNA JN,TRAIN ON DEMAND,TRETA-CHAN-PATN-Z16-04512,16
04565,SRE-BEAS SPL Valid From : 11-Sep-2026,SAHARANPUR JN.,BEAS,TRAIN ON DEMAND,TRETA-SAHA-BEAS-Z06-04565,6
04566,BEAS-SRE SPL Valid From : 13-Sep-2026,BEAS,SAHARANPUR JN.,TRAIN ON DEMAND,TRETA-BEAS-SAHA-Z06-04566,6
04612,BEAS-FZR SPL,BEAS,FIROZPUR CANT,TRAIN ON DEMAND,TRETA-BEAS-FIRO-Z13-04612,13
04615,PNBE-FZR SPL Valid From : 07-Oct-2026,PATNA JN,FIROZPUR CANT,TRAIN ON DEMAND,TRETA-PATN-FIRO-Z24-04615,24
04616,FZR-DNR SPL Valid From : 06-Oct-2026,FIROZPUR CANT,PATNA JN,TRAIN ON DEMAND,TRETA-FIRO-PATN-Z24-04616,24
04641,NED ASR SPL,NANDED,AMRITSAR,TRAIN ON DEMAND,TRETA-NAND-AMRI-Z25-04641,25
04687,SVDK BDGM SPL,SHRI MATA VAISHNO DEVI KATRA,BADGAM,TRAIN ON DEMAND,TRETA-SHRI-BADG-Z13-04687,13
04688,BDGM SVDK SPL,BADGAM,SHRI MATA VAISHNO DEVI KATRA,TRAIN ON DEMAND,TRETA-BADG-SHRI-Z13-04688,13
04707,SDLP-GAMI EXP SPL,SADULPUR JN,GOGAMERI,TRAIN ON DEMAND,TRETA-SADU-GOGA-Z01-04707,1
04708,GAMI-SDLP EXP SPL,GOGAMERI,SADULPUR JN,TRAIN ON DEMAND,TRETA-GOGA-SADU-Z01-04708,1
04709,SDLPGAMI EXP SPL,SADULPUR JN,GOGAMERI,TRAIN ON DEMAND,TRETA-SADU-GOGA-Z01-04709,1
04710,GAMI-SDLP EXP SPL,GOGAMERI,SADULPUR JN,TRAIN ON DEMAND,TRETA-GOGA-SADU-Z01-04710,1
04741,SGNR-POK MELA SPL Valid From : 12-Sep-2026,SHRI GANGANAGAR,POKRAN,TRAIN ON DEMAND,TRETA-SHRI-POKR-Z16-04741,16
04742,POK-SGNR MELA SPL Valid From : 12-Sep-2026,POKRAN,SHRI GANGANAGAR,TRAIN ON DEMAND,TRETA-POKR-SHRI-Z16-04742,16
04743,HMH-SDLP EXP MELA SPL,HANUMANGARH JN,SADULPUR JN,TRAIN ON DEMAND,TRETA-HANU-SADU-Z08-04743,8
04744,SDLP-HMH EXP MELA SPL,SADULPUR JN,HANUMANGARH JN,TRAIN ON DEMAND,TRETA-SADU-HANU-Z08-04744,8
04745,SGNR-SDLP EXP MELA SPL Valid From : 18-Sep-2026,SHRI GANGANAGAR,SADULPUR JN,TRAIN ON DEMAND,TRETA-SHRI-SADU-Z12-04745,12
04746,SDLP-SGNR EXP MELA SPL Valid From : 18-Sep-2026,SADULPUR JN,SHRI GANGANAGAR,TRAIN ON DEMAND,TRETA-SADU-SHRI-Z12-04746,12
04749,GAMI-ALJN MELA SPL,GOGAMERI,ALIGARH JN,TRAIN ON DEMAND,TRETA-GOGA-ALIG-Z10-04749,10
04750,ALJN-GAMI MELA SPL,ALIGARH JN,GOGAMERI,TRAIN ON DEMAND,TRETA-ALIG-GOGA-Z10-04750,10
04771,BTI-APH PASSENGER,BATHINDA,ANUPGARH,PASSENGER,TRETA-BATH-ANUP-Z25-04771,25
04772,APH-BTI PASSENGER,ANUPGARH,BATHINDA,PASSENGER,TRETA-ANUP-BATH-Z25-04772,25
04774,SOG-SGNR PASSENGER,SURATGARH JN,SHRI GANGANAGAR,PASSENGER,TRETA-SURA-SHRI-Z21-04774,21
04779,SGNR-SOG PASSENGER,SHRI GANGANAGAR,SURATGARH JN,PASSENGER,TRETA-SHRI-SURA-Z12-04779,12
04783,BTI-SSA PASSENGER,BATHINDA,SIRSA,PASSENGER,TRETA-BATH-SIRS-Z10-04783,10
04784,SSA-BTI PASSENGER,SIRSA,BATHINDA,PASSENGER,TRETA-SIRS-BATH-Z10-04784,10
04791,RE-GAMI  EXP SPL Valid From : 31-Aug-2026,REWARI JN.,GOGAMERI,TRAIN ON DEMAND,TRETA-REWA-GOGA-Z04-04791,4
04792,GAMI-RE EXP SPL Valid From : 31-Aug-2026,GOGAMERI,REWARI JN.,TRAIN ON DEMAND,TRETA-GOGA-REWA-Z04-04792,4
04795,RE-GAMI EXP SPL Valid From : 30-Aug-2026,REWARI JN.,GOGAMERI,TRAIN ON DEMAND,TRETA-REWA-GOGA-Z04-04795,4
04796,GAMI-RE EXP SPL,GOGAMERI,REWARI JN.,TRAIN ON DEMAND,TRETA-GOGA-REWA-Z04-04796,4
04811,BME HW SPL,BARMER,HARIDWAR JN,TRAIN ON DEMAND,TRETA-BARM-HARI-Z25-04811,25
04812,HW BME SPL,HARIDWAR JN,BARMER,TRAIN ON DEMAND,TRETA-HARI-BARM-Z25-04812,25
04861,BGKT-RDRA MELA SPL,BHAGAT KI KOTHI,RAMDEVRA,TRAIN ON DEMAND,TRETA-BHAG-RAMD-Z09-04861,9
04862,RDRA-BGKR MELA SPL,RAMDEVRA,BHAGAT KI KOTHI,TRAIN ON DEMAND,TRETA-RAMD-BHAG-Z09-04862,9
04863,BGKT-RDRA MELA SPL Valid From : 11-Sep-2026,BHAGAT KI KOTHI,RAMDEVRA,TRAIN ON DEMAND,TRETA-BHAG-RAMD-Z10-04863,10
04864,RDRA BGKT MELA SPL Valid From : 11-Sep-2026,RAMDEVRA,BHAGAT KI KOTHI,TRAIN ON DEMAND,TRETA-RAMD-BHAG-Z10-04864,10
04865,BGKT RDRA MELA SPL Valid From : 11-Sep-2026,BHAGAT KI KOTHI,RAMDEVRA,TRAIN ON DEMAND,TRETA-BHAG-RAMD-Z10-04865,10
04866,RDRA BGKT MELA SPL Valid From : 11-Sep-2026,RAMDEVRA,BHAGAT KI KOTHI,TRAIN ON DEMAND,TRETA-RAMD-BHAG-Z10-04866,10
05045,LKU RJT SPL,LALKUA JN.,RAJKOT,TRAIN ON DEMAND,TRETA-LALK-RAJK-Z38-05045,38
05046,RJT LKU SPL,RAJKOT,LALKUA JN.,TRAIN ON DEMAND,TRETA-RAJK-LALK-Z38-05046,38
05059,KOAA-LKU PUJA SPL Valid From : 10-Oct-2026,KOLKATTA TERMINAL,LALKUA JN,TRAIN ON DEMAND,TRETA-KOLK-LALK-Z33-05059,33
05060,LKU-KOAA PUJA SPL Valid From : 08-Oct-2026,LALKUA JN,KOLKATTA TERMINAL,TRAIN ON DEMAND,TRETA-LALK-KOLK-Z33-05060,33
05073,SBC LKU SPL,KSR BENGALURU,LALKUA JN.,TRAIN ON DEMAND,TRETA-KSR_-LALK-Z41-05073,41
05074,SBC PUJA SPL,LALKUA JN.,KSR BENGALURU,TRAIN ON DEMAND,TRETA-LALK-KSR_-Z41-05074,41
05095,KOAA MAU SPL,KOLKATTA TERMINAL,MAU JN,TRAIN ON DEMAND,TRETA-KOLK-MAU_-Z25-05095,25
05096,MAU KOAA SPL,MAU JN,KOLKATTA TERMINAL,TRAIN ON DEMAND,TRETA-MAU_-KOLK-Z25-05096,25
05183,AMH BDTS SF SPL Valid From : 19-Aug-2026,AZAMGARH,BANDRA TERMINUS,TRAIN ON DEMAND,TRETA-AZAM-BAND-Z18-05183,18
05184,BDTS AMH SPL,BANDRA TERMINUS,AZAMGARH,TRAIN ON DEMAND,TRETA-BAND-AZAM-Z18-05184,18
05193,CPR JAT SPECIAL,CHHAPRA,PATHANKOT,TRAIN ON DEMAND,TRETA-CHHA-PATH-Z21-05193,21
05194,PTK CPR SPL,PATHANKOT,CHHAPRA,TRAIN ON DEMAND,TRETA-PATH-CHHA-Z21-05194,21
05219,MFP -ANVT EXPRESS SPL Valid From : 11-Sep-2026,MUZAFFARPUR JN,ANAND VIHAR TERMINAL,TRAIN ON DEMAND,TRETA-MUZA-ANAN-Z11-05219,11
05220,ANVT- MFP EXPRESS SPL Valid From : 12-Sep-2026,ANAND VIHAR TERMINAL,MUZAFFARPUR JN,TRAIN ON DEMAND,TRETA-ANAN-MUZA-Z11-05220,11
05307,KASGANJ-MATHURA CANTT SPL Valid From : 14-Sep-2026,KASGANJ,MATHURA CANT,TRAIN ON DEMAND,TRETA-KASG-MATH-Z11-05307,11
05308,MATHURA CANTT-KASGANJ SPL Valid From : 14-Sep-2026,MATHURA CANT,KASGANJ,TRAIN ON DEMAND,TRETA-MATH-KASG-Z11-05308,11
05309,KSJ-MRT SPL,KASGANJ,MATHURA CANT,TRAIN ON DEMAND,TRETA-KASG-MATH-Z04-05309,4
05310,MRT-KSJ SPL,MATHURA CANT,KASGANJ,TRAIN ON DEMAND,TRETA-MATH-KASG-Z04-05310,4
05343,SBIB LKU SPL,SABARMATI BG,LALKUA JN.,TRAIN ON DEMAND,TRETA-SABA-LALK-Z26-05343,26
05344,LKU SBIB SPECIAL,LALKUA JN.,SABARMATI BG,TRAIN ON DEMAND,TRETA-LALK-SABA-Z26-05344,26
05401,BC-KPV DEMU SPL PASSENGER,BAREILLY CITY,KASHIPUR,DMU,TRETA-BARE-KASH-Z16-05401,16
05402,KPV-BC DEMU SPL PASSENGER,KASHIPUR,BAREILLY CITY,DMU,TRETA-KASH-BARE-Z16-05402,16
05493,DPA-SWM UNRESERVED SPL,DURGAPURA,SAWAI MADHOPUR JN,TRAIN ON DEMAND,TRETA-DURG-SAWA-Z04-05493,4
05494,SWM-DPA UNRESERVED RAKHI,SAWAI MADHOPUR JN,DURGAPURA,TRAIN ON DEMAND,TRETA-SAWA-DURG-Z04-05494,4
05505,PRNC- SHC SPECIAL,PURNIA COURT,SAHARSA JN,TRAIN ON DEMAND,TRETA-PURN-SAHA-Z04-05505,4
05506,SHC PRNC SPL,SAHARSA JN,PURNIA COURT,TRAIN ON DEMAND,TRETA-SAHA-PURN-Z04-05506,4
05543,RXL NKE SPL,RAXAUL JN,NARKATIAGANJ JN,TRAIN ON DEMAND,TRETA-RAXA-NARK-Z02-05543,2
05544,NKE RXL SPL,NARKATIAGANJ JN,RAXAUL JN,TRAIN ON DEMAND,TRETA-NARK-RAXA-Z02-05544,2
05557,RXL LTT SF SPL,RAXAUL JN,LOKMANYATILAK,TRAIN ON DEMAND,TRETA-RAXA-LOKM-Z19-05557,19
05558,LTT RXL SF SPL,LOKMANYATILAK,RAXAUL JN,TRAIN ON DEMAND,TRETA-LOKM-RAXA-Z19-05558,19
05573,RGV-SRGR-DGHR SPECIAL,RAGHOPUR,DEOGHAR,TRAIN ON DEMAND,TRETA-RAGH-DEOG-Z21-05573,21
05574,DGHR-SRGR-RGV SPECIAL,DEOGHAR,RAGHOPUR,TRAIN ON DEMAND,TRETA-DEOG-RAGH-Z21-05574,21
05575,SHC ANVT SPL Valid From : 08-Sep-2026,SAHARSA JN,ANAND VIHAR TERMINAL,TRAIN ON DEMAND,TRETA-SAHA-ANAN-Z25-05575,25
05576,ANVT-SHC EXPRESS SPL Valid From : 10-Sep-2026,ANAND VIHAR TERMINAL,SAHARSA JN,TRAIN ON DEMAND,TRETA-ANAN-SAHA-Z25-05576,25
05579,PRNC ANVT SPL,PURNIA COURT,ANAND VIHAR TERMINAL,TRAIN ON DEMAND,TRETA-PURN-ANAN-Z29-05579,29
05580,PRNC SUMMER SPL,ANAND VIHAR TERMINAL,PURNIA COURT,TRAIN ON DEMAND,TRETA-ANAN-PURN-Z29-05580,29
05735,ASR-KIR SUM SPL,AMRITSAR,KATIHAR JN,TRAIN ON DEMAND,TRETA-AMRI-KATI-Z31-05735,31
05736,KIR ASR SPECIAL,KATIHAR JN,AMRITSAR,TRAIN ON DEMAND,TRETA-KATI-AMRI-Z31-05736,31
05931,KOAA DBRG SPL,KOLKATTA TERMINAL,DIBRUGARH,TRAIN ON DEMAND,TRETA-KOLK-DIBR-Z24-05931,24
05932,DBRG KOAA SPL,DIBRUGARH,KOLKATTA TERMINAL,TRAIN ON DEMAND,TRETA-DIBR-KOLK-Z24-05932,24
06019,TN NARASAPUR SPL,TUTICORIN,NARASAPUR,TRAIN ON DEMAND,TRETA-TUTI-NARA-Z30-06019,30
06020,NS-TN TOD SPL Valid From : 09-Sep-2026,NARASAPUR,TUTICORIN,TRAIN ON DEMAND,TRETA-NARA-TUTI-Z30-06020,30
06027,MAS PTJ SPECIAL,PURATCHI THALAIVAR DR. MGR CTL,PODANUR JN,TRAIN ON DEMAND,TRETA-PURA-PODA-Z08-06027,8
06028,PTJ MAS SPECIAL,PODANUR JN,PURATCHI THALAIVAR DR. MGR CTL,TRAIN ON DEMAND,TRETA-PODA-PURA-Z09-06028,9
06029,MTP TEN SPL,METUPALAIYAM,TIRUNELVELI JN,TRAIN ON DEMAND,TRETA-METU-TIRU-Z22-06029,22
06030,TEN MTP SPL,TIRUNELVELI JN,METUPALAIYAM,TRAIN ON DEMAND,TRETA-TIRU-METU-Z22-06030,22
06037,TBM VLNK SPECIAL,TAMBARAM,VELLANKANNI,TRAIN ON DEMAND,TRETA-TAMB-VELL-Z10-06037,10
06038,VLNK TBM SPECIAL,VELLANKANNI,TAMBARAM,TRAIN ON DEMAND,TRETA-VELL-TAMB-Z10-06038,10
06045,MS CAPE SF SPL,CHENNAI EGMORE,KANNIYAKUMARI,TRAIN ON DEMAND,TRETA-CHEN-KANN-Z18-06045,18
06046,CAPE MS SF SPL,KANNIYAKUMARI,CHENNAI EGMORE,TRAIN ON DEMAND,TRETA-KANN-CHEN-Z18-06046,18
06059,TBM-BDNK TOD SPL Valid From : 12-Sep-2026,TAMBARAM,BODINAYAKKANUR,TRAIN ON DEMAND,TRETA-TAMB-BODI-Z16-06059,16
06060,BDNK-TBM TOD SPL Valid From : 13-Sep-2026,BODINAYAKKANUR,TAMBARAM,TRAIN ON DEMAND,TRETA-BODI-TAMB-Z16-06060,16
06061,ERS VLNK SPECIAL,ERNAKULAM JN,VELLANKANNI,TRAIN ON DEMAND,TRETA-ERNA-VELL-Z33-06061,33
06062,VLNK ERS SPECIAL,VELLANKANNI,ERNAKULAM JN,TRAIN ON DEMAND,TRETA-VELL-ERNA-Z33-06062,33
06069,TBM TEN SF SPL,TAMBARAM,TIRUNELVELI JN,TRAIN ON DEMAND,TRETA-TAMB-TIRU-Z14-06069,14
06070,TEN TBM SF SPL,TIRUNELVELI JN,TAMBARAM,TRAIN ON DEMAND,TRETA-TIRU-TAMB-Z14-06070,14
06081,TVCN SRC SPECIAL,THIRUVANANTHAPURAM NORTH,SANTRAGACHI JN,TRAIN ON DEMAND,TRETA-THIR-SANT-Z33-06081,33
06082,SRC TVCN SPL Valid From : 17-Aug-2026,SANTRAGACHI JN,THIRUVANANTHAPURAM NORTH,TRAIN ON DEMAND,TRETA-SANT-THIR-Z33-06082,33
06093,TVCN MAJN SPL,THIRUVANANTHAPURAM NORTH,MANGALORE JUNCTION,TRAIN ON DEMAND,TRETA-THIR-MANG-Z21-06093,21
06094,MAJN TVC SPECIAL,MANGALORE JUNCTION,THIRUVANANTHAPURAM CENTRAL,TRAIN ON DEMAND,TRETA-MANG-THIR-Z21-06094,21
06109,TBM TVC SPECIAL,TAMBARAM,THIRUVANANTHAPURAM CENTRAL,TRAIN ON DEMAND,TRETA-TAMB-THIR-Z24-06109,24
06110,TVC TBM SPECIAL,THIRUVANANTHAPURAM CENTRAL,TAMBARAM,TRAIN ON DEMAND,TRETA-THIR-TAMB-Z24-06110,24
06115,TVCN VLNK SPL,THIRUVANANTHAPURAM NORTH,VELLANKANNI,TRAIN ON DEMAND,TRETA-THIR-VELL-Z18-06115,18
06116,VLNK TVCN SPL,VELLANKANNI,THIRUVANANTHAPURAM NORTH,TRAIN ON DEMAND,TRETA-VELL-THIR-Z18-06116,18
06117,MAS QLN SPECIAL,PURATCHI THALAIVAR DR. MGR CTL,KOLLAM JN,TRAIN ON DEMAND,TRETA-PURA-KOLL-Z20-06117,20
06118,QLN MAS SPECIAL,KOLLAM JN,PURATCHI THALAIVAR DR. MGR CTL,TRAIN ON DEMAND,TRETA-KOLL-PURA-Z20-06118,20
06119,MAS QLN SPECIAL,PURATCHI THALAIVAR DR. MGR CTL,KOLLAM JN,TRAIN ON DEMAND,TRETA-PURA-KOLL-Z20-06119,20
06120,QLN MAS SPECIAL,KOLLAM JN,PURATCHI THALAIVAR DR. MGR CTL,TRAIN ON DEMAND,TRETA-KOLL-PURA-Z21-06120,21
06125,MS MAQ SPECIAL,CHENNAI EGMORE,MANGALORE CENTRAL,TRAIN ON DEMAND,TRETA-CHEN-MANG-Z18-06125,18
06126,MAQ MS SPECIAL,MANGALORE CENTRAL,CHENNAI EGMORE,TRAIN ON DEMAND,TRETA-MANG-CHEN-Z19-06126,19
06133,VM-NGT MEMU SPL,VILLUPURAM JN,NAGAPPATTINAM JN,TRAIN ON DEMAND,TRETA-VILL-NAGA-Z13-06133,13
06134,NGT-VM MEMU SPL,NAGAPPATTINAM JN,VILLUPURAM JN,TRAIN ON DEMAND,TRETA-NAGA-VILL-Z13-06134,13
06147,ERS SMVB SPECIAL,ERNAKULAM JN,SMVT BENGALURU,TRAIN ON DEMAND,TRETA-ERNA-SMVT-Z11-06147,11
06148,SMVB ERS SPL,SMVT BENGALURU,ERNAKULAM JN,TRAIN ON DEMAND,TRETA-SMVT-ERNA-Z11-06148,11
06165,TBM TEN SPECIAL,TAMBARAM,TIRUNELVELI JN,TRAIN ON DEMAND,TRETA-TAMB-TIRU-Z16-06165,16
06166,TEN TBM SPECIAL,TIRUNELVELI JN,TAMBARAM,TRAIN ON DEMAND,TRETA-TIRU-TAMB-Z16-06166,16
06171,MTP UAM SPECIAL,METUPALAIYAM,UDAGAMANDALAM,TRAIN ON DEMAND,TRETA-METU-UDAG-Z08-06171,8
06172,UAM MTP SPECIAL,UDAGAMANDALAM,METUPALAIYAM,TRAIN ON DEMAND,TRETA-UDAG-METU-Z08-06172,8
06176,UAM ONR SPECIAL,UDAGAMANDALAM,COONOOR,TRAIN ON DEMAND,TRETA-UDAG-COON-Z05-06176,5
06181,CBE JP SPECIAL,COIMBATORE JN,JAIPUR JN.,TRAIN ON DEMAND,TRETA-COIM-JAIP-Z43-06181,43
06182,JP CBE SPECIAL Valid From : 19-Aug-2026,JAIPUR JN.,COIMBATORE JN,TRAIN ON DEMAND,TRETA-JAIP-COIM-Z43-06182,43
06185,ONR UAM SPECIAL,COONOOR,UDAGAMANDALAM,TRAIN ON DEMAND,TRETA-COON-UDAG-Z05-06185,5
06186,UAM ONR SPECIAL,UDAGAMANDALAM,COONOOR,TRAIN ON DEMAND,TRETA-UDAG-COON-Z05-06186,5
06199,ONR UAM SPECIAL,COONOOR,UDAGAMANDALAM,TRAIN ON DEMAND,TRETA-COON-UDAG-Z05-06199,5
06509,SBCDNR HUMSAFAR,KSR BENGALURU,DANAPUR,TRAIN ON DEMAND,TRETA-KSR_-DANA-Z16-06509,16
06510,DNR SBC SPL,DANAPUR,KSR BENGALURU,TRAIN ON DEMAND,TRETA-DANA-KSR_-Z15-06510,15
06523,SMVB TVCN SPL,SMVT BENGALURU,THIRUVANANTHAPURAM NORTH,TRAIN ON DEMAND,TRETA-SMVT-THIR-Z20-06523,20
06524,TVCN SMVB SPL Valid From : 08-Sep-2026,THIRUVANANTHAPURAM NORTH,SMVT BENGALURU,TRAIN ON DEMAND,TRETA-THIR-SMVT-Z20-06524,20
06531,BNC-CBP MEX EMU,BANGALORE CANT,CHIK BALLAPUR,MEMU,TRETA-BANG-CHIK-Z08-06531,8
06532,CBP-BNC MEX EMU,CHIK BALLAPUR,BANGALORE CANT,MEMU,TRETA-CHIK-BANG-Z07-06532,7
06535,CBP-BNC MEX EMU,CHIK BALLAPUR,BANGALORE CANT,MEMU,TRETA-CHIK-BANG-Z08-06535,8
06536,BNC-CBP MEX EMU,BANGALORE CANT,CHIK BALLAPUR,MEMU,TRETA-BANG-CHIK-Z08-06536,8
06537,CBP-BNC MEX EMU,CHIK BALLAPUR,BANGALORE CANT,MEMU,TRETA-CHIK-BANG-Z08-06537,8
06538,BNC-CBP MEX EMU,BANGALORE CANT,CHIK BALLAPUR,MEMU,TRETA-BANG-CHIK-Z08-06538,8
06547,SMVB TVCN SPL,SMVT BENGALURU,THIRUVANANTHAPURAM NORTH,TRAIN ON DEMAND,TRETA-SMVT-THIR-Z20-06547,20
06548,TVCN SMVB SPL,THIRUVANANTHAPURAM NORTH,SMVT BENGALURU,TRAIN ON DEMAND,TRETA-THIR-SMVT-Z20-06548,20
06555,SMVB TVCN SPL,SMVT BENGALURU,THIRUVANANTHAPURAM NORTH,TRAIN ON DEMAND,TRETA-SMVT-THIR-Z21-06555,21
06556,TVCN SMVB SPL,THIRUVANANTHAPURAM NORTH,SMVT BENGALURU,TRAIN ON DEMAND,TRETA-THIR-SMVT-Z21-06556,21
06566,MLDT SMVB SPL,MALDA TOWN,SMVT BENGALURU,TRAIN ON DEMAND,TRETA-MALD-SMVT-Z29-06566,29
06577,YPR  BJP SPL,YESVANTPUR JN,VIJAYAPURA,TRAIN ON DEMAND,TRETA-YESV-VIJA-Z09-06577,9
06578,BJP YPR SPL,VIJAYAPURA,YESVANTPUR JN,TRAIN ON DEMAND,TRETA-VIJA-YESV-Z09-06578,9
06593,YPR-CBP MEX EMU,YESVANTPUR JN.,CHIK BALLAPUR,MEMU,TRETA-YESV-CHIK-Z09-06593,9
06594,CBP-YPR MEX EMU,CHIK BALLAPUR,YESVANTPUR JN.,MEMU,TRETA-CHIK-YESV-Z09-06594,9
06605,GATL-JLWC MEMU SPL,GATL,JHALAWAR CITY,MEMU,TRETA-GATL-JHAL-Z06-06605,6
06606,JLWC-GATL MEMU SPL,JHALAWAR CITY,GATL,MEMU,TRETA-JHAL-GATL-Z06-06606,6
06716,TPJ-TJ DMU,TIRUCHCHIRAPPALLI JN.,THANJAVUR JN.,DMU,TRETA-TIRU-THAN-Z03-06716,3
06717,TTP-TPJ  DMU,TIRUTURAIPUNDI JN,TIRUCHCHIRAPPALLI JN.,DMU,TRETA-TIRU-TIRU-Z08-06717,8
06718,TJ-TTP DMU,THANJAVUR JN.,TIRUTURAIPUNDI JN,DMU,TRETA-THAN-TIRU-Z05-06718,5
06857,NGT-VLNK DEMU SPL,NAGAPPATTINAM JN,VELLANKANNI,TRAIN ON DEMAND,TRETA-NAGA-VELL-Z01-06857,1
06858,VLNK-NGT DEMU SPL,VELLANKANNI,NAGAPPATTINAM JN,TRAIN ON DEMAND,TRETA-VELL-NAGA-Z01-06858,1
06861,TJ-TPJ DMU SPL,THANJAVUR JN.,TIRUCHCHIRAPPALLI JN.,TRAIN ON DEMAND,TRETA-THAN-TIRU-Z03-06861,3
06863,VLNK-TJ DMU SPL Valid From : 30-Aug-2026,VELLANKANNI,THANJAVUR JN.,TRAIN ON DEMAND,TRETA-VELL-THAN-Z05-06863,5
06864,TPJ-VLNK DEMU SPL Valid From : 09-Sep-2026,TIRUCHCHIRAPPALLI JN.,VELLANKANNI,TRAIN ON DEMAND,TRETA-TIRU-VELL-Z09-06864,9
06865,VLNK-TPJ DEMU SPL Valid From : 08-Sep-2026,VELLANKANNI,TIRUCHCHIRAPPALLI JN,TRAIN ON DEMAND,TRETA-VELL-TIRU-Z09-06865,9
06866,TPJ-VLNK DMU SPL Valid From : 29-Aug-2026,TIRUCHCHIRAPPALLI JN.,VELLANKANNI,TRAIN ON DEMAND,TRETA-TIRU-VELL-Z08-06866,8
06867,NGT-VLNK DEMU SPL,NAGAPPATTINAM JN,VELLANKANNI,TRAIN ON DEMAND,TRETA-NAGA-VELL-Z01-06867,1
06868,VLNK-NGT DEMU SPL,VELLANKANNI,NAGAPPATTINAM JN,TRAIN ON DEMAND,TRETA-VELL-NAGA-Z01-06868,1
06901,PT-CGJ FTR SPL Valid From : 10-Sep-2026,PODANUR JN,CHENGALPATTU JN.,TOURIST TRAIN,TRETA-PODA-CHEN-Z03-06901,3
06902,CGL-PTJ FTR SPL Valid From : 11-Sep-2026,CHENGALPATTU JN.,PODANUR JN,TOURIST TRAIN,TRETA-CHEN-PODA-Z03-06902,3
06903,MMM-UDN BGT SPL Valid From : 11-Sep-2026,MANDAPAM,UDHNA JN,TOURIST TRAIN,TRETA-MAND-UDHN-Z16-06903,16
06904,UDN-MMM BGT SPL Valid From : 05-Sep-2026,UDHNA JN,MANDAPAM,TOURIST TRAIN,TRETA-UDHN-MAND-Z20-06904,20
06909,TEN-BSB BGT SPL Valid From : 09-Sep-2026,TIRUNELVELI JN,VARANASI,TOURIST TRAIN,TRETA-TIRU-VARA-Z22-06909,22
06910,BSB-TEN BGT SPL Valid From : 15-Sep-2026,VARANASI,TIRUNELVELI JN,TOURIST TRAIN,TRETA-VARA-TIRU-Z16-06910,16
07001,CHZ TNM SPL,CHARLAPALLI,TIRUVANNAMALAI,TRAIN ON DEMAND,TRETA-CHAR-TIRU-Z15-07001,15
07002,TNM CHZ SPECIAL,TIRUVANNAMALAI,CHARLAPALLI,TRAIN ON DEMAND,TRETA-TIRU-CHAR-Z15-07002,15
07025,CHZ TCNR SPL,CHARLAPALLI,TIRUCHANUR,TRAIN ON DEMAND,TRETA-CHAR-TIRU-Z10-07025,10
07026,TCNR CHZ SPL,TIRUCHANUR,CHARLAPALLI,TRAIN ON DEMAND,TRETA-TIRU-CHAR-Z10-07026,10
07046,SC NHLN SPECIAL,SECUNDERABAD JN,NAHARLAGUN,TRAIN ON DEMAND,TRETA-SECU-NAHA-Z44-07046,44
07047,NHLN SC SPECIAL,NAHARLAGUN,SECUNDERABAD JN,TRAIN ON DEMAND,TRETA-NAHA-SECU-Z44-07047,44
07075,HYB GKP SPL,HYDERABAD,GORAKHPUR JN,TRAIN ON DEMAND,TRETA-HYDE-GORA-Z21-07075,21
07076,GKP HYB SPL,GORAKHPUR JN,HYDERABAD,TRAIN ON DEMAND,TRETA-GORA-HYDE-Z21-07076,21
07091,CHZ  DNR SPECIAL,CHARLAPALLI,DANAPUR,TRAIN ON DEMAND,TRETA-CHAR-DANA-Z17-07091,17
07092,DNR  CHZ SPL,DANAPUR,CHARLAPALLI,TRAIN ON DEMAND,TRETA-DANA-CHAR-Z17-07092,17
07097,HYB-MAQ Valid From : 09-Sep-2026,HYDERABAD,MANGALORE CENTRAL,TRAIN ON DEMAND,TRETA-HYDE-MANG-Z31-07097,31
07098,MAQ-HYB Valid From : 09-Sep-2026,MANGALORE CENTRAL,HYDERABAD,TRAIN ON DEMAND,TRETA-MANG-HYDE-Z31-07098,31
07125,CHZ VLNK SPL,CHARLAPALLI,VELLANKANNI,TRAIN ON DEMAND,TRETA-CHAR-VELL-Z19-07125,19
07126,VLNK CHZ SPECIAL,VELLANKANNI,CHARLAPALLI,TRAIN ON DEMAND,TRETA-VELL-CHAR-Z19-07126,19
07127,CHZ VLNK SPL Valid From : 08-Sep-2026,CHARLAPALLI,VELLANKANNI,TRAIN ON DEMAND,TRETA-CHAR-VELL-Z20-07127,20
07128,VLNK-CHZ Valid From : 09-Sep-2026,VELLANKANNI,CHARLAPALLI,TRAIN ON DEMAND,TRETA-VELL-CHAR-Z20-07128,20
07193,HYB-QLN,HYDERABAD,KOLLAM JN,TRAIN ON DEMAND,TRETA-HYDE-KOLL-Z35-07193,35
07194,QLN HYB SPL,KOLLAM JN,HYDERABAD,TRAIN ON DEMAND,TRETA-KOLL-HYDE-Z35-07194,35
07195,CHZ QLN SPL,CHARLAPALLI,KOLLAM JN,TRAIN ON DEMAND,TRETA-CHAR-KOLL-Z27-07195,27
07196,QLN CHZ SPECIAL,KOLLAM JN,CHARLAPALLI,TRAIN ON DEMAND,TRETA-KOLL-CHAR-Z27-07196,27
07218,SMET MTM SPL,SHIMOGA TOWN,MACHILIPATNAM,TRAIN ON DEMAND,TRETA-SHIM-MACH-Z24-07218,24
07219,SMET GTL SPL,SHIMOGA TOWN,GUNTAKAL JN,TRAIN ON DEMAND,TRETA-SHIM-GUNT-Z13-07219,13
07220,GTL SMET SPL,GUNTAKAL JN,SHIMOGA TOWN,TRAIN ON DEMAND,TRETA-GUNT-SHIM-Z13-07220,13
07221,CHZ-SRC,CHARLAPALLI,SANTRAGACHI JN,TRAIN ON DEMAND,TRETA-CHAR-SANT-Z26-07221,26
07222,SRC CHZ SPL,SANTRAGACHI JN,CHARLAPALLI,TRAIN ON DEMAND,TRETA-SANT-CHAR-Z26-07222,26
07227,GNT-VKB TOD SPL Valid From : 14-Sep-2026,GUNTUR JN,VIKARABAD JN,TRAIN ON DEMAND,TRETA-GUNT-VIKA-Z10-07227,10
07228,VKB - GNT TOD SPL,VIKARABAD JN,GUNTUR JN,TRAIN ON DEMAND,TRETA-VIKA-GUNT-Z10-07228,10
07235,HYB-SKZR,SECUNDERABAD JN,SIRPUR KAGHAZNAGAR,TRAIN ON DEMAND,TRETA-SECU-SIRP-Z11-07235,11
07236,SKZR-HYB,SIRPUR KAGHAZNAGAR,HYDERABAD,TRAIN ON DEMAND,TRETA-SIRP-HYDE-Z12-07236,12
07313,UBL QLN SPL,SSS HUBBALLI JN,KOLLAM JN,TRAIN ON DEMAND,TRETA-SSS_-KOLL-Z25-07313,25
07314,QLN UBL SPL,KOLLAM JN,SSS HUBBALLI JN,TRAIN ON DEMAND,TRETA-KOLL-SSS_-Z25-07314,25
07341,UBL CMGR SPL,SSS HUBBALLI JN,CHIKKAMAGALURU,TRAIN ON DEMAND,TRETA-SSS_-CHIK-Z17-07341,17
07342,CMGR  UBL SPL,CHIKKAMAGALURU,SSS HUBBALLI JN,TRAIN ON DEMAND,TRETA-CHIK-SSS_-Z17-07342,17
07343,HPT-ASK UR DEMU SPL,HOSAPETE JUNCTION,ARSIKERE JN,TRAIN ON DEMAND,TRETA-HOSA-ARSI-Z28-07343,28
07344,ASK-HPT UR DEMU SPL,ARSIKERE JN,HOSAPETE JUNCTION,TRAIN ON DEMAND,TRETA-ARSI-HOSA-Z28-07344,28
07355,UBL RMM EXP,SSS HUBBALLI JN,RAMESWARAM,TRAIN ON DEMAND,TRETA-SSS_-RAME-Z22-07355,22
07356,RMM UBL SPECIAL,RAMESWARAM,SSS HUBBALLI JN,TRAIN ON DEMAND,TRETA-RAME-SSS_-Z22-07356,22
07361,VSG VLNK SPL,VASCO DA GAMA,VELLANKANNI,TRAIN ON DEMAND,TRETA-VASC-VELL-Z24-07361,24
07362,VLNK VSG SPECIAL,VELLANKANNI,VASCO DA GAMA,TRAIN ON DEMAND,TRETA-VELL-VASC-Z24-07362,24
07365,VSG VLNK SPL Valid From : 06-Sep-2026,VASCO DA GAMA,VELLANKANNI,TRAIN ON DEMAND,TRETA-VASC-VELL-Z23-07365,23
07366,VLNK-VSG EXP SPL Valid From : 09-Sep-2026,VELLANKANNI,VASCO DA GAMA,TRAIN ON DEMAND,TRETA-VELL-VASC-Z23-07366,23
07425,SC-CHE,SECUNDERABAD JN,SRIKAKULAM ROAD,TRAIN ON DEMAND,TRETA-SECU-SRIK-Z21-07425,21
07426,CHE SC SPL,SRIKAKULAM ROAD,SECUNDERABAD JN,TRAIN ON DEMAND,TRETA-SRIK-SECU-Z21-07426,21
07439,TCNR-MTM BI-WEEKLY TOD SP Valid From : 12-Sep-2026,TIRUCHANUR,MACHILIPATNAM,TRAIN ON DEMAND,TRETA-TIRU-MACH-Z08-07439,8
07440,MTM-TCNR BI-WEEKLY TOD SP Valid From : 11-Sep-2026,MACHILIPATNAM,TIRUCHANUR,TRAIN ON DEMAND,TRETA-MACH-TIRU-Z08-07440,8
07603,NED TCNR SPL,NANDED,TIRUCHANUR,TRAIN ON DEMAND,TRETA-NAND-TIRU-Z21-07603,21
07604,TCNR NED SPL,TIRUCHANUR,NANDED,TRAIN ON DEMAND,TRETA-TIRU-NAND-Z21-07604,21
07607,NED-HDP Valid From : 20-Sep-2026,NANDED,HADAPSAR,TRAIN ON DEMAND,TRETA-NAND-HADA-Z12-07607,12
07608,HDP-NED Valid From : 21-Sep-2026,HADAPSAR,NANDED,TRAIN ON DEMAND,TRETA-HADA-NAND-Z11-07608,11
07659,NED SWV Valid From : 12-Sep-2026,NANDED,SAWANTWADI ROAD,TRAIN ON DEMAND,TRETA-NAND-SAWA-Z26-07659,26
07660,SWV NED TOD Valid From : 14-Sep-2026,SAWANTWADI ROAD,NANDED,TRAIN ON DEMAND,TRETA-SAWA-NAND-Z26-07660,26
07814,TPTY-J,JALNA,TIRUPATI,TRAIN ON DEMAND,TRETA-JALN-TIRU-Z25-07814,25
07815,TPTY-JALNA,TIRUPATI,JALNA,TRAIN ON DEMAND,TRETA-TIRU-JALN-Z25-07815,25
08045,SHM CHZ SPL,SHALIMAR,CHARLAPALLI,TRAIN ON DEMAND,TRETA-SHAL-CHAR-Z24-08045,24
08046,CHZ SHM SPL,CHARLAPALLI,SHALIMAR,TRAIN ON DEMAND,TRETA-CHAR-SHAL-Z24-08046,24
08047,SRC-NHLN SPECIAL Valid From : 11-Sep-2026,SANTRAGACHI JN,NAHARLAGUN,TRAIN ON DEMAND,TRETA-SANT-NAHA-Z22-08047,22
08048,NHLN-SRC SPECIAL Valid From : 12-Sep-2026,NAHARLAGUN,SANTRAGACHI JN,TRAIN ON DEMAND,TRETA-NAHA-SANT-Z22-08048,22
08117,PKU-DGHA EMU SPECIAL,PANSKURA,DIGHA,EMU,TRETA-PANS-DIGH-Z17-08117,17
08118,DGHA-PKU EMU SPECIAL,DIGHA,PANSKURA,EMU,TRETA-DIGH-PANS-Z17-08118,17
08311,SBP-PTJ SPECIAL Valid From : 09-Sep-2026,SAMBALPUR JN.,PODANUR JN,TRAIN ON DEMAND,TRETA-SAMB-PODA-Z31-08311,31
08312,PTJ-SBP SPECIAL Valid From : 11-Sep-2026,PODANUR JN,SAMBALPUR JN.,TRAIN ON DEMAND,TRETA-PODA-SAMB-Z31-08312,31
08443,BBSN-AYC BNTYY SPECIAL,BHUBANESWAR NEW JN,AYODHYA CANTT,TOURIST TRAIN,TRETA-BHUB-AYOD-Z02-08443,2
08444,AYC-BBSN BNTYY SPECIAL,AYODHYA CANTT,BHUBANESWAR NEW JN,TOURIST TRAIN,TRETA-AYOD-BHUB-Z01-08444,1
08493,BAM-AYC BNTYY BGT SPECIAL,BRAHMAPUR,AYODHYA CANTT,TOURIST TRAIN,TRETA-BRAH-AYOD-Z02-08493,2
08494,AYC-BAM BNTYY BGT SPECIAL,AYODHYA CANTT,BRAHMAPUR,TOURIST TRAIN,TRETA-AYOD-BRAH-Z01-08494,1
08507,SHM VSKP SPL Valid From : 02-Sep-2026,SHALIMAR,VISAKHAPATNAM,TRAIN ON DEMAND,TRETA-SHAL-VISA-Z16-08507,16
08508,VSKP SHM SPL,VISAKHAPATNAM,SHALIMAR,TRAIN ON DEMAND,TRETA-VISA-SHAL-Z16-08508,16
08509,TPTY VSKP SPL,TIRUPATI,VISAKHAPATNAM,TRAIN ON DEMAND,TRETA-TIRU-VISA-Z19-08509,19
08510,VSKP TPTY SPL,VISAKHAPATNAM,TIRUPATI,TRAIN ON DEMAND,TRETA-VISA-TIRU-Z19-08510,19
08581,VSKP SMVB SPL,VISAKHAPATNAM,SMVT BENGALURU,TRAIN ON DEMAND,TRETA-VISA-SMVT-Z17-08581,17
08582,SMVB VSKP SPL,SMVT BENGALURU,VISAKHAPATNAM,TRAIN ON DEMAND,TRETA-SMVT-VISA-Z17-08582,17
08611,SRC AII SPL,SANTRAGACHI JN,AJMER JN,TRAIN ON DEMAND,TRETA-SANT-AJME-Z36-08611,36
08612,AII SRC SPL,AJMER JN,SANTRAGACHI JN,TRAIN ON DEMAND,TRETA-AJME-SANT-Z36-08612,36
08631,HTE-BANO SPECIAL,HATIA,BANO,TRAIN ON DEMAND,TRETA-HATI-BANO-Z10-08631,10
08632,BANO-HTE SPECIAL,BANO,HATIA,TRAIN ON DEMAND,TRETA-BANO-HATI-Z10-08632,10
08645,BGP RNC SPL,BHAGALPUR,RANCHI,TRAIN ON DEMAND,TRETA-BHAG-RANC-Z13-08645,13
08646,RNC BGP SPL,RANCHI,BHAGALPUR,TRAIN ON DEMAND,TRETA-RANC-BHAG-Z13-08646,13
08689,BGP RNC SPL,BHAGALPUR,RANCHI,TRAIN ON DEMAND,TRETA-BHAG-RANC-Z17-08689,17
08690,RNC BGP SPL,RANCHI,BHAGALPUR,TRAIN ON DEMAND,TRETA-RANC-BHAG-Z17-08690,17
08814,MTJ-CWA BHART GOURAV,MATHURA JN.,CHHINDWARA JN,TOURIST TRAIN,TRETA-MATH-CHHI-Z05-08814,5
08853,BSP-AYC SPECIAL Valid From : 09-Sep-2026,BILASPUR JN.,AYODHYA CANTT,TOURIST TRAIN,TRETA-BILA-AYOD-Z06-08853,6
08854,AYC-BSP SPECIAL Valid From : 11-Sep-2026,AYODHYA CANTT,BILASPUR JN.,TOURIST TRAIN,TRETA-AYOD-BILA-Z06-08854,6
09013,MMCT - TOK SPECIAL,MUMBAI CENTRAL,THOKUR,TRAIN ON DEMAND,TRETA-MUMB-THOK-Z31-09013,31
09014,TOK - MMCT SPECIAL Valid From : 09-Sep-2026,THOKUR,MUMBAI CENTRAL,TRAIN ON DEMAND,TRETA-THOK-MUMB-Z31-09014,31
09019,MMCT - SWV SPECIAL Valid From : 09-Sep-2026,MUMBAI CENTRAL,SAWANTWADI ROAD,TRAIN ON DEMAND,TRETA-MUMB-SAWA-Z25-09019,25
09020,SWV - MMCT SPECIAL Valid From : 10-Sep-2026,SAWANTWADI ROAD,MUMBAI CENTRAL,TRAIN ON DEMAND,TRETA-SAWA-MUMB-Z25-09020,25
09021,RN - UDN SPECIAL Valid From : 10-Sep-2026,RATNAGIRI,UDHNA JN,TRAIN ON DEMAND,TRETA-RATN-UDHN-Z15-09021,15
09022,UDHANA-RATNAGIRI SPECIAL Valid From : 10-Sep-2026,UDHNA JN,RATNAGIRI,TRAIN ON DEMAND,TRETA-UDHN-RATN-Z15-09022,15
09023,BDTS PIT SF SPL,BANDRA TERMINUS,PALITANA,TRAIN ON DEMAND,TRETA-BAND-PALI-Z12-09023,12
09024,PIT BDTS SF SPL,PALITANA,BANDRA TERMINUS,TRAIN ON DEMAND,TRETA-PALI-BAND-Z12-09024,12
09029,RATNAGIRI-VALSAD SPECIAL Valid From : 15-Sep-2026,RATNAGIRI,VALSAD,TRAIN ON DEMAND,TRETA-RATN-VALS-Z16-09029,16
09030,VALSAD-RATNAGIRI SPECIAL Valid From : 14-Sep-2026,VALSAD,RATNAGIRI,TRAIN ON DEMAND,TRETA-VALS-RATN-Z16-09030,16
09031,UDN HPO SPL,UDHNA JN,HASANPUR ROAD JUNCTION,TRAIN ON DEMAND,TRETA-UDHN-HASA-Z25-09031,25
09032,HPO UDN SPL,HASANPUR ROAD JUNCTION,UDHNA JN,TRAIN ON DEMAND,TRETA-HASA-UDHN-Z25-09032,25
09033,UDN - MLDT SPECIAL,UDHNA JN,MALDA TOWN,TRAIN ON DEMAND,TRETA-UDHN-MALD-Z26-09033,26
09034,MLDT - UDN SPECIAL,MALDA TOWN,UDHNA JN,TRAIN ON DEMAND,TRETA-MALD-UDHN-Z26-09034,26
09035,BDTS - RN SPECIAL Valid From : 10-Sep-2026,BANDRA TERMINUS,RATNAGIRI,TRAIN ON DEMAND,TRETA-BAND-RATN-Z14-09035,14
09036,RN - BDTS SPECIAL Valid From : 11-Sep-2026,RATNAGIRI,BANDRA TERMINUS,TRAIN ON DEMAND,TRETA-RATN-BAND-Z14-09036,14
09045,UDN  MBI SPL,UDHNA JN,MADHUBANI,TRAIN ON DEMAND,TRETA-UDHN-MADH-Z22-09045,22
09046,MBI UDN SUMM SPL,MADHUBANI,UDHNA JN,TRAIN ON DEMAND,TRETA-MADH-UDHN-Z22-09046,22
09047,UDN JJP SPL,UDHNA JN,JHANJHARPUR,TRAIN ON DEMAND,TRETA-UDHN-JHAN-Z22-09047,22
09048,JJP UDN SUMM SPL Valid From : 27-Jul-2026,JHANJHARPUR,UDHNA JN,TRAIN ON DEMAND,TRETA-JHAN-UDHN-Z22-09048,22
09049,DDR BSL SPECIAL,DADAR,BHUSAVAL JN,TRAIN ON DEMAND,TRETA-DADA-BHUS-Z19-09049,19
09050,BSL DDR SPECIAL,BHUSAVAL JN,DADAR,TRAIN ON DEMAND,TRETA-BHUS-DADA-Z19-09050,19
09060,VLNK BDTS SPL,VELLANKANNI,BANDRA TERMINUS,TRAIN ON DEMAND,TRETA-VELL-BAND-Z28-09060,28
09061,BL VLNK SPL,VALSAD,VELLANKANNI,TRAIN ON DEMAND,TRETA-VALS-VELL-Z30-09061,30
09062,VLNK DRD SPECIAL Valid From : 08-Sep-2026,VELLANKANNI,DAHANU ROAD,TRAIN ON DEMAND,TRETA-VELL-DAHA-Z28-09062,28
09065,ST CPR SPL,SURAT,CHHAPRA,TRAIN ON DEMAND,TRETA-SURA-CHHA-Z16-09065,16
09066,CPR ST SPECIAL,CHHAPRA,SURAT,TRAIN ON DEMAND,TRETA-CHHA-SURA-Z16-09066,16
09079,MMCT INDB SF SPL Valid From : 06-Sep-2026,MUMBAI CENTRAL,INDORE JN,TRAIN ON DEMAND,TRETA-MUMB-INDO-Z08-09079,8
09080,INDB MMCT SF SPL Valid From : 07-Sep-2026,INDORE JN,MUMBAI CENTRAL,TRAIN ON DEMAND,TRETA-INDO-MUMB-Z08-09080,8
09085,MMCT INDB AC SPL Valid From : 07-Sep-2026,MUMBAI CENTRAL,INDORE JN,TRAIN ON DEMAND,TRETA-MUMB-INDO-Z08-09085,8
09086,INDB MMCT AC SUP Valid From : 08-Sep-2026,INDORE JN,MUMBAI CENTRAL,TRAIN ON DEMAND,TRETA-INDO-MUMB-Z08-09086,8
09087,MMCT-ADI SUPERFAST SPL Valid From : 09-Sep-2026,MUMBAI CENTRAL,AHMEDABAD JN,TRAIN ON DEMAND,TRETA-MUMB-AHME-Z05-09087,5
09088,ADI - MMCT SUPERFAST SPL Valid From : 10-Sep-2026,AHMEDABAD JN,MUMBAI CENTRAL,TRAIN ON DEMAND,TRETA-AHME-MUMB-Z05-09088,5
09106,TDRD - PRTN INGL SPECIAL,TANDA ROAD,PRATAPNAGAR,INAUGURAL SPECIAL,TRETA-TAND-PRAT-Z13-09106,13
09109,RN - VS SPECIAL Valid From : 10-Sep-2026,RATNAGIRI,VISHVAMITRI JN.,TRAIN ON DEMAND,TRETA-RATN-VISH-Z19-09109,19
09110,VS - RN SPECIAL Valid From : 09-Sep-2026,VISHVAMITRI JN.,RATNAGIRI,TRAIN ON DEMAND,TRETA-VISH-RATN-Z19-09110,19
09111,BRC GKP SPL,VADODARA JN,GORAKHPUR JN,TRAIN ON DEMAND,TRETA-VADO-GORA-Z17-09111,17
09112,GKP BRC SPL,GORAKHPUR JN,VADODARA JN,TRAIN ON DEMAND,TRETA-GORA-VADO-Z17-09112,17
09113,RN - BRC SPECIAL Valid From : 09-Sep-2026,RATNAGIRI,VADODARA JN,TRAIN ON DEMAND,TRETA-RATN-VADO-Z19-09113,19
09114,BRC - RN SPECIAL,VADODARA JN,RATNAGIRI,TRAIN ON DEMAND,TRETA-VADO-RATN-Z19-09114,19
09119,PRTN LKU SF SPL,PRATAPNAGAR,LALKUA JN.,TRAIN ON DEMAND,TRETA-PRAT-LALK-Z17-09119,17
09120,LKU PRTN SF SPL,LALKUA JN.,PRATAPNAGAR,TRAIN ON DEMAND,TRETA-LALK-PRAT-Z17-09120,17
09123,RN - VS GANPATI SPL Valid From : 14-Sep-2026,RATNAGIRI,VISHVAMITRI JN.,TRAIN ON DEMAND,TRETA-RATN-VISH-Z17-09123,17
09124,VS - RN SPECIAL Valid From : 14-Sep-2026,VISHVAMITRI JN.,RATNAGIRI,TRAIN ON DEMAND,TRETA-VISH-RATN-Z17-09124,17
09127,ANND - DK SPECIAL,ANAND JN,DAKOR,TRAIN ON DEMAND,TRETA-ANAN-DAKO-Z02-09127,2
09128,DK - ANND SPECIAL,DAKOR,ANAND JN,TRAIN ON DEMAND,TRETA-DAKO-ANAN-Z02-09128,2
09151,UDN MBI SPL,UDHNA JN,MADHUBANI,TRAIN ON DEMAND,TRETA-UDHN-MADH-Z27-09151,27
09152,MBI UDN SPL,MADHUBANI,UDHNA JN,TRAIN ON DEMAND,TRETA-MADH-UDHN-Z27-09152,27
09183,MMCT BNRS SPL,MUMBAI CENTRAL,BANARAS,TRAIN ON DEMAND,TRETA-MUMB-BANA-Z25-09183,25
09184,BNRS MMCT SPL,BANARAS,MUMBAI CENTRAL,TRAIN ON DEMAND,TRETA-BANA-MUMB-Z25-09184,25
09185,MMCT CPA SF SPL,MUMBAI CENTRAL,KANPUR ANWRGANJ,TRAIN ON DEMAND,TRETA-MUMB-KANP-Z17-09185,17
09186,CPA MMCT SF SPL,KANPUR ANWRGANJ,MUMBAI CENTRAL,TRAIN ON DEMAND,TRETA-KANP-MUMB-Z16-09186,16
09189,MMCT KIR SPECIAL,MUMBAI CENTRAL,KATIHAR JN,TRAIN ON DEMAND,TRETA-MUMB-KATI-Z28-09189,28
09190,KIR MMCT SPL Valid From : 08-Sep-2026,KATIHAR JN,MUMBAI CENTRAL,TRAIN ON DEMAND,TRETA-KATI-MUMB-Z27-09190,27
09195,PRTN MAU SF SPL,PRATAPNAGAR,MAU JN,TRAIN ON DEMAND,TRETA-PRAT-MAU_-Z19-09195,19
09196,MAU BRC SF SPL,MAU JN,PRATAPNAGAR,TRAIN ON DEMAND,TRETA-MAU_-PRAT-Z19-09196,19
09203,VERAVAL-HARIDWAR SPECIAL Valid From : 20-Oct-2026,VERAVAL,HARIDWAR JN,TRAIN ON DEMAND,TRETA-VERA-HARI-Z30-09203,30
09204,HARIDWAR-VERAVAL SPECIAL Valid From : 21-Oct-2026,HARIDWAR JN,VERAVAL,TRAIN ON DEMAND,TRETA-HARI-VERA-Z30-09204,30
09207,BDTS BVC SPL,BANDRA TERMINUS,BHAVNAGAR TERMINUS,TRAIN ON DEMAND,TRETA-BAND-BHAV-Z13-09207,13
09208,BVC BDTS SPL,BHAVNAGAR TERMINUS,BANDRA TERMINUS,TRAIN ON DEMAND,TRETA-BHAV-BAND-Z13-09208,13
09227,SUNR - BTD SPECIAL,SURENDRANAGAR,BOTAD JN,TRAIN ON DEMAND,TRETA-SURE-BOTA-Z08-09227,8
09228,BTD - SUNR SPECIAL,BOTAD JN,SURENDRANAGAR,TRAIN ON DEMAND,TRETA-BOTA-SURE-Z08-09228,8
09257,BHAVNAGAR-SHAKURBASTI SPL Valid From : 16-Oct-2026,BHAVNAGAR TERMINUS,SHAKURBASTI,TRAIN ON DEMAND,TRETA-BHAV-SHAK-Z23-09257,23
09258,SHAKURBASTI-BHAVNAGAR SPL Valid From : 17-Oct-2026,SHAKURBASTI,BHAVNAGAR TERMINUS,TRAIN ON DEMAND,TRETA-SHAK-BHAV-Z24-09258,24
09305,UJN - SHRN SPECIAL,UJJAIN JN,SANT HIRDARAM NAGAR JUNCTION,TRAIN ON DEMAND,TRETA-UJJA-SANT-Z09-09305,9
09306,SHRN - UJN SPECIAL,SANT HIRDARAM NAGAR JUNCTION,UJJAIN JN,TRAIN ON DEMAND,TRETA-SANT-UJJA-Z09-09306,9
09307,UJN - BPL SPECIAL Valid From : 28-Jul-2026,UJJAIN JN,BHOPAL JN.,TRAIN ON DEMAND,TRETA-UJJA-BHOP-Z10-09307,10
09308,BPL - UJN SPECIAL Valid From : 29-Jul-2026,BHOPAL JN.,UJJAIN JN,TRAIN ON DEMAND,TRETA-BHOP-UJJA-Z10-09308,10
09309,INDB NZM SF SPL,INDORE JN,HAZRAT NIZAMUDDIN JN,TRAIN ON DEMAND,TRETA-INDO-HAZR-Z11-09309,11
09310,NZM INDB SPL,HAZRAT NIZAMUDDIN JN,INDORE JN,TRAIN ON DEMAND,TRETA-HAZR-INDO-Z11-09310,11
09313,UJN - SHRN SPECIAL Valid From : 28-Jul-2026,UJJAIN JN,SANT HIRDARAM NAGAR JUNCTION,TRAIN ON DEMAND,TRETA-UJJA-SANT-Z09-09313,9
09314,SHRN - UJN SPECIAL Valid From : 29-Jul-2026,SANT HIRDARAM NAGAR JUNCTION,UJJAIN JN,TRAIN ON DEMAND,TRETA-SANT-UJJA-Z09-09314,9
09323,KK INDORE SPL Valid From : 03-Sep-2026,KHADKI,INDORE JN,TRAIN ON DEMAND,TRETA-KHAD-INDO-Z14-09323,14
09324,INDB KHADKI SPL,INDORE JN,KHADKI,TRAIN ON DEMAND,TRETA-INDO-KHAD-Z14-09324,14
09343,DADN PNBE SPL,DR. AMBEDKAR NAGAR,PATNA JN,TRAIN ON DEMAND,TRETA-DR._-PATN-Z19-09343,19
09344,PNBE  DADN   SPL,PATNA JN,DR. AMBEDKAR NAGAR,TRAIN ON DEMAND,TRETA-PATN-DR._-Z19-09344,19
09409,HERITAGE SPL,AHMEDABAD JN,EKTA NAGAR,TRAIN ON DEMAND,TRETA-AHME-EKTA-Z02-09409,2
09410,ADI HERITAGE SPL,EKTA NAGAR,AHMEDABAD JN,TRAIN ON DEMAND,TRETA-EKTA-AHME-Z05-09410,5
09419,ADI TPJ SPECIAL,AHMEDABAD JN,TIRUCHCHIRAPPALLI JN.,TRAIN ON DEMAND,TRETA-AHME-TIRU-Z33-09419,33
09420,TPJ ADI SPECIAL,TIRUCHCHIRAPPALLI JN.,AHMEDABAD JN,TRAIN ON DEMAND,TRETA-TIRU-AHME-Z32-09420,32
09423,MAJN ADI SPECIAL,MANGALORE JUNCTION,AHMEDABAD JN,TRAIN ON DEMAND,TRETA-MANG-AHME-Z40-09423,40
09424,ADI MAJN SPECIAL,AHMEDABAD JN,MANGALORE JUNCTION,TRAIN ON DEMAND,TRETA-AHME-MANG-Z40-09424,40
09425,SBIB-HW SPECIAL Valid From : 19-Oct-2026,SABARMATI BG,HARIDWAR JN,TRAIN ON DEMAND,TRETA-SABA-HARI-Z23-09425,23
09426,HW-SBIB SPECIAL Valid From : 20-Oct-2026,HARIDWAR JN,SABARMATI BG,TRAIN ON DEMAND,TRETA-HARI-SABA-Z24-09426,24
09451,GIMB BGP SPL,GANDHIDHAM BG,BHAGALPUR,TRAIN ON DEMAND,TRETA-GAND-BHAG-Z34-09451,34
09452,BGP GIMB SPL Valid From : 07-Sep-2026,BHAGALPUR,GANDHIDHAM BG,TRAIN ON DEMAND,TRETA-BHAG-GAND-Z34-09452,34
09465,ADI DBG SPL,AHMEDABAD JN,DARBHANGA JN,TRAIN ON DEMAND,TRETA-AHME-DARB-Z17-09465,17
09466,DBG ADI SPL,DARBHANGA JN,AHMEDABAD JN,TRAIN ON DEMAND,TRETA-DARB-AHME-Z17-09466,17
09521,GNC - DWK SPECIAL,GANDHINAGAR CAPITAL,DWARKA,TRAIN ON DEMAND,TRETA-GAND-DWAR-Z14-09521,14
09522,DWK - GNC SPECIAL,DWARKA,GANDHINAGAR CAPITAL,TRAIN ON DEMAND,TRETA-DWAR-GAND-Z14-09522,14
09523,OKHA-SHAKURBASTI SPECIAL Valid From : 20-Oct-2026,OKHA,SHAKURBASTI,TRAIN ON DEMAND,TRETA-OKHA-SHAK-Z26-09523,26
09524,SHAKURBASTI-OKHA SPECIAL Valid From : 21-Oct-2026,SHAKURBASTI,OKHA,TRAIN ON DEMAND,TRETA-SHAK-OKHA-Z27-09524,27
09525,HAPA NHLN SPL,HAPA,NAHARLAGUN,TRAIN ON DEMAND,TRETA-HAPA-NAHA-Z48-09525,48
09526,NHLN HAPA SPL Valid From : 22-Aug-2026,NAHARLAGUN,HAPA,TRAIN ON DEMAND,TRETA-NAHA-HAPA-Z48-09526,48
09527,RJT - DWK SPECIAL,RAJKOT,DWARKA,TRAIN ON DEMAND,TRETA-RAJK-DWAR-Z06-09527,6
09528,DWK - RJT SPECIAL,DWARKA,RAJKOT,TRAIN ON DEMAND,TRETA-DWAR-RAJK-Z06-09528,6
09533,RJT - DWK SPECIAL,RAJKOT,DWARKA,TRAIN ON DEMAND,TRETA-RAJK-DWAR-Z06-09533,6
09534,DWK - RJT SPECIAL,DWARKA,RAJKOT,TRAIN ON DEMAND,TRETA-DWAR-RAJK-Z06-09534,6
09595,JUNAGADH - CHALALA SPL,JUNAGADH JN,CHALALA,TRAIN ON DEMAND,TRETA-JUNA-CHAL-Z08-09595,8
09596,CHALALA - JUNAGADH SPL,CHALALA,JUNAGADH JN,TRAIN ON DEMAND,TRETA-CHAL-JUNA-Z08-09596,8
09601,MDJN PNBE SPL,MADAR JN,PATNA JN,TRAIN ON DEMAND,TRETA-MADA-PATN-Z17-09601,17
09602,PNBE MDJN SPL,PATNA JN,MADAR JN,TRAIN ON DEMAND,TRETA-PATN-MADA-Z17-09602,17
09609,UDZ-YNRK Valid From : 20-Oct-2026,UDAIPUR CITY,YOG NAGARI RISHIKESH,TRAIN ON DEMAND,TRETA-UDAI-YOG_-Z26-09609,26
09610,YNRK-UDZ Valid From : 21-Oct-2026,YOG NAGARI RISHIKESH,UDAIPUR CITY,TRAIN ON DEMAND,TRETA-YOG_-UDAI-Z27-09610,27
09611,AII YNRK  SPL,AJMER JN,YOG NAGARI RISHIKESH,TRAIN ON DEMAND,TRETA-AJME-YOG_-Z18-09611,18
09612,YNRK AII SPL,YOG NAGARI RISHIKESH,AJMER JN,TRAIN ON DEMAND,TRETA-YOG_-AJME-Z19-09612,19
09633,RE-RGS SPL,REWARI JN.,RINGAS JN,TRAIN ON DEMAND,TRETA-REWA-RING-Z07-09633,7
09634,RGS-RE SPL,RINGAS JN,REWARI JN.,TRAIN ON DEMAND,TRETA-RING-REWA-Z07-09634,7
09639,MDJN-NNL EXPRESS SPL,MADAR JN,NARNAUL,TRAIN ON DEMAND,TRETA-MADA-NARN-Z14-09639,14
09640,NNL-MDJN PASSNGER,NARNAUL,MADAR JN,TRAIN ON DEMAND,TRETA-NARN-MADA-Z14-09640,14
09703,JP-RE SPL,JAIPUR JN.,REWARI JN.,TRAIN ON DEMAND,TRETA-JAIP-REWA-Z13-09703,13
09704,RE-JP SPL,REWARI JN.,JAIPUR JN.,TRAIN ON DEMAND,TRETA-REWA-JAIP-Z13-09704,13
09705,BDTS NONSTOP SF,JAIPUR JN.,BANDRA TERMINUS,TRAIN ON DEMAND,TRETA-JAIP-BAND-Z01-09705,1
09706,BDTS JP SF SPL,BANDRA TERMINUS,JAIPUR JN.,TRAIN ON DEMAND,TRETA-BAND-JAIP-Z01-09706,1
09715,RGS-RE SPL,RINGAS JN,REWARI JN.,TRAIN ON DEMAND,TRETA-RING-REWA-Z05-09715,5
09716,RE-RGS SPL,REWARI JN.,RINGAS JN,TRAIN ON DEMAND,TRETA-REWA-RING-Z05-09716,5
09717,RE-MDJN SPL,REWARI JN.,MADAR JN,TRAIN ON DEMAND,TRETA-REWA-MADA-Z15-09717,15
09718,MDJN-RE SPL,MADAR JN,REWARI JN.,TRAIN ON DEMAND,TRETA-MADA-REWA-Z15-09718,15
09721,JP-MTJ SPL,JAIPUR JN.,MATHURA JN,TRAIN ON DEMAND,TRETA-JAIP-MATH-Z13-09721,13
09722,MTJ-JP SPL,MATHURA JN,JAIPUR JN.,TRAIN ON DEMAND,TRETA-MATH-JAIP-Z13-09722,13
09821,SGAC DHN SPL EXP,SOGARIYA,DHANBAD JN,TRAIN ON DEMAND,TRETA-SOGA-DHAN-Z24-09821,24
09822,DHN SGAC SPL,DHANBAD JN,SOGARIYA,TRAIN ON DEMAND,TRETA-DHAN-SOGA-Z24-09822,24
10103,MANDOVI EXPRESS,C SHIVAJI MAH T,MADGAON JUNCTION,MAIL EXPRESS,TRETA-C_SH-MADG-Z19-10103,19
10104,MANDOVI EXPRESS,MADGAON JUNCTION,C SHIVAJI MAH T,MAIL EXPRESS,TRETA-MADG-C_SH-Z19-10104,19
10105,DIVA SWV EXPRESS,DIVA,SAWANTWADI ROAD,MAIL EXPRESS,TRETA-DIVA-SAWA-Z35-10105,35
10106,SWV DIVA EXPRESS,SAWANTWADI ROAD,DIVA,MAIL EXPRESS,TRETA-SAWA-DIVA-Z35-10106,35
10107,MAO-MAQ MEMU EXPRESS,MADGAON JUNCTION,MANGALORE CENTRAL,MAIL EXPRESS,TRETA-MADG-MANG-Z23-10107,23
10108,MAQ-MAO MEMU EXPRESS,MANGALORE CENTRAL,MADGAON JUNCTION,MAIL EXPRESS,TRETA-MANG-MADG-Z23-10108,23
10109,MAO KAWR SPL,MADGAON JUNCTION,KARWAR,MAIL EXPRESS,TRETA-MADG-KARW-Z02-10109,2
10110,KAWR MAO EXP,KARWAR,MADGAON JUNCTION,MAIL EXPRESS,TRETA-KARW-MADG-Z02-10110,2
10115,BDTS MAO EXPRESS,BANDRA TERMINUS,MADGAON JUNCTION,MAIL EXPRESS,TRETA-BAND-MADG-Z14-10115,14
10116,MAO BDTS EXPRESS,MADGAON JUNCTION,BANDRA TERMINUS,MAIL EXPRESS,TRETA-MADG-BAND-Z14-10116,14
10215,MADGAON ERS EXP,MADGAON JUNCTION,ERNAKULAM JN,SUPERFAST,TRETA-MADG-ERNA-Z13-10215,13
10216,ERS MAO SF EXP,ERNAKULAM JN,MADGAON JUNCTION,SUPERFAST,TRETA-ERNA-MADG-Z13-10216,13
11001,CSMT-BPQ EXP,C SHIVAJI MAH T,BALHARSHAH,MAIL EXPRESS,TRETA-C_SH-BALH-Z28-11001,28
11002,NANDIGRAM EXP,BALHARSHAH,C SHIVAJI MAH T,MAIL EXPRESS,TRETA-BALH-C_SH-Z29-11002,29
11003,TUTARI EXPRESS,DADAR,SAWANTWADI ROAD,MAIL EXPRESS,TRETA-DADA-SAWA-Z41-11003,41
11004,TUTARI EXPRESS,SAWANTWADI ROAD,DADAR,MAIL EXPRESS,TRETA-SAWA-DADA-Z20-11004,20
11005,PUDUCHERRY EXP,DADAR,PONDICHERRY,MAIL EXPRESS,TRETA-DADA-POND-Z39-11005,39
11006,CHALUKYA EXPRESS,PONDICHERRY,DADAR,MAIL EXPRESS,TRETA-POND-DADA-Z38-11006,38
11007,DECCAN EXPRESS,C SHIVAJI MAH T,PUNE JN,MAIL EXPRESS,TRETA-C_SH-PUNE-Z10-11007,10
11008,DECCAN EXPRESS,PUNE JN,C SHIVAJI MAH T,MAIL EXPRESS,TRETA-PUNE-C_SH-Z09-11008,9
11009,SINHAGAD EXP,C SHIVAJI MAH T,PUNE JN,MAIL EXPRESS,TRETA-C_SH-PUNE-Z10-11009,10
11010,SINHAGAD EXP,PUNE JN,C SHIVAJI MAH T,MAIL EXPRESS,TRETA-PUNE-C_SH-Z09-11010,9
11011,CSMT DHULE EXP,C SHIVAJI MAH T,DHULE,MAIL EXPRESS,TRETA-C_SH-DHUL-Z13-11011,13
11012,DHULE CSMT EXP,DHULE,C SHIVAJI MAH T,MAIL EXPRESS,TRETA-DHUL-C_SH-Z13-11012,13
11013,LTT CBE EXPRESS,LOKMANYATILAK,COIMBATORE JN,MAIL EXPRESS,TRETA-LOKM-COIM-Z32-11013,32
11014,CBE LTT EXP,COIMBATORE JN,LOKMANYATILAK,MAIL EXPRESS,TRETA-COIM-LOKM-Z32-11014,32
11015,LTT-SHC AMRIT BHARAT,LOKMANYATILAK,SAHARSA JN,AMRIT BHARAT,TRETA-LOKM-SAHA-Z25-11015,25
11016,SHC-LTT AMRIT BHARAT,SAHARSA JN,LOKMANYATILAK,AMRIT BHARAT,TRETA-SAHA-LOKM-Z25-11016,25
11017,LTT-KIK WEEKLY EXPRESS,LOKMANYATILAK,KARAIKAL,MAIL EXPRESS,TRETA-LOKM-KARA-Z31-11017,31
11018,KARAIKAL LTT EXP,KARAIKAL,LOKMANYATILAK,MAIL EXPRESS,TRETA-KARA-LOKM-Z30-11018,30
11019,CSMT-BBSN KONARK EXPRESS,C SHIVAJI MAH T,BHUBANESWAR NEW JN,MAIL EXPRESS,TRETA-C_SH-BHUB-Z43-11019,43
11020,BBSN-CSMT KONARK EXPRESS,BHUBANESWAR NEW JN,C SHIVAJI MAH T,MAIL EXPRESS,TRETA-BHUB-C_SH-Z44-11020,44
11021,DR-TEN EXPRESS,DADAR,TIRUNELVELI JN,MAIL EXPRESS,TRETA-DADA-TIRU-Z37-11021,37
11022,TEN - DR EXP,TIRUNELVELI JN,DADAR,MAIL EXPRESS,TRETA-TIRU-DADA-Z36-11022,36
11025,PUNE-AMI EXP,PUNE JN,AMRAVATI,MAIL EXPRESS,TRETA-PUNE-AMRA-Z19-11025,19
11026,AMI PUNE EXP,AMRAVATI,PUNE JN,MAIL EXPRESS,TRETA-AMRA-PUNE-Z19-11026,19
11027,DR-STR EXP,DADAR,SATARA,MAIL EXPRESS,TRETA-DADA-SATA-Z28-11027,28
11028,STR-DR EXP,SATARA,DADAR,MAIL EXPRESS,TRETA-SATA-DADA-Z28-11028,28
11029,CSMT-KOP KOYNA EXPRESS,C SHIVAJI MAH T,KOLHAPUR,MAIL EXPRESS,TRETA-C_SH-KOLH-Z29-11029,29
11030,KOP-CSMT KOYNA EXPRESS,KOLHAPUR,C SHIVAJI MAH T,MAIL EXPRESS,TRETA-KOLH-C_SH-Z28-11030,28
11031,PNVL-APDJ AMRIT BHARAT,PANVEL,ALIPUR DUAR JN,AMRIT BHARAT,TRETA-PANV-ALIP-Z36-11031,36
11032,APDJ-PNVL AMRIT BHARAT,ALIPUR DUAR JN,PANVEL,AMRIT BHARAT,TRETA-ALIP-PANV-Z36-11032,36
11033,PUNE-DBG EXP,PUNE JN,DARBHANGA JN,MAIL EXPRESS,TRETA-PUNE-DARB-Z29-11033,29
11034,DBG PUNE EXP,DARBHANGA JN,PUNE JN,MAIL EXPRESS,TRETA-DARB-PUNE-Z29-11034,29
11035,DR-MYS SHARAVATHI EXP,DADAR,MYSORE JN,MAIL EXPRESS,TRETA-DADA-MYSO-Z26-11035,26
11036,MYS-DR SHARAVATI EXP,MYSORE JN,DADAR,MAIL EXPRESS,TRETA-MYSO-DADA-Z25-11036,25
11037,PUNE-GKP EXPRESS,PUNE JN,GORAKHPUR JN,MAIL EXPRESS,TRETA-PUNE-GORA-Z18-11037,18
11038,GKP PUNE EXP,GORAKHPUR JN,PUNE JN,MAIL EXPRESS,TRETA-GORA-PUNE-Z18-11038,18
11039,MAHARASHTRA EXP,KOLHAPUR,GONDIA JN,MAIL EXPRESS,TRETA-KOLH-GOND-Z54-11039,54
11040,MAHARASHTRA EXP,GONDIA JN,KOLHAPUR,MAIL EXPRESS,TRETA-GOND-KOLH-Z107-11040,107
11041,DR SNSI EXP,DADAR,SAINAGAR SHIRDI,MAIL EXPRESS,TRETA-DADA-SAIN-Z13-11041,13
11042,SNSI DR EXP,SAINAGAR SHIRDI,DADAR,MAIL EXPRESS,TRETA-SAIN-DADA-Z13-11042,13
11043,DR BALLIA EXP,DADAR,BALLIA,MAIL EXPRESS,TRETA-DADA-BALL-Z24-11043,24
11044,BUI DR EXP,BALLIA,DADAR,MAIL EXPRESS,TRETA-BALL-DADA-Z24-11044,24
11045,KOP DHN EXP,KOLHAPUR,DHANBAD JN,MAIL EXPRESS,TRETA-KOLH-DHAN-Z40-11045,40
11046,DIKSHABHUMI EXP,DHANBAD JN,KOLHAPUR,MAIL EXPRESS,TRETA-DHAN-KOLH-Z39-11046,39
11047,DR GORAKHPUR EX,DADAR,GORAKHPUR JN,MAIL EXPRESS,TRETA-DADA-GORA-Z26-11047,26
11048,GKP DR EXP,GORAKHPUR JN,DADAR,MAIL EXPRESS,TRETA-GORA-DADA-Z26-11048,26
11049,ADI KOP  EXP,AHMEDABAD JN,KOLHAPUR,MAIL EXPRESS,TRETA-AHME-KOLH-Z17-11049,17
11050,AHEMDABAD EXP,KOLHAPUR,AHMEDABAD JN,MAIL EXPRESS,TRETA-KOLH-AHME-Z17-11050,17
11055,GODAN EXPRESS,LOKMANYATILAK,GORAKHPUR JN,MAIL EXPRESS,TRETA-LOKM-GORA-Z22-11055,22
11056,GODAN EXPRESS,GORAKHPUR JN,LOKMANYATILAK,MAIL EXPRESS,TRETA-GORA-LOKM-Z22-11056,22
11057,CSMT ASR EXPRESS,C SHIVAJI MAH T,AMRITSAR,MAIL EXPRESS,TRETA-C_SH-AMRI-Z79-11057,79
11058,ASR CSMT EXP,AMRITSAR,C SHIVAJI MAH T,MAIL EXPRESS,TRETA-AMRI-C_SH-Z83-11058,83
11059,CHHAPRA EXPRESS,LOKMANYATILAK,CHHAPRA,MAIL EXPRESS,TRETA-LOKM-CHHA-Z25-11059,25
11060,CPR LTT EXPRESS,CHHAPRA,LOKMANYATILAK,MAIL EXPRESS,TRETA-CHHA-LOKM-Z25-11060,25
11061,LTT JAYNAGAR EXP,LOKMANYATILAK,JAYNAGAR,MAIL EXPRESS,TRETA-LOKM-JAYN-Z44-11061,44
11062,JYG LTT EXP,JAYNAGAR,LOKMANYATILAK,MAIL EXPRESS,TRETA-JAYN-LOKM-Z42-11062,42
11071,KAMAYANI EXPRESS,LOKMANYATILAK,BALLIA,MAIL EXPRESS,TRETA-LOKM-BALL-Z49-11071,49
11072,KAMAYANI EXP,BALLIA,LOKMANYATILAK,MAIL EXPRESS,TRETA-BALL-LOKM-Z47-11072,47
11077,JHELUM EXPRESS,PUNE JN,JAMMUTAVI,MAIL EXPRESS,TRETA-PUNE-JAMM-Z64-11077,64
11078,JHELUM EXPRESS,JAMMUTAVI,PUNE JN,MAIL EXPRESS,TRETA-JAMM-PUNE-Z65-11078,65
11079,LTT GKP EXPRESS,LOKMANYATILAK,GORAKHPUR JN,MAIL EXPRESS,TRETA-LOKM-GORA-Z27-11079,27
11080,GKP LTT EXPRESS,GORAKHPUR JN,LOKMANYATILAK,MAIL EXPRESS,TRETA-GORA-LOKM-Z27-11080,27
11081,LTT GKP EXPRESS,LOKMANYATILAK,GORAKHPUR JN,MAIL EXPRESS,TRETA-LOKM-GORA-Z21-11081,21
11082,GKP LTT EXPRESS,GORAKHPUR JN,LOKMANYATILAK,MAIL EXPRESS,TRETA-GORA-LOKM-Z21-11082,21
11085,SMVB GWL EXP,SMVT BENGALURU,GWALIOR JN.,MAIL EXPRESS,TRETA-SMVT-GWAL-Z24-11085,24
11086,GWL SMVB EXPRESS,GWALIOR JN.,SMVT BENGALURU,MAIL EXPRESS,TRETA-GWAL-SMVT-Z24-11086,24
11087,VERAVAL PUNE EXP,VERAVAL,PUNE JN,MAIL EXPRESS,TRETA-VERA-PUNE-Z25-11087,25
11088,PUNE VRL EXP,PUNE JN,VERAVAL,MAIL EXPRESS,TRETA-PUNE-VERA-Z24-11088,24
11089,BGKT PUNE EXP,BHAGAT KI KOTHI,PUNE JN,MAIL EXPRESS,TRETA-BHAG-PUNE-Z26-11089,26
11090,PUNE BGKT EXP,PUNE JN,BHAGAT KI KOTHI,MAIL EXPRESS,TRETA-PUNE-BHAG-Z26-11090,26
11091,BHUJ PUNE SPL,BHUJ,PUNE JN,MAIL EXPRESS,TRETA-BHUJ-PUNE-Z25-11091,25
11092,PUNE BHUJ EXP,PUNE JN,BHUJ,MAIL EXPRESS,TRETA-PUNE-BHUJ-Z24-11092,24
11097,POORNA EXPRESS,PUNE JN,ERNAKULAM JN,MAIL EXPRESS,TRETA-PUNE-ERNA-Z33-11097,33
11098,POORNA EXPRESS,ERNAKULAM JN,PUNE JN,MAIL EXPRESS,TRETA-ERNA-PUNE-Z32-11098,32
11099,LTT MADGAON EXP,LOKMANYATILAK,MADGAON JUNCTION,MAIL EXPRESS,TRETA-LOKM-MADG-Z11-11099,11
11100,MADGAON LTT EXP,MADGAON JUNCTION,LOKMANYATILAK,MAIL EXPRESS,TRETA-MADG-LOKM-Z11-11100,11
11107,BUNDELKHAND EXP,GWALIOR JN.,BANARAS,MAIL EXPRESS,TRETA-GWAL-BANA-Z28-11107,28
11108,BUNDELKHAND EXP,BANARAS,GWALIOR JN.,MAIL EXPRESS,TRETA-BANA-GWAL-Z34-11108,34
11109,LJN INTERCITY,VIRANGANA LAKSHMIBAI JHANSI JN,LUCKNOW,MAIL EXPRESS,TRETA-VIRA-LUCK-Z10-11109,10
11110,JHS INTERCITY,LUCKNOW,VIRANGANA LAKSHMIBAI JHANSI JN,MAIL EXPRESS,TRETA-LUCK-VIRA-Z10-11110,10
11113,DVL-BSL EXP,DEVLALI,BHUSAVAL JN,MAIL EXPRESS,TRETA-DEVL-BHUS-Z22-11113,22
11114,BSL-DVL EXP,BHUSAVAL JN,DEVLALI,MAIL EXPRESS,TRETA-BHUS-DEVL-Z22-11114,22
11115,BSL ET MEMU,BHUSAVAL JN,ITARSI JN,MAIL EXPRESS,TRETA-BHUS-ITAR-Z28-11115,28
11116,ET BSL MEMU,ITARSI JN,BHUSAVAL JN,MAIL EXPRESS,TRETA-ITAR-BHUS-Z28-11116,28
11119,BSL-IGP MEMU,IGATPURI,BHUSAVAL JN,MAIL EXPRESS,TRETA-IGAT-BHUS-Z28-11119,28
11120,IGP MEMU,BHUSAVAL JN,IGATPURI,MAIL EXPRESS,TRETA-BHUS-IGAT-Z28-11120,28
11121,BSL-WR EXP,BHUSAVAL JN,WARDHA JN,MAIL EXPRESS,TRETA-BHUS-WARD-Z27-11121,27
11122,WR-BSL EXP,WARDHA JN,BHUSAVAL JN,MAIL EXPRESS,TRETA-WARD-BHUS-Z27-11122,27
11123,GWL BJU EXPRESS,GWALIOR JN.,BARAUNI JN,MAIL EXPRESS,TRETA-GWAL-BARA-Z44-11123,44
11124,BJU GWL MAIL,BARAUNI JN,GWALIOR JN.,MAIL EXPRESS,TRETA-BARA-GWAL-Z42-11124,42
11125,RTM GWALIOR EXP,RATLAM JN,GWALIOR JN.,MAIL EXPRESS,TRETA-RATL-GWAL-Z17-11125,17
11126,GWL RTM EXPRESS,GWALIOR JN.,RATLAM JN,MAIL EXPRESS,TRETA-GWAL-RATL-Z17-11126,17
11139,CSMT HPT EXP,C SHIVAJI MAH T,HOSAPETE JUNCTION,SUPERFAST,TRETA-C_SH-HOSA-Z31-11139,31
11140,HPT CSMT EXP,HOSAPETE JUNCTION,C SHIVAJI MAH T,SUPERFAST,TRETA-HOSA-C_SH-Z15-11140,15
11201,NGP SDL EXPRESS,NAGPUR JN.,SHAHDOL,MAIL EXPRESS,TRETA-NAGP-SHAH-Z11-11201,11
11202,SDL NGP EXPRESS,SHAHDOL,NAGPUR JN.,MAIL EXPRESS,TRETA-SHAH-NAGP-Z11-11202,11
11203,NGP MAO EXPRESS,NAGPUR JN.,MADGAON JUNCTION,MAIL EXPRESS,TRETA-NAGP-MADG-Z25-11203,25
11204,MAO NGP EXPRESS,MADGAON JUNCTION,NAGPUR JN.,MAIL EXPRESS,TRETA-MADG-NAGP-Z25-11204,25
11265,MML ABKP EXP,MADAN MAHAL,AMBIKAPUR,MAIL EXPRESS,TRETA-MADA-AMBI-Z14-11265,14
11266,ABKP MML EXP,AMBIKAPUR,MADAN MAHAL,MAIL EXPRESS,TRETA-AMBI-MADA-Z14-11266,14
11271,VINDHYACHAL EXP,ITARSI JN,BHOPAL JN.,MAIL EXPRESS,TRETA-ITAR-BHOP-Z39-11271,39
11272,VINDHYACHAL EXP,BHOPAL JN.,ITARSI JN,MAIL EXPRESS,TRETA-BHOP-ITAR-Z39-11272,39
11273,ET PCOI EXP,ITARSI JN,PRAYAGRAJ CHHEOKI,MAIL EXPRESS,TRETA-ITAR-PRAY-Z56-11273,56
11274,PCOI ET EXPRESS,PRAYAGRAJ CHHEOKI,ITARSI JN,MAIL EXPRESS,TRETA-PRAY-ITAR-Z56-11274,56
11301,UDYAN EXPRESS,C SHIVAJI MAH T,KSR BENGALURU,MAIL EXPRESS,TRETA-C_SH-KSR_-Z33-11301,33
11302,UDYAN EXP,KSR BENGALURU,C SHIVAJI MAH T,MAIL EXPRESS,TRETA-KSR_-C_SH-Z32-11302,32
11303,LTT SUR EXP,LOKMANYATILAK,SOLAPUR JN,MAIL EXPRESS,TRETA-LOKM-SOLA-Z18-11303,18
11304,SUR LTT EXP,SOLAPUR JN,LOKMANYATILAK,MAIL EXPRESS,TRETA-SOLA-LOKM-Z18-11304,18
11311,SUR HASAN EXP,SOLAPUR JN,HASSAN,MAIL EXPRESS,TRETA-SOLA-HASS-Z19-11311,19
11312,HAS SUR EXP,HASSAN,SOLAPUR JN,MAIL EXPRESS,TRETA-HASS-SOLA-Z18-11312,18
11313,ANAKAPALLE EXP,SOLAPUR JN,ANAKAPALLE,MAIL EXPRESS,TRETA-SOLA-ANAK-Z33-11313,33
11314,AKP SUR EXPRESS,ANAKAPALLE,SOLAPUR JN,MAIL EXPRESS,TRETA-ANAK-SOLA-Z33-11314,33
11401,PUNE SUPAUL EXP,PUNE JN,SUPAUL,MAIL EXPRESS,TRETA-PUNE-SUPA-Z33-11401,33
11402,SOU PUNE EXP,SUPAUL JUNCTION,PUNE JN,MAIL EXPRESS,TRETA-SUPA-PUNE-Z33-11402,33
11403,NGP KOP EXPRESS,NAGPUR JN.,KOLHAPUR,MAIL EXPRESS,TRETA-NAGP-KOLH-Z23-11403,23
11404,KOP NAGPUR EXP,KOLHAPUR,NAGPUR JN.,MAIL EXPRESS,TRETA-KOLH-NAGP-Z23-11404,23
11405,PUNE AMI EXP,PUNE JN,AMRAVATI,MAIL EXPRESS,TRETA-PUNE-AMRA-Z20-11405,20
11406,AMI PUNE EXPRES,AMRAVATI,PUNE JN,MAIL EXPRESS,TRETA-AMRA-PUNE-Z20-11406,20
11407,PUNE LUCKNOW EXP,PUNE JN,LUCKNOW,MAIL EXPRESS,TRETA-PUNE-LUCK-Z16-11407,16
11408,LJN PUNE EXP,LUCKNOW,PUNE JN,MAIL EXPRESS,TRETA-LUCK-PUNE-Z16-11408,16
11409,DD-NZB EXP,DAUND JN,NIZAMABAD JN.,MAIL EXPRESS,TRETA-DAUN-NIZA-Z36-11409,36
11410,NZB-PUNE EXP,NIZAMABAD JN.,PUNE JN,MAIL EXPRESS,TRETA-NIZA-PUNE-Z45-11410,45
11411,PRLI-SLI DMU,PARLI VAIJNATH,SANGLI,MAIL EXPRESS,TRETA-PARL-SANG-Z23-11411,23
11412,SLI - PRLI DMU EXP,SANGLI,PARLI VAIJNATH,MAIL EXPRESS,TRETA-SANG-PARL-Z23-11412,23
11413,NZB-PVR EXP,NIZAMABAD JN.,PANDHARPUR,MAIL EXPRESS,TRETA-NIZA-PAND-Z41-11413,41
11414,PVR-NZB EXP,PANDHARPUR,NIZAMABAD JN.,MAIL EXPRESS,TRETA-PAND-NIZA-Z41-11414,41
11415,SUR-HPT EXP,SOLAPUR JN,HOSAPETE JUNCTION,MAIL EXPRESS,TRETA-SOLA-HOSA-Z47-11415,47
11416,GDG-SUR EXP,HOSAPETE JUNCTION,SOLAPUR JN,MAIL EXPRESS,TRETA-HOSA-SOLA-Z41-11416,41
11417,PUNE SUR EXP,PUNE JN,SOLAPUR JN,MAIL EXPRESS,TRETA-PUNE-SOLA-Z26-11417,26
11418,SUR PUNE EXP,SOLAPUR JN,PUNE JN,MAIL EXPRESS,TRETA-SOLA-PUNE-Z27-11418,27
11419,PUNE-KOP EXP Valid From : 20-Oct-2026,PUNE JN,KOLHAPUR,MAIL EXPRESS,TRETA-PUNE-KOLH-Z21-11419,21
11420,KOP-PUNE EXP Valid From : 20-Oct-2026,KOLHAPUR,PUNE JN,MAIL EXPRESS,TRETA-KOLH-PUNE-Z21-11420,21
11421,HDP SUR DEMU,HADAPSAR,SOLAPUR JN,MAIL EXPRESS,TRETA-HADA-SOLA-Z22-11421,22
11422,SUR PUNE DEMU,SOLAPUR JN,PUNE JN,MAIL EXPRESS,TRETA-SOLA-PUNE-Z23-11422,23
11423,PUNE SNSI EXP,PUNE JN,SAINAGAR SHIRDI,MAIL EXPRESS,TRETA-PUNE-SAIN-Z06-11423,6
11424,SNSI PUNE EXP,SAINAGAR SHIRDI,PUNE JN,MAIL EXPRESS,TRETA-SAIN-PUNE-Z06-11424,6
11425,PUNE KOP DMU,PUNE JN,KOLHAPUR,MAIL EXPRESS,TRETA-PUNE-KOLH-Z24-11425,24
11426,KOP-PUNE DMU,KOLHAPUR,PUNE JN,MAIL EXPRESS,TRETA-KOLH-PUNE-Z24-11426,24
11427,PUNE JASIDIH EXP,PUNE JN,JASIDIH JN.,MAIL EXPRESS,TRETA-PUNE-JASI-Z17-11427,17
11428,JSME PUNE EXP,JASIDIH JN.,PUNE JN,MAIL EXPRESS,TRETA-JASI-PUNE-Z17-11428,17
11429,HDP HARANGUL EXP,HADAPSAR,HARANGUL,MAIL EXPRESS,TRETA-HADA-HARA-Z11-11429,11
11430,HARANGUL HDP EXP,HARANGUL,HADAPSAR,MAIL EXPRESS,TRETA-HARA-HADA-Z11-11430,11
11431,DNR AMRIT BHARAT,PUNE JN,DANAPUR,AMRIT BHARAT,TRETA-PUNE-DANA-Z20-11431,20
11432,AMRIT BHARAT EXP,DANAPUR,PUNE JN,AMRIT BHARAT,TRETA-DANA-PUNE-Z20-11432,20
11447,SHAKTIPUNJ EXP,JABALPUR,HOWRAH JN,MAIL EXPRESS,TRETA-JABA-HOWR-Z46-11447,46
11448,SHAKTIPUNJ EXP,HOWRAH JN,JABALPUR,MAIL EXPRESS,TRETA-HOWR-JABA-Z46-11448,46
11449,JBP SVDK EXP,JABALPUR,SHRI MATA VAISHNO DEVI KATRA,MAIL EXPRESS,TRETA-JABA-SHRI-Z31-11449,31
11450,SVDK JBP EXP,SHRI MATA VAISHNO DEVI KATRA,JABALPUR,MAIL EXPRESS,TRETA-SHRI-JABA-Z27-11450,27
11463,SMNH JBP EXP,VERAVAL,JABALPUR,MAIL EXPRESS,TRETA-VERA-JABA-Z51-11463,51
11464,JBP SOMNATH EXP,JABALPUR,VERAVAL,MAIL EXPRESS,TRETA-JABA-VERA-Z103-11464,103
11465,SMNH JBP EXP,VERAVAL,JABALPUR,MAIL EXPRESS,TRETA-VERA-JABA-Z48-11465,48
11466,JBP SOMNATH EXP,JABALPUR,VERAVAL,MAIL EXPRESS,TRETA-JABA-VERA-Z49-11466,49
11601,BINA-KTE EXP MEMU,BINA JN,KATNI,MAIL EXPRESS,TRETA-BINA-KATN-Z61-11601,61
11602,KTE-BINA EXP MEMU,KATNI,BINA JN,MAIL EXPRESS,TRETA-KATN-BINA-Z61-11602,61
11603,KOTA-BINA EXPRESS MEMU,KOTA JN,BINA JN,MAIL EXPRESS,TRETA-KOTA-BINA-Z38-11603,38
11604,BINA-KOTA EXPRESS MEMU,BINA JN,KOTA JN,MAIL EXPRESS,TRETA-BINA-KOTA-Z38-11604,38
11605,BPL-BINA EXP MEMU,BHOPAL JN.,BINA JN,MAIL EXPRESS,TRETA-BHOP-BINA-Z06-11605,6
11606,BINA-BPL EXP MEMU,BINA JN,BHOPAL JN.,MAIL EXPRESS,TRETA-BINA-BHOP-Z06-11606,6
11631,BPL DHN EXP,BHOPAL JN.,DHANBAD JN,MAIL EXPRESS,TRETA-BHOP-DHAN-Z31-11631,31
11632,DHN BPL EXP,DHANBAD JN,BHOPAL JN.,MAIL EXPRESS,TRETA-DHAN-BHOP-Z31-11632,31
11633,BPL CPU EXP,BHOPAL JN.,CHOPAN,MAIL EXPRESS,TRETA-BHOP-CHOP-Z16-11633,16
11634,CPU BPL  EXP,CHOPAN,BHOPAL JN.,MAIL EXPRESS,TRETA-CHOP-BHOP-Z16-11634,16
11651,SGRL INTERCITY,MADAN MAHAL,SINGRAULI,MAIL EXPRESS,TRETA-MADA-SING-Z15-11651,15
11652,MML INTERCITY,SINGRAULI,MADAN MAHAL,MAIL EXPRESS,TRETA-SING-MADA-Z15-11652,15
11665,RKMP- AGARTALA EXP Valid From : 22-Oct-2026,RANI KAMALAPATI,AGARTALA,MAIL EXPRESS,TRETA-RANI-AGAR-Z39-11665,39
11666,AGTL-RKMP EXP Valid From : 25-Oct-2026,AGARTALA,RANI KAMALAPATI,MAIL EXPRESS,TRETA-AGAR-RANI-Z39-11666,39
11701,MOOK MATI EXP,RAIPUR JN.,JABALPUR,MAIL EXPRESS,TRETA-RAIP-JABA-Z08-11701,8
11702,MOOK MATI EXP,JABALPUR,RAIPUR JN.,MAIL EXPRESS,TRETA-JABA-RAIP-Z08-11702,8
11703,REWA DADN EXP,REWA,DR. AMBEDKAR NAGAR,MAIL EXPRESS,TRETA-REWA-DR._-Z20-11703,20
11704,DADN REWA SPL,DR. AMBEDKAR NAGAR,REWA,MAIL EXPRESS,TRETA-DR._-REWA-Z20-11704,20
11705,JBP REWA EXP,JABALPUR,REWA,MAIL EXPRESS,TRETA-JABA-REWA-Z25-11705,25
11706,REWA JBP EXP,REWA,JABALPUR,MAIL EXPRESS,TRETA-REWA-JABA-Z25-11706,25
11751,REWA CHRM EXP,REWA,CHIRMIRI,MAIL EXPRESS,TRETA-REWA-CHIR-Z23-11751,23
11752,CHRM REWA EXP,CHIRMIRI,REWA,MAIL EXPRESS,TRETA-CHIR-REWA-Z23-11752,23
11753,NITR REWA EXP,NETAJI SUBHASH,REWA,MAIL EXPRESS,TRETA-NETA-REWA-Z15-11753,15
11754,REWA NITR EXP,REWA,NETAJI SUBHASH,MAIL EXPRESS,TRETA-REWA-NETA-Z15-11754,15
11755,NITR REWA EXP,NETAJI SUBHASH,REWA,MAIL EXPRESS,TRETA-NETA-REWA-Z13-11755,13
11756,REWA NITR EXP,REWA,NETAJI SUBHASH,MAIL EXPRESS,TRETA-REWA-NETA-Z13-11756,13
11801,GWL PRYJ EXP,GWALIOR JN.,PRAYAGRAJ JN,MAIL EXPRESS,TRETA-GWAL-PRAY-Z45-11801,45
11802,PRYJ GWL EXP,PRAYAGRAJ JN,GWALIOR JN.,MAIL EXPRESS,TRETA-PRAY-GWAL-Z45-11802,45
11807,VGLJ-AGC MEMU,VIRANGANA LAKSHMIBAI JHANSI JN,AGRA CANTT JN,MAIL EXPRESS,TRETA-VIRA-AGRA-Z13-11807,13
11808,AGC-VGLJ MEMU,AGRA CANTT JN,VIRANGANA LAKSHMIBAI JHANSI JN,MAIL EXPRESS,TRETA-AGRA-VIRA-Z13-11808,13
11841,GITA JAYANTI EX,KHAJURAHO,KURUKSHETRA JN,MAIL EXPRESS,TRETA-KHAJ-KURU-Z25-11841,25
11842,GITA JAYANTI EX,KURUKSHETRA JN,KHAJURAHO,MAIL EXPRESS,TRETA-KURU-KHAJ-Z24-11842,24
11901,VGLJ AGC EXP,VIRANGANA LAKSHMIBAI JHANSI JN,AGRA CANTT JN,MAIL EXPRESS,TRETA-VIRA-AGRA-Z24-11901,24
11902,AGC VGLJ EXP,AGRA CANTT JN,VIRANGANA LAKSHMIBAI JHANSI JN,MAIL EXPRESS,TRETA-AGRA-VIRA-Z24-11902,24
11903,VGLJ ETW EXP,VIRANGANA LAKSHMIBAI JHANSI JN,ETAWAH JN,MAIL EXPRESS,TRETA-VIRA-ETAW-Z08-11903,8
11904,ETW VGLJ EXP,ETAWAH JN,VIRANGANA LAKSHMIBAI JHANSI JN,MAIL EXPRESS,TRETA-ETAW-VIRA-Z08-11904,8
11905,AGC HSX EXP,AGRA CANTT JN,HOSHIARPUR,MAIL EXPRESS,TRETA-AGRA-HOSH-Z14-11905,14
11906,HSX AGC EXP,HOSHIARPUR,AGRA CANTT JN,MAIL EXPRESS,TRETA-HOSH-AGRA-Z14-11906,14
12001,NDLS SHATABDI,RANI KAMALAPATI,NEW DELHI,SHATABDI,TRETA-RANI-NEW_-Z10-12001,10
12002,SHATABDI EXPRES,NEW DELHI,RANI KAMALAPATI,SHATABDI,TRETA-NEW_-RANI-Z10-12002,10
12003,SWARAN SHATABDI,LUCKNOW,NEW DELHI,SHATABDI,TRETA-LUCK-NEW_-Z08-12003,8
12004,SHATABDI EXPRESS,NEW DELHI,LUCKNOW,SHATABDI,TRETA-NEW_-LUCK-Z08-12004,8
12005,KALKA SHTBDI EX,NEW DELHI,KALKA,SHATABDI,TRETA-NEW_-KALK-Z05-12005,5
12006,KALKA SHTABDI EX,KALKA,NEW DELHI,SHATABDI,TRETA-KALK-NEW_-Z05-12006,5
12007,MYS SHATABDI,PURATCHI THALAIVAR DR. MGR CTL,MYSORE JN,SHATABDI,TRETA-PURA-MYSO-Z03-12007,3
12008,SHATABDI EXP,MYSORE JN,PURATCHI THALAIVAR DR. MGR CTL,SHATABDI,TRETA-MYSO-PURA-Z03-12008,3
12009,ADI SHATABDI EXP,MUMBAI CENTRAL,AHMEDABAD JN,SHATABDI,TRETA-MUMB-AHME-Z08-12009,8
12010,MMCT SHATABDI EX,AHMEDABAD JN,MUMBAI CENTRAL,SHATABDI,TRETA-AHME-MUMB-Z08-12010,8
12011,KLK SHATABADI,NEW DELHI,KALKA,SHATABDI,TRETA-NEW_-KALK-Z06-12011,6
12012,KLK SHATABADI,KALKA,NEW DELHI,SHATABDI,TRETA-KALK-NEW_-Z06-12012,6
12013,AMRITSAR SHTABDI,NEW DELHI,AMRITSAR,SHATABDI,TRETA-NEW_-AMRI-Z07-12013,7
12014,AMRITSAR SHTABDI,AMRITSAR,NEW DELHI,SHATABDI,TRETA-AMRI-NEW_-Z07-12014,7
12015,AJMER SHATABDI,NEW DELHI,DAURAI,SHATABDI,TRETA-NEW_-DAUR-Z10-12015,10
12016,AII NDLS SHATBI,DAURAI,NEW DELHI,SHATABDI,TRETA-DAUR-NEW_-Z10-12016,10
12017,DDN SHTBDI EXP,NEW DELHI,DEHRADOON,SHATABDI,TRETA-NEW_-DEHR-Z07-12017,7
12018,DDN SHTABADI EXP,DEHRADOON,NEW DELHI,SHATABDI,TRETA-DEHR-NEW_-Z07-12018,7
12019,SHATABDI EXP,HOWRAH JN,RANCHI,SHATABDI,TRETA-HOWR-RANC-Z08-12019,8
12020,SHATABDI EXP,RANCHI,HOWRAH JN,SHATABDI,TRETA-RANC-HOWR-Z08-12020,8
12021,BBN JANSHATABDI,HOWRAH JN,BARBIL,JAN SHATABDI,TRETA-HOWR-BARB-Z10-12021,10
12022,HWH JANSHATABDI,BARBIL,HOWRAH JN,JAN SHATABDI,TRETA-BARB-HOWR-Z11-12022,11
12023,JANSHATABDI EXP,HOWRAH JN,PATNA JN,JAN SHATABDI,TRETA-HOWR-PATN-Z15-12023,15
12024,JANSHATABDI EXP,PATNA JN,HOWRAH JN,JAN SHATABDI,TRETA-PATN-HOWR-Z15-12024,15
12025,SHATABDI EXP,PUNE JN,HYDERABAD,SHATABDI,TRETA-PUNE-HYDE-Z08-12025,8
12026,PUNE SHATABDI,HYDERABAD,PUNE JN,SHATABDI,TRETA-HYDE-PUNE-Z08-12026,8
12027,MAS SBC SHATABDI,PURATCHI THALAIVAR DR. MGR CTL,KSR BENGALURU,SHATABDI,TRETA-PURA-KSR_-Z04-12027,4
12028,SHATABDI EXP,KSR BENGALURU,PURATCHI THALAIVAR DR. MGR CTL,SHATABDI,TRETA-KSR_-PURA-Z04-12028,4
12029,SWARN SHATABDI,NEW DELHI,AMRITSAR,SHATABDI,TRETA-NEW_-AMRI-Z07-12029,7
12030,SWARN SHATABDI,AMRITSAR,NEW DELHI,SHATABDI,TRETA-AMRI-NEW_-Z07-12030,7
12031,AMRITSAR SHTABDI,NEW DELHI,AMRITSAR,SHATABDI,TRETA-NEW_-AMRI-Z07-12031,7
12032,AMRITSAR SHTABDI,AMRITSAR,NEW DELHI,SHATABDI,TRETA-AMRI-NEW_-Z07-12032,7
12033,SHATABDI EXP,KANPUR CENTRAL,NEW DELHI,SHATABDI,TRETA-KANP-NEW_-Z04-12033,4
12034,NDLS CNB SHT,NEW DELHI,KANPUR CENTRAL,SHATABDI,TRETA-NEW_-KANP-Z04-12034,4
12035,PURNAGIRI JANST,TANAKPUR,DELHI JN.,JAN SHATABDI,TRETA-TANA-DELH-Z26-12035,26
12036,PURANGIRI JANST,DELHI JN.,TANAKPUR,JAN SHATABDI,TRETA-DELH-TANA-Z26-12036,26
12037,SIDDHABALI J SH,KOTDWARA,DELHI JN.,JAN SHATABDI,TRETA-KOTD-DELH-Z11-12037,11
12038,SIDDHABALI J SH,DELHI JN.,KOTDWARA,JAN SHATABDI,TRETA-DELH-KOTD-Z11-12038,11
12039,NDLS SHATABADI,KATHGODAM,NEW DELHI,SHATABDI,TRETA-KATH-NEW_-Z08-12039,8
12040,KATHGODAM SHTBDI,NEW DELHI,KATHGODAM,SHATABDI,TRETA-NEW_-KATH-Z08-12040,8
12041,SHATABDI EXP,HOWRAH JN,NEW JALPAIGURI,SHATABDI,TRETA-HOWR-NEW_-Z09-12041,9
12042,SHATABDI EXP,NEW JALPAIGURI,HOWRAH JN,SHATABDI,TRETA-NEW_-HOWR-Z09-12042,9
12045,CDG SHATABDI,NEW DELHI,CHANDIGARH,SHATABDI,TRETA-NEW_-CHAN-Z03-12045,3
12046,NDLS SHATABDI,CHANDIGARH,NEW DELHI,SHATABDI,TRETA-CHAN-NEW_-Z03-12046,3
12047,NLP JANSHATABDI,GUWAHATI,NORTH LAKHIMPUR,JAN SHATABDI,TRETA-GUWA-NORT-Z08-12047,8
12048,GHY JANSHATABDI,NORTH LAKHIMPUR,GUWAHATI,JAN SHATABDI,TRETA-NORT-GUWA-Z08-12048,8
12049,GATIMAAN EXP,VIRANGANA LAKSHMIBAI JHANSI JN,HAZRAT NIZAMUDDIN JN,SHATABDI,TRETA-VIRA-HAZR-Z03-12049,3
12050,GATIMAAN EXP,HAZRAT NIZAMUDDIN JN,VIRANGANA LAKSHMIBAI JHANSI JN,SHATABDI,TRETA-HAZR-VIRA-Z03-12050,3
12051,MAO JANSHATABDI,C SHIVAJI MAH T,MADGAON JUNCTION,JAN SHATABDI,TRETA-C_SH-MADG-Z10-12051,10
12052,CSMT JANSHTABDI,MADGAON JUNCTION,C SHIVAJI MAH T,JAN SHATABDI,TRETA-MADG-C_SH-Z10-12052,10
12053,ASR JANSHATABDI,HARIDWAR JN,AMRITSAR,JAN SHATABDI,TRETA-HARI-AMRI-Z10-12053,10
12054,HW JANSHATABDI,AMRITSAR,HARIDWAR JN,JAN SHATABDI,TRETA-AMRI-HARI-Z10-12054,10
12055,DDN JANSHTBDI,NEW DELHI,DEHRADOON,JAN SHATABDI,TRETA-NEW_-DEHR-Z08-12055,8
12056,JANSHATABDI EXP,DEHRADOON,NEW DELHI,JAN SHATABDI,TRETA-DEHR-NEW_-Z09-12056,9
12057,JANSHATABDI EXP,NEW DELHI,DAULATPUR CHAUK,JAN SHATABDI,TRETA-NEW_-DAUL-Z17-12057,17
12058,JANSHATABDI EXP,DAULATPUR CHAUK,NEW DELHI,JAN SHATABDI,TRETA-DAUL-NEW_-Z17-12058,17
12059,NZM JAN SHATABDI,KOTA JN,HAZRAT NIZAMUDDIN JN,JAN SHATABDI,TRETA-KOTA-HAZR-Z10-12059,10
12060,JANSHATABDI EXP,HAZRAT NIZAMUDDIN JN,KOTA JN,JAN SHATABDI,TRETA-HAZR-KOTA-Z10-12060,10
12061,JBP JANSHATABDI,RANI KAMALAPATI,MADAN MAHAL,JAN SHATABDI,TRETA-RANI-MADA-Z08-12061,8
12062,RKMP JANSHTBDI,MADAN MAHAL,RANI KAMALAPATI,JAN SHATABDI,TRETA-MADA-RANI-Z08-12062,8
12065,DEE JAN SHATBDI,AJMER JN,DELHI SARAI ROHILLA,JAN SHATABDI,TRETA-AJME-DELH-Z09-12065,9
12066,JANSHATABDI EXP,DELHI SARAI ROHILLA,AJMER JN,JAN SHATABDI,TRETA-DELH-AJME-Z09-12066,9
12067,JANSATABDI EXP,GUWAHATI,JORHAT TOWN,JAN SHATABDI,TRETA-GUWA-JORH-Z12-12067,12
12068,JANSATABDI EXP,JORHAT TOWN,GUWAHATI,JAN SHATABDI,TRETA-JORH-GUWA-Z12-12068,12
12069,JANSHATABDI EXP,RAIGARH,GONDIA JN,JAN SHATABDI,TRETA-RAIG-GOND-Z14-12069,14
12070,JANSHATABDI EXP,GONDIA JN,RAIGARH,JAN SHATABDI,TRETA-GOND-RAIG-Z14-12070,14
12071,JANSHATABDTI EXP,C SHIVAJI MAH T,HINGOLI DECCAN,JAN SHATABDI,TRETA-C_SH-HING-Z15-12071,15
12072,JAN SHATABDI,HINGOLI DECCAN,C SHIVAJI MAH T,JAN SHATABDI,TRETA-HING-C_SH-Z15-12072,15
12073,BBS JANSHATABDI,HOWRAH JN,BHUBANESWAR,JAN SHATABDI,TRETA-HOWR-BHUB-Z10-12073,10
12074,JANA SATABDI EX,BHUBANESWAR,HOWRAH JN,JAN SHATABDI,TRETA-BHUB-HOWR-Z10-12074,10
12075,TVC JANSHATABDI,KOZHIKKODE,THIRUVANANTHAPURAM CENTRAL,JAN SHATABDI,TRETA-KOZH-THIR-Z11-12075,11
12076,CLT JANSHATABDI,THIRUVANANTHAPURAM CENTRAL,KOZHIKKODE,JAN SHATABDI,TRETA-THIR-KOZH-Z11-12076,11
12077,BZA JANSHATABDI,PURATCHI THALAIVAR DR. MGR CTL,VIJAYAWADA JN,JAN SHATABDI,TRETA-PURA-VIJA-Z10-12077,10
12078,JAN SHATABDI,VIJAYAWADA JN,PURATCHI THALAIVAR DR. MGR CTL,JAN SHATABDI,TRETA-VIJA-PURA-Z10-12078,10
12079,JANSHATABDI EXP,KSR BENGALURU,SSS HUBBALLI JN,JAN SHATABDI,TRETA-KSR_-SSS_-Z11-12079,11
12080,JANSHATABDI EXP,SSS HUBBALLI JN,KSR BENGALURU,JAN SHATABDI,TRETA-SSS_-KSR_-Z11-12080,11
12081,TVC JANSHATABDI,KANNUR,THIRUVANANTHAPURAM CENTRAL,JAN SHATABDI,TRETA-KANN-THIR-Z16-12081,16
12082,CAN JANSHATABDI,THIRUVANANTHAPURAM CENTRAL,KANNUR,JAN SHATABDI,TRETA-THIR-KANN-Z16-12082,16
12083,CBE JANSHATABDI,MAYILADUTURAI JN,COIMBATORE JN,JAN SHATABDI,TRETA-MAYI-COIM-Z09-12083,9
12084,MV JAN SHATABDI,COIMBATORE JN,MAYILADUTURAI JN,JAN SHATABDI,TRETA-COIM-MAYI-Z09-12084,9
12087,NHLN GHY VISTAD,NAHARLAGUN,GUWAHATI,SHATABDI,TRETA-NAHA-GUWA-Z09-12087,9
12088,GHY NHLN VISTAD,GUWAHATI,NAHARLAGUN,SHATABDI,TRETA-GUWA-NAHA-Z09-12088,9
12089,JANSHATABDI EXP,KSR BENGALURU,SHIMOGA TOWN,JAN SHATABDI,TRETA-KSR_-SHIM-Z09-12089,9
12090,JANSHATABDI EXP,SHIMOGA TOWN,KSR BENGALURU,JAN SHATABDI,TRETA-SHIM-KSR_-Z09-12090,9
12091,JANSHATABDI EXP,DEHRADOON,KATHGODAM,JAN SHATABDI,TRETA-DEHR-KATH-Z09-12091,9
12092,JANSHATABDI EXP,KATHGODAM,DEHRADOON,JAN SHATABDI,TRETA-KATH-DEHR-Z09-12092,9
12101,JNANESHWARI EXP,LOKMANYATILAK,SHALIMAR,SUPERFAST,TRETA-LOKM-SHAL-Z17-12101,17
12102,JANANESWARI EXP,SHALIMAR,LOKMANYATILAK,SUPERFAST,TRETA-SHAL-LOKM-Z17-12102,17
12103,PUNE LJN EXPRESS,PUNE JN,LUCKNOW,SUPERFAST,TRETA-PUNE-LUCK-Z13-12103,13
12104,LJN PUNE EXP,LUCKNOW,PUNE JN,SUPERFAST,TRETA-LUCK-PUNE-Z13-12104,13
12105,VIDARBHA EXPRESS,C SHIVAJI MAH T,GONDIA JN,SUPERFAST,TRETA-C_SH-GOND-Z26-12105,26
12106,VIDARBHA EXP,GONDIA JN,C SHIVAJI MAH T,SUPERFAST,TRETA-GOND-C_SH-Z26-12106,26
12107,LTT SITAPUR EXP,LOKMANYATILAK,SITAPUR JN.,SUPERFAST,TRETA-LOKM-SITA-Z13-12107,13
12108,STP LTT SF EXP,SITAPUR JN.,LOKMANYATILAK,SUPERFAST,TRETA-SITA-LOKM-Z13-12108,13
12109,PANCHAVATI EXP,C SHIVAJI MAH T,MANMAD JN,SUPERFAST,TRETA-C_SH-MANM-Z09-12109,9
12110,PANCHAVATI EXP,MANMAD JN,C SHIVAJI MAH T,SUPERFAST,TRETA-MANM-C_SH-Z09-12110,9
12111,CSMT AMI SF EXP,C SHIVAJI MAH T,AMRAVATI,SUPERFAST,TRETA-C_SH-AMRA-Z14-12111,14
12112,AMI CSMT SF EXP,AMRAVATI,C SHIVAJI MAH T,SUPERFAST,TRETA-AMRA-C_SH-Z14-12112,14
12113,NGP GARIBRATH,PUNE JN,NAGPUR JN.,GARIB RATH,TRETA-PUNE-NAGP-Z13-12113,13
12114,PUNE GARIBRATH,NAGPUR JN.,PUNE JN,GARIB RATH,TRETA-NAGP-PUNE-Z27-12114,27
12115,SIDDHESHWAR EXP,C SHIVAJI MAH T,SOLAPUR JN,SUPERFAST,TRETA-C_SH-SOLA-Z09-12115,9
12116,SIDDHESHWAR EXP,SOLAPUR JN,C SHIVAJI MAH T,SUPERFAST,TRETA-SOLA-C_SH-Z10-12116,10
12119,AMI AJNI SF EXP,AMRAVATI,AJNI,SUPERFAST,TRETA-AMRA-AJNI-Z07-12119,7
12120,AJNI AMI SF EXP,AJNI,AMRAVATI,SUPERFAST,TRETA-AJNI-AMRA-Z07-12120,7
12121,MP SAMPRK KRNTI,JABALPUR,HAZRAT NIZAMUDDIN JN,SUPERFAST,TRETA-JABA-HAZR-Z06-12121,6
12122,M P S KRNTI EXP,HAZRAT NIZAMUDDIN JN,JABALPUR,SUPERFAST,TRETA-HAZR-JABA-Z06-12122,6
12123,DECCAN QUEEN,C SHIVAJI MAH T,PUNE JN,SUPERFAST,TRETA-C_SH-PUNE-Z04-12123,4
12124,DECCAN QUEEN,PUNE JN,C SHIVAJI MAH T,SUPERFAST,TRETA-PUNE-C_SH-Z03-12124,3
12125,PRAGATI EXPRESS,C SHIVAJI MAH T,PUNE JN,SUPERFAST,TRETA-C_SH-PUNE-Z07-12125,7
12126,PRAGATI EXPRESS,PUNE JN,C SHIVAJI MAH T,SUPERFAST,TRETA-PUNE-C_SH-Z06-12126,6
12127,INTERCITY EXP,C SHIVAJI MAH T,PUNE JN,SUPERFAST,TRETA-C_SH-PUNE-Z05-12127,5
12128,INTERCITY EXP,PUNE JN,C SHIVAJI MAH T,SUPERFAST,TRETA-PUNE-C_SH-Z04-12128,4
12129,AZAD HIND EXP,PUNE JN,HOWRAH JN,SUPERFAST,TRETA-PUNE-HOWR-Z32-12129,32
12130,AZAD HIND EXP,HOWRAH JN,PUNE JN,SUPERFAST,TRETA-HOWR-PUNE-Z32-12130,32
12131,DR SAINAGAR EXP,DADAR,SAINAGAR SHIRDI,SUPERFAST,TRETA-DADA-SAIN-Z07-12131,7
12132,SAINAGAR DR EXP,SAINAGAR SHIRDI,DADAR,SUPERFAST,TRETA-SAIN-DADA-Z07-12132,7
12133,MANGALURU EXP,C SHIVAJI MAH T,MANGALORE JUNCTION,SUPERFAST,TRETA-C_SH-MANG-Z15-12133,15
12134,MAJN CSMT SF EXP,MANGALORE JUNCTION,C SHIVAJI MAH T,SUPERFAST,TRETA-MANG-C_SH-Z15-12134,15
12135,PUNE NAGPUR EXP,PUNE JN,NAGPUR JN.,SUPERFAST,TRETA-PUNE-NAGP-Z18-12135,18
12136,NGP PUNE SF EXP,NAGPUR JN.,PUNE JN,SUPERFAST,TRETA-NAGP-PUNE-Z18-12136,18
12137,PUNJAB MAIL,C SHIVAJI MAH T,FIROZPUR CANT,SUPERFAST,TRETA-C_SH-FIRO-Z53-12137,53
12138,PUNJAB MAIL,FIROZPUR CANT,C SHIVAJI MAH T,SUPERFAST,TRETA-FIRO-C_SH-Z50-12138,50
12139,SEVAGRAM EXP,C SHIVAJI MAH T,NAGPUR JN.,SUPERFAST,TRETA-C_SH-NAGP-Z27-12139,27
12140,SEVAGRAM EXP,NAGPUR JN.,C SHIVAJI MAH T,SUPERFAST,TRETA-NAGP-C_SH-Z27-12140,27
12141,PATLIPUTRA EXP,LOKMANYATILAK,PATLIPUTRA,SUPERFAST,TRETA-LOKM-PATL-Z16-12141,16
12142,PPTA LTT EXP,PATLIPUTRA,LOKMANYATILAK,SUPERFAST,TRETA-PATL-LOKM-Z15-12142,15
12143,LTT SLN SF EXP,LOKMANYATILAK,SULTANPUR,SUPERFAST,TRETA-LOKM-SULT-Z13-12143,13
12144,LTT EXPRESS,SULTANPUR,LOKMANYATILAK,SUPERFAST,TRETA-SULT-LOKM-Z13-12144,13
12145,LTT PURI EXP,LOKMANYATILAK,PURI,SUPERFAST,TRETA-LOKM-PURI-Z23-12145,23
12146,PURI LTT SF,PURI,LOKMANYATILAK,SUPERFAST,TRETA-PURI-LOKM-Z23-12146,23
12147,KOP NZM SF EXP,KOLHAPUR,HAZRAT NIZAMUDDIN JN,SUPERFAST,TRETA-KOLH-HAZR-Z20-12147,20
12148,KOLHAPUR EXPRES,HAZRAT NIZAMUDDIN JN,KOLHAPUR,SUPERFAST,TRETA-HAZR-KOLH-Z20-12148,20
12151,LTT SHM SF EXP,LOKMANYATILAK,SHALIMAR,SUPERFAST,TRETA-LOKM-SHAL-Z22-12151,22
12152,SAMARSATA EXP,SHALIMAR,LOKMANYATILAK,SUPERFAST,TRETA-SHAL-LOKM-Z22-12152,22
12153,LTT RKMP EXPRESS,LOKMANYATILAK,RANI KAMALAPATI,SUPERFAST,TRETA-LOKM-RANI-Z08-12153,8
12154,RKMP LTT EXP,RANI KAMALAPATI,LOKMANYATILAK,SUPERFAST,TRETA-RANI-LOKM-Z08-12154,8
12155,RKMP NZM SF EXP,RANI KAMALAPATI,HAZRAT NIZAMUDDIN JN,SUPERFAST,TRETA-RANI-HAZR-Z09-12155,9
12156,BHOPAL EXPRESS,HAZRAT NIZAMUDDIN JN,RANI KAMALAPATI,SUPERFAST,TRETA-HAZR-RANI-Z09-12156,9
12157,HUTATMA EXPRESS,PUNE JN,SOLAPUR JN,SUPERFAST,TRETA-PUNE-SOLA-Z03-12157,3
12158,HUTATMA EXPRESS,SOLAPUR JN,PUNE JN,SUPERFAST,TRETA-SOLA-PUNE-Z03-12158,3
12159,AMI JBP SF EXP,AMRAVATI,JABALPUR,SUPERFAST,TRETA-AMRA-JABA-Z21-12159,21
12160,JBP AMI SF EXP,JABALPUR,AMRAVATI,SUPERFAST,TRETA-JABA-AMRA-Z21-12160,21
12161,LASHKAR EXP,LOKMANYATILAK,AGRA CANTT JN.,SUPERFAST,TRETA-LOKM-AGRA-Z18-12161,18
12162,LASHKAR SF EXP,AGRA CANTT JN,LOKMANYATILAK,SUPERFAST,TRETA-AGRA-LOKM-Z18-12162,18
12163,LTT MAS EXP,LOKMANYATILAK,PURATCHI THALAIVAR DR. MGR CTL,SUPERFAST,TRETA-LOKM-PURA-Z25-12163,25
12164,MAS LTT SF EXP,PURATCHI THALAIVAR DR. MGR CTL,LOKMANYATILAK,SUPERFAST,TRETA-PURA-LOKM-Z24-12164,24
12165,LTT GKP SF EXP,LOKMANYATILAK,GORAKHPUR JN,SUPERFAST,TRETA-LOKM-GORA-Z17-12165,17
12166,GKP LTT EXPRESS,GORAKHPUR JN,LOKMANYATILAK,SUPERFAST,TRETA-GORA-LOKM-Z17-12166,17
12167,LTT BANARAS EXP,LOKMANYATILAK,BANARAS,SUPERFAST,TRETA-LOKM-BANA-Z14-12167,14
12168,BNRS LTT SF EXP,BANARAS,LOKMANYATILAK,SUPERFAST,TRETA-BANA-LOKM-Z14-12168,14
12169,SUR INTERCITY,PUNE JN,SOLAPUR JN,SUPERFAST,TRETA-PUNE-SOLA-Z04-12169,4
12170,PUNE INTERCITY,SOLAPUR JN,PUNE JN,SUPERFAST,TRETA-SOLA-PUNE-Z04-12170,4
12171,LTT HW AC EXP,LOKMANYATILAK,HARIDWAR JN,SUPERFAST,TRETA-LOKM-HARI-Z12-12171,12
12172,HW LTT AC EXP,HARIDWAR JN,LOKMANYATILAK,SUPERFAST,TRETA-HARI-LOKM-Z12-12172,12
12173,UDYOG NAGRI EXP,LOKMANYATILAK,MAA BELHA DEVI DHAM PRATAPGARH,SUPERFAST,TRETA-LOKM-MAA_-Z13-12173,13
12174,UDYOG NAGRI EXP,MAA BELHA DEVI DHAM PRATAPGARH,LOKMANYATILAK,SUPERFAST,TRETA-MAA_-LOKM-Z13-12174,13
12175,CHAMBAL EXPRESS,HOWRAH JN,GWALIOR JN.,SUPERFAST,TRETA-HOWR-GWAL-Z30-12175,30
12176,CHAMBAL EXPRESS,GWALIOR JN.,HOWRAH JN,SUPERFAST,TRETA-GWAL-HOWR-Z30-12176,30
12177,CHAMBAL EXPRESS,HOWRAH JN,MATHURA JN.,SUPERFAST,TRETA-HOWR-MATH-Z34-12177,34
12178,CHAMBAL EXPRESS,MATHURA JN.,HOWRAH JN,SUPERFAST,TRETA-MATH-HOWR-Z34-12178,34
12179,AF INTERCITY,LUCKNOW,AGRA FORT,SUPERFAST,TRETA-LUCK-AGRA-Z13-12179,13
12180,LJN INTERCITY,AGRA FORT,LUCKNOW,SUPERFAST,TRETA-AGRA-LUCK-Z13-12180,13
12181,DAYODAI EXP,JABALPUR,AJMER JN,SUPERFAST,TRETA-JABA-AJME-Z24-12181,24
12182,DAYODAI EXP,AJMER JN,JABALPUR,SUPERFAST,TRETA-AJME-JABA-Z24-12182,24
12183,BPL MBDP SF EXP,BHOPAL JN.,MAA BELHA DEVI DHAM PRATAPGARH,SUPERFAST,TRETA-BHOP-MAA_-Z11-12183,11
12184,PBH BPL EXPRESS,MAA BELHA DEVI DHAM PRATAPGARH,BHOPAL JN.,SUPERFAST,TRETA-MAA_-BHOP-Z11-12184,11
12185,REWANCHAL EXP,RANI KAMALAPATI,REWA,SUPERFAST,TRETA-RANI-REWA-Z15-12185,15
12186,REWANCHAL EXP,REWA,RANI KAMALAPATI,SUPERFAST,TRETA-REWA-RANI-Z15-12186,15
12187,GARIBRATH EXP,JABALPUR,C SHIVAJI MAH T,GARIB RATH,TRETA-JABA-C_SH-Z15-12187,15
12188,JBP GARIB RATH,C SHIVAJI MAH T,JABALPUR,GARIB RATH,TRETA-C_SH-JABA-Z15-12188,15
12189,MAHAKAUSHAL EXP,JABALPUR,HAZRAT NIZAMUDDIN JN,SUPERFAST,TRETA-JABA-HAZR-Z28-12189,28
12190,MAHAKAUSHAL EXP,HAZRAT NIZAMUDDIN JN,JABALPUR,SUPERFAST,TRETA-HAZR-JABA-Z27-12190,27
12191,NZM JBP SF EXP,HAZRAT NIZAMUDDIN JN,JABALPUR,SUPERFAST,TRETA-HAZR-JABA-Z24-12191,24
12192,JBP NZM SF EXP,JABALPUR,HAZRAT NIZAMUDDIN JN,SUPERFAST,TRETA-JABA-HAZR-Z24-12192,24
12193,YPR JBP EXP,YESVANTPUR JN.,JABALPUR,SUPERFAST,TRETA-YESV-JABA-Z18-12193,18
12194,JBP YPR EXP,JABALPUR,YESVANTPUR JN.,SUPERFAST,TRETA-JABA-YESV-Z18-12194,18
12195,AII INTERCITY,AGRA FORT,AJMER JN,SUPERFAST,TRETA-AGRA-AJME-Z14-12195,14
12196,AII AF INTERCTY,AJMER JN,AGRA FORT,SUPERFAST,TRETA-AJME-AGRA-Z14-12196,14
12197,GWL INTERCITY,BHOPAL JN.,GWALIOR JN.,SUPERFAST,TRETA-BHOP-GWAL-Z14-12197,14
12198,BPL INTERCITY,GWALIOR JN.,BHOPAL JN.,SUPERFAST,TRETA-GWAL-BHOP-Z14-12198,14
12201,TVCN GARIBRATH,LOKMANYATILAK,THIRUVANANTHAPURAM NORTH,GARIB RATH,TRETA-LOKM-THIR-Z24-12201,24
12202,LTT GARIB RATH,THIRUVANANTHAPURAM NORTH,LOKMANYATILAK,GARIB RATH,TRETA-THIR-LOKM-Z24-12202,24
12203,GARIB RATH EXP,SAHARSA JN,AMRITSAR,GARIB RATH,TRETA-SAHA-AMRI-Z24-12203,24
12204,SHC GARIB RATH,AMRITSAR,SAHARSA JN,GARIB RATH,TRETA-AMRI-SAHA-Z24-12204,24
12207,JAMMU GARIBRATH,KATHGODAM,JAMMUTAVI,GARIB RATH,TRETA-KATH-JAMM-Z15-12207,15
12208,KGM GARIB RATH,JAMMUTAVI,KATHGODAM,GARIB RATH,TRETA-JAMM-KATH-Z15-12208,15
12209,KGM GARIBRATH,KANPUR CENTRAL,KATHGODAM,GARIB RATH,TRETA-KANP-KATH-Z09-12209,9
12210,CNB GARIBRATH,KATHGODAM,KANPUR CENTRAL,GARIB RATH,TRETA-KATH-KANP-Z09-12210,9
12211,ANVT GARIB RATH,MUZAFFARPUR JN,ANAND VIHAR TERMINAL,GARIB RATH,TRETA-MUZA-ANAN-Z14-12211,14
12212,MFP GARIB RATH,ANAND VIHAR TERMINAL,MUZAFFARPUR JN,GARIB RATH,TRETA-ANAN-MUZA-Z14-12212,14
12213,YPR DEE DURONTO,YESVANTPUR JN.,DELHI SARAI ROHILLA,DURONTO EXPRESS,TRETA-YESV-DELH-Z07-12213,7
12214,DEE YPR DURONTO,DELHI SARAI ROHILLA,YESVANTPUR JN.,DURONTO EXPRESS,TRETA-DELH-YESV-Z07-12214,7
12215,BDTS GARIB RATH,DELHI SARAI ROHILLA,BANDRA TERMINUS,GARIB RATH,TRETA-DELH-BAND-Z23-12215,23
12216,DEE GARIBRATH,BANDRA TERMINUS,DELHI SARAI ROHILLA,GARIB RATH,TRETA-BAND-DELH-Z22-12216,22
12217,SAMPARK KRANTHI,THIRUVANANTHAPURAM NORTH,CHANDIGARH,SUPERFAST,TRETA-THIR-CHAN-Z25-12217,25
12218,SAMPARK KRANTHI,CHANDIGARH,THIRUVANANTHAPURAM NORTH,SUPERFAST,TRETA-CHAN-THIR-Z25-12218,25
12219,SC DURONTO EXP,LOKMANYATILAK,SECUNDERABAD JN,DURONTO EXPRESS,TRETA-LOKM-SECU-Z04-12219,4
12220,LTT DURONTO,SECUNDERABAD JN,LOKMANYATILAK,DURONTO EXPRESS,TRETA-SECU-LOKM-Z04-12220,4
12221,HOWRAH DURONTO,PUNE JN,HOWRAH JN,DURONTO EXPRESS,TRETA-PUNE-HOWR-Z08-12221,8
12222,PUNE DURONTO EX,HOWRAH JN,PUNE JN,DURONTO EXPRESS,TRETA-HOWR-PUNE-Z08-12222,8
12223,LTT ERS DURONTO,LOKMANYATILAK,ERNAKULAM JN,DURONTO EXPRESS,TRETA-LOKM-ERNA-Z06-12223,6
12224,ERS LTT DURONTO,ERNAKULAM JN,LOKMANYATILAK,DURONTO EXPRESS,TRETA-ERNA-LOKM-Z06-12224,6
12225,KAIFIYAT EXP,AZAMGARH,DELHI JN.,SUPERFAST,TRETA-AZAM-DELH-Z18-12225,18
12226,KAIFIYAT EXP,DELHI JN.,AZAMGARH,SUPERFAST,TRETA-DELH-AZAM-Z18-12226,18
12227,INDB DURONTO,MUMBAI CENTRAL,INDORE JN,DURONTO EXPRESS,TRETA-MUMB-INDO-Z04-12227,4
12228,MMCT DURONTO,INDORE JN,MUMBAI CENTRAL,DURONTO EXPRESS,TRETA-INDO-MUMB-Z04-12228,4
12229,LUCKNOW MAIL,LUCKNOW JN.,NEW DELHI,SUPERFAST,TRETA-LUCK-NEW_-Z08-12229,8
12230,LUCKNOW MAIL,NEW DELHI,LUCKNOW JN.,SUPERFAST,TRETA-NEW_-LUCK-Z09-12230,9
12231,LKO CDG EXPRESS,LUCKNOW JN.,CHANDIGARH,MAIL EXPRESS,TRETA-LUCK-CHAN-Z15-12231,15
12232,CDG LKO EXPRESS,CHANDIGARH,LUCKNOW JN.,MAIL EXPRESS,TRETA-CHAN-LUCK-Z15-12232,15
12235,ANVT HUMSFR EXP,MADHUPUR JN.,ANAND VIHAR TERMINAL,MAIL EXPRESS,TRETA-MADH-ANAN-Z11-12235,11
12236,MADHUPUR HUMSFR,ANAND VIHAR TERMINAL,MADHUPUR JN.,MAIL EXPRESS,TRETA-ANAN-MADH-Z11-12236,11
12237,BEGUMPURA EXP,VARANASI,JAMMUTAVI,SUPERFAST,TRETA-VARA-JAMM-Z15-12237,15
12238,BEGUMPURA EXP,JAMMUTAVI,VARANASI,SUPERFAST,TRETA-JAMM-VARA-Z15-12238,15
12239,HISAR DURONTO,MUMBAI CENTRAL,HISAR,DURONTO EXPRESS,TRETA-MUMB-HISA-Z11-12239,11
12240,MMCT DURONTO EXP,HISAR,MUMBAI CENTRAL,DURONTO EXPRESS,TRETA-HISA-MUMB-Z11-12240,11
12243,MAS CBE SHATABDI,PURATCHI THALAIVAR DR. MGR CTL,COIMBATORE JN,SHATABDI,TRETA-PURA-COIM-Z06-12243,6
12244,CBE MAS SHATABDI,COIMBATORE JN,PURATCHI THALAIVAR DR. MGR CTL,SHATABDI,TRETA-COIM-PURA-Z06-12244,6
12245,SMVB DURONTO EXP,HOWRAH JN,SMVT BENGALURU,DURONTO EXPRESS,TRETA-HOWR-SMVT-Z05-12245,5
12246,DURONTO EXPRESS,SMVT BENGALURU,HOWRAH JN,DURONTO EXPRESS,TRETA-SMVT-HOWR-Z05-12246,5
12247,BDTS NZM YUVA EX,BANDRA TERMINUS,HAZRAT NIZAMUDDIN JN,SUPERFAST,TRETA-BAND-HAZR-Z06-12247,6
12248,BANDRA YUVA EXP,HAZRAT NIZAMUDDIN JN,BANDRA TERMINUS,SUPERFAST,TRETA-HAZR-BAND-Z06-12248,6
12249,SWARN NAGARI EX,SHAKURBASTI,JAISALMER,SUPERFAST,TRETA-SHAK-JAIS-Z20-12249,20
12250,SWARN NAGARI EX,JAISALMER,SHAKURBASTI,SUPERFAST,TRETA-JAIS-SHAK-Z20-12250,20
12251,WAINGANGA EXP,YESVANTPUR JN.,KORBA,SUPERFAST,TRETA-YESV-KORB-Z21-12251,21
12252,WAINGANGA EXP,KORBA,YESVANTPUR JN.,SUPERFAST,TRETA-KORB-YESV-Z22-12252,22
12253,ANGA EXP,SMVT BENGALURU,BHAGALPUR,SUPERFAST,TRETA-SMVT-BHAG-Z30-12253,30
12254,ANGA EXPRESS,BHAGALPUR,SMVT BENGALURU,SUPERFAST,TRETA-BHAG-SMVT-Z31-12254,31
12257,YPR TVCN GR EXP,YESVANTPUR JN.,THIRUVANANTHAPURAM NORTH,GARIB RATH,TRETA-YESV-THIR-Z18-12257,18
12258,TVCN YPR GR EXP,THIRUVANANTHAPURAM NORTH,YESVANTPUR JN.,GARIB RATH,TRETA-THIR-YESV-Z18-12258,18
12259,BKN DURONTO EXP,SEALDAH,BIKANER JN,DURONTO EXPRESS,TRETA-SEAL-BIKA-Z11-12259,11
12260,SDAH DURONTO,BIKANER JN,SEALDAH,DURONTO EXPRESS,TRETA-BIKA-SEAL-Z11-12260,11
12261,HOWRAH DURONTO,C SHIVAJI MAH T,HOWRAH JN,DURONTO EXPRESS,TRETA-C_SH-HOWR-Z08-12261,8
12262,CSMT DURONTO EX,HOWRAH JN,C SHIVAJI MAH T,DURONTO EXPRESS,TRETA-HOWR-C_SH-Z08-12262,8
12263,NZM DURONTO,PUNE JN,HAZRAT NIZAMUDDIN JN,DURONTO EXPRESS,TRETA-PUNE-HAZR-Z06-12263,6
12264,PUNE DURNTO EXP,HAZRAT NIZAMUDDIN JN,PUNE JN,DURONTO EXPRESS,TRETA-HAZR-PUNE-Z06-12264,6
12265,JAT DURONTO EXP,DELHI SARAI ROHILLA,JAMMUTAVI,DURONTO EXPRESS,TRETA-DELH-JAMM-Z02-12265,2
12266,DEE DURONTO EXP,JAMMUTAVI,DELHI SARAI ROHILLA,DURONTO EXPRESS,TRETA-JAMM-DELH-Z02-12266,2
12267,HAPA  DURONTO EX,MUMBAI CENTRAL,HAPA,DURONTO EXPRESS,TRETA-MUMB-HAPA-Z04-12267,4
12268,MMCT DURONTO EXP,HAPA,MUMBAI CENTRAL,DURONTO EXPRESS,TRETA-HAPA-MUMB-Z04-12268,4
12269,MAS NZM DURONTO,PURATCHI THALAIVAR DR. MGR CTL,HAZRAT NIZAMUDDIN JN,DURONTO EXPRESS,TRETA-PURA-HAZR-Z07-12269,7
12270,NZM MAS DURONTO,HAZRAT NIZAMUDDIN JN,PURATCHI THALAIVAR DR. MGR CTL,DURONTO EXPRESS,TRETA-HAZR-PURA-Z07-12270,7
12273,NDLS DURONTO EX,HOWRAH JN,NEW DELHI,DURONTO EXPRESS,TRETA-HOWR-NEW_-Z06-12273,6
12274,HWH DURONTO EXP,NEW DELHI,HOWRAH JN,DURONTO EXPRESS,TRETA-NEW_-HOWR-Z06-12274,6
12275,NDLS HUMSAFAR,PRAYAGRAJ JN,NEW DELHI,SUPERFAST,TRETA-PRAY-NEW_-Z01-12275,1
12276,HUMSAFAR EXPRES,NEW DELHI,PRAYAGRAJ JN,SUPERFAST,TRETA-NEW_-PRAY-Z01-12276,1
12277,SATABDI EXPRESS,HOWRAH JN,PURI,SHATABDI,TRETA-HOWR-PURI-Z07-12277,7
12278,SATABDI EXPRESS,PURI,HOWRAH JN,SHATABDI,TRETA-PURI-HOWR-Z07-12278,7
12279,TAJ EXPRESS,VIRANGANA LAKSHMIBAI JHANSI JN,NEW DELHI,SUPERFAST,TRETA-VIRA-NEW_-Z11-12279,11
12280,TAJ EXPRESS,NEW DELHI,VIRANGANA LAKSHMIBAI JHANSI JN,SUPERFAST,TRETA-NEW_-VIRA-Z11-12280,11
12281,DURONTO EXPRESS,BHUBANESWAR,NEW DELHI,DURONTO EXPRESS,TRETA-BHUB-NEW_-Z06-12281,6
12282,BBS DURONTO EXP,NEW DELHI,BHUBANESWAR,DURONTO EXPRESS,TRETA-NEW_-BHUB-Z05-12282,5
12283,ERS-NZM DURONTO EXPRESS,ERNAKULAM JN,HAZRAT NIZAMUDDIN JN,DURONTO EXPRESS,TRETA-ERNA-HAZR-Z11-12283,11
12284,NZM ERS DURONTO,HAZRAT NIZAMUDDIN JN,ERNAKULAM JN,DURONTO EXPRESS,TRETA-HAZR-ERNA-Z11-12284,11
12285,NZM DURONTO,SECUNDERABAD JN,HAZRAT NIZAMUDDIN JN,DURONTO EXPRESS,TRETA-SECU-HAZR-Z05-12285,5
12286,SC DURONTO EXP,HAZRAT NIZAMUDDIN JN,SECUNDERABAD JN,DURONTO EXPRESS,TRETA-HAZR-SECU-Z05-12286,5
12289,NGP DURONTO EXP,C SHIVAJI MAH T,NAGPUR JN.,DURONTO EXPRESS,TRETA-C_SH-NAGP-Z04-12289,4
12290,CSMT DURONTO EXP,NAGPUR JN.,C SHIVAJI MAH T,DURONTO EXPRESS,TRETA-NAGP-C_SH-Z04-12290,4
12291,YPR MAS SF EXP,YESVANTPUR JN.,PURATCHI THALAIVAR DR. MGR CTL,SUPERFAST,TRETA-YESV-PURA-Z07-12291,7
12292,MAS YPR SF EXP,PURATCHI THALAIVAR DR. MGR CTL,YESVANTPUR JN.,SUPERFAST,TRETA-PURA-YESV-Z06-12292,6
12293,PRYJ DURONTO,LOKMANYATILAK,PRAYAGRAJ JN,DURONTO EXPRESS,TRETA-LOKM-PRAY-Z05-12293,5
12294,LTT DURONTO,PRAYAGRAJ JN,LOKMANYATILAK,DURONTO EXPRESS,TRETA-PRAY-LOKM-Z05-12294,5
12295,SANGHAMITRA EXP,SMVT BENGALURU,DANAPUR,SUPERFAST,TRETA-SMVT-DANA-Z35-12295,35
12296,SANGHA MITRA EX,DANAPUR,SMVT BENGALURU,SUPERFAST,TRETA-DANA-SMVT-Z35-12296,35
12297,PUNE DURONTO,AHMEDABAD JN,PUNE JN,DURONTO EXPRESS,TRETA-AHME-PUNE-Z04-12297,4
12298,ADI DURONTO,PUNE JN,AHMEDABAD JN,DURONTO EXPRESS,TRETA-PUNE-AHME-Z04-12298,4
12301,RAJDHANI EXPRES,HOWRAH JN,NEW DELHI,RAJDHANI,TRETA-HOWR-NEW_-Z08-12301,8
12302,HWH RAJDHANI,NEW DELHI,HOWRAH JN,RAJDHANI,TRETA-NEW_-HOWR-Z08-12302,8
12303,POORVA EXPRESS,HOWRAH JN,NEW DELHI,SUPERFAST,TRETA-HOWR-NEW_-Z24-12303,24
12304,POORVA EXPRESS,NEW DELHI,HOWRAH JN,SUPERFAST,TRETA-NEW_-HOWR-Z24-12304,24
12305,RAJDHANI EXPRES,HOWRAH JN,NEW DELHI,RAJDHANI,TRETA-HOWR-NEW_-Z08-12305,8
12306,KOLKATA RAJDHNI,NEW DELHI,HOWRAH JN,RAJDHANI,TRETA-NEW_-HOWR-Z08-12306,8
12307,HWH JU EXPRESS,HOWRAH JN,JODHPUR JN,SUPERFAST,TRETA-HOWR-JODH-Z29-12307,29
12308,JU HWH SF EXP,JODHPUR JN,HOWRAH JN,SUPERFAST,TRETA-JODH-HOWR-Z29-12308,29
12309,RJPB TEJAS RAJ,RAJENDRA NAGAR,NEW DELHI,RAJDHANI,TRETA-RAJE-NEW_-Z06-12309,6
12310,RJPB TEJAS RAJ,NEW DELHI,RAJENDRA NAGAR,RAJDHANI,TRETA-NEW_-RAJE-Z06-12310,6
12313,RAJDHANI EXPRES,SEALDAH,NEW DELHI,RAJDHANI,TRETA-SEAL-NEW_-Z07-12313,7
12314,SEALDAH RAJDHNI,NEW DELHI,SEALDAH,RAJDHANI,TRETA-NEW_-SEAL-Z07-12314,7
12315,ANANYA EXPRESS,KOLKATTA TERMINAL,UDAIPUR CITY,SUPERFAST,TRETA-KOLK-UDAI-Z21-12315,21
12316,ANANYA EXP,UDAIPUR CITY,KOLKATTA TERMINAL,SUPERFAST,TRETA-UDAI-KOLK-Z21-12316,21
12317,AKAL TAKHT EXP,KOLKATTA TERMINAL,AMRITSAR,SUPERFAST,TRETA-KOLK-AMRI-Z23-12317,23
12318,AKAL TAKHAT EXP,AMRITSAR,KOLKATTA TERMINAL,SUPERFAST,TRETA-AMRI-KOLK-Z23-12318,23
12319,KOAA GWL EXP,KOLKATTA TERMINAL,GWALIOR JN.,SUPERFAST,TRETA-KOLK-GWAL-Z17-12319,17
12320,GWL KOAA SF EXP,GWALIOR JN.,KOLKATTA TERMINAL,SUPERFAST,TRETA-GWAL-KOLK-Z17-12320,17
12321,MUMBAI MAIL,HOWRAH JN,C SHIVAJI MAH T,SUPERFAST,TRETA-HOWR-C_SH-Z45-12321,45
12322,KOLKATA MAIL,C SHIVAJI MAH T,HOWRAH JN,SUPERFAST,TRETA-C_SH-HOWR-Z46-12322,46
12323,HWH BME EXP,HOWRAH JN,BARMER,SUPERFAST,TRETA-HOWR-BARM-Z25-12323,25
12324,BME HWH SF EXP,BARMER,HOWRAH JN,SUPERFAST,TRETA-BARM-HOWR-Z25-12324,25
12325,GURUMUKHI EXP,KOLKATTA TERMINAL,AMB  ANDAURA,SUPERFAST,TRETA-KOLK-AMB_-Z19-12325,19
12326,GURUMUKHI EXP,AMB  ANDAURA,KOLKATTA TERMINAL,SUPERFAST,TRETA-AMB_-KOLK-Z19-12326,19
12329,SAMPARK K EXP,SEALDAH,ANAND VIHAR TERMINAL,SUPERFAST,TRETA-SEAL-ANAN-Z08-12329,8
12330,SAMPARK K EXP,ANAND VIHAR TERMINAL,SEALDAH,SUPERFAST,TRETA-ANAN-SEAL-Z08-12330,8
12335,BGP LTT EXPRESS,BHAGALPUR,LOKMANYATILAK,SUPERFAST,TRETA-BHAG-LOKM-Z38-12335,38
12336,LTT BHAGALPUR EX,LOKMANYATILAK,BHAGALPUR,SUPERFAST,TRETA-LOKM-BHAG-Z37-12336,37
12337,SANTINIKETN EXP,HOWRAH JN,BOLPUR S NIKTN,SUPERFAST,TRETA-HOWR-BOLP-Z03-12337,3
12338,SANTINIKETN EXP,BOLPUR S NIKTN,HOWRAH JN,SUPERFAST,TRETA-BOLP-HOWR-Z03-12338,3
12339,COALFIELD EXP,HOWRAH JN,DHANBAD JN,SUPERFAST,TRETA-HOWR-DHAN-Z12-12339,12
12340,COALFIELD EXP,DHANBAD JN,HOWRAH JN,SUPERFAST,TRETA-DHAN-HOWR-Z12-12340,12
12341,AGNIVEENA EXP,HOWRAH JN,ASANSOL JN.,SUPERFAST,TRETA-HOWR-ASAN-Z07-12341,7
12342,AGNIVEENA EXP,ASANSOL JN.,HOWRAH JN,SUPERFAST,TRETA-ASAN-HOWR-Z07-12342,7
12343,DARJEELING MAIL,SEALDAH,HALDIBARI,SUPERFAST,TRETA-SEAL-HALD-Z07-12343,7
12344,DARJEELING MAIL,HALDIBARI,SEALDAH,SUPERFAST,TRETA-HALD-SEAL-Z07-12344,7
12345,SARAIGHAT EXP,HOWRAH JN,GUWAHATI,SUPERFAST,TRETA-HOWR-GUWA-Z17-12345,17
12346,SARAIGHAT EXP,GUWAHATI,HOWRAH JN,SUPERFAST,TRETA-GUWA-HOWR-Z17-12346,17
12347,HWH RPH EXPRESS,HOWRAH JN,RAMPUR HAT,SUPERFAST,TRETA-HOWR-RAMP-Z08-12347,8
12348,RPH HWH EXPRESS,RAMPUR HAT,HOWRAH JN,SUPERFAST,TRETA-RAMP-HOWR-Z08-12348,8
12349,GODA NDLS HMSFR,GODDA,NEW DELHI,SUPERFAST,TRETA-GODD-NEW_-Z18-12349,18
12350,GODA HUMSAFAR,NEW DELHI,GODDA,SUPERFAST,TRETA-NEW_-GODD-Z18-12350,18
12351,HWH RJPB EXP,HOWRAH JN,RAJENDRA NAGAR,SUPERFAST,TRETA-HOWR-RAJE-Z21-12351,21
12352,RJPB HWH EXP,RAJENDRA NAGAR,HOWRAH JN,SUPERFAST,TRETA-RAJE-HOWR-Z21-12352,21
12353,HWH LKU EXPRESS,HOWRAH JN,LALKUA JN.,SUPERFAST,TRETA-HOWR-LALK-Z18-12353,18
12354,LKU HWH SF EXP,LALKUA JN.,HOWRAH JN,SUPERFAST,TRETA-LALK-HOWR-Z18-12354,18
12355,ARCHNA EXP,PATNA JN,JAMMUTAVI,SUPERFAST,TRETA-PATN-JAMM-Z21-12355,21
12356,ARCHANA EXP,JAMMUTAVI,PATNA JN,SUPERFAST,TRETA-JAMM-PATN-Z19-12356,19
12357,DURGIANA EXP,KOLKATTA TERMINAL,AMRITSAR,SUPERFAST,TRETA-KOLK-AMRI-Z17-12357,17
12358,DURGIANA EXP,AMRITSAR,KOLKATTA TERMINAL,SUPERFAST,TRETA-AMRI-KOLK-Z17-12358,17
12361,ASN CSMT EXP,ASANSOL JN.,C SHIVAJI MAH T,SUPERFAST,TRETA-ASAN-C_SH-Z20-12361,20
12362,CSMT ASANSOL EXP,C SHIVAJI MAH T,ASANSOL JN.,SUPERFAST,TRETA-C_SH-ASAN-Z20-12362,20
12363,KOAA HDB SF EXP,KOLKATTA TERMINAL,HALDIBARI,SUPERFAST,TRETA-KOLK-HALD-Z10-12363,10
12364,HDB KOAA SF EXP,HALDIBARI,KOLKATTA TERMINAL,SUPERFAST,TRETA-HALD-KOLK-Z10-12364,10
12365,RNC JANSHATABDI,PATNA JN,RANCHI,JAN SHATABDI,TRETA-PATN-RANC-Z12-12365,12
12366,PNBE JANSHATBDI,RANCHI,PATNA JN,JAN SHATABDI,TRETA-RANC-PATN-Z12-12366,12
12367,VIKRAMSHILA EXP,BHAGALPUR,ANAND VIHAR TERMINAL,SUPERFAST,TRETA-BHAG-ANAN-Z22-12367,22
12368,VIKRAMSHILA EXP,ANAND VIHAR TERMINAL,BHAGALPUR,SUPERFAST,TRETA-ANAN-BHAG-Z22-12368,22
12371,HWH BKN SF EXP,HOWRAH JN,BIKANER JN,SUPERFAST,TRETA-HOWR-BIKA-Z29-12371,29
12372,BKN HWH SF EXP,BIKANER JN,HOWRAH JN,SUPERFAST,TRETA-BIKA-HOWR-Z28-12372,28
12375,TBM JSME SF EXP,TAMBARAM,JASIDIH JN.,SUPERFAST,TRETA-TAMB-JASI-Z30-12375,30
12376,JSME TBM EXP,JASIDIH JN.,TAMBARAM,SUPERFAST,TRETA-JASI-TAMB-Z30-12376,30
12377,PADATIK EXPRESS,SEALDAH,NEW ALIPURDUAR,SUPERFAST,TRETA-SEAL-NEW_-Z13-12377,13
12378,PADATIK EXPRESS,NEW ALIPURDUAR,SEALDAH,SUPERFAST,TRETA-NEW_-SEAL-Z13-12378,13
12379,JALIANWALA B EX,SEALDAH,AMRITSAR,SUPERFAST,TRETA-SEAL-AMRI-Z16-12379,16
12380,JALIANWALA B EX,AMRITSAR,SEALDAH,SUPERFAST,TRETA-AMRI-SEAL-Z16-12380,16
12381,POORVA EXPRESS,HOWRAH JN,NEW DELHI,SUPERFAST,TRETA-HOWR-NEW_-Z21-12381,21
12382,POORVA EXPRESS,NEW DELHI,HOWRAH JN,SUPERFAST,TRETA-NEW_-HOWR-Z21-12382,21
12383,ASN INTERCITY,SEALDAH,ASANSOL JN.,SUPERFAST,TRETA-SEAL-ASAN-Z09-12383,9
12384,SDAH INTERCITY,ASANSOL JN.,SEALDAH,SUPERFAST,TRETA-ASAN-SEAL-Z09-12384,9
12389,GAYA MAS EXPRES,GAYA JN,PURATCHI THALAIVAR DR. MGR CTL,SUPERFAST,TRETA-GAYA-PURA-Z19-12389,19
12390,MAS GAYA SF EXP,PURATCHI THALAIVAR DR. MGR CTL,GAYA JN,SUPERFAST,TRETA-PURA-GAYA-Z20-12390,20
12391,SHRAMJEEVI EXP,RAJGIR,NEW DELHI,SUPERFAST,TRETA-RAJG-NEW_-Z33-12391,33
12392,SHRAMJIVI EXP,NEW DELHI,RAJGIR,SUPERFAST,TRETA-NEW_-RAJG-Z33-12392,33
12393,S KRANTI SUP EX,RAJENDRA NAGAR,NEW DELHI,SUPERFAST,TRETA-RAJE-NEW_-Z07-12393,7
12394,SAMPOORAN K EXP,NEW DELHI,RAJENDRA NAGAR,SUPERFAST,TRETA-NEW_-RAJE-Z07-12394,7
12395,ZIYARAT EXPRESS,RAJENDRA NAGAR TERMINAL,AJMER JN,SUPERFAST,TRETA-RAJE-AJME-Z17-12395,17
12396,ZIYARAT EXPRESS,AJMER JN,RAJENDRA NAGAR TERMINAL,SUPERFAST,TRETA-AJME-RAJE-Z17-12396,17
12397,MAHABODHI EXP,GAYA JN,NEW DELHI,SUPERFAST,TRETA-GAYA-NEW_-Z15-12397,15
12398,MAHABODHI EXP,NEW DELHI,GAYA JN,SUPERFAST,TRETA-NEW_-GAYA-Z15-12398,15
12401,KOTA DDN AC EXP,KOTA JN,DEHRADOON,SUPERFAST,TRETA-KOTA-DEHR-Z13-12401,13
12402,DDN KOTA AC EXP,DEHRADOON,KOTA JN,SUPERFAST,TRETA-DEHR-KOTA-Z13-12402,13
12403,PRYJ LGH SF EXP,PRAYAGRAJ JN,LALGARH JN,SUPERFAST,TRETA-PRAY-LALG-Z32-12403,32
12404,LGH PRYJ SF EXP,LALGARH JN,PRAYAGRAJ JN,SUPERFAST,TRETA-LALG-PRAY-Z32-12404,32
12405,GONDWANA EXPRESS,BHUSAVAL JN,HAZRAT NIZAMUDDIN JN,SUPERFAST,TRETA-BHUS-HAZR-Z28-12405,28
12406,GONDWANA EXP,HAZRAT NIZAMUDDIN JN,BHUSAVAL JN,SUPERFAST,TRETA-HAZR-BHUS-Z28-12406,28
12409,GONDWANA SF EXP,RAIGARH,HAZRAT NIZAMUDDIN JN,SUPERFAST,TRETA-RAIG-HAZR-Z35-12409,35
12410,GONDWANA EXP,HAZRAT NIZAMUDDIN JN,RAIGARH,SUPERFAST,TRETA-HAZR-RAIG-Z35-12410,35
12411,INTERCITY EXP,CHANDIGARH,AMRITSAR,SUPERFAST,TRETA-CHAN-AMRI-Z09-12411,9
12412,INTERCITY EXP,AMRITSAR,CHANDIGARH,SUPERFAST,TRETA-AMRI-CHAN-Z09-12412,9
12413,GALTADHAM POOJA,AJMER JN,JAMMUTAVI,SUPERFAST,TRETA-AJME-JAMM-Z20-12413,20
12414,GALTADHAM POOJA,JAMMUTAVI,AJMER JN,SUPERFAST,TRETA-JAMM-AJME-Z21-12414,21
12415,INDB NDLS EXP,INDORE JN,NEW DELHI,SUPERFAST,TRETA-INDO-NEW_-Z21-12415,21
12416,NDLS INDB EXP,NEW DELHI,INDORE JN,SUPERFAST,TRETA-NEW_-INDO-Z20-12416,20
12417,PRAYAGRAJ EXP,PRAYAGRAJ JN,NEW DELHI,SUPERFAST,TRETA-PRAY-NEW_-Z05-12417,5
12418,PRAYAGRAJ EXP,NEW DELHI,PRAYAGRAJ JN,SUPERFAST,TRETA-NEW_-PRAY-Z05-12418,5
12419,GOMTI EXPRESS,LUCKNOW JN.,NEW DELHI,SUPERFAST,TRETA-LUCK-NEW_-Z16-12419,16
12420,GOMTI EXPRESS,NEW DELHI,LUCKNOW JN.,SUPERFAST,TRETA-NEW_-LUCK-Z16-12420,16
12421,NED ASR SF EXP,NANDED,AMRITSAR,SUPERFAST,TRETA-NAND-AMRI-Z24-12421,24
12422,ASR NED SF EXP,AMRITSAR,NANDED,SUPERFAST,TRETA-AMRI-NAND-Z24-12422,24
12423,RAJDHANI EXP,DIBRUGARH,NEW DELHI,RAJDHANI,TRETA-DIBR-NEW_-Z24-12423,24
12424,DBRT RAJDHANI,NEW DELHI,DIBRUGARH,RAJDHANI,TRETA-NEW_-DIBR-Z24-12424,24
12425,JAMMU RAJDHANI,NEW DELHI,JAMMUTAVI,RAJDHANI,TRETA-NEW_-JAMM-Z04-12425,4
12426,JAMMU RAJDHANI,JAMMUTAVI,NEW DELHI,RAJDHANI,TRETA-JAMM-NEW_-Z04-12426,4
12427,REWA ANVT EXP,REWA,ANAND VIHAR TERMINAL,SUPERFAST,TRETA-REWA-ANAN-Z12-12427,12
12428,REWA EXPRESS,ANAND VIHAR TERMINAL,REWA,SUPERFAST,TRETA-ANAN-REWA-Z13-12428,13
12429,LKO NDLS AC EXP,LUCKNOW JN.,NEW DELHI,SUPERFAST,TRETA-LUCK-NEW_-Z05-12429,5
12430,NDLS LKO AC EXP,NEW DELHI,LUCKNOW JN.,SUPERFAST,TRETA-NEW_-LUCK-Z05-12430,5
12431,TVC NZM RAJDHANI,THIRUVANANTHAPURAM CENTRAL,HAZRAT NIZAMUDDIN JN,RAJDHANI,TRETA-THIR-HAZR-Z21-12431,21
12432,NZM TVC RAJDANI,HAZRAT NIZAMUDDIN JN,THIRUVANANTHAPURAM CENTRAL,RAJDHANI,TRETA-HAZR-THIR-Z21-12432,21
12433,MAS NZM RAJDHANI,PURATCHI THALAIVAR DR. MGR CTL,HAZRAT NIZAMUDDIN JN,RAJDHANI,TRETA-PURA-HAZR-Z09-12433,9
12434,NZM MAS RAJDHANI,HAZRAT NIZAMUDDIN JN,PURATCHI THALAIVAR DR. MGR CTL,RAJDHANI,TRETA-HAZR-PURA-Z09-12434,9
12435,GARIB RATH EXP,JAYNAGAR,ANAND VIHAR TERMINAL,GARIB RATH,TRETA-JAYN-ANAN-Z21-12435,21
12436,JYG GARIB RATH,ANAND VIHAR TERMINAL,JAYNAGAR,GARIB RATH,TRETA-ANAN-JAYN-Z21-12436,21
12437,SC NZM RAJDHANI,SECUNDERABAD JN,HAZRAT NIZAMUDDIN JN,RAJDHANI,TRETA-SECU-HAZR-Z06-12437,6
12438,SC RAJDHANI,HAZRAT NIZAMUDDIN JN,SECUNDERABAD JN,RAJDHANI,TRETA-HAZR-SECU-Z06-12438,6
12439,NED SGNR SF EXP,NANDED,SHRI GANGANAGAR,SUPERFAST,TRETA-NAND-SHRI-Z28-12439,28
12440,SGNR NED EXP,SHRI GANGANAGAR,NANDED,SUPERFAST,TRETA-SHRI-NAND-Z28-12440,28
12441,BSP NDLS RAJ EX,BILASPUR JN.,NEW DELHI,RAJDHANI,TRETA-BILA-NEW_-Z09-12441,9
12442,BSP RAJDHNI EXP,NEW DELHI,BILASPUR JN.,RAJDHANI,TRETA-NEW_-BILA-Z09-12442,9
12443,HLZ ANVT SF EXP,HALDIA,ANAND VIHAR TERMINAL,SUPERFAST,TRETA-HALD-ANAN-Z13-12443,13
12444,HALDIYA EXPRESS,ANAND VIHAR TERMINAL,HALDIA,SUPERFAST,TRETA-ANAN-HALD-Z13-12444,13
12445,UTTAR S KRANTI,NEW DELHI,SHRI MATA VAISHNO DEVI KATRA,SUPERFAST,TRETA-NEW_-SHRI-Z11-12445,11
12446,UTTAR S KRANTI,SHRI MATA VAISHNO DEVI KATRA,NEW DELHI,SUPERFAST,TRETA-SHRI-NEW_-Z11-12446,11
12447,UP SMPRK KRANTI,MANIKPUR JN,HAZRAT NIZAMUDDIN JN,SUPERFAST,TRETA-MANI-HAZR-Z11-12447,11
12448,UP SAMPRK KRANTI,HAZRAT NIZAMUDDIN JN,MANIKPUR JN,SUPERFAST,TRETA-HAZR-MANI-Z11-12448,11
12449,GOA SMPRK K,MADGAON JUNCTION,CHANDIGARH,SUPERFAST,TRETA-MADG-CHAN-Z15-12449,15
12450,GOA SMPRK KRANT,CHANDIGARH,MADGAON JUNCTION,SUPERFAST,TRETA-CHAN-MADG-Z15-12450,15
12451,SHRAM SHKTI EXP,KANPUR CENTRAL,NEW DELHI,SUPERFAST,TRETA-KANP-NEW_-Z02-12451,2
12452,SHRAM SHKTI EXP,NEW DELHI,KANPUR CENTRAL,SUPERFAST,TRETA-NEW_-KANP-Z02-12452,2
12453,RNC NDLS RAJ EX,RANCHI,NEW DELHI,RAJDHANI,TRETA-RANC-NEW_-Z11-12453,11
12454,RNC RAJDHANI,NEW DELHI,RANCHI,RAJDHANI,TRETA-NEW_-RANC-Z11-12454,11
12455,DEE BKN EXP,DELHI SARAI ROHILLA,BIKANER JN,SUPERFAST,TRETA-DELH-BIKA-Z21-12455,21
12456,BKN DEE SF EXP,BIKANER JN,DELHI SARAI ROHILLA,SUPERFAST,TRETA-BIKA-DELH-Z21-12456,21
12457,BKN SF EXP,DELHI SARAI ROHILLA,BIKANER JN,SUPERFAST,TRETA-DELH-BIKA-Z13-12457,13
12458,BKN DEE EXP,BIKANER JN,DELHI SARAI ROHILLA,SUPERFAST,TRETA-BIKA-DELH-Z13-12458,13
12461,VANDE BHARAT EXP,JODHPUR JN,SABARMATI BG,VANDE BHARAT,TRETA-JODH-SABA-Z06-12461,6
12462,JU VANDE BHARAT,SABARMATI BG,JODHPUR JN,VANDE BHARAT,TRETA-SABA-JODH-Z06-12462,6
12463,RAJ S KRNTI EXP,DELHI SARAI ROHILLA,JODHPUR JN,SUPERFAST,TRETA-DELH-JODH-Z07-12463,7
12464,RJSTHN S KRANTI,JODHPUR JN,DELHI SARAI ROHILLA,SUPERFAST,TRETA-JODH-DELH-Z06-12464,6
12465,RANTHAMBHORE EXP,INDORE JN,BHAGAT KI KOTHI,SUPERFAST,TRETA-INDO-BHAG-Z35-12465,35
12466,RANTHAMBORE EXP,BHAGAT KI KOTHI,INDORE JN,SUPERFAST,TRETA-BHAG-INDO-Z35-12466,35
12467,LEELAN EXP,JAISALMER,JAIPUR JN.,SUPERFAST,TRETA-JAIS-JAIP-Z23-12467,23
12468,LEELAN SF EXP,JAIPUR JN.,JAISALMER,SUPERFAST,TRETA-JAIP-JAIS-Z23-12468,23
12469,CNB JAT SF EXP,KANPUR CENTRAL,JAMMUTAVI,MAIL EXPRESS,TRETA-KANP-JAMM-Z13-12469,13
12470,JAT CNB EXPRESS,JAMMUTAVI,KANPUR CENTRAL,SUPERFAST,TRETA-JAMM-KANP-Z13-12470,13
12471,SWARAJ EXPRESS,BANDRA TERMINUS,SHRI MATA VAISHNO DEVI KATRA,SUPERFAST,TRETA-BAND-SHRI-Z30-12471,30
12472,SWARAJ EXPRESS,SHRI MATA VAISHNO DEVI KATRA,BANDRA TERMINUS,SUPERFAST,TRETA-SHRI-BAND-Z30-12472,30
12473,SARVODAYA EXP,GANDHIDHAM BG,SHRI MATA VAISHNO DEVI KATRA,SUPERFAST,TRETA-GAND-SHRI-Z30-12473,30
12474,SARVODAYA EXP,SHRI MATA VAISHNO DEVI KATRA,GANDHIDHAM BG,SUPERFAST,TRETA-SHRI-GAND-Z30-12474,30
12475,HAPA SVDK EXP,HAPA,SHRI MATA VAISHNO DEVI KATRA,SUPERFAST,TRETA-HAPA-SHRI-Z33-12475,33
12476,SVDK HAPA EXP,SHRI MATA VAISHNO DEVI KATRA,HAPA,SUPERFAST,TRETA-SHRI-HAPA-Z33-12476,33
12477,JAM SVDK EXP,JAMNAGAR,SHRI MATA VAISHNO DEVI KATRA,SUPERFAST,TRETA-JAMN-SHRI-Z33-12477,33
12478,SVDK JAM EXP,SHRI MATA VAISHNO DEVI KATRA,JAMNAGAR,SUPERFAST,TRETA-SHRI-JAMN-Z33-12478,33
12479,SURYA NAGARI EXP,JODHPUR JN,BANDRA TERMINUS,SUPERFAST,TRETA-JODH-BAND-Z16-12479,16
12480,SURYANAGARI EXP,BANDRA TERMINUS,JODHPUR JN,SUPERFAST,TRETA-BAND-JODH-Z16-12480,16
12481,DLI SGNR EXP,DELHI JN.,SHRI GANGANAGAR,SUPERFAST,TRETA-DELH-SHRI-Z16-12481,16
12482,INTERCITY EXP,SHRI GANGANAGAR,DELHI JN.,SUPERFAST,TRETA-SHRI-DELH-Z16-12482,16
12483,TVCN ASR SF EXP,THIRUVANANTHAPURAM NORTH,AMRITSAR,SUPERFAST,TRETA-THIR-AMRI-Z27-12483,27
12484,ASR TVCN SF EXP,AMRITSAR,THIRUVANANTHAPURAM NORTH,SUPERFAST,TRETA-AMRI-THIR-Z27-12484,27
12485,NED SGNR SF EXP,NANDED,SHRI GANGANAGAR,SUPERFAST,TRETA-NAND-SHRI-Z28-12485,28
12486,SGNR NED EXP,SHRI GANGANAGAR,NANDED,SUPERFAST,TRETA-SHRI-NAND-Z28-12486,28
12487,SEEMANCHAL EXP,JOGBANI,ANAND VIHAR TERMINAL,SUPERFAST,TRETA-JOGB-ANAN-Z20-12487,20
12488,SEEMANCHAL EXP,ANAND VIHAR TERMINAL,JOGBANI,SUPERFAST,TRETA-ANAN-JOGB-Z20-12488,20
12489,BKN DDR EXP,SHRI GANGANAGAR,DADAR,SUPERFAST,TRETA-SHRI-DADA-Z27-12489,27
12490,DDR BKN SF EXP,DADAR,SHRI GANGANAGAR,SUPERFAST,TRETA-DADA-SHRI-Z27-12490,27
12493,DARSHAN EXPRESS,MIRAJ JN.,HAZRAT NIZAMUDDIN JN,MAIL EXPRESS,TRETA-MIRA-HAZR-Z14-12493,14
12494,DARSHAN EXPRESS,HAZRAT NIZAMUDDIN JN,MIRAJ JN.,MAIL EXPRESS,TRETA-HAZR-MIRA-Z14-12494,14
12495,PRATAP EXPRESS,BIKANER JN,KOLKATTA TERMINAL,SUPERFAST,TRETA-BIKA-KOLK-Z20-12495,20
12496,PRATAP EXPRESS,KOLKATTA TERMINAL,BIKANER JN,SUPERFAST,TRETA-KOLK-BIKA-Z20-12496,20
12497,SHANE PUNJAB,NEW DELHI,AMRITSAR,SUPERFAST,TRETA-NEW_-AMRI-Z12-12497,12
12498,SHANE PUNJAB,AMRITSAR,NEW DELHI,SUPERFAST,TRETA-AMRI-NEW_-Z13-12498,13
12501,AGTL GARIB RATH,KOLKATTA TERMINAL,AGARTALA,GARIB RATH,TRETA-KOLK-AGAR-Z21-12501,21
12502,KOAA GARIB RATH,AGARTALA,KOLKATTA TERMINAL,GARIB RATH,TRETA-AGAR-KOLK-Z21-12502,21
12503,AGTL HUMSAFAR,SMVT BENGALURU,AGARTALA,SUPERFAST,TRETA-SMVT-AGAR-Z32-12503,32
12504,HUMSAFAR EXP,AGARTALA,SMVT BENGALURU,SUPERFAST,TRETA-AGAR-SMVT-Z32-12504,32
12505,NORTHEAST EXP,KAMAKHYA,ANAND VIHAR TERMINAL,SUPERFAST,TRETA-KAMA-ANAN-Z33-12505,33
12506,NORTH EAST EXP,ANAND VIHAR TERMINAL,KAMAKHYA,SUPERFAST,TRETA-ANAN-KAMA-Z32-12506,32
12507,KARMABHOOMI EXPRESS,NEW JALPAIGURI,AMRITSAR,SUPERFAST,TRETA-NEW_-AMRI-Z19-12507,19
12508,KARMABHOOMI EXPRESS,AMRITSAR,NEW JALPAIGURI,SUPERFAST,TRETA-AMRI-NEW_-Z19-12508,19
12509,GUWAHATI EXP,SMVT BENGALURU,GUWAHATI,SUPERFAST,TRETA-SMVT-GUWA-Z40-12509,40
12510,GHY SMVB EXP,GUWAHATI,SMVT BENGALURU,SUPERFAST,TRETA-GUWA-SMVT-Z39-12510,39
12511,RAPTISAGAR EXP,GORAKHPUR JN,THIRUVANANTHAPURAM NORTH,SUPERFAST,TRETA-GORA-THIR-Z59-12511,59
12512,RAPTISAGAR SF EX,THIRUVANANTHAPURAM NORTH,GORAKHPUR JN,SUPERFAST,TRETA-THIR-GORA-Z58-12512,58
12517,GHY GARIB RATH,KOLKATTA TERMINAL,GUWAHATI,GARIB RATH,TRETA-KOLK-GUWA-Z15-12517,15
12518,KOAA GARIB RATH,GUWAHATI,KOLKATTA TERMINAL,GARIB RATH,TRETA-GUWA-KOLK-Z15-12518,15
12521,RAPTI SAGAR EXP,BARAUNI JN,ERNAKULAM JN,SUPERFAST,TRETA-BARA-ERNA-Z59-12521,59
12522,RAPTISAGAR EXP,ERNAKULAM JN,BARAUNI JN,SUPERFAST,TRETA-ERNA-BARA-Z58-12522,58
12527,CPR ANVT SF EXP,CHHAPRA,ANAND VIHAR TERMINAL,SUPERFAST,TRETA-CHHA-ANAN-Z11-12527,11
12528,ANVT CPR SF EXP,ANAND VIHAR TERMINAL,CHHAPRA,SUPERFAST,TRETA-ANAN-CHHA-Z11-12528,11
12533,PUSHPAK EXPRESS,GOMTI NAGAR,C SHIVAJI MAH T,SUPERFAST,TRETA-GOMT-C_SH-Z18-12533,18
12534,PUSHPAK EXPRESS,C SHIVAJI MAH T,GOMTI NAGAR,SUPERFAST,TRETA-C_SH-GOMT-Z35-12534,35
12535,LJN R GARIBRATH,LUCKNOW,RAIPUR JN.,GARIB RATH,TRETA-LUCK-RAIP-Z13-12535,13
12536,LJN GARIBRATH,RAIPUR JN.,LUCKNOW,GARIB RATH,TRETA-RAIP-LUCK-Z13-12536,13
12539,YPR LKO EXP,YESVANTPUR JN.,LUCKNOW JN.,MAIL EXPRESS,TRETA-YESV-LUCK-Z18-12539,18
12540,LKO YPR EXP,LUCKNOW JN.,YESVANTPUR JN.,MAIL EXPRESS,TRETA-LUCK-YESV-Z17-12540,17
12545,RXL-LTT KARMBHUMI EXPRESS,RAXAUL JN,LOKMANYATILAK,SUPERFAST,TRETA-RAXA-LOKM-Z19-12545,19
12546,LTT-RXL KARMBHUMI EXP,LOKMANYATILAK,RAXAUL JN,SUPERFAST,TRETA-LOKM-RAXA-Z19-12546,19
12547,AGC GG SF EXP,AGRA CANTT JN,GANDHIGRAM,SUPERFAST,TRETA-AGRA-GAND-Z15-12547,15
12548,GG  AGC SF EXP,GANDHIGRAM,AGRA CANTT JN,SUPERFAST,TRETA-GAND-AGRA-Z15-12548,15
12549,DURG MCTM SF,DURG,MARTYR CAPTAIN TUSHAR MAHAJAN,SUPERFAST,TRETA-DURG-MART-Z19-12549,19
12550,MCTM DURG SF EXP,MARTYR CAPTAIN TUSHAR MAHAJAN,DURG,SUPERFAST,TRETA-MART-DURG-Z19-12550,19
12551,SMVB KYQ AC EXP,SMVT BENGALURU,KAMAKHYA,SUPERFAST,TRETA-SMVT-KAMA-Z30-12551,30
12552,KYQ SMVB AC EXP,KAMAKHYA,SMVT BENGALURU,SUPERFAST,TRETA-KAMA-SMVT-Z30-12552,30
12555,GORAKHDHAM EXP,GORAKHPUR JN,BATHINDA,SUPERFAST,TRETA-GORA-BATH-Z21-12555,21
12556,GORAKHDHAM EXP,BATHINDA,GORAKHPUR JN,SUPERFAST,TRETA-BATH-GORA-Z21-12556,21
12557,SAPT KRANTI EXP,MUZAFFARPUR JN,ANAND VIHAR TERMINAL,SUPERFAST,TRETA-MUZA-ANAN-Z18-12557,18
12558,SAPT KRANTI EXP,ANAND VIHAR TERMINAL,MUZAFFARPUR JN,SUPERFAST,TRETA-ANAN-MUZA-Z18-12558,18
12559,SHIV GANGA EXP,BANARAS,NEW DELHI,SUPERFAST,TRETA-BANA-NEW_-Z04-12559,4
12560,SHIV GANGA EXP,NEW DELHI,BANARAS,SUPERFAST,TRETA-NEW_-BANA-Z04-12560,4
12561,SWATANTRA S EXP,JAYNAGAR,NEW DELHI,SUPERFAST,TRETA-JAYN-NEW_-Z20-12561,20
12562,SWTANTRTA S EXP,NEW DELHI,JAYNAGAR,SUPERFAST,TRETA-NEW_-JAYN-Z19-12562,19
12565,BIHAR S KRANTI,DARBHANGA JN,NEW DELHI,SUPERFAST,TRETA-DARB-NEW_-Z15-12565,15
12566,BIHAR S KRANTI,NEW DELHI,DARBHANGA JN,SUPERFAST,TRETA-NEW_-DARB-Z15-12566,15
12571,ANVT HUMSAFAR,GORAKHPUR JN,ANAND VIHAR TERMINAL,SUPERFAST,TRETA-GORA-ANAN-Z09-12571,9
12572,GKP HUMSAFAR EX,ANAND VIHAR TERMINAL,GORAKHPUR JN,SUPERFAST,TRETA-ANAN-GORA-Z09-12572,9
12577,BAGMATI EXP,DARBHANGA JN,MYSORE JN,SUPERFAST,TRETA-DARB-MYSO-Z37-12577,37
12578,BAGMATI EXP,MYSORE JN,DARBHANGA JN,SUPERFAST,TRETA-MYSO-DARB-Z36-12578,36
12581,BNRS NDLS SFEXP,BANARAS,NEW DELHI,SUPERFAST,TRETA-BANA-NEW_-Z06-12581,6
12582,BNRS SF EXPRESS,NEW DELHI,BANARAS,SUPERFAST,TRETA-NEW_-BANA-Z06-12582,6
12583,ANVT DOUBLE DKR,LUCKNOW,ANAND VIHAR TERMINAL,SUPERFAST,TRETA-LUCK-ANAN-Z04-12583,4
12584,LJN DOUBLE DKR,ANAND VIHAR TERMINAL,LUCKNOW,SUPERFAST,TRETA-ANAN-LUCK-Z04-12584,4
12587,AMARNATH EXP,GORAKHPUR JN,JAMMUTAVI,SUPERFAST,TRETA-GORA-JAMM-Z17-12587,17
12588,GKP SF EXP,JAMMUTAVI,GORAKHPUR JN,SUPERFAST,TRETA-JAMM-GORA-Z17-12588,17
12589,GKP CHZ EXPRESS,GORAKHPUR JN,CHARLAPALLI,SUPERFAST,TRETA-GORA-CHAR-Z28-12589,28
12590,CHZ GKP SF EXP,CHARLAPALLI,GORAKHPUR JN,SUPERFAST,TRETA-CHAR-GORA-Z28-12590,28
12591,GKP YPR EXPRESS,GORAKHPUR JN,YESVANTPUR JN.,SUPERFAST,TRETA-GORA-YESV-Z36-12591,36
12592,GORAKHPUR EXP,YESVANTPUR JN.,GORAKHPUR JN,SUPERFAST,TRETA-YESV-GORA-Z36-12592,36
12593,LJN BPL G RATH,LUCKNOW,BHOPAL JN.,GARIB RATH,TRETA-LUCK-BHOP-Z06-12593,6
12594,LJN GARIBRATH,BHOPAL JN.,LUCKNOW,GARIB RATH,TRETA-BHOP-LUCK-Z06-12594,6
12595,ANVT HUMSAFAR,GORAKHPUR JN,ANAND VIHAR TERMINAL,SUPERFAST,TRETA-GORA-ANAN-Z05-12595,5
12596,GKP HUMSAFAR EX,ANAND VIHAR TERMINAL,GORAKHPUR JN,SUPERFAST,TRETA-ANAN-GORA-Z05-12596,5
12597,GKP-CSMT-ANTODAYA SUF,GORAKHPUR JN,C SHIVAJI MAH T,SUPERFAST,TRETA-GORA-C_SH-Z12-12597,12
12598,CSMT-GKP -ANTODAYA EXPRES,C SHIVAJI MAH T,GORAKHPUR JN,SUPERFAST,TRETA-C_SH-GORA-Z12-12598,12
12601,MAS MAQ SF MAIL,PURATCHI THALAIVAR DR. MGR CTL,MANGALORE CENTRAL,SUPERFAST,TRETA-PURA-MANG-Z30-12601,30
12602,MAQ CHENNAI MAIL,MANGALORE CENTRAL,PURATCHI THALAIVAR DR. MGR CTL,SUPERFAST,TRETA-MANG-PURA-Z32-12602,32
12603,MAS CHZ SF EXP,PURATCHI THALAIVAR DR. MGR CTL,CHARLAPALLI,SUPERFAST,TRETA-PURA-CHAR-Z18-12603,18
12604,CHENNAI SF EXP,CHARLAPALLI,PURATCHI THALAIVAR DR. MGR CTL,SUPERFAST,TRETA-CHAR-PURA-Z18-12604,18
12605,PALLAVAN SF EXP,CHENNAI EGMORE,KARAIKKUDI JN,SUPERFAST,TRETA-CHEN-KARA-Z13-12605,13
12606,PALLAVAN SF EXP,KARAIKKUDI JN,CHENNAI EGMORE,SUPERFAST,TRETA-KARA-CHEN-Z13-12606,13
12607,LALBAGH SF EXP,PURATCHI THALAIVAR DR. MGR CTL,KSR BENGALURU,MAIL EXPRESS,TRETA-PURA-KSR_-Z12-12607,12
12608,LALBAGH SF EXP,KSR BENGALURU,PURATCHI THALAIVAR DR. MGR CTL,MAIL EXPRESS,TRETA-KSR_-PURA-Z12-12608,12
12611,NZM GARIB RATH,PURATCHI THALAIVAR DR. MGR CTL,HAZRAT NIZAMUDDIN JN,GARIB RATH,TRETA-PURA-HAZR-Z11-12611,11
12612,MAS GARIB RATH,HAZRAT NIZAMUDDIN JN,PURATCHI THALAIVAR DR. MGR CTL,GARIB RATH,TRETA-HAZR-PURA-Z10-12612,10
12613,WODEYAR SF EXP,MYSORE JN,KSR BENGALURU,SUPERFAST,TRETA-MYSO-KSR_-Z04-12613,4
12614,WODEYAR SF EXP,KSR BENGALURU,MYSORE JN,SUPERFAST,TRETA-KSR_-MYSO-Z04-12614,4
12615,GRAND TRUNK EXP,PURATCHI THALAIVAR DR. MGR CTL,NEW DELHI,SUPERFAST,TRETA-PURA-NEW_-Z37-12615,37
12616,GRAND TRUNK EXP,NEW DELHI,PURATCHI THALAIVAR DR. MGR CTL,SUPERFAST,TRETA-NEW_-PURA-Z37-12616,37
12617,MANGLADWEEP EXP Valid From : 15-Jun-2026,ERNAKULAM JN,HAZRAT NIZAMUDDIN JN,SUPERFAST,TRETA-ERNA-HAZR-Z47-12617,47
12618,MANGLADWEEP EXP,HAZRAT NIZAMUDDIN JN,ERNAKULAM JN,SUPERFAST,TRETA-HAZR-ERNA-Z42-12618,42
12619,MATSYAGANDHA EXP,LOKMANYATILAK,MANGALORE CENTRAL,SUPERFAST,TRETA-LOKM-MANG-Z22-12619,22
12620,MATSYAGANDA EXP,MANGALORE CENTRAL,LOKMANYATILAK,SUPERFAST,TRETA-MANG-LOKM-Z20-12620,20
12621,TAMILNADU SF EXP,PURATCHI THALAIVAR DR. MGR CTL,NEW DELHI,SUPERFAST,TRETA-PURA-NEW_-Z12-12621,12
12622,TAMILNADU SF EXP,NEW DELHI,PURATCHI THALAIVAR DR. MGR CTL,SUPERFAST,TRETA-NEW_-PURA-Z11-12622,11
12623,MAS TVC SF MAIL,PURATCHI THALAIVAR DR. MGR CTL,THIRUVANANTHAPURAM CENTRAL,SUPERFAST,TRETA-PURA-THIR-Z20-12623,20
12624,TVC MAS SF MAIL,THIRUVANANTHAPURAM CENTRAL,PURATCHI THALAIVAR DR. MGR CTL,SUPERFAST,TRETA-THIR-PURA-Z21-12624,21
12625,KERALA SF EXP,THIRUVANANTHAPURAM CENTRAL,NEW DELHI,SUPERFAST,TRETA-THIR-NEW_-Z42-12625,42
12626,KERALA SF EXP,NEW DELHI,THIRUVANANTHAPURAM CENTRAL,SUPERFAST,TRETA-NEW_-THIR-Z42-12626,42
12627,KARNATAKA EXP,KSR BENGALURU,NEW DELHI,SUPERFAST,TRETA-KSR_-NEW_-Z34-12627,34
12628,KARNATAKA EXP,NEW DELHI,KSR BENGALURU,SUPERFAST,TRETA-NEW_-KSR_-Z33-12628,33
12629,SAMPARK KRANTI,YESVANTPUR JN.,HAZRAT NIZAMUDDIN JN,SUPERFAST,TRETA-YESV-HAZR-Z15-12629,15
12630,YPR S KRNTI EXP,HAZRAT NIZAMUDDIN JN,YESVANTPUR JN.,SUPERFAST,TRETA-HAZR-YESV-Z15-12630,15
12631,NELLAI SF EXP,CHENNAI EGMORE,TIRUNELVELI JN,SUPERFAST,TRETA-CHEN-TIRU-Z14-12631,14
12632,NELLAI SF EXP,TIRUNELVELI JN,CHENNAI EGMORE,SUPERFAST,TRETA-TIRU-CHEN-Z15-12632,15
12633,KANYAKUMARI EXP,CHENNAI EGMORE,KANNIYAKUMARI,SUPERFAST,TRETA-CHEN-KANN-Z15-12633,15
12634,KANYAKUMARI EXP,KANNIYAKUMARI,CHENNAI EGMORE,SUPERFAST,TRETA-KANN-CHEN-Z17-12634,17
12635,VAIGAI SF EXP,CHENNAI EGMORE,MADURAI JN,SUPERFAST,TRETA-CHEN-MADU-Z11-12635,11
12636,VAIGAI SF EXP,MADURAI JN,CHENNAI EGMORE,SUPERFAST,TRETA-MADU-CHEN-Z12-12636,12
12637,PANDIAN SF EXP,CHENNAI EGMORE,MADURAI JN,SUPERFAST,TRETA-CHEN-MADU-Z10-12637,10
12638,PANDIAN SF EXP,MADURAI JN,CHENNAI EGMORE,SUPERFAST,TRETA-MADU-CHEN-Z11-12638,11
12639,BRINDAVAN SF EXP,PURATCHI THALAIVAR DR. MGR CTL,KSR BENGALURU,SUPERFAST,TRETA-PURA-KSR_-Z12-12639,12
12640,BRINDAVAN SF EX,KSR BENGALURU,PURATCHI THALAIVAR DR. MGR CTL,SUPERFAST,TRETA-KSR_-PURA-Z13-12640,13
12641,TIRUKKURAL EXP,KANNIYAKUMARI,HAZRAT NIZAMUDDIN JN,SUPERFAST,TRETA-KANN-HAZR-Z22-12641,22
12642,TIRUKKURAL EXP,HAZRAT NIZAMUDDIN JN,KANNIYAKUMARI,SUPERFAST,TRETA-HAZR-KANN-Z22-12642,22
12643,TVC NZM SF EXP,THIRUVANANTHAPURAM CENTRAL,HAZRAT NIZAMUDDIN JN,SUPERFAST,TRETA-THIR-HAZR-Z31-12643,31
12644,NZM TVC SF EXP,HAZRAT NIZAMUDDIN JN,THIRUVANANTHAPURAM CENTRAL,SUPERFAST,TRETA-HAZR-THIR-Z30-12644,30
12645,MILLENNIUM EXP,ERNAKULAM JN,HAZRAT NIZAMUDDIN JN,SUPERFAST,TRETA-ERNA-HAZR-Z27-12645,27
12646,MILLENIUM EXP,HAZRAT NIZAMUDDIN JN,ERNAKULAM JN,SUPERFAST,TRETA-HAZR-ERNA-Z26-12646,26
12647,KONGU SF EXP,COIMBATORE JN,HAZRAT NIZAMUDDIN JN,SUPERFAST,TRETA-COIM-HAZR-Z24-12647,24
12648,KONGU SF EXP,HAZRAT NIZAMUDDIN JN,COIMBATORE JN,SUPERFAST,TRETA-HAZR-COIM-Z25-12648,25
12649,SAMPARK KRANTI,YESVANTPUR JN.,HAZRAT NIZAMUDDIN JN,SUPERFAST,TRETA-YESV-HAZR-Z19-12649,19
12650,YPR S KRANTI,HAZRAT NIZAMUDDIN JN,YESVANTPUR JN.,SUPERFAST,TRETA-HAZR-YESV-Z19-12650,19
12651,NZM S KRANTI EXP,MADURAI JN,HAZRAT NIZAMUDDIN JN,SUPERFAST,TRETA-MADU-HAZR-Z14-12651,14
12652,MDU S KRANTI EXP,HAZRAT NIZAMUDDIN JN,MADURAI JN,SUPERFAST,TRETA-HAZR-MADU-Z14-12652,14
12653,ROCKFORT SF EXP,CHENNAI EGMORE,TIRUCHCHIRAPPALLI JN.,SUPERFAST,TRETA-CHEN-TIRU-Z12-12653,12
12654,ROCKFORT SF EXP,TIRUCHCHIRAPPALLI JN.,CHENNAI EGMORE,SUPERFAST,TRETA-TIRU-CHEN-Z12-12654,12
12655,NAVJEEVAN EXP,AHMEDABAD JN,PURATCHI THALAIVAR DR. MGR CTL,SUPERFAST,TRETA-AHME-PURA-Z43-12655,43
12656,NAVJEEVAN SF EXP,PURATCHI THALAIVAR DR. MGR CTL,AHMEDABAD JN,SUPERFAST,TRETA-PURA-AHME-Z44-12656,44
12657,MAS SBC SF MAIL,PURATCHI THALAIVAR DR. MGR CTL,KSR BENGALURU,SUPERFAST,TRETA-PURA-KSR_-Z07-12657,7
12658,SBC MAS SF MAIL,KSR BENGALURU,PURATCHI THALAIVAR DR. MGR CTL,SUPERFAST,TRETA-KSR_-PURA-Z07-12658,7
12659,GURUDEV SF EXP,NAGERCOIL JUNCTION,SHALIMAR,SUPERFAST,TRETA-NAGE-SHAL-Z43-12659,43
12660,GURUDEV EXP,SHALIMAR,NAGERCOIL JUNCTION,SUPERFAST,TRETA-SHAL-NAGE-Z43-12660,43
12661,POTHIGAI SF EXP,CHENNAI EGMORE,SENGOTTAI,SUPERFAST,TRETA-CHEN-SENG-Z17-12661,17
12662,POTHIGAI SF EXP,SENGOTTAI,CHENNAI EGMORE,SUPERFAST,TRETA-SENG-CHEN-Z17-12662,17
12663,HWH TPJ SUF EXP,HOWRAH JN,TIRUCHCHIRAPPALLI JN.,SUPERFAST,TRETA-HOWR-TIRU-Z23-12663,23
12664,TPJ HWH SF EXP,TIRUCHCHIRAPPALLI JN.,HOWRAH JN,SUPERFAST,TRETA-TIRU-HOWR-Z24-12664,24
12665,HWH CAPE SF EXP,HOWRAH JN,KANNIYAKUMARI,SUPERFAST,TRETA-HOWR-KANN-Z29-12665,29
12666,CAPE HWH SF EXP,KANNIYAKUMARI,HOWRAH JN,SUPERFAST,TRETA-KANN-HOWR-Z32-12666,32
12667,MS CAPE SF EXP,TAMBARAM,KANNIYAKUMARI,SUPERFAST,TRETA-TAMB-KANN-Z11-12667,11
12668,CAPE MS SF EXP,KANNIYAKUMARI,TAMBARAM,SUPERFAST,TRETA-KANN-TAMB-Z11-12668,11
12669,GANGAKAVERI EXP,PURATCHI THALAIVAR DR. MGR CTL,CHHAPRA,SUPERFAST,TRETA-PURA-CHHA-Z22-12669,22
12670,GANGAKAVERI EXP,CHHAPRA,PURATCHI THALAIVAR DR. MGR CTL,SUPERFAST,TRETA-CHHA-PURA-Z22-12670,22
12671,NILAGIRI SF EXP,PURATCHI THALAIVAR DR. MGR CTL,METUPALAIYAM,SUPERFAST,TRETA-PURA-METU-Z08-12671,8
12672,NILAGIRI SF EXP,METUPALAIYAM,PURATCHI THALAIVAR DR. MGR CTL,SUPERFAST,TRETA-METU-PURA-Z08-12672,8
12673,CHERAN SF EXP,PURATCHI THALAIVAR DR. MGR CTL,COIMBATORE JN,SUPERFAST,TRETA-PURA-COIM-Z08-12673,8
12674,CHERAN SF EXP,COIMBATORE JN,PURATCHI THALAIVAR DR. MGR CTL,SUPERFAST,TRETA-COIM-PURA-Z08-12674,8
12675,KOVAI SF EXPRESS,PURATCHI THALAIVAR DR. MGR CTL,COIMBATORE JN,SUPERFAST,TRETA-PURA-COIM-Z11-12675,11
12676,KOVAI SF EXP,COIMBATORE JN,PURATCHI THALAIVAR DR. MGR CTL,SUPERFAST,TRETA-COIM-PURA-Z12-12676,12
12679,CBE INTERCITY,PURATCHI THALAIVAR DR. MGR CTL,COIMBATORE JN,SUPERFAST,TRETA-PURA-COIM-Z12-12679,12
12680,MAS INTERCITY,COIMBATORE JN,PURATCHI THALAIVAR DR. MGR CTL,SUPERFAST,TRETA-COIM-PURA-Z12-12680,12
12681,MAS CBE SF EXP,PURATCHI THALAIVAR DR. MGR CTL,COIMBATORE JN,SUPERFAST,TRETA-PURA-COIM-Z07-12681,7
12682,CBE MAS SF EXP,COIMBATORE JN,PURATCHI THALAIVAR DR. MGR CTL,SUPERFAST,TRETA-COIM-PURA-Z07-12682,7
12683,ERS SMVB SF EXP,ERNAKULAM JN,SMVT BENGALURU,SUPERFAST,TRETA-ERNA-SMVT-Z12-12683,12
12684,ERNAKULAM SFEXP,SMVT BENGALURU,ERNAKULAM JN,SUPERFAST,TRETA-SMVT-ERNA-Z12-12684,12
12685,MAS MAQ SF EXP,PURATCHI THALAIVAR DR. MGR CTL,MANGALORE CENTRAL,SUPERFAST,TRETA-PURA-MANG-Z20-12685,20
12686,MAQ MAS SF EXP,MANGALORE CENTRAL,PURATCHI THALAIVAR DR. MGR CTL,SUPERFAST,TRETA-MANG-PURA-Z20-12686,20
12689,MAS CAPE SF EXP,PURATCHI THALAIVAR DR. MGR CTL,KANNIYAKUMARI,SUPERFAST,TRETA-PURA-KANN-Z18-12689,18
12690,CAPE MAS SF EXP,KANNIYAKUMARI,PURATCHI THALAIVAR DR. MGR CTL,SUPERFAST,TRETA-KANN-PURA-Z19-12690,19
12691,MAS SMET SF EXP,PURATCHI THALAIVAR DR. MGR CTL,SHIMOGA TOWN,SUPERFAST,TRETA-PURA-SHIM-Z16-12691,16
12692,SMET MAS SF EXP,SHIMOGA TOWN,PURATCHI THALAIVAR DR. MGR CTL,SUPERFAST,TRETA-SHIM-PURA-Z19-12692,19
12693,PEARL CITY EXP,CHENNAI EGMORE,TUTICORIN,SUPERFAST,TRETA-CHEN-TUTI-Z19-12693,19
12694,PEARL CITY EXP,TUTICORIN,CHENNAI EGMORE,SUPERFAST,TRETA-TUTI-CHEN-Z20-12694,20
12695,MAS TVC SF EXP,PURATCHI THALAIVAR DR. MGR CTL,THIRUVANANTHAPURAM CENTRAL,SUPERFAST,TRETA-PURA-THIR-Z21-12695,21
12696,TVC MAS SF EXP,THIRUVANANTHAPURAM CENTRAL,PURATCHI THALAIVAR DR. MGR CTL,SUPERFAST,TRETA-THIR-PURA-Z22-12696,22
12697,MAS TVC SF EXP,PURATCHI THALAIVAR DR. MGR CTL,THIRUVANANTHAPURAM CENTRAL,SUPERFAST,TRETA-PURA-THIR-Z12-12697,12
12698,TVC MAS SF EXP,THIRUVANANTHAPURAM CENTRAL,PURATCHI THALAIVAR DR. MGR CTL,SUPERFAST,TRETA-THIR-PURA-Z12-12698,12
12701,HUSSAINSAGAR EXP,C SHIVAJI MAH T,HYDERABAD,SUPERFAST,TRETA-C_SH-HYDE-Z15-12701,15
12702,HUSSAINSAGAR SF,HYDERABAD,C SHIVAJI MAH T,SUPERFAST,TRETA-HYDE-C_SH-Z16-12702,16
12703,FALAKNUMA EXP,HOWRAH JN,SECUNDERABAD JN,SUPERFAST,TRETA-HOWR-SECU-Z25-12703,25
12704,FALAKNUMA SF EX,SECUNDERABAD JN,HOWRAH JN,SUPERFAST,TRETA-SECU-HOWR-Z26-12704,26
12705,SC INTERCITY SF,GUNTUR JN,SECUNDERABAD JN,SUPERFAST,TRETA-GUNT-SECU-Z15-12705,15
12706,GNT INTRCITY SF,SECUNDERABAD JN,GUNTUR JN,SUPERFAST,TRETA-SECU-GUNT-Z15-12706,15
12707,SAMPARK KRANTI,TIRUPATI,HAZRAT NIZAMUDDIN JN,SUPERFAST,TRETA-TIRU-HAZR-Z21-12707,21
12708,NZM TPTY SF EXP,HAZRAT NIZAMUDDIN JN,TIRUPATI,SUPERFAST,TRETA-HAZR-TIRU-Z21-12708,21
12709,SIMHAPURI SF EX,GUDUR JN,SECUNDERABAD JN,SUPERFAST,TRETA-GUDU-SECU-Z15-12709,15
12710,SIMHAPURI SF EXP,SECUNDERABAD JN,GUDUR JN,SUPERFAST,TRETA-SECU-GUDU-Z15-12710,15
12711,PINAKINI SF EXP,VIJAYAWADA JN,PURATCHI THALAIVAR DR. MGR CTL,SUPERFAST,TRETA-VIJA-PURA-Z13-12711,13
12712,PINAKINI SF EXP,PURATCHI THALAIVAR DR. MGR CTL,VIJAYAWADA JN,SUPERFAST,TRETA-PURA-VIJA-Z13-12712,13
12713,SATAVAHANA SF,VIJAYAWADA JN,SECUNDERABAD JN,SUPERFAST,TRETA-VIJA-SECU-Z10-12713,10
12714,SATAVAHANA SF,SECUNDERABAD JN,VIJAYAWADA JN,SUPERFAST,TRETA-SECU-VIJA-Z10-12714,10
12715,SACHKHAND SF EX,NANDED,AMRITSAR,SUPERFAST,TRETA-NAND-AMRI-Z38-12715,38
12716,SACHKHAND EXP,AMRITSAR,NANDED,SUPERFAST,TRETA-AMRI-NAND-Z37-12716,37
12717,RATNANCHAL SF EX,VISAKHAPATNAM,VIJAYAWADA JN,SUPERFAST,TRETA-VISA-VIJA-Z12-12717,12
12718,RATNACHAL SF EX,VIJAYAWADA JN,VISAKHAPATNAM,SUPERFAST,TRETA-VIJA-VISA-Z12-12718,12
12719,JP HYB SF EXP,JAIPUR JN.,HYDERABAD,SUPERFAST,TRETA-JAIP-HYDE-Z27-12719,27
12720,HYB JP SF EXP,HYDERABAD,JAIPUR JN.,SUPERFAST,TRETA-HYDE-JAIP-Z27-12720,27
12721,DAKSHIN SF EXP,HYDERABAD,HAZRAT NIZAMUDDIN JN,SUPERFAST,TRETA-HYDE-HAZR-Z43-12721,43
12722,DAKSHIN EXP,HAZRAT NIZAMUDDIN JN,HYDERABAD,SUPERFAST,TRETA-HAZR-HYDE-Z44-12722,44
12723,TELANGANA SF EXP,HYDERABAD,NEW DELHI,SUPERFAST,TRETA-HYDE-NEW_-Z17-12723,17
12724,TELANGANA EXP,NEW DELHI,HYDERABAD,SUPERFAST,TRETA-NEW_-HYDE-Z15-12724,15
12725,SIDDAGANGA EXP,KSR BENGALURU,DHARWAR,SUPERFAST,TRETA-KSR_-DHAR-Z17-12725,17
12726,SIDDAGANGA EXP,DHARWAR,KSR BENGALURU,SUPERFAST,TRETA-DHAR-KSR_-Z17-12726,17
12727,GODAVARI EXPRES,VISAKHAPATNAM,HYDERABAD,SUPERFAST,TRETA-VISA-HYDE-Z20-12727,20
12728,GODAVARI SF EXP,HYDERABAD,VISAKHAPATNAM,SUPERFAST,TRETA-HYDE-VISA-Z20-12728,20
12731,TPTY SC SF EXP,TIRUPATI,SECUNDERABAD JN,SUPERFAST,TRETA-TIRU-SECU-Z16-12731,16
12732,SC TPTY SF EXP,SECUNDERABAD JN,TIRUPATI,SUPERFAST,TRETA-SECU-TIRU-Z15-12732,15
12733,NARAYANADRI SF,TIRUPATI,LINGAMPALLI,SUPERFAST,TRETA-TIRU-LING-Z21-12733,21
12734,NARAYANADRI SF,LINGAMPALLI,TIRUPATI,SUPERFAST,TRETA-LING-TIRU-Z21-12734,21
12735,GARIBRATH EXP,CHARLAPALLI,YESVANTPUR JN.,GARIB RATH,TRETA-CHAR-YESV-Z12-12735,12
12736,SC GARIB RATH,YESVANTPUR JN.,CHARLAPALLI,GARIB RATH,TRETA-YESV-CHAR-Z12-12736,12
12737,GOUTAMI SF EXP,KAKINADA PORT,LINGAMPALLI,SUPERFAST,TRETA-KAKI-LING-Z20-12737,20
12738,GOUTAMI SF EXP,LINGAMPALLI,KAKINADA PORT,SUPERFAST,TRETA-LING-KAKI-Z21-12738,21
12739,GARIB RATH,VISAKHAPATNAM,SECUNDERABAD JN,GARIB RATH,TRETA-VISA-SECU-Z10-12739,10
12740,GARIBRATH EXP,SECUNDERABAD JN,VISAKHAPATNAM,GARIB RATH,TRETA-SECU-VISA-Z10-12740,10
12741,VSG PATNA EXP,VASCO DA GAMA,PATNA JN,SUPERFAST,TRETA-VASC-PATN-Z20-12741,20
12742,PNBE VSG EXP,PATNA JN,VASCO DA GAMA,SUPERFAST,TRETA-PATN-VASC-Z20-12742,20
12743,VIKRAMSIMHAPURI,GUDUR JN,VIJAYAWADA JN,SUPERFAST,TRETA-GUDU-VIJA-Z08-12743,8
12744,VIKRAMSIMHAPURI,VIJAYAWADA JN,GUDUR JN,SUPERFAST,TRETA-VIJA-GUDU-Z08-12744,8
12745,SC MUGR SF EXP,SECUNDERABAD JN,MANUGURU,SUPERFAST,TRETA-SECU-MANU-Z10-12745,10
12746,MUGR SC SF EXP,MANUGURU,SECUNDERABAD JN,SUPERFAST,TRETA-MANU-SECU-Z10-12746,10
12747,PALANADU SF EXP,GUNTUR JN,VIKARABAD JN,SUPERFAST,TRETA-GUNT-VIKA-Z14-12747,14
12748,PALANADU SF EXP,VIKARABAD JN,GUNTUR JN,SUPERFAST,TRETA-VIKA-GUNT-Z14-12748,14
12749,MTM BIDR SF EXP,MACHILIPATNAM,BIDAR,SUPERFAST,TRETA-MACH-BIDA-Z16-12749,16
12750,BIDR MTM SF EXP,BIDAR,MACHILIPATNAM,SUPERFAST,TRETA-BIDA-MACH-Z16-12750,16
12751,JAT HUMSAFAR,NANDED,JAMMUTAVI,SUPERFAST,TRETA-NAND-JAMM-Z25-12751,25
12752,NED HUMSAFAR,JAMMUTAVI,NANDED,SUPERFAST,TRETA-JAMM-NAND-Z25-12752,25
12753,SAMPARK KRANTI,NANDED,HAZRAT NIZAMUDDIN JN,SUPERFAST,TRETA-NAND-HAZR-Z10-12753,10
12754,MARATHWADA S K,HAZRAT NIZAMUDDIN JN,NANDED,SUPERFAST,TRETA-HAZR-NAND-Z10-12754,10
12755,COA BVC SF EXP,KAKINADA PORT,BHAVNAGAR TERMINUS,SUPERFAST,TRETA-KAKI-BHAV-Z31-12755,31
12756,BVC COA SF EXP,BHAVNAGAR TERMINUS,KAKINADA PORT,SUPERFAST,TRETA-BHAV-KAKI-Z30-12756,30
12757,KAGHAZNAGAR SF,SECUNDERABAD JN,SIRPUR KAGHAZNAGAR,SUPERFAST,TRETA-SECU-SIRP-Z15-12757,15
12758,SKZR SC SF EXP,SIRPUR KAGHAZNAGAR,SECUNDERABAD JN,SUPERFAST,TRETA-SIRP-SECU-Z15-12758,15
12759,CHARMINAR SF EXP,TAMBARAM,HYDERABAD,SUPERFAST,TRETA-TAMB-HYDE-Z17-12759,17
12760,CHARMINAR SF EX,HYDERABAD,TAMBARAM,SUPERFAST,TRETA-HYDE-TAMB-Z17-12760,17
12761,TPTY KRMR SF EXP,TIRUPATI,KARIMNAGAR,SUPERFAST,TRETA-TIRU-KARI-Z11-12761,11
12762,KRMR TPTY SF EX,KARIMNAGAR OA,TIRUPATI,SUPERFAST,TRETA-KARI-TIRU-Z11-12762,11
12763,PADMAVATI SF EXP,TIRUPATI,SECUNDERABAD JN,SUPERFAST,TRETA-TIRU-SECU-Z15-12763,15
12764,PADMAVATHI SF,SECUNDERABAD JN,TIRUPATI,SUPERFAST,TRETA-SECU-TIRU-Z18-12764,18
12765,TPTY AMI SF EXP,TIRUPATI,AMRAVATI,SUPERFAST,TRETA-TIRU-AMRA-Z23-12765,23
12766,AMI TPTY EXP,AMRAVATI,TIRUPATI,SUPERFAST,TRETA-AMRA-TIRU-Z23-12766,23
12767,NED SRC SUP EXP,NANDED,SANTRAGACHI JN,SUPERFAST,TRETA-NAND-SANT-Z18-12767,18
12768,SRC NED SUF EXP,SANTRAGACHI JN,NANDED,SUPERFAST,TRETA-SANT-NAND-Z18-12768,18
12769,SEVEN HILLS SF,TIRUPATI,SECUNDERABAD JN,SUPERFAST,TRETA-TIRU-SECU-Z16-12769,16
12770,SEVEN HILLS SF,SECUNDERABAD JN,TIRUPATI,SUPERFAST,TRETA-SECU-TIRU-Z16-12770,16
12771,SC R SF EXPRESS,SECUNDERABAD JN,RAIPUR JN.,SUPERFAST,TRETA-SECU-RAIP-Z16-12771,16
12772,R SC SF EXPRESS,RAIPUR JN.,SECUNDERABAD JN,SUPERFAST,TRETA-RAIP-SECU-Z16-12772,16
12773,SHM SC SUF EXP,SHALIMAR,SECUNDERABAD JN,SUPERFAST,TRETA-SHAL-SECU-Z15-12773,15
12774,SC SHM AC SF EX,SECUNDERABAD JN,SHALIMAR,SUPERFAST,TRETA-SECU-SHAL-Z15-12774,15
12775,COCANADA SF EXP,KAKINADA TOWN,LINGAMPALLI,SUPERFAST,TRETA-KAKI-LING-Z13-12775,13
12776,COCANADA SF EXP,LINGAMPALLI,KAKINADA TOWN,SUPERFAST,TRETA-LING-KAKI-Z13-12776,13
12777,UBL TVCN SF EXP,SSS HUBBALLI JN,THIRUVANANTHAPURAM NORTH,SUPERFAST,TRETA-SSS_-THIR-Z23-12777,23
12778,TVCN UBL SF EXP,THIRUVANANTHAPURAM NORTH,SSS HUBBALLI JN,SUPERFAST,TRETA-THIR-SSS_-Z22-12778,22
12779,GOA EXPRESS,VASCO DA GAMA,HAZRAT NIZAMUDDIN JN,SUPERFAST,TRETA-VASC-HAZR-Z32-12779,32
12780,GOA EXPRESS,HAZRAT NIZAMUDDIN JN,VASCO DA GAMA,SUPERFAST,TRETA-HAZR-VASC-Z32-12780,32
12781,SWARNA JAYANTHI,MYSORE JN,HAZRAT NIZAMUDDIN JN,SUPERFAST,TRETA-MYSO-HAZR-Z31-12781,31
12782,NZM MYS SF EXP,HAZRAT NIZAMUDDIN JN,MYSORE JN,SUPERFAST,TRETA-HAZR-MYSO-Z31-12782,31
12783,VSKP SC AC EXP,VISAKHAPATNAM,SECUNDERABAD JN,SUPERFAST,TRETA-VISA-SECU-Z11-12783,11
12784,VSKP AC SF EXP,SECUNDERABAD JN,VISAKHAPATNAM,SUPERFAST,TRETA-SECU-VISA-Z11-12784,11
12785,KCG AP SF EXP,KACHEGUDA,ASHOKAPURAM,SUPERFAST,TRETA-KACH-ASHO-Z21-12785,21
12786,KACHEGUDA EXP,ASHOKAPURAM,KACHEGUDA,SUPERFAST,TRETA-ASHO-KACH-Z20-12786,20
12787,NS NSL SF EXP,NARASAPUR,NAGARSOL,SUPERFAST,TRETA-NARA-NAGA-Z21-12787,21
12788,NSL NS SF EXP,NAGARSOL,NARASAPUR,SUPERFAST,TRETA-NAGA-NARA-Z21-12788,21
12789,KCG-MAQ EXP,KACHEGUDA,KUMTA,SUPERFAST,TRETA-KACH-KUMT-Z36-12789,36
12790,KUMTA KCG EXP,KUMTA,KACHEGUDA,SUPERFAST,TRETA-KUMT-KACH-Z36-12790,36
12791,SC DNR SF EXP,SECUNDERABAD JN,DANAPUR,SUPERFAST,TRETA-SECU-DANA-Z28-12791,28
12792,SECUNDERABAD EX,DANAPUR,SECUNDERABAD JN,SUPERFAST,TRETA-DANA-SECU-Z28-12792,28
12793,RAYALASEEMA SF,TIRUPATI,NIZAMABAD JN.,SUPERFAST,TRETA-TIRU-NIZA-Z27-12793,27
12794,RAYALASEEMA SF,NIZAMABAD JN.,TIRUPATI,SUPERFAST,TRETA-NIZA-TIRU-Z28-12794,28
12795,LPI INTERCITY,VIJAYAWADA JN,LINGAMPALLI,SUPERFAST,TRETA-VIJA-LING-Z07-12795,7
12796,BZA INTERCITY,LINGAMPALLI,VIJAYAWADA JN,SUPERFAST,TRETA-LING-VIJA-Z07-12796,7
12797,VENKATADRI SF,KACHEGUDA,CHITTOOR,SUPERFAST,TRETA-KACH-CHIT-Z20-12797,20
12798,VENKATADRI SF,CHITTOOR,KACHEGUDA,SUPERFAST,TRETA-CHIT-KACH-Z20-12798,20
12801,PURUSHOTTAM SF,PURI,ANAND VIHAR TERMINAL,SUPERFAST,TRETA-PURI-ANAN-Z32-12801,32
12802,PURUSHOTTAM EXP,ANAND VIHAR TERMINAL,PURI,SUPERFAST,TRETA-ANAN-PURI-Z31-12802,31
12803,SWARNA JAYANTHI,VISAKHAPATNAM,HAZRAT NIZAMUDDIN JN,SUPERFAST,TRETA-VISA-HAZR-Z19-12803,19
12804,VSKP S JYANTI,HAZRAT NIZAMUDDIN JN,VISAKHAPATNAM,SUPERFAST,TRETA-HAZR-VISA-Z19-12804,19
12805,JANMABHOOMI EXP,VISAKHAPATNAM,LINGAMPALLI,SUPERFAST,TRETA-VISA-LING-Z24-12805,24
12806,JANMABHOOMI SF,LINGAMPALLI,VISAKHAPATNAM,SUPERFAST,TRETA-LING-VISA-Z24-12806,24
12807,SAMTA EXPRESS,VISAKHAPATNAM,HAZRAT NIZAMUDDIN JN,SUPERFAST,TRETA-VISA-HAZR-Z38-12807,38
12808,SAMTA EXPRESS,HAZRAT NIZAMUDDIN JN,VISAKHAPATNAM,SUPERFAST,TRETA-HAZR-VISA-Z37-12808,37
12809,HOWRAH MAIL,C SHIVAJI MAH T,HOWRAH JN,SUPERFAST,TRETA-C_SH-HOWR-Z44-12809,44
12810,HWH CSMT MAIL,HOWRAH JN,C SHIVAJI MAH T,SUPERFAST,TRETA-HOWR-C_SH-Z42-12810,42
12811,HATIA EXPRESS,LOKMANYATILAK,HATIA,SUPERFAST,TRETA-LOKM-HATI-Z17-12811,17
12812,HTE LTT EXP,HATIA,LOKMANYATILAK,SUPERFAST,TRETA-HATI-LOKM-Z17-12812,17
12813,STEEL EXP,HOWRAH JN,TATANAGAR JN,SUPERFAST,TRETA-HOWR-TATA-Z07-12813,7
12814,STEEL EXP,TATANAGAR JN,HOWRAH JN,SUPERFAST,TRETA-TATA-HOWR-Z08-12814,8
12815,NANDANKANAN SF,PURI,ANAND VIHAR TERMINAL,SUPERFAST,TRETA-PURI-ANAN-Z28-12815,28
12816,NANDANKANAN EXP,ANAND VIHAR TERMINAL,PURI,SUPERFAST,TRETA-ANAN-PURI-Z28-12816,28
12817,SWARNJAYANTI EX,HATIA,ANAND VIHAR TERMINAL,SUPERFAST,TRETA-HATI-ANAN-Z18-12817,18
12818,JHARKHAND EXP,ANAND VIHAR TERMINAL,HATIA,SUPERFAST,TRETA-ANAN-HATI-Z18-12818,18
12819,SAMPARK KR SF,BHUBANESWAR,ANAND VIHAR TERMINAL,SUPERFAST,TRETA-BHUB-ANAN-Z12-12819,12
12820,BBS S KRANTI EXP,ANAND VIHAR TERMINAL,BHUBANESWAR,SUPERFAST,TRETA-ANAN-BHUB-Z12-12820,12
12821,DHAULI EXP,HOWRAH JN,PURI,SUPERFAST,TRETA-HOWR-PURI-Z17-12821,17
12822,DHAULI SF EXP,PURI,HOWRAH JN,SUPERFAST,TRETA-PURI-HOWR-Z17-12822,17
12823,CG SMPRK KRANTI,DURG,HAZRAT NIZAMUDDIN JN,SUPERFAST,TRETA-DURG-HAZR-Z11-12823,11
12824,CG S KRANTI,HAZRAT NIZAMUDDIN JN,DURG,SUPERFAST,TRETA-HAZR-DURG-Z11-12824,11
12825,RNC ANVT SF EXP,RANCHI,ANAND VIHAR TERMINAL,SUPERFAST,TRETA-RANC-ANAN-Z08-12825,8
12826,ANVT RNC SF EXP,ANAND VIHAR TERMINAL,RANCHI,SUPERFAST,TRETA-ANAN-RANC-Z08-12826,8
12827,HWH PRR SUF EXP,HOWRAH JN,PURULIA JN.,SUPERFAST,TRETA-HOWR-PURU-Z13-12827,13
12828,PRR HWH SUF EXP,PURULIA JN.,HOWRAH JN,SUPERFAST,TRETA-PURU-HOWR-Z14-12828,14
12833,ADI HWH EXP,AHMEDABAD JN,HOWRAH JN,SUPERFAST,TRETA-AHME-HOWR-Z60-12833,60
12834,HWH ADI SUF EXP,HOWRAH JN,AHMEDABAD JN,SUPERFAST,TRETA-HOWR-AHME-Z121-12834,121
12835,HTE SMVB EXP,HATIA,SMVT BENGALURU,SUPERFAST,TRETA-HATI-SMVT-Z25-12835,25
12836,SMVB HATIA EXP,SMVT BENGALURU,HATIA,SUPERFAST,TRETA-SMVT-HATI-Z26-12836,26
12837,HWH PURI SF EXP,HOWRAH JN,PURI,SUPERFAST,TRETA-HOWR-PURI-Z12-12837,12
12838,PURI HWH SF EXP,PURI,HOWRAH JN,SUPERFAST,TRETA-PURI-HOWR-Z12-12838,12
12839,CHENNAI MAIL,HOWRAH JN,PURATCHI THALAIVAR DR. MGR CTL,SUPERFAST,TRETA-HOWR-PURA-Z34-12839,34
12840,MAS HWH SF MAIL,PURATCHI THALAIVAR DR. MGR CTL,HOWRAH JN,SUPERFAST,TRETA-PURA-HOWR-Z35-12840,35
12841,COROMANDAL EXP,HOWRAH JN,PURATCHI THALAIVAR DR. MGR CTL,SUPERFAST,TRETA-HOWR-PURA-Z15-12841,15
12842,COROMANDEL EXP,PURATCHI THALAIVAR DR. MGR CTL,HOWRAH JN,SUPERFAST,TRETA-PURA-HOWR-Z16-12842,16
12843,PURI ADI S F,PURI,AHMEDABAD JN,SUPERFAST,TRETA-PURI-AHME-Z46-12843,46
12844,ADI PURI SF EXP,AHMEDABAD JN,PURI,SUPERFAST,TRETA-AHME-PURI-Z46-12844,46
12845,BBS SMVB S F,BHUBANESWAR,SMVT BENGALURU,SUPERFAST,TRETA-BHUB-SMVT-Z19-12845,19
12846,BHUBANESWAR EXP,SMVT BENGALURU,BHUBANESWAR,SUPERFAST,TRETA-SMVT-BHUB-Z20-12846,20
12849,BSP PUNE SF EXP,BILASPUR JN.,PUNE JN,SUPERFAST,TRETA-BILA-PUNE-Z17-12849,17
12850,PUNE BSP SF EXP,PUNE JN,BILASPUR JN.,SUPERFAST,TRETA-PUNE-BILA-Z17-12850,17
12851,BSP MAS SF EXP,BILASPUR JN.,PURATCHI THALAIVAR DR. MGR CTL,SUPERFAST,TRETA-BILA-PURA-Z15-12851,15
12852,MAS BSP SF EXP,PURATCHI THALAIVAR DR. MGR CTL,BILASPUR JN.,SUPERFAST,TRETA-PURA-BILA-Z15-12852,15
12853,AMARKANTAK EXP,DURG,BHOPAL JN.,SUPERFAST,TRETA-DURG-BHOP-Z28-12853,28
12854,AMARKANTAK EXP,BHOPAL JN.,DURG,SUPERFAST,TRETA-BHOP-DURG-Z28-12854,28
12855,INTERCITY EXP,BILASPUR JN.,NETAJI SUBHASH,SUPERFAST,TRETA-BILA-NETA-Z14-12855,14
12856,INTERCITY EXP,NETAJI SUBHASH,BILASPUR JN.,SUPERFAST,TRETA-NETA-BILA-Z15-12856,15
12857,TAMRALIPTA EXP,HOWRAH JN,DIGHA,SUPERFAST,TRETA-HOWR-DIGH-Z07-12857,7
12858,TAMRALIPTA EXP,DIGHA,HOWRAH JN,SUPERFAST,TRETA-DIGH-HOWR-Z07-12858,7
12859,GITANJALI EXP,C SHIVAJI MAH T,HOWRAH JN,SUPERFAST,TRETA-C_SH-HOWR-Z26-12859,26
12860,GITANJALI EXP,HOWRAH JN,C SHIVAJI MAH T,SUPERFAST,TRETA-HOWR-C_SH-Z25-12860,25
12861,VSKP MBNR SF,VISAKHAPATNAM,MAHBUBNAGAR,SUPERFAST,TRETA-VISA-MAHB-Z21-12861,21
12862,MBNR VSKP SF EXP,MAHBUBNAGAR,VISAKHAPATNAM,SUPERFAST,TRETA-MAHB-VISA-Z22-12862,22
12863,HWH SMVB EXP,HOWRAH JN,SMVT BENGALURU,SUPERFAST,TRETA-HOWR-SMVT-Z32-12863,32
12864,SMVB HOWRAH EXP,SMVT BENGALURU,HOWRAH JN,SUPERFAST,TRETA-SMVT-HOWR-Z34-12864,34
12867,HWH PDY SUF EXP,HOWRAH JN,PONDICHERRY,SUPERFAST,TRETA-HOWR-POND-Z17-12867,17
12868,PDY HWH SF EXP,PONDICHERRY,HOWRAH JN,SUPERFAST,TRETA-POND-HOWR-Z17-12868,17
12869,CSMT HOWRAH EXP,C SHIVAJI MAH T,HOWRAH JN,SUPERFAST,TRETA-C_SH-HOWR-Z18-12869,18
12870,HWH CSMT SF EXP,HOWRAH JN,C SHIVAJI MAH T,SUPERFAST,TRETA-HOWR-C_SH-Z17-12870,17
12871,JNRD ISPAT EXP,HOWRAH JN,JUNAGARH ROAD,SUPERFAST,TRETA-HOWR-JUNA-Z34-12871,34
12872,ISPAT EXP,JUNAGARH ROAD,HOWRAH JN,SUPERFAST,TRETA-JUNA-HOWR-Z34-12872,34
12873,SWARNJAYANTI EX,HATIA,ANAND VIHAR TERMINAL,SUPERFAST,TRETA-HATI-ANAN-Z21-12873,21
12874,ANVT HTE SF EXP,ANAND VIHAR TERMINAL,HATIA,SUPERFAST,TRETA-ANAN-HATI-Z21-12874,21
12875,NEELACHAL SF EX,PURI,ANAND VIHAR TERMINAL,SUPERFAST,TRETA-PURI-ANAN-Z43-12875,43
12876,NEELANCHAL EXP,ANAND VIHAR TERMINAL,PURI,SUPERFAST,TRETA-ANAN-PURI-Z42-12876,42
12877,NDLS GARIB RATH,RANCHI,NEW DELHI,GARIB RATH,TRETA-RANC-NEW_-Z16-12877,16
12878,RNC GARIB RATH,NEW DELHI,RANCHI,GARIB RATH,TRETA-NEW_-RANC-Z16-12878,16
12879,LTT BBS EXPRESS,LOKMANYATILAK,BHUBANESWAR,SUPERFAST,TRETA-LOKM-BHUB-Z20-12879,20
12880,BBS LTT S F,BHUBANESWAR,LOKMANYATILAK,SUPERFAST,TRETA-BHUB-LOKM-Z20-12880,20
12881,PURI GARIB RATH,SHALIMAR,PURI,GARIB RATH,TRETA-SHAL-PURI-Z09-12881,9
12882,GARIB RATH,PURI,SHALIMAR,GARIB RATH,TRETA-PURI-SHAL-Z09-12882,9
12883,RUPASHI BANGLA,SANTRAGACHI JN,PURULIA JN.,SUPERFAST,TRETA-SANT-PURU-Z11-12883,11
12884,RUPASHI BANGLA,PURULIA JN.,HOWRAH JN,SUPERFAST,TRETA-PURU-HOWR-Z12-12884,12
12885,ARANYAK EXP,SHALIMAR,BHOJUDIH JN.,SUPERFAST,TRETA-SHAL-BHOJ-Z13-12885,13
12886,ARANYAK EXP,BHOJUDIH JN.,SHALIMAR,SUPERFAST,TRETA-BHOJ-SHAL-Z13-12886,13
12887,SHM PURI SF EXP,SHALIMAR,PURI,SUPERFAST,TRETA-SHAL-PURI-Z09-12887,9
12888,PURI SHM SF,PURI,SHALIMAR,SUPERFAST,TRETA-PURI-SHAL-Z09-12888,9
12889,TATA SMVB SF EX,TATANAGAR JN,SMVT BENGALURU,SUPERFAST,TRETA-TATA-SMVT-Z24-12889,24
12890,SMVB TATA EXP,SMVT BENGALURU,TATANAGAR JN,SUPERFAST,TRETA-SMVT-TATA-Z24-12890,24
12893,BBS PUKK SF EXP,BHUBANESWAR,PURUNAKATAK,SUPERFAST,TRETA-BHUB-PURU-Z24-12893,24
12894,PUKK BBS SF EXP,PURUNAKATAK,BHUBANESWAR,SUPERFAST,TRETA-PURU-BHUB-Z24-12894,24
12895,SHM PURI SF EXP,SHALIMAR,PURI,SUPERFAST,TRETA-SHAL-PURI-Z10-12895,10
12896,PURI SHM SF,PURI,SHALIMAR,SUPERFAST,TRETA-PURI-SHAL-Z10-12896,10
12901,GUJRAT MAIL,DADAR,AHMEDABAD JN,SUPERFAST,TRETA-DADA-AHME-Z12-12901,12
12902,GUJRAT MAIL,AHMEDABAD JN,DADAR,SUPERFAST,TRETA-AHME-DADA-Z12-12902,12
12903,GOLDEN TEMPLE,BANDRA TERMINUS,AMRITSAR,SUPERFAST,TRETA-BAND-AMRI-Z33-12903,33
12904,GOLDEN TEMPLE M,AMRITSAR,BANDRA TERMINUS,SUPERFAST,TRETA-AMRI-BAND-Z33-12904,33
12905,SHALIMAR SF EXP,PORBANDAR,SHALIMAR,SUPERFAST,TRETA-PORB-SHAL-Z32-12905,32
12906,SHM PBR SUF EXP,SHALIMAR,PORBANDAR,SUPERFAST,TRETA-SHAL-PORB-Z31-12906,31
12907,BDTS SMPRK K EX,BANDRA TERMINUS,HAZRAT NIZAMUDDIN JN,SUPERFAST,TRETA-BAND-HAZR-Z06-12907,6
12908,MHRST SMPRK K EX,HAZRAT NIZAMUDDIN JN,BANDRA TERMINUS,SUPERFAST,TRETA-HAZR-BAND-Z06-12908,6
12909,NZM GARIB RATH,BANDRA TERMINUS,HAZRAT NIZAMUDDIN JN,GARIB RATH,TRETA-BAND-HAZR-Z07-12909,7
12910,BDTS GARIBRATH,HAZRAT NIZAMUDDIN JN,BANDRA TERMINUS,GARIB RATH,TRETA-HAZR-BAND-Z07-12910,7
12911,BL HARIDWAR EXP,VALSAD,HARIDWAR JN,SUPERFAST,TRETA-VALS-HARI-Z16-12911,16
12912,VALSAD SF EXP,HARIDWAR JN,VALSAD,SUPERFAST,TRETA-HARI-VALS-Z15-12912,15
12913,TRISHATABDI EXP,INDORE JN,NAGPUR JN.,SUPERFAST,TRETA-INDO-NAGP-Z12-12913,12
12914,NGP INDB SUP EXP,NAGPUR JN.,INDORE JN,SUPERFAST,TRETA-NAGP-INDO-Z12-12914,12
12915,ASHRAM EXPRESS,SABARMATI BG,DELHI JN.,SUPERFAST,TRETA-SABA-DELH-Z18-12915,18
12916,ASHRAM EXPRESS,DELHI JN.,SABARMATI BG,SUPERFAST,TRETA-DELH-SABA-Z19-12916,19
12917,GUJRAT S KRANTI,AHMEDABAD JN,HAZRAT NIZAMUDDIN JN,SUPERFAST,TRETA-AHME-HAZR-Z19-12917,19
12918,GUJRAT S KRANTI,HAZRAT NIZAMUDDIN JN,AHMEDABAD JN,SUPERFAST,TRETA-HAZR-AHME-Z09-12918,9
12919,MALWA EXPRESS,DR. AMBEDKAR NAGAR,SHRI MATA VAISHNO DEVI KATRA,SUPERFAST,TRETA-DR._-SHRI-Z48-12919,48
12920,MALWA EXPRESS,SHRI MATA VAISHNO DEVI KATRA,DR. AMBEDKAR NAGAR,SUPERFAST,TRETA-SHRI-DR._-Z48-12920,48
12921,ST FLYING RANI,MUMBAI CENTRAL,SURAT,SUPERFAST,TRETA-MUMB-SURA-Z14-12921,14
12922,FLYING RANI EXP,SURAT,MUMBAI CENTRAL,SUPERFAST,TRETA-SURA-MUMB-Z14-12922,14
12923,DADN TRISHATABDI,DR. AMBEDKAR NAGAR,NAGPUR JN.,SUPERFAST,TRETA-DR._-NAGP-Z12-12923,12
12924,NGP DADN EXP,NAGPUR JN.,DR. AMBEDKAR NAGAR,SUPERFAST,TRETA-NAGP-DR._-Z13-12924,13
12925,PASCHIM EXPRESS,BANDRA TERMINUS,AMRITSAR,SUPERFAST,TRETA-BAND-AMRI-Z40-12925,40
12926,PASCHIM EXPRESS,AMRITSAR,BANDRA TERMINUS,SUPERFAST,TRETA-AMRI-BAND-Z39-12926,39
12927,DDR EKNR SF EXP,DADAR,EKTA NAGAR,SUPERFAST,TRETA-DADA-EKTA-Z07-12927,7
12928,EKNR DDR SF EXP,EKTA NAGAR,DADAR,SUPERFAST,TRETA-EKTA-DADA-Z06-12928,6
12929,BRC INTERCITY,VALSAD,VADODARA JN,SUPERFAST,TRETA-VALS-VADO-Z12-12929,12
12930,BL INTERCITY,VADODARA JN,VALSAD,SUPERFAST,TRETA-VADO-VALS-Z12-12930,12
12931,ADI DOUBLE DECKR,MUMBAI CENTRAL,AHMEDABAD JN,SUPERFAST,TRETA-MUMB-AHME-Z10-12931,10
12932,MMCT DOUBLEDECKE,AHMEDABAD JN,MUMBAI CENTRAL,SUPERFAST,TRETA-AHME-MUMB-Z10-12932,10
12933,KARNAVATI EXP,BANDRA TERMINUS,VATVA,SUPERFAST,TRETA-BAND-VATV-Z10-12933,10
12934,KARNAVATI EXP,AHMEDABAD JN,BANDRA TERMINUS,SUPERFAST,TRETA-AHME-BAND-Z10-12934,10
12935,BDTS ST SF EXP,BANDRA TERMINUS,SURAT,SUPERFAST,TRETA-BAND-SURA-Z11-12935,11
12936,ST BDTS SF EXP,SURAT,BANDRA TERMINUS,SUPERFAST,TRETA-SURA-BAND-Z11-12936,11
12937,HWH GARBHA EXP,GANDHIDHAM BG,HOWRAH JN,SUPERFAST,TRETA-GAND-HOWR-Z20-12937,20
12938,GARBHA EXPRESS,HOWRAH JN,GANDHIDHAM BG,SUPERFAST,TRETA-HOWR-GAND-Z20-12938,20
12939,PUNE JAIPUR EXP,PUNE JN,JAIPUR JN.,SUPERFAST,TRETA-PUNE-JAIP-Z13-12939,13
12940,JP PUNE EXP,JAIPUR JN.,PUNE JN,SUPERFAST,TRETA-JAIP-PUNE-Z13-12940,13
12941,PARASNATH EXP,BHAVNAGAR TERMINUS,ASANSOL JN.,SUPERFAST,TRETA-BHAV-ASAN-Z32-12941,32
12942,PARASNATH EXP,ASANSOL JN.,BHAVNAGAR TERMINUS,SUPERFAST,TRETA-ASAN-BHAV-Z32-12942,32
12943,UDYOGKARMI EXP,VALSAD,KANPUR CENTRAL,SUPERFAST,TRETA-VALS-KANP-Z12-12943,12
12944,CNB BL EXPRESS,KANPUR CENTRAL,VALSAD,SUPERFAST,TRETA-KANP-VALS-Z12-12944,12
12945,BANARAS SF EXP,VERAVAL,BANARAS,SUPERFAST,TRETA-VERA-BANA-Z29-12945,29
12946,BNRS VRL SF EXP,BANARAS,VERAVAL,SUPERFAST,TRETA-BANA-VERA-Z29-12946,29
12947,AZIMABAD EXP,AHMEDABAD JN,RAJGIR,SUPERFAST,TRETA-AHME-RAJG-Z24-12947,24
12948,AZIMABAD EXPRES,RAJGIR,AHMEDABAD JN,SUPERFAST,TRETA-RAJG-AHME-Z24-12948,24
12949,KAVIGURU EXP,PORBANDAR,SANTRAGACHI JN,SUPERFAST,TRETA-PORB-SANT-Z38-12949,38
12950,KAVIGURU EXP,SANTRAGACHI JN,PORBANDAR,SUPERFAST,TRETA-SANT-PORB-Z36-12950,36
12951,NDLS TEJAS RAJ,MUMBAI CENTRAL,NEW DELHI,RAJDHANI,TRETA-MUMB-NEW_-Z07-12951,7
12952,MMCT TEJAS RAJ,NEW DELHI,MUMBAI CENTRAL,RAJDHANI,TRETA-NEW_-MUMB-Z07-12952,7
12953,AK TEJAS RAJ EX,MUMBAI CENTRAL,HAZRAT NIZAMUDDIN JN,RAJDHANI,TRETA-MUMB-HAZR-Z12-12953,12
12954,AK TEJAS RAJ EX,HAZRAT NIZAMUDDIN JN,MUMBAI CENTRAL,RAJDHANI,TRETA-HAZR-MUMB-Z12-12954,12
12955,MMCT JAIPUR SF,MUMBAI CENTRAL,JAIPUR JN.,SUPERFAST,TRETA-MUMB-JAIP-Z39-12955,39
12956,JP MMCT SF EXP,JAIPUR JN.,MUMBAI CENTRAL,SUPERFAST,TRETA-JAIP-MUMB-Z19-12956,19
12957,SBIB NDLS RAJ,SABARMATI BG,NEW DELHI,RAJDHANI,TRETA-SABA-NEW_-Z09-12957,9
12958,SWRAN J RAJDHANI,NEW DELHI,SABARMATI BG,RAJDHANI,TRETA-NEW_-SABA-Z09-12958,9
12959,BDTS BHUJ EXP,BANDRA TERMINUS,BHUJ,SUPERFAST,TRETA-BAND-BHUJ-Z18-12959,18
12960,BHUJ BDTS EXP,BHUJ,BANDRA TERMINUS,SUPERFAST,TRETA-BHUJ-BAND-Z18-12960,18
12961,AVANTIKA EXP,MUMBAI CENTRAL,INDORE JN,SUPERFAST,TRETA-MUMB-INDO-Z19-12961,19
12962,AVANTIKA EXP,INDORE JN,MUMBAI CENTRAL,SUPERFAST,TRETA-INDO-MUMB-Z18-12962,18
12963,MEWAR EXPRESS,HAZRAT NIZAMUDDIN JN,UDAIPUR CITY,SUPERFAST,TRETA-HAZR-UDAI-Z17-12963,17
12964,MEWAR EXPRESS,UDAIPUR CITY,HAZRAT NIZAMUDDIN JN,SUPERFAST,TRETA-UDAI-HAZR-Z17-12964,17
12965,BDTS BHUJ SFAST,BANDRA TERMINUS,BHUJ,SUPERFAST,TRETA-BAND-BHUJ-Z18-12965,18
12966,BHUJ BDTS SFAST,BHUJ,BANDRA TERMINUS,SUPERFAST,TRETA-BHUJ-BAND-Z18-12966,18
12967,MAS JP SF EXP,PURATCHI THALAIVAR DR. MGR CTL,JAIPUR JN.,SUPERFAST,TRETA-PURA-JAIP-Z32-12967,32
12968,JP CHENNAI SF,JAIPUR JN.,PURATCHI THALAIVAR DR. MGR CTL,SUPERFAST,TRETA-JAIP-PURA-Z32-12968,32
12969,CBE JP SF EXP,COIMBATORE JN,JAIPUR JN.,SUPERFAST,TRETA-COIM-JAIP-Z37-12969,37
12970,JAIPUR CBE EXP,JAIPUR JN.,COIMBATORE JN,SUPERFAST,TRETA-JAIP-COIM-Z37-12970,37
12971,BDTS BVC SF EXP,BANDRA TERMINUS,BHAVNAGAR TERMINUS,SUPERFAST,TRETA-BAND-BHAV-Z20-12971,20
12972,BVC BDTS SF EXP,BHAVNAGAR TERMINUS,BANDRA TERMINUS,SUPERFAST,TRETA-BHAV-BAND-Z20-12972,20
12973,INDB JP SF EXP,INDORE JN,JAIPUR JN.,SUPERFAST,TRETA-INDO-JAIP-Z08-12973,8
12974,JP INDB SF EXP,JAIPUR JN.,INDORE JN,SUPERFAST,TRETA-JAIP-INDO-Z08-12974,8
12975,MYS JP EXP,MYSORE JN,JAIPUR JN.,SUPERFAST,TRETA-MYSO-JAIP-Z42-12975,42
12976,JP MYSORE EXP,JAIPUR JN.,MYSORE JN,SUPERFAST,TRETA-JAIP-MYSO-Z42-12976,42
12977,MARUSAGAR SF EXP,ERNAKULAM JN,AJMER JN,SUPERFAST,TRETA-ERNA-AJME-Z32-12977,32
12978,MARU SAGAR EXP,AJMER JN,ERNAKULAM JN,SUPERFAST,TRETA-AJME-ERNA-Z32-12978,32
12979,BDTS JAIPUR SF,BANDRA TERMINUS,JAIPUR JN.,SUPERFAST,TRETA-BAND-JAIP-Z17-12979,17
12980,JP BDTS EXP,JAIPUR JN.,BANDRA TERMINUS,SUPERFAST,TRETA-JAIP-BAND-Z17-12980,17
12981,KWP ASV SF,KHATIPURA,ASARVA JN,SUPERFAST,TRETA-KHAT-ASAR-Z20-12981,20
12982,ASV JP SF EXP,ASARVA JN,KHATIPURA,SUPERFAST,TRETA-ASAR-KHAT-Z20-12982,20
12983,AII CDG G RATH,AJMER JN,CHANDIGARH,GARIB RATH,TRETA-AJME-CHAN-Z16-12983,16
12984,CDG AII G RATH,CHANDIGARH,AJMER JN,GARIB RATH,TRETA-CHAN-AJME-Z16-12984,16
12985,DOUBLE DECKER,JAIPUR JN.,DELHI SARAI ROHILLA,SUPERFAST,TRETA-JAIP-DELH-Z05-12985,5
12986,JP DOUBLE DCKER,DELHI SARAI ROHILLA,JAIPUR JN.,SUPERFAST,TRETA-DELH-JAIP-Z06-12986,6
12987,SDAH AII SF EXP,SEALDAH,AJMER JN,SUPERFAST,TRETA-SEAL-AJME-Z22-12987,22
12988,AII SDAH SF EXP,AJMER JN,SEALDAH,SUPERFAST,TRETA-AJME-SEAL-Z22-12988,22
12989,DDR AJMER SF EXP,DADAR,AJMER JN,SUPERFAST,TRETA-DADA-AJME-Z21-12989,21
12990,AII DDR EXPRESS,AJMER JN,DADAR,SUPERFAST,TRETA-AJME-DADA-Z21-12990,21
12991,UDZ JP SUPERFAST,UDAIPUR CITY,JAIPUR JN.,SUPERFAST,TRETA-UDAI-JAIP-Z15-12991,15
12992,JP UDZ SUPERFAST,JAIPUR JN.,UDAIPUR CITY,SUPERFAST,TRETA-JAIP-UDAI-Z15-12992,15
12993,GIMB PURI SF EX,GANDHIDHAM BG,PURI,SUPERFAST,TRETA-GAND-PURI-Z25-12993,25
12994,PURI GIMB SF,PURI,GANDHIDHAM BG,SUPERFAST,TRETA-PURI-GAND-Z24-12994,24
12995,BDTS AII SF EXP,BANDRA TERMINUS,AJMER JN,SUPERFAST,TRETA-BAND-AJME-Z18-12995,18
12996,AII BDTS SF EXP,AJMER JN,BANDRA TERMINUS,SUPERFAST,TRETA-AJME-BAND-Z18-12996,18
12997,BARMER HUMSAFAR,BANDRA TERMINUS,BARMER,SUPERFAST,TRETA-BAND-BARM-Z21-12997,21
12998,BME BDTS,BARMER,BANDRA TERMINUS,SUPERFAST,TRETA-BARM-BAND-Z21-12998,21
13005,HWH ASR MAIL,HOWRAH JN,AMRITSAR,MAIL EXPRESS,TRETA-HOWR-AMRI-Z60-13005,60
13006,ASR HWH MAIL,AMRITSAR,HOWRAH JN,MAIL EXPRESS,TRETA-AMRI-HOWR-Z59-13006,59
13009,DOON EXPRESS,HOWRAH JN,YOG NAGARI RISHIKESH,MAIL EXPRESS,TRETA-HOWR-YOG_-Z72-13009,72
13010,DOON EXPRESS,YOG NAGARI RISHIKESH,HOWRAH JN,MAIL EXPRESS,TRETA-YOG_-HOWR-Z73-13010,73
13011,MLDT INTERCITY,HOWRAH JN,MALDA TOWN,MAIL EXPRESS,TRETA-HOWR-MALD-Z18-13011,18
13012,HWH INTERCITY,MALDA TOWN,HOWRAH JN,MAIL EXPRESS,TRETA-MALD-HOWR-Z18-13012,18
13015,KAVIGURU EXPRES,HOWRAH JN,JAMALPUR JN,MAIL EXPRESS,TRETA-HOWR-JAMA-Z19-13015,19
13016,KAVIGURU EXPRES,JAMALPUR JN,HOWRAH JN,MAIL EXPRESS,TRETA-JAMA-HOWR-Z19-13016,19
13017,GANADEVTA EXP,HOWRAH JN,AZIMGANJ JN,MAIL EXPRESS,TRETA-HOWR-AZIM-Z14-13017,14
13018,GANADEVTA EXP,AZIMGANJ JN,HOWRAH JN,MAIL EXPRESS,TRETA-AZIM-HOWR-Z14-13018,14
13019,BAGH EXPRESS,HOWRAH JN,KATHGODAM,MAIL EXPRESS,TRETA-HOWR-KATH-Z68-13019,68
13020,BAGH EXPRESS,KATHGODAM,HOWRAH JN,MAIL EXPRESS,TRETA-KATH-HOWR-Z65-13020,65
13021,MITHILA EXPRESS,HOWRAH JN,RAXAUL JN,MAIL EXPRESS,TRETA-HOWR-RAXA-Z44-13021,44
13022,MITHILA EXPRESS,RAXAUL JN,HOWRAH JN,MAIL EXPRESS,TRETA-RAXA-HOWR-Z41-13022,41
13023,HWH GAYA EXPRES,HOWRAH JN,GAYA JN,MAIL EXPRESS,TRETA-HOWR-GAYA-Z35-13023,35
13024,GAYA HWH EXPRES,GAYA JN,HOWRAH JN,MAIL EXPRESS,TRETA-GAYA-HOWR-Z34-13024,34
13025,HWH BPL EXPRESS,HOWRAH JN,BHOPAL JN.,MAIL EXPRESS,TRETA-HOWR-BHOP-Z28-13025,28
13026,BPL HWH EXP,BHOPAL JN.,HOWRAH JN,MAIL EXPRESS,TRETA-BHOP-HOWR-Z28-13026,28
13027,KAVIGURU EXPRES,HOWRAH JN,AZIMGANJ JN,MAIL EXPRESS,TRETA-HOWR-AZIM-Z08-13027,8
13028,KAVIGURU EXPRES,AZIMGANJ JN,HOWRAH JN,MAIL EXPRESS,TRETA-AZIM-HOWR-Z10-13028,10
13029,HWH MKA EXPRESS,HOWRAH JN,MOKAMA,MAIL EXPRESS,TRETA-HOWR-MOKA-Z54-13029,54
13030,MKA HWH  EXP,MOKAMA,HOWRAH JN,MAIL EXPRESS,TRETA-MOKA-HOWR-Z51-13030,51
13031,HWH- JYG EXP,HOWRAH JN,JAYNAGAR,MAIL EXPRESS,TRETA-HOWR-JAYN-Z118-13031,118
13032,JYG-HWH EXP,JAYNAGAR,HOWRAH JN,MAIL EXPRESS,TRETA-JAYN-HOWR-Z116-13032,116
13033,HWH KIR EXPRESS,HOWRAH JN,KATIHAR JN,MAIL EXPRESS,TRETA-HOWR-KATI-Z45-13033,45
13034,KIR HWH EXPRESS,KATIHAR JN,HOWRAH JN,MAIL EXPRESS,TRETA-KATI-HOWR-Z43-13034,43
13035,UPASANA EXP,HOWRAH JN,DEHRADOON,MAIL EXPRESS,TRETA-HOWR-DEHR-Z21-13035,21
13036,UPASANA EXPRESS,DEHRADOON,HOWRAH JN,MAIL EXPRESS,TRETA-DEHR-HOWR-Z21-13036,21
13037,KUMBHA EXPRESS,HOWRAH JN,DEHRADOON,MAIL EXPRESS,TRETA-HOWR-DEHR-Z26-13037,26
13038,KUMBHA EXPRESS,DEHRADOON,HOWRAH JN,MAIL EXPRESS,TRETA-DEHR-HOWR-Z26-13038,26
13041,HIMGIRI EXPRESS,HOWRAH JN,JAMMUTAVI,MAIL EXPRESS,TRETA-HOWR-JAMM-Z33-13041,33
13042,HIMGIRI EXPRESS,JAMMUTAVI,HOWRAH JN,MAIL EXPRESS,TRETA-JAMM-HOWR-Z33-13042,33
13043,HWH RXL EXPRESS,HOWRAH JN,RAXAUL JN,MAIL EXPRESS,TRETA-HOWR-RAXA-Z20-13043,20
13044,RXL HWH EXPRESS,RAXAUL JN,HOWRAH JN,MAIL EXPRESS,TRETA-RAXA-HOWR-Z20-13044,20
13045,MAYURAKSHI EXP,HOWRAH JN,DEOGHAR,MAIL EXPRESS,TRETA-HOWR-DEOG-Z26-13045,26
13046,MAYURAKSHI EXP,DEOGHAR,HOWRAH JN,MAIL EXPRESS,TRETA-DEOG-HOWR-Z26-13046,26
13047,VIBHUTI EXPRESS,HOWRAH JN,PRAYAGRAJ RAMBAG,MAIL EXPRESS,TRETA-HOWR-PRAY-Z32-13047,32
13048,VIBHUTI EXPRESS,PRAYAGRAJ RAMBAG,HOWRAH JN,MAIL EXPRESS,TRETA-PRAY-HOWR-Z32-13048,32
13051,NETAJI EXPRESS,HOWRAH JN,KALKA,MAIL EXPRESS,TRETA-HOWR-KALK-Z39-13051,39
13052,NETAJI EXPRESS,KALKA,HOWRAH JN,MAIL EXPRESS,TRETA-KALK-HOWR-Z40-13052,40
13053,KULIK EXPRESS,HOWRAH JN,RADHIKAPUR,MAIL EXPRESS,TRETA-HOWR-RADH-Z20-13053,20
13054,KULIK EXPRESS,RADHIKAPUR,HOWRAH JN,MAIL EXPRESS,TRETA-RADH-HOWR-Z20-13054,20
13063,HWH BLGT EXPRES,HOWRAH JN,BALURGHAT,MAIL EXPRESS,TRETA-HOWR-BALU-Z14-13063,14
13064,BLGT HWH EXP,BALURGHAT,HOWRAH JN,MAIL EXPRESS,TRETA-BALU-HOWR-Z14-13064,14
13065,AMRIT BHARAT EXP,HOWRAH JN,ANAND VIHAR TERMINAL,AMRIT BHARAT,TRETA-HOWR-ANAN-Z28-13065,28
13066,AMRIT BHARAT EXP,ANAND VIHAR TERMINAL,HOWRAH JN,AMRIT BHARAT,TRETA-ANAN-HOWR-Z26-13066,26
13071,HWH JMP EXPRESS,HOWRAH JN,JAMALPUR JN,MAIL EXPRESS,TRETA-HOWR-JAMA-Z20-13071,20
13072,JMP HWH EXPRESS,JAMALPUR JN,HOWRAH JN,MAIL EXPRESS,TRETA-JAMA-HOWR-Z19-13072,19
13103,BHAGIRATHI EXP,SEALDAH,LALGOLA,MAIL EXPRESS,TRETA-SEAL-LALG-Z13-13103,13
13104,BHAGIRATHI EXP,LALGOLA,SEALDAH,MAIL EXPRESS,TRETA-LALG-SEAL-Z13-13104,13
13105,SDAH BUI EXPRES,SEALDAH,BALLIA,MAIL EXPRESS,TRETA-SEAL-BALL-Z34-13105,34
13106,BUI SDAH EXP,BALLIA,SEALDAH,MAIL EXPRESS,TRETA-BALL-SEAL-Z34-13106,34
13113,HAZARDUARI EXP,KOLKATTA TERMINAL,LALGOLA,MAIL EXPRESS,TRETA-KOLK-LALG-Z13-13113,13
13114,HAZARDUARI EXP,LALGOLA,KOLKATTA TERMINAL,MAIL EXPRESS,TRETA-LALG-KOLK-Z13-13114,13
13115,SDAH JPE HUMSAFA,SEALDAH,JALPAIGURI ROAD,MAIL EXPRESS,TRETA-SEAL-JALP-Z14-13115,14
13116,SDAH HUMSAFAR EX,JALPAIGURI ROAD,SEALDAH,MAIL EXPRESS,TRETA-JALP-SEAL-Z14-13116,14
13117,KOAA LGL EXPRES,KOLKATTA TERMINAL,LALGOLA,MAIL EXPRESS,TRETA-KOLK-LALG-Z10-13117,10
13118,LGL KOAA EXPRES,LALGOLA,KOLKATTA TERMINAL,MAIL EXPRESS,TRETA-LALG-KOLK-Z10-13118,10
13121,KOAA GCT EXPRES,KOLKATTA TERMINAL,GHAZIPUR CITY,MAIL EXPRESS,TRETA-KOLK-GHAZ-Z14-13121,14
13122,GCT KOAA EXP,GHAZIPUR CITY,KOLKATTA TERMINAL,MAIL EXPRESS,TRETA-GHAZ-KOLK-Z14-13122,14
13125,KOL SAIRANG EXP,KOLKATTA TERMINAL,SAIRANG,MAIL EXPRESS,TRETA-KOLK-SAIR-Z29-13125,29
13126,SANG KOAA EXP,SAIRANG,KOLKATTA TERMINAL,MAIL EXPRESS,TRETA-SAIR-KOLK-Z29-13126,29
13127,PNBE GARIB RATH,KOLKATTA TERMINAL,ARA,GARIB RATH,TRETA-KOLK-ARA-Z14-13127,14
13128,KOL GARIB RATH,ARA,KOLKATTA TERMINAL,GARIB RATH,TRETA-ARA-KOLK-Z14-13128,14
13131,MITALI EXPRESS,HALDIBARI,NEW JALPAIGURI,MAIL EXPRESS,TRETA-HALD-NEW_-Z01-13131,1
13132,MITALI EXPRESS,NEW JALPAIGURI,HALDIBARI,MAIL EXPRESS,TRETA-NEW_-HALD-Z01-13132,1
13135,KOAA JYG EXPRES,KOLKATTA TERMINAL,JAYNAGAR,MAIL EXPRESS,TRETA-KOLK-JAYN-Z16-13135,16
13136,JYG KOAA EXP,JAYNAGAR,KOLKATTA TERMINAL,MAIL EXPRESS,TRETA-JAYN-KOLK-Z16-13136,16
13137,KOAA AMH EXPRES,KOLKATTA TERMINAL,AZAMGARH,MAIL EXPRESS,TRETA-KOLK-AZAM-Z21-13137,21
13138,AMH KOAA EXP,AZAMGARH,KOLKATTA TERMINAL,MAIL EXPRESS,TRETA-AZAM-KOLK-Z21-13138,21
13141,TEESTA TORSHA,SEALDAH,NEW ALIPURDUAR,MAIL EXPRESS,TRETA-SEAL-NEW_-Z34-13141,34
13142,TEESTA TORSHA,NEW ALIPURDUAR,SEALDAH,MAIL EXPRESS,TRETA-NEW_-SEAL-Z34-13142,34
13145,KOAA RDP EXPRES,KOLKATTA TERMINAL,RADHIKAPUR,MAIL EXPRESS,TRETA-KOLK-RADH-Z21-13145,21
13146,RDP KOAA EXP,RADHIKAPUR,KOLKATTA TERMINAL,MAIL EXPRESS,TRETA-RADH-KOLK-Z19-13146,19
13147,UTTAR BANGA EXP,SEALDAH,BAMANHAT,MAIL EXPRESS,TRETA-SEAL-BAMA-Z27-13147,27
13148,UTTAR BANGA EXP,BAMANHAT,SEALDAH,MAIL EXPRESS,TRETA-BAMA-SEAL-Z26-13148,26
13149,KANCHAN KANYA,SEALDAH,ALIPUR DUAR JN,MAIL EXPRESS,TRETA-SEAL-ALIP-Z29-13149,29
13150,KANCHAN KANYA,ALIPUR DUAR JN,SEALDAH,MAIL EXPRESS,TRETA-ALIP-SEAL-Z29-13150,29
13151,KOAA JAT EXPRES,KOLKATTA TERMINAL,JAMMUTAVI,MAIL EXPRESS,TRETA-KOLK-JAMM-Z85-13151,85
13152,KOLKATA EXPRESS,JAMMUTAVI,KOLKATTA TERMINAL,MAIL EXPRESS,TRETA-JAMM-KOLK-Z86-13152,86
13153,GOUR EXPRESS,SEALDAH,MALDA TOWN,MAIL EXPRESS,TRETA-SEAL-MALD-Z10-13153,10
13154,GOUR EXPRESS,MALDA TOWN,SEALDAH,MAIL EXPRESS,TRETA-MALD-SEAL-Z11-13154,11
13155,MITHILANCHAL EX,KOLKATTA TERMINAL,SITAMARHI JUNCTION,MAIL EXPRESS,TRETA-KOLK-SITA-Z19-13155,19
13156,MITHILANCHAL EX,SITAMARHI JUNCTION,KOLKATTA TERMINAL,MAIL EXPRESS,TRETA-SITA-KOLK-Z19-13156,19
13157,TRIHUT EXPRESS,KOLKATTA TERMINAL,MUZAFFARPUR JN,MAIL EXPRESS,TRETA-KOLK-MUZA-Z13-13157,13
13158,TIRHUT EXPRESS,MUZAFFARPUR JN,KOLKATTA TERMINAL,MAIL EXPRESS,TRETA-MUZA-KOLK-Z13-13158,13
13159,KOAA JBN EXP,KOLKATTA TERMINAL,JOGBANI,MAIL EXPRESS,TRETA-KOLK-JOGB-Z17-13159,17
13160,JBN KOAA EXP,JOGBANI,KOLKATTA TERMINAL,MAIL EXPRESS,TRETA-JOGB-KOLK-Z17-13160,17
13161,KOAA BLGT EXP,KOLKATTA TERMINAL,BALURGHAT,MAIL EXPRESS,TRETA-KOLK-BALU-Z31-13161,31
13162,BLGT KOAA EXP,BALURGHAT,KOLKATTA TERMINAL,MAIL EXPRESS,TRETA-BALU-KOLK-Z31-13162,31
13163,HATE BAZARE EXP,SEALDAH,SAHARSA JN,MAIL EXPRESS,TRETA-SEAL-SAHA-Z63-13163,63
13164,HATE BAZARE EXP,SAHARSA JN,SEALDAH,MAIL EXPRESS,TRETA-SAHA-SEAL-Z30-13164,30
13165,KOAA SMI EXPRES,KOLKATTA TERMINAL,SITAMARHI JUNCTION,MAIL EXPRESS,TRETA-KOLK-SITA-Z29-13165,29
13166,SMI KOAA EXP,SITAMARHI JUNCTION,KOLKATTA TERMINAL,MAIL EXPRESS,TRETA-SITA-KOLK-Z14-13166,14
13167,KOAA AGC EXPRES,KOLKATTA TERMINAL,AGRA CANTT JN.,MAIL EXPRESS,TRETA-KOLK-AGRA-Z21-13167,21
13168,AGC KOAA EXP,AGRA CANTT JN.,KOLKATTA TERMINAL,MAIL EXPRESS,TRETA-AGRA-KOLK-Z21-13168,21
13169,HATE BAZARE EXP,SEALDAH,SAHARSA JN,MAIL EXPRESS,TRETA-SEAL-SAHA-Z25-13169,25
13170,HATE BAZARE EXP,SAHARSA JN,SEALDAH,MAIL EXPRESS,TRETA-SAHA-SEAL-Z24-13170,24
13173,KANCHANJUNGA,SEALDAH,SABROOM,MAIL EXPRESS,TRETA-SEAL-SABR-Z50-13173,50
13174,KANCHANJUNGA,SABROOM,SEALDAH,MAIL EXPRESS,TRETA-SABR-SEAL-Z50-13174,50
13175,KANCHANJUNGA,SEALDAH,SILCHAR,MAIL EXPRESS,TRETA-SEAL-SILC-Z40-13175,40
13176,KANCHANJUNGA,SILCHAR,SEALDAH,MAIL EXPRESS,TRETA-SILC-SEAL-Z40-13176,40
13177,SDAH-JRLE CONV EXP,SEALDAH,JANGIPUR ROAD,MAIL EXPRESS,TRETA-SEAL-JANG-Z51-13177,51
13178,JRLE-SDAH CONV  EXP,JANGIPUR ROAD,SEALDAH,MAIL EXPRESS,TRETA-JANG-SEAL-Z52-13178,52
13179,SDAH-SURI MEMU EXP,SEALDAH,SIURI,MAIL EXPRESS,TRETA-SEAL-SIUR-Z11-13179,11
13180,SURI-SDAH MEMU EXP,SIURI,SEALDAH,MAIL EXPRESS,TRETA-SIUR-SEAL-Z11-13180,11
13181,KAZIRANGA EXP,KOLKATTA TERMINAL,SILGHAT TOWN,MAIL EXPRESS,TRETA-KOLK-SILG-Z19-13181,19
13182,KAZIRANGA EXP,SILGHAT TOWN,KOLKATTA TERMINAL,MAIL EXPRESS,TRETA-SILG-KOLK-Z19-13182,19
13185,GANGA SAGAR EXP,SEALDAH,JAYNAGAR,MAIL EXPRESS,TRETA-SEAL-JAYN-Z21-13185,21
13186,GANGA SAGAR EXP,JAYNAGAR,SEALDAH,MAIL EXPRESS,TRETA-JAYN-SEAL-Z20-13186,20
13187,SDAH RPH EXPRES,SEALDAH,RAMPUR HAT,MAIL EXPRESS,TRETA-SEAL-RAMP-Z09-13187,9
13188,RPH SDAH EXPRES,RAMPUR HAT,SEALDAH,MAIL EXPRESS,TRETA-RAMP-SEAL-Z09-13188,9
13189,SDAH  BLGT  EXP,SEALDAH,BALURGHAT,MAIL EXPRESS,TRETA-SEAL-BALU-Z14-13189,14
13190,BLGT SDAH EXP,BALURGHAT,SEALDAH,MAIL EXPRESS,TRETA-BALU-SEAL-Z14-13190,14
13201,RGD LTT EXP,RAJGIR,LOKMANYATILAK,MAIL EXPRESS,TRETA-RAJG-LOKM-Z67-13201,67
13202,LTT RAJGIR EXP,LOKMANYATILAK,RAJGIR,MAIL EXPRESS,TRETA-LOKM-RAJG-Z64-13202,64
13205,JANHIT EXP,PURNIA COURT,PATLIPUTRA,MAIL EXPRESS,TRETA-PURN-PATL-Z15-13205,15
13206,JANHIT EXP,PATLIPUTRA,PURNIA COURT,MAIL EXPRESS,TRETA-PATL-PURN-Z15-13206,15
13207,JSME - PNBE EXPRESS,JASIDIH JN.,PATNA JN,MAIL EXPRESS,TRETA-JASI-PATN-Z52-13207,52
13208,PNBE-JSME EXPRESS,PATNA JN,JASIDIH JN.,MAIL EXPRESS,TRETA-PATN-JASI-Z53-13208,53
13209,PNBE-DDU EXPRESS,PATNA JN,PT.DEEN DAYAL UPADHYAYA JN.,MAIL EXPRESS,TRETA-PATN-PT.D-Z43-13209,43
13210,DDU-PNBE  EXPRESS,PT.DEEN DAYAL UPADHYAYA JN.,PATNA JN,MAIL EXPRESS,TRETA-PT.D-PATN-Z40-13210,40
13211,JBN DNR EXPRESS,JOGBANI,DANAPUR,MAIL EXPRESS,TRETA-JOGB-DANA-Z17-13211,17
13212,DNR JBN EXP,DANAPUR,JOGBANI,MAIL EXPRESS,TRETA-DANA-JOGB-Z17-13212,17
13213,JBN SHC EXPRESS,JOGBANI,SAHARSA JN,MAIL EXPRESS,TRETA-JOGB-SAHA-Z08-13213,8
13214,SHC JBN EXP,SAHARSA JN,JOGBANI,MAIL EXPRESS,TRETA-SAHA-JOGB-Z08-13214,8
13225,INTERCITY EXP,JAYNAGAR,ARA,MAIL EXPRESS,TRETA-JAYN-ARA-Z22-13225,22
13226,INTERCITY EXP,ARA,JAYNAGAR,MAIL EXPRESS,TRETA-ARA-JAYN-Z22-13226,22
13227,SHC INTERCITY,SAHARSA JN,RAJENDRA NAGAR,MAIL EXPRESS,TRETA-SAHA-RAJE-Z15-13227,15
13228,RJPB INTERCITY,RAJENDRA NAGAR,SAHARSA JN,MAIL EXPRESS,TRETA-RAJE-SAHA-Z15-13228,15
13229,GODA RJPB EXP,GODDA,RAJENDRA NAGAR TERMINAL,MAIL EXPRESS,TRETA-GODD-RAJE-Z14-13229,14
13230,RJPB GODA EXP,RAJENDRA NAGAR,GODDA,MAIL EXPRESS,TRETA-RAJE-GODD-Z14-13230,14
13233,RAJGRIHA EXP,KODERMA,DANAPUR,MAIL EXPRESS,TRETA-KODE-DANA-Z21-13233,21
13234,RAJGRIHA EXP,DANAPUR,KODERMA,MAIL EXPRESS,TRETA-DANA-KODE-Z21-13234,21
13235,INTERCITY EXP,SAHIBGANJ JN,DANAPUR,MAIL EXPRESS,TRETA-SAHI-DANA-Z30-13235,30
13236,INTERCITY EXP,DANAPUR,SAHIBGANJ JN,MAIL EXPRESS,TRETA-DANA-SAHI-Z30-13236,30
13237,PNBE KOTA EXP,PATNA JN,KOTA JN,MAIL EXPRESS,TRETA-PATN-KOTA-Z29-13237,29
13238,KOTA PNBE EXP,KOTA JN,PATNA JN,MAIL EXPRESS,TRETA-KOTA-PATN-Z29-13238,29
13239,PNBE KOTA EXP,PATNA JN,KOTA JN,MAIL EXPRESS,TRETA-PATN-KOTA-Z25-13239,25
13240,KOTA PNBE EXP,KOTA JN,PATNA JN,MAIL EXPRESS,TRETA-KOTA-PATN-Z25-13240,25
13241,INTERCITY EXP,BANKA,RAJENDRA NAGAR TERMINAL,MAIL EXPRESS,TRETA-BANK-RAJE-Z18-13241,18
13242,RJPB BANKA EXP,RAJENDRA NAGAR,BANKA,MAIL EXPRESS,TRETA-RAJE-BANK-Z15-13242,15
13243,INTERCITY EXP,PATNA JN,BHABUA ROAD,MAIL EXPRESS,TRETA-PATN-BHAB-Z25-13243,25
13244,INTERCITY EXP,BHABUA ROAD,PATNA JN,MAIL EXPRESS,TRETA-BHAB-PATN-Z25-13244,25
13245,CAPITAL EXPRESS,NEW JALPAIGURI,ARA,MAIL EXPRESS,TRETA-NEW_-ARA-Z39-13245,39
13246,CAPITAL EXP,ARA,NEW JALPAIGURI,MAIL EXPRESS,TRETA-ARA-NEW_-Z42-13246,42
13247,CAPITAL EXPRESS,KAMAKHYA,ARA,MAIL EXPRESS,TRETA-KAMA-ARA-Z46-13247,46
13248,KYQ CAPITAL EXP,ARA,KAMAKHYA,MAIL EXPRESS,TRETA-ARA-KAMA-Z49-13248,49
13249,INTERCITY EXP,PATNA JN,BHABUA ROAD,MAIL EXPRESS,TRETA-PATN-BHAB-Z13-13249,13
13250,INTERCITY EXP,BHABUA ROAD,PATNA JN,MAIL EXPRESS,TRETA-BHAB-PATN-Z13-13250,13
13251,PNBE ANVT EXP,PATNA JN,ANAND VIHAR TERMINAL,MAIL EXPRESS,TRETA-PATN-ANAN-Z07-13251,7
13252,ANVT PNBE EXP,ANAND VIHAR TERMINAL,PATNA JN,MAIL EXPRESS,TRETA-ANAN-PATN-Z07-13252,7
13257,DNR-ANVT JANSADHARAN EXP,DANAPUR,ANAND VIHAR TERMINAL,MAIL EXPRESS,TRETA-DANA-ANAN-Z11-13257,11
13258,ANVT-DNR JANSADHARAN EXP,ANAND VIHAR TERMINAL,DANAPUR,MAIL EXPRESS,TRETA-ANAN-DANA-Z11-13258,11
13281,DBRG RJPB EXP,DIBRUGARH,RAJENDRA NAGAR,MAIL EXPRESS,TRETA-DIBR-RAJE-Z32-13281,32
13282,RJPB DBRG EXP,RAJENDRA NAGAR,DIBRUGARH,MAIL EXPRESS,TRETA-RAJE-DIBR-Z32-13282,32
13287,SOUTH BIHAR EXP,DURG,ARA,MAIL EXPRESS,TRETA-DURG-ARA-Z54-13287,54
13288,SOUTH BIHAR EXP,ARA,DURG,MAIL EXPRESS,TRETA-ARA-DURG-Z55-13288,55
13301,SUBARNAREKHA EXP,DHANBAD JN,ADITYAPUR,MAIL EXPRESS,TRETA-DHAN-ADIT-Z09-13301,9
13302,SUBARNAREKHA EXP,ADITYAPUR,DHANBAD JN,MAIL EXPRESS,TRETA-ADIT-DHAN-Z09-13302,9
13303,INTERCITY EXP,DHANBAD JN,RANCHI,MAIL EXPRESS,TRETA-DHAN-RANC-Z07-13303,7
13304,INTERCITY EXP,RANCHI,DHANBAD JN,MAIL EXPRESS,TRETA-RANC-DHAN-Z07-13304,7
13305,SSM INTERCITY,DHANBAD JN,SASARAM,MAIL EXPRESS,TRETA-DHAN-SASA-Z32-13305,32
13306,DHN INTERCITY EX,SASARAM,DHANBAD JN,MAIL EXPRESS,TRETA-SASA-DHAN-Z29-13306,29
13307,GANGASUTLEJ EXP,DHANBAD JN,FIROZPUR CANT,MAIL EXPRESS,TRETA-DHAN-FIRO-Z70-13307,70
13308,GANGASATLUJ EXP,FIROZPUR CANT,DHANBAD JN,MAIL EXPRESS,TRETA-FIRO-DHAN-Z67-13308,67
13309,CPU-PRYJ EXPRESS,CHOPAN,PRAYAGRAJ JN,MAIL EXPRESS,TRETA-CHOP-PRAY-Z22-13309,22
13310,PRYJ-CPU EXPRESS,PRAYAGRAJ JN,CHOPAN,MAIL EXPRESS,TRETA-PRAY-CHOP-Z22-13310,22
13319,DUMK RNC EXP,DUMKA,RANCHI,MAIL EXPRESS,TRETA-DUMK-RANC-Z22-13319,22
13320,RNC DUMK EXP,RANCHI,DUMKA,MAIL EXPRESS,TRETA-RANC-DUMK-Z22-13320,22
13329,GANGADAMODAR EX,DHANBAD JN,PATNA JN,MAIL EXPRESS,TRETA-DHAN-PATN-Z10-13329,10
13330,GANGADAMODAR EX,PATNA JN,DHANBAD JN,MAIL EXPRESS,TRETA-PATN-DHAN-Z10-13330,10
13331,DHN PNBE EXPRES,DHANBAD JN,PATNA JN,MAIL EXPRESS,TRETA-DHAN-PATN-Z22-13331,22
13332,PNBE DHN EXPRES,PATNA JN,DHANBAD JN,MAIL EXPRESS,TRETA-PATN-DHAN-Z22-13332,22
13333,DUMK PNBE EXP,DUMKA,PATNA JN,MAIL EXPRESS,TRETA-DUMK-PATN-Z14-13333,14
13334,PNBE DUMK EXP,PATNA JN,DUMKA,MAIL EXPRESS,TRETA-PATN-DUMK-Z14-13334,14
13343,BSB-SKTN  INTERCITY EXP,VARANASI,SHAKTINAGAR,MAIL EXPRESS,TRETA-VARA-SHAK-Z11-13343,11
13344,SKTN-BSB INTERCITY EXP,SHAKTINAGAR,VARANASI,MAIL EXPRESS,TRETA-SHAK-VARA-Z11-13344,11
13345,BSB-SGRL INTERCITY EXP,VARANASI,SINGRAULI,MAIL EXPRESS,TRETA-VARA-SING-Z09-13345,9
13346,SGRL-BSB INTERCITY EXP,SINGRAULI,VARANASI,MAIL EXPRESS,TRETA-SING-VARA-Z09-13346,9
13347,PALAMOU EXPRESS,BARKA KANA,PATNA JN,MAIL EXPRESS,TRETA-BARK-PATN-Z32-13347,32
13348,PALAMOU EXP,PATNA JN,BARKA KANA,MAIL EXPRESS,TRETA-PATN-BARK-Z32-13348,32
13349,SGRL PNBE EXP,SINGRAULI,PATNA JN,MAIL EXPRESS,TRETA-SING-PATN-Z27-13349,27
13350,PNBE SGRL EXP,PATNA JN,SINGRAULI,MAIL EXPRESS,TRETA-PATN-SING-Z27-13350,27
13351,DHN ALAPPUZHA EX,DHANBAD JN,ALAPPUZHA,MAIL EXPRESS,TRETA-DHAN-ALAP-Z86-13351,86
13352,ALLP DHN EXPRESS,ALAPPUZHA,DHANBAD JN,MAIL EXPRESS,TRETA-ALAP-DHAN-Z89-13352,89
13353,RGD PNBE EXPRESS,RAJGIR,PATNA JN,MAIL EXPRESS,TRETA-RAJG-PATN-Z13-13353,13
13354,PNBE RGD EXPRESS,PATNA JN,RAJGIR,MAIL EXPRESS,TRETA-PATN-RAJG-Z13-13354,13
13379,DHN LTT EXP,DHANBAD JN,LOKMANYATILAK,MAIL EXPRESS,TRETA-DHAN-LOKM-Z28-13379,28
13380,LTT  DHANBAD EXP,LOKMANYATILAK,DHANBAD JN,MAIL EXPRESS,TRETA-LOKM-DHAN-Z28-13380,28
13401,INTERCITY EXP,BHAGALPUR,DANAPUR,MAIL EXPRESS,TRETA-BHAG-DANA-Z27-13401,27
13402,INTERCITY EXP,DANAPUR,BHAGALPUR,MAIL EXPRESS,TRETA-DANA-BHAG-Z27-13402,27
13403,VANANCHAL EXP,RANCHI,BHAGALPUR,MAIL EXPRESS,TRETA-RANC-BHAG-Z28-13403,28
13404,VANANCHAL EXP,BHAGALPUR,RANCHI,MAIL EXPRESS,TRETA-BHAG-RANC-Z28-13404,28
13409,MLDT-KIUL INTERCITY EXP,MALDA TOWN,KIUL JN,MAIL EXPRESS,TRETA-MALD-KIUL-Z20-13409,20
13410,INTERCITY EXP,KIUL JN,MALDA TOWN,MAIL EXPRESS,TRETA-KIUL-MALD-Z20-13410,20
13415,MLDT PNBE EXP,MALDA TOWN,PATNA JN,MAIL EXPRESS,TRETA-MALD-PATN-Z18-13415,18
13416,PNBE MLDT EXPRE,PATNA JN,MALDA TOWN,MAIL EXPRESS,TRETA-PATN-MALD-Z18-13416,18
13417,DGHA MLDT EXP,DIGHA,MALDA TOWN,MAIL EXPRESS,TRETA-DIGH-MALD-Z18-13417,18
13418,MLDT DGHA EXP,MALDA TOWN,DIGHA,MAIL EXPRESS,TRETA-MALD-DIGH-Z18-13418,18
13419,JANASEWA EXP,BHAGALPUR,MUZAFFARPUR JN,MAIL EXPRESS,TRETA-BHAG-MUZA-Z18-13419,18
13420,JANSEWA EXPRESS,MUZAFFARPUR JN,BHAGALPUR,MAIL EXPRESS,TRETA-MUZA-BHAG-Z17-13420,17
13421,NDAE MLDT EXP,NABADWIP DHAM,MALDA TOWN,MAIL EXPRESS,TRETA-NABA-MALD-Z10-13421,10
13422,MLDT NDAE EXP,MALDA TOWN,NABADWIP DHAM,MAIL EXPRESS,TRETA-MALD-NABA-Z10-13422,10
13423,BGP AII HUMSAFAR,BHAGALPUR,AJMER JN,MAIL EXPRESS,TRETA-BHAG-AJME-Z20-13423,20
13424,AII BGP HUMSAFAR,AJMER JN,BHAGALPUR,MAIL EXPRESS,TRETA-AJME-BHAG-Z20-13424,20
13425,MLDT ST EXPRESS,MALDA TOWN,SURAT,MAIL EXPRESS,TRETA-MALD-SURA-Z29-13425,29
13426,ST MALDATOWN EX,SURAT,MALDA TOWN,MAIL EXPRESS,TRETA-SURA-MALD-Z29-13426,29
13427,INTERCITY EXP,HOWRAH JN,SAHIBGANJ JN,MAIL EXPRESS,TRETA-HOWR-SAHI-Z09-13427,9
13428,INTERCITY EXP,SAHIBGANJ JN,HOWRAH JN,MAIL EXPRESS,TRETA-SAHI-HOWR-Z09-13428,9
13429,MLDT ANVT EXP,MALDA TOWN,ANAND VIHAR TERMINAL,MAIL EXPRESS,TRETA-MALD-ANAN-Z25-13429,25
13430,ANVT MLDT EXP,ANAND VIHAR TERMINAL,MALDA TOWN,MAIL EXPRESS,TRETA-ANAN-MALD-Z25-13430,25
13431,NDAE BLGT EXP,NABADWIP DHAM,BALURGHAT,MAIL EXPRESS,TRETA-NABA-BALU-Z14-13431,14
13432,BLGT NDAE EXP,BALURGHAT,NABADWIP DHAM,MAIL EXPRESS,TRETA-BALU-NABA-Z14-13432,14
13433,AMRIT BHARAT EXP,SMVT BENGALURU,MALDA TOWN,AMRIT BHARAT,TRETA-SMVT-MALD-Z34-13433,34
13434,AMRIT BHARAT EXP,MALDA TOWN,SMVT BENGALURU,AMRIT BHARAT,TRETA-MALD-SMVT-Z34-13434,34
13435,AMRIT BHARAT EXP,MALDA TOWN,GOMTI NAGAR,AMRIT BHARAT,TRETA-MALD-GOMT-Z24-13435,24
13436,AMRIT BHARAT EXP,GOMTI NAGAR,MALDA TOWN,AMRIT BHARAT,TRETA-GOMT-MALD-Z24-13436,24
13465,INTERCITY EXP,HOWRAH JN,MALDA TOWN,MAIL EXPRESS,TRETA-HOWR-MALD-Z15-13465,15
13466,INTERCITY EXP,MALDA TOWN,HOWRAH JN,MAIL EXPRESS,TRETA-MALD-HOWR-Z15-13466,15
13503,BWN-HTE MEMU EXP,BARDHAMAN,HATIA,MAIL EXPRESS,TRETA-BARD-HATI-Z49-13503,49
13504,HTE BWN MEMU EXP,HATIA,BARDHAMAN,MAIL EXPRESS,TRETA-HATI-BARD-Z49-13504,49
13505,DGHA ASN EXP,DIGHA,ASANSOL JN.,MAIL EXPRESS,TRETA-DIGH-ASAN-Z18-13505,18
13506,ASN DGHA EXP,ASANSOL JN.,DIGHA,MAIL EXPRESS,TRETA-ASAN-DIGH-Z18-13506,18
13507,ASN GKP EXPRESS,ASANSOL JN.,GORAKHPUR JN,MAIL EXPRESS,TRETA-ASAN-GORA-Z14-13507,14
13508,GKP ASN EXP,GORAKHPUR JN,ASANSOL JN.,MAIL EXPRESS,TRETA-GORA-ASAN-Z14-13508,14
13509,ASN GD EXPRESS,ASANSOL JN.,GONDA JN,MAIL EXPRESS,TRETA-ASAN-GOND-Z21-13509,21
13510,GD ASN EXP,GONDA JN,ASANSOL JN.,MAIL EXPRESS,TRETA-GOND-ASAN-Z21-13510,21
13511,ADTP ASN EXP,ADITYAPUR,ASANSOL JN.,MAIL EXPRESS,TRETA-ADIT-ASAN-Z08-13511,8
13512,ASN TATA EXP,ASANSOL JN.,ADITYAPUR,MAIL EXPRESS,TRETA-ASAN-ADIT-Z08-13512,8
13513,ASN HTE EXP,ASANSOL JN.,HATIA,MAIL EXPRESS,TRETA-ASAN-HATI-Z16-13513,16
13514,HTE ASN EXP,HATIA,ASANSOL JN.,MAIL EXPRESS,TRETA-HATI-ASAN-Z16-13514,16
13545,ASN-GAYA MEMU EXP,ASANSOL JN.,GAYA JN,MAIL EXPRESS,TRETA-ASAN-GAYA-Z48-13545,48
13546,GAYA-ASN MEMU EXP,GAYA JN,ASANSOL JN.,MAIL EXPRESS,TRETA-GAYA-ASAN-Z46-13546,46
13553,ASN-BSB MEMU EXP,ASANSOL JN.,VARANASI,MAIL EXPRESS,TRETA-ASAN-VARA-Z84-13553,84
13554,BSB-ASN MEMU EXP,VARANASI,ASANSOL JN.,MAIL EXPRESS,TRETA-VARA-ASAN-Z84-13554,84
13697,AMRIT BHARAT EXP,GAYA JN,DELHI JN.,AMRIT BHARAT,TRETA-GAYA-DELH-Z10-13697,10
13698,AMRIT BHARAT EXP,DELHI JN.,GAYA JN,AMRIT BHARAT,TRETA-DELH-GAYA-Z10-13698,10
14003,MLDT NDLS EXP,MALDA TOWN,NEW DELHI,MAIL EXPRESS,TRETA-MALD-NEW_-Z23-14003,23
14004,NDLS MLDT EXP,NEW DELHI,MALDA TOWN,MAIL EXPRESS,TRETA-NEW_-MALD-Z23-14004,23
14005,LICHCHVI EXPRES,SITAMARHI,ANAND VIHAR TERMINAL,MAIL EXPRESS,TRETA-SITA-ANAN-Z41-14005,41
14006,LICHCHIVI EXP,ANAND VIHAR TERMINAL,SITAMARHI,MAIL EXPRESS,TRETA-ANAN-SITA-Z41-14006,41
14007,SADBHAVANA EXP,RAXAUL JN,ANAND VIHAR TERMINAL,MAIL EXPRESS,TRETA-RAXA-ANAN-Z36-14007,36
14008,SADHBHAWNA EXP,ANAND VIHAR TERMINAL,RAXAUL JN,MAIL EXPRESS,TRETA-ANAN-RAXA-Z37-14008,37
14009,CHAMPRN SATYGRH,BAPUDM MOTIHARI,ANAND VIHAR TERMINAL,MAIL EXPRESS,TRETA-BAPU-ANAN-Z17-14009,17
14010,CHAMPRN SATYGRH,ANAND VIHAR TERMINAL,BAPUDM MOTIHARI,MAIL EXPRESS,TRETA-ANAN-BAPU-Z17-14010,17
14011,RDP ANVT EXPRESS,RADHIKAPUR,ANAND VIHAR TERMINAL,MAIL EXPRESS,TRETA-RADH-ANAN-Z28-14011,28
14012,ANVT RDP EXPRESS,ANAND VIHAR TERMINAL,RADHIKAPUR,MAIL EXPRESS,TRETA-ANAN-RADH-Z28-14012,28
14013,SLN ANVT EXP,SULTANPUR,ANAND VIHAR TERMINAL,MAIL EXPRESS,TRETA-SULT-ANAN-Z14-14013,14
14014,SULTANPUR EXP,ANAND VIHAR TERMINAL,SULTANPUR,MAIL EXPRESS,TRETA-ANAN-SULT-Z14-14014,14
14015,SADBHAVANA EXP,RAXAUL JN,ANAND VIHAR TERMINAL,MAIL EXPRESS,TRETA-RAXA-ANAN-Z36-14015,36
14016,SADHBHAWNA EXP,ANAND VIHAR TERMINAL,RAXAUL JN,MAIL EXPRESS,TRETA-ANAN-RAXA-Z37-14016,37
14017,SADBHAVANA EXP,RAXAUL JN,ANAND VIHAR TERMINAL,MAIL EXPRESS,TRETA-RAXA-ANAN-Z36-14017,36
14018,SADBHAVNA EXP,ANAND VIHAR TERMINAL,RAXAUL JN,MAIL EXPRESS,TRETA-ANAN-RAXA-Z36-14018,36
14021,PRR ANVT EXPRESS,PURULIA JN.,ANAND VIHAR TERMINAL,MAIL EXPRESS,TRETA-PURU-ANAN-Z18-14021,18
14022,ANVT PRR EXP,ANAND VIHAR TERMINAL,PURULIA JN.,MAIL EXPRESS,TRETA-ANAN-PURU-Z19-14022,19
14023,DLI-KKDE EXP,DELHI JN.,KURUKSHETRA JN,MAIL EXPRESS,TRETA-DELH-KURU-Z13-14023,13
14024,KKDE-DLI EXP,KURUKSHETRA JN,DELHI JN.,MAIL EXPRESS,TRETA-KURU-DELH-Z13-14024,13
14027,JHI - FZR EXP,JIND JN,FIROZPUR CANT,MAIL EXPRESS,TRETA-JIND-FIRO-Z14-14027,14
14028,FZR - JHI MEXP,FIROZPUR CANT,JIND JN,MAIL EXPRESS,TRETA-FIRO-JIND-Z14-14028,14
14029,SGNR DLI EXPRESS,SHRI GANGANAGAR,DELHI JN.,MAIL EXPRESS,TRETA-SHRI-DELH-Z65-14029,65
14030,MUT SGNR EXPRESS,MEERUT CANT,SHRI GANGANAGAR,MAIL EXPRESS,TRETA-MEER-SHRI-Z84-14030,84
14035,DHAULADHAR EXP.,DELHI SARAI ROHILLA,PATHANKOT,MAIL EXPRESS,TRETA-DELH-PATH-Z16-14035,16
14036,DHAULADHAR EXP.,PATHANKOT,DELHI SARAI ROHILLA,MAIL EXPRESS,TRETA-PATH-DELH-Z17-14036,17
14037,PORVOTR S KRNTI,SILCHAR,NEW DELHI,MAIL EXPRESS,TRETA-SILC-NEW_-Z15-14037,15
14038,NDLS SCL EXP,NEW DELHI,SILCHAR,MAIL EXPRESS,TRETA-NEW_-SILC-Z15-14038,15
14047,AMRIT BHARAT EXP,SITAMARHI,DELHI JN.,AMRIT BHARAT,TRETA-SITA-DELH-Z16-14047,16
14048,AMRIT BHARAT EXP,DELHI JN.,SITAMARHI,AMRIT BHARAT,TRETA-DELH-SITA-Z16-14048,16
14049,GODA DLI EXPRESS,GODDA,DELHI JN.,MAIL EXPRESS,TRETA-GODD-DELH-Z19-14049,19
14050,GODDA EXP,DELHI JN.,GODDA,MAIL EXPRESS,TRETA-DELH-GODD-Z19-14050,19
14053,HIMACHAL EXP,DELHI JN.,KARTOLI PUNJAB,MAIL EXPRESS,TRETA-DELH-KART-Z25-14053,25
14054,HIMACHAL EXP,KARTOLI PUNJAB,DELHI JN.,MAIL EXPRESS,TRETA-KART-DELH-Z47-14054,47
14055,MAU ANVT EXP,MAU JN,ANAND VIHAR TERMINAL,MAIL EXPRESS,TRETA-MAU_-ANAN-Z09-14055,9
14056,ANVT MAU EXP,ANAND VIHAR TERMINAL,MAU JN,MAIL EXPRESS,TRETA-ANAN-MAU_-Z09-14056,9
14087,RUNICHA EXP,DELHI JN.,JAISALMER,MAIL EXPRESS,TRETA-DELH-JAIS-Z25-14087,25
14088,RUNICHA EXP,JAISALMER,DELHI JN.,MAIL EXPRESS,TRETA-JAIS-DELH-Z24-14088,24
14089,ANVT KTW EXP,ANAND VIHAR TERMINAL,KOTDWARA,MAIL EXPRESS,TRETA-ANAN-KOTD-Z10-14089,10
14090,KTW ANVT EXP,KOTDWARA,ANAND VIHAR TERMINAL,MAIL EXPRESS,TRETA-KOTD-ANAN-Z10-14090,10
14101,PYGS-CNB EXP,PRAYAGRAJ SANGAM,KANPUR CENTRAL,MAIL EXPRESS,TRETA-PRAY-KANP-Z13-14101,13
14102,CNB-PYGS EXP,KANPUR CENTRAL,PRAYAGRAJ SANGAM,MAIL EXPRESS,TRETA-KANP-PRAY-Z13-14102,13
14109,CTKD-CNB EXP,CHITRAKOT,KANPUR CENTRAL,MAIL EXPRESS,TRETA-CHIT-KANP-Z11-14109,11
14110,CNB-CKTD EXP,KANPUR CENTRAL,CHITRAKOT,MAIL EXPRESS,TRETA-KANP-CHIT-Z11-14110,11
14111,MFP PRYJ EXP,MUZAFFARPUR JN,PRAYAGRAJ JN,MAIL EXPRESS,TRETA-MUZA-PRAY-Z22-14111,22
14112,BAPUDHAM EXPRESS,PRAYAGRAJ JN,MUZAFFARPUR JN,MAIL EXPRESS,TRETA-PRAY-MUZA-Z22-14112,22
14113,SFG DDN EXPRESS,SUBEDARGANJ,DEHRADOON,MAIL EXPRESS,TRETA-SUBE-DEHR-Z22-14113,22
14114,DDN SFG EXP,DEHRADOON,SUBEDARGANJ,MAIL EXPRESS,TRETA-DEHR-SUBE-Z22-14114,22
14115,DADN PRYJ EXP,DR. AMBEDKAR NAGAR,PRAYAGRAJ JN,MAIL EXPRESS,TRETA-DR._-PRAY-Z22-14115,22
14116,PRYJ DADN EXP,PRAYAGRAJ JN,DR. AMBEDKAR NAGAR,MAIL EXPRESS,TRETA-PRAY-DR._-Z22-14116,22
14117,KALINDI EXPRESS,PRAYAGRAJ JN,BHIWANI JN.,MAIL EXPRESS,TRETA-PRAY-BHIW-Z32-14117,32
14118,KALINDI EXP,BHIWANI JN.,PRAYAGRAJ JN,MAIL EXPRESS,TRETA-BHIW-PRAY-Z32-14118,32
14119,KGM DDN EXP,KATHGODAM,DEHRADOON,MAIL EXPRESS,TRETA-KATH-DEHR-Z21-14119,21
14120,DDN KGM EXP,DEHRADOON,KATHGODAM,MAIL EXPRESS,TRETA-DEHR-KATH-Z10-14120,10
14121,AMRIT BHARAT EXP,SUBEDARGANJ,LOKMANYATILAK,AMRIT BHARAT,TRETA-SUBE-LOKM-Z19-14121,19
14122,SFG AMRITBHARAT Valid From : 28-Aug-2026,LOKMANYATILAK,SUBEDARGANJ,AMRIT BHARAT,TRETA-LOKM-SUBE-Z19-14122,19
14123,MBDP-CKTD INTERCITY,MAA BELHA DEVI DHAM PRATAPGARH,CHITRAKUT DHAM KARWI,MAIL EXPRESS,TRETA-MAA_-CHIT-Z25-14123,25
14124,CKTD-MBDP INTERCITY,CHITRAKUT DHAM KARWI,MAA BELHA DEVI DHAM PRATAPGARH,MAIL EXPRESS,TRETA-CHIT-MAA_-Z25-14124,25
14151,CNB ANVT EXP,KANPUR CENTRAL,ANAND VIHAR TERMINAL,MAIL EXPRESS,TRETA-KANP-ANAN-Z13-14151,13
14152,ANVT CNB EXP,ANAND VIHAR TERMINAL,KANPUR CENTRAL,MAIL EXPRESS,TRETA-ANAN-KANP-Z13-14152,13
14163,SANGAM EXPRESS,SUBEDARGANJ,MEERUT CITY,MAIL EXPRESS,TRETA-SUBE-MEER-Z23-14163,23
14164,SANGAM EXP,MEERUT CITY,SUBEDARGANJ,MAIL EXPRESS,TRETA-MEER-SUBE-Z19-14164,19
14201,JNU - RBL EXPRESS,JAUNPUR JN,RAE BARELI JN,MAIL EXPRESS,TRETA-JAUN-RAE_-Z12-14201,12
14202,RBL-JNU EXP,RAE BARELI JN,JAUNPUR JN,MAIL EXPRESS,TRETA-RAE_-JAUN-Z12-14202,12
14205,AYODHYA EXPRESS,AYODHYA CANTT,DELHI JN.,MAIL EXPRESS,TRETA-AYOD-DELH-Z10-14205,10
14206,AYODHYA EXPRESS,DELHI JN.,AYODHYA CANTT,MAIL EXPRESS,TRETA-DELH-AYOD-Z10-14206,10
14207,PADMAVAT EXP,MAA BELHA DEVI DHAM PRATAPGARH,DELHI JN.,MAIL EXPRESS,TRETA-MAA_-DELH-Z17-14207,17
14208,PADMAVAT EXP,DELHI JN.,MAA BELHA DEVI DHAM PRATAPGARH,MAIL EXPRESS,TRETA-DELH-MAA_-Z17-14208,17
14209,PYGS LKO INTRCT,PRAYAGRAJ SANGAM,LUCKNOW JN.,MAIL EXPRESS,TRETA-PRAY-LUCK-Z10-14209,10
14210,LKO PYGS INTRCT,LUCKNOW JN.,PRAYAGRAJ SANGAM,MAIL EXPRESS,TRETA-LUCK-PRAY-Z10-14210,10
14211,AGC INTERCITY EXPRESS,AGRA CANTT JN,NEW DELHI,MAIL EXPRESS,TRETA-AGRA-NEW_-Z17-14211,17
14212,INTERCITY EXP,NEW DELHI,AGRA CANTT JN,MAIL EXPRESS,TRETA-NEW_-AGRA-Z17-14212,17
14213,NPR INTERCITY,VARANASI,NEPALGANJ ROAD,MAIL EXPRESS,TRETA-VARA-NEPA-Z17-14213,17
14214,BSB INTERCITY,NEPALGANJ ROAD,VARANASI,MAIL EXPRESS,TRETA-NEPA-VARA-Z17-14214,17
14215,GANGA GOMTI EXP,PRAYAGRAJ SANGAM,LUCKNOW JN.,MAIL EXPRESS,TRETA-PRAY-LUCK-Z11-14215,11
14216,GANGA GOMTI EXP,LUCKNOW JN.,PRAYAGRAJ SANGAM,MAIL EXPRESS,TRETA-LUCK-PRAY-Z11-14216,11
14217,UNCHAHAR EXP,PRAYAGRAJ SANGAM,CHANDIGARH,MAIL EXPRESS,TRETA-PRAY-CHAN-Z40-14217,40
14218,UNCHAHAR EXP,CHANDIGARH,PRAYAGRAJ SANGAM,MAIL EXPRESS,TRETA-CHAN-PRAY-Z40-14218,40
14225,BSB-LKO EXP,VARANASI,LUCKNOW JN.,MAIL EXPRESS,TRETA-VARA-LUCK-Z12-14225,12
14226,LKO-BSB EXP,LUCKNOW JN.,VARANASI,MAIL EXPRESS,TRETA-LUCK-VARA-Z12-14226,12
14229,PYGS YNRK EXP,PRAYAGRAJ SANGAM,YOG NAGARI RISHIKESH,MAIL EXPRESS,TRETA-PRAY-YOG_-Z19-14229,19
14230,YNRK PYGS EXP,YOG NAGARI RISHIKESH,PRAYAGRAJ SANGAM,MAIL EXPRESS,TRETA-YOG_-PRAY-Z19-14230,19
14231,MANWAR SANGMEXP,PRAYAGRAJ SANGAM,BASTI,MAIL EXPRESS,TRETA-PRAY-BAST-Z11-14231,11
14232,MANWARSANGAMEXP,BASTI,PRAYAGRAJ SANGAM,MAIL EXPRESS,TRETA-BAST-PRAY-Z11-14232,11
14233,SARYU EXP,PRAYAGRAJ SANGAM,MANKAPUR JN,MAIL EXPRESS,TRETA-PRAY-MANK-Z14-14233,14
14234,SARYU EXPRESS,MANKAPUR JN,PRAYAGRAJ SANGAM,MAIL EXPRESS,TRETA-MANK-PRAY-Z14-14234,14
14235,BSB BE EXP,VARANASI,BAREILLY(NR),MAIL EXPRESS,TRETA-VARA-BARE-Z29-14235,29
14236,BE BSB EXP,BAREILLY(NR),VARANASI,MAIL EXPRESS,TRETA-BARE-VARA-Z26-14236,26
14241,NAUCHANDI EXP,PRAYAGRAJ SANGAM,SAHARANPUR JN.,MAIL EXPRESS,TRETA-PRAY-SAHA-Z63-14241,63
14242,NAUCHANDI EXP,SAHARANPUR JN.,PRAYAGRAJ SANGAM,MAIL EXPRESS,TRETA-SAHA-PRAY-Z30-14242,30
14259,EKATMATA EXPRES,GAYA JN,LUCKNOW JN.,MAIL EXPRESS,TRETA-GAYA-LUCK-Z13-14259,13
14260,EKATMATA EXP,LUCKNOW JN.,GAYA JN,MAIL EXPRESS,TRETA-LUCK-GAYA-Z13-14260,13
14261,EKATMATA EXPRESS,GAYA JN,LUCKNOW JN.,MAIL EXPRESS,TRETA-GAYA-LUCK-Z09-14261,9
14262,EKATMATA EXP,LUCKNOW JN.,GAYA JN,MAIL EXPRESS,TRETA-LUCK-GAYA-Z09-14262,9
14303,DLI - HW EXP,DELHI JN.,HARIDWAR JN,MAIL EXPRESS,TRETA-DELH-HARI-Z17-14303,17
14304,HW-DLI EXP,HARIDWAR JN,DELHI JN.,MAIL EXPRESS,TRETA-HARI-DELH-Z17-14304,17
14305,DLI - HW EXP,DELHI JN.,HARIDWAR JN,MAIL EXPRESS,TRETA-DELH-HARI-Z34-14305,34
14306,HW-DLIEXP,HARIDWAR JN,DELHI JN.,MAIL EXPRESS,TRETA-HARI-DELH-Z34-14306,34
14307,PYGS BE EXP,PRAYAGRAJ SANGAM,BAREILLY(NR),MAIL EXPRESS,TRETA-PRAY-BARE-Z17-14307,17
14308,BE PYGS EXP,BAREILLY(NR),PRAYAGRAJ SANGAM,MAIL EXPRESS,TRETA-BARE-PRAY-Z17-14308,17
14309,UJJAINI EXPRESS,LAKSHMIBAI NGR,YOG NAGARI RISHIKESH,MAIL EXPRESS,TRETA-LAKS-YOG_-Z28-14309,28
14310,UJJAINI EXP,YOG NAGARI RISHIKESH,LAKSHMIBAI NGR,MAIL EXPRESS,TRETA-YOG_-LAKS-Z30-14310,30
14311,ALA HAZRAT EXP,BAREILLY(NR),BHUJ,MAIL EXPRESS,TRETA-BARE-BHUJ-Z48-14311,48
14312,BHUJ BE EXP,BHUJ,BAREILLY(NR),MAIL EXPRESS,TRETA-BHUJ-BARE-Z47-14312,47
14313,BAREILLY EXPRESS,LOKMANYATILAK,BAREILLY(NR),MAIL EXPRESS,TRETA-LOKM-BARE-Z25-14313,25
14314,BE LTT EXPRESS,BAREILLY(NR),LOKMANYATILAK,MAIL EXPRESS,TRETA-BARE-LOKM-Z26-14314,26
14317,LMNR YNRK EXP,LAKSHMIBAI NGR,YOG NAGARI RISHIKESH,MAIL EXPRESS,TRETA-LAKS-YOG_-Z27-14317,27
14318,YNRK LMNR EXP,YOG NAGARI RISHIKESH,LAKSHMIBAI NGR,MAIL EXPRESS,TRETA-YOG_-LAKS-Z29-14318,29
14319,INDB BARELLY EXP,INDORE JN,BAREILLY(NR),MAIL EXPRESS,TRETA-INDO-BARE-Z19-14319,19
14320,BE INDB EXP,BAREILLY(NR),INDORE JN,MAIL EXPRESS,TRETA-BARE-INDO-Z19-14320,19
14321,BE BHUJ EXPRESS,BAREILLY(NR),BHUJ,MAIL EXPRESS,TRETA-BARE-BHUJ-Z47-14321,47
14322,BHUJ BE EXP,BHUJ,BAREILLY(NR),MAIL EXPRESS,TRETA-BHUJ-BARE-Z46-14322,46
14331,DLI-KLK EXP,DELHI JN.,KALKA,MAIL EXPRESS,TRETA-DELH-KALK-Z16-14331,16
14332,KLK DLI EXP,KALKA,DELHI JN.,MAIL EXPRESS,TRETA-KALK-DELH-Z29-14332,29
14341,MUSSOORIE EXP,SHAKURBASTI,DEHRADOON,MAIL EXPRESS,TRETA-SHAK-DEHR-Z19-14341,19
14342,MUSSOORIE EXP,DEHRADOON,SHAKURBASTI,MAIL EXPRESS,TRETA-DEHR-SHAK-Z19-14342,19
14501,UMB KRTP EXP,AMBALA CANT JN,KARTOLI PUNJAB,MAIL EXPRESS,TRETA-AMBA-KART-Z11-14501,11
14502,KRTP UMB EXP,KARTOLI PUNJAB,AMBALA CANT JN,MAIL EXPRESS,TRETA-KART-AMBA-Z11-14502,11
14503,KLK SVDK EXP,KALKA,SHRI MATA VAISHNO DEVI KATRA,MAIL EXPRESS,TRETA-KALK-SHRI-Z08-14503,8
14504,SVDK KLK EXP,SHRI MATA VAISHNO DEVI KATRA,KALKA,MAIL EXPRESS,TRETA-SHRI-KALK-Z08-14504,8
14505,ASR NLDM EXP,AMRITSAR,NANGAL DAM,MAIL EXPRESS,TRETA-AMRI-NANG-Z11-14505,11
14506,NLDM ASR EXP,NANGAL DAM,AMRITSAR,MAIL EXPRESS,TRETA-NANG-AMRI-Z11-14506,11
14507,DLI FKA EXP,DELHI JN.,FAZILKA,MAIL EXPRESS,TRETA-DELH-FAZI-Z27-14507,27
14508,FKA DLI EXP,FAZILKA,DELHI JN.,MAIL EXPRESS,TRETA-FAZI-DELH-Z27-14508,27
14509,DUI - BTI EXP,DHURI JN,BATHINDA,MAIL EXPRESS,TRETA-DHUR-BATH-Z07-14509,7
14510,BTI - UMB EXP,BATHINDA,AMBALA CANT JN,MAIL EXPRESS,TRETA-BATH-AMBA-Z18-14510,18
14521,DLI UMB EXPRESS,DELHI JN.,AMBALA CANT JN,MAIL EXPRESS,TRETA-DELH-AMBA-Z15-14521,15
14522,UMB DLI EXPRESS,AMBALA CANT JN,DELHI JN.,MAIL EXPRESS,TRETA-AMBA-DELH-Z15-14522,15
14523,HARIHAR EXP,BARAUNI JN,AMBALA CANT JN,MAIL EXPRESS,TRETA-BARA-AMBA-Z24-14523,24
14524,HARIHAR EXPRESS,AMBALA CANT JN,BARAUNI JN,MAIL EXPRESS,TRETA-AMBA-BARA-Z24-14524,24
14525,UMB SGNR EXP,AMBALA CANT JN,SHRI GANGANAGAR,MAIL EXPRESS,TRETA-AMBA-SHRI-Z14-14525,14
14526,UMB INTCITY EXP,SHRI GANGANAGAR,AMBALA CANT JN,MAIL EXPRESS,TRETA-SHRI-AMBA-Z14-14526,14
14527,BTI-SGNR EXP,BATHINDA,SHRI GANGANAGAR,MAIL EXPRESS,TRETA-BATH-SHRI-Z06-14527,6
14528,SGNR-BTI EXP,SHRI GANGANAGAR,BATHINDA,MAIL EXPRESS,TRETA-SHRI-BATH-Z06-14528,6
14541,CDG ASR EXP,CHANDIGARH,AMRITSAR,MAIL EXPRESS,TRETA-CHAN-AMRI-Z06-14541,6
14542,ASR CDG EXP,AMRITSAR,CHANDIGARH,MAIL EXPRESS,TRETA-AMRI-CHAN-Z06-14542,6
14545,DLI SRE EXP,DELHI JN.,SAHARANPUR JN.,MAIL EXPRESS,TRETA-DELH-SAHA-Z21-14545,21
14546,SRE DLI EXP,SAHARANPUR JN.,DELHI JN.,MAIL EXPRESS,TRETA-SAHA-DELH-Z21-14546,21
14601,FZR-HMH EXPRESS,FIROZPUR CANT,HANUMANGARH JN,MAIL EXPRESS,TRETA-FIRO-HANU-Z11-14601,11
14602,HMH-FZR EXPRESS,HANUMANGARH JN,FIROZPUR CANT,MAIL EXPRESS,TRETA-HANU-FIRO-Z11-14602,11
14603,JANSADHARAN EXP,NARPATGANJ,AMRITSAR,MAIL EXPRESS,TRETA-NARP-AMRI-Z38-14603,38
14604,JANSADHARAN EXP,AMRITSAR,NARPATGANJ,MAIL EXPRESS,TRETA-AMRI-NARP-Z38-14604,38
14605,YNRK JAT EXP,YOG NAGARI RISHIKESH,JAMMUTAVI,MAIL EXPRESS,TRETA-YOG_-JAMM-Z15-14605,15
14606,JAT YNRK EXP,JAMMUTAVI,YOG NAGARI RISHIKESH,MAIL EXPRESS,TRETA-JAMM-YOG_-Z15-14606,15
14609,HEMKUNT EXPRESS,YOG NAGARI RISHIKESH,SHRI MATA VAISHNO DEVI KATRA,MAIL EXPRESS,TRETA-YOG_-SHRI-Z22-14609,22
14610,HEMKUNT EXPRESS,SHRI MATA VAISHNO DEVI KATRA,YOG NAGARI RISHIKESH,MAIL EXPRESS,TRETA-SHRI-YOG_-Z21-14610,21
14611,GCT SVDK EXP,GHAZIPUR CITY,SHRI MATA VAISHNO DEVI KATRA,MAIL EXPRESS,TRETA-GHAZ-SHRI-Z18-14611,18
14612,SVDK GCT EXP,SHRI MATA VAISHNO DEVI KATRA,GHAZIPUR CITY,MAIL EXPRESS,TRETA-SHRI-GHAZ-Z16-14612,16
14613,SASN-FZR EXP,SAHIBZADA AJIT SINGH NAGAR,FIROZPUR CANT,MAIL EXPRESS,TRETA-SAHI-FIRO-Z07-14613,7
14614,FZR-SASN- EXPRESS,FIROZPUR CANT,SAHIBZADA AJIT SINGH NAGAR,MAIL EXPRESS,TRETA-FIRO-SAHI-Z07-14614,7
14615,LKU ASR EXP,LALKUA JN.,AMRITSAR,MAIL EXPRESS,TRETA-LALK-AMRI-Z17-14615,17
14616,ASR LKU EXPRESS,AMRITSAR,LALKUA JN.,MAIL EXPRESS,TRETA-AMRI-LALK-Z17-14616,17
14617,PRNC-ASR JANSEWA EXP,PURNIA COURT,AMRITSAR,MAIL EXPRESS,TRETA-PURN-AMRI-Z52-14617,52
14618,ASR-PRNC JANSEWA EXP,AMRITSAR,PURNIA COURT,MAIL EXPRESS,TRETA-AMRI-PURN-Z51-14618,51
14619,TRIPURA SUNDARI,AGARTALA,FIROZPUR CANT,MAIL EXPRESS,TRETA-AGAR-FIRO-Z32-14619,32
14620,TRIPURA SUNDARI,FIROZPUR CANT,AGARTALA,MAIL EXPRESS,TRETA-FIRO-AGAR-Z32-14620,32
14621,NED FZR EXPRESS,NANDED,FIROZPUR CANT,MAIL EXPRESS,TRETA-NAND-FIRO-Z28-14621,28
14622,FZR NED EXP,FIROZPUR CANT,NANDED,MAIL EXPRESS,TRETA-FIRO-NAND-Z28-14622,28
14623,S G VARNASI EXP,VARANASI,CHHEHARTA,MAIL EXPRESS,TRETA-VARA-CHHE-Z12-14623,12
14624,S G VARANASI EXP,CHHEHARTA,VARANASI,MAIL EXPRESS,TRETA-CHHE-VARA-Z12-14624,12
14625,HW FZR EXP,HARIDWAR JN,FIROZPUR CANT,MAIL EXPRESS,TRETA-HARI-FIRO-Z14-14625,14
14626,FZR HW EXP,FIROZPUR CANT,HARIDWAR JN,MAIL EXPRESS,TRETA-FIRO-HARI-Z14-14626,14
14627,AMRIT BHARAT EXP,SAHARSA JN,CHHEHARTA,AMRIT BHARAT,TRETA-SAHA-CHHE-Z34-14627,34
14628,AMRIT BHARAT EXP,CHHEHARTA,SAHARSA JN,AMRIT BHARAT,TRETA-CHHE-SAHA-Z34-14628,34
14629,SUTLEJ EXP,CHANDIGARH,FIROZPUR CANT,MAIL EXPRESS,TRETA-CHAN-FIRO-Z11-14629,11
14630,SUTLEZ EXP,FIROZPUR CANT,CHANDIGARH,MAIL EXPRESS,TRETA-FIRO-CHAN-Z11-14630,11
14631,DDN ASR EXPRESS,DEHRADOON,AMRITSAR,MAIL EXPRESS,TRETA-DEHR-AMRI-Z24-14631,24
14632,ASR DDN EXPRESS,AMRITSAR,DEHRADOON,MAIL EXPRESS,TRETA-AMRI-DEHR-Z27-14632,27
14633,RAVI EXPRESS,AMRITSAR,PATHANKOT,MAIL EXPRESS,TRETA-AMRI-PATH-Z06-14633,6
14634,RAVI EXPRESS,PATHANKOT,AMRITSAR,MAIL EXPRESS,TRETA-PATH-AMRI-Z06-14634,6
14649,SARYU YAMUNA EX,JAYNAGAR,AMRITSAR,MAIL EXPRESS,TRETA-JAYN-AMRI-Z54-14649,54
14650,SARYUYAMUNA EXP,AMRITSAR,JAYNAGAR,MAIL EXPRESS,TRETA-AMRI-JAYN-Z52-14650,52
14653,HSR ASR EXPRESS,HISAR,AMRITSAR,MAIL EXPRESS,TRETA-HISA-AMRI-Z19-14653,19
14654,ASR HSR EXPRESS,AMRITSAR,HISAR,MAIL EXPRESS,TRETA-AMRI-HISA-Z16-14654,16
14661,SHALIMAR MALANI,BARMER,JAMMUTAVI,MAIL EXPRESS,TRETA-BARM-JAMM-Z61-14661,61
14662,SHALIMAR MALANI,JAMMUTAVI,BARMER,MAIL EXPRESS,TRETA-JAMM-BARM-Z63-14662,63
14663,AMRIT BHARAT EXP,NEW JALPAIGURI,AMRITSAR,AMRIT BHARAT,TRETA-NEW_-AMRI-Z36-14663,36
14664,AMRIT BHARAT EXP,AMRITSAR,NEW JALPAIGURI,AMRIT BHARAT,TRETA-AMRI-NEW_-Z36-14664,36
14669,CNB-JAT EXPRESS Valid From : 21-Oct-2026,KANPUR CENTRAL,JAMMUTAVI,MAIL EXPRESS,TRETA-KANP-JAMM-Z13-14669,13
14670,JAT-CNB EXPRESS Valid From : 20-Oct-2026,JAMMUTAVI,KANPUR CENTRAL,MAIL EXPRESS,TRETA-JAMM-KANP-Z13-14670,13
14673,SHAHEED EXPRESS,JAYNAGAR,AMRITSAR,MAIL EXPRESS,TRETA-JAYN-AMRI-Z52-14673,52
14674,SHAHEED EXP,AMRITSAR,JAYNAGAR,MAIL EXPRESS,TRETA-AMRI-JAYN-Z51-14674,51
14679,DLI ASR EXP,DELHI JN.,AMRITSAR,MAIL EXPRESS,TRETA-DELH-AMRI-Z14-14679,14
14680,ASR DLI EXP,AMRITSAR,DELHI JN.,MAIL EXPRESS,TRETA-AMRI-DELH-Z16-14680,16
14681,DLI JUC EXP,DELHI JN.,JALANDHAR CITY,MAIL EXPRESS,TRETA-DELH-JALA-Z21-14681,21
14682,JUC DLI EXP,JALANDHAR CITY,DELHI JN.,MAIL EXPRESS,TRETA-JALA-DELH-Z21-14682,21
14687,SVDK-BDGM EXP Valid From : 19-Oct-2026,SHRI MATA VAISHNO DEVI KATRA,BADGAM,MAIL EXPRESS,TRETA-SHRI-BADG-Z13-14687,13
14688,BDGM-SVDK EXP Valid From : 19-Oct-2026,BADGAM,SHRI MATA VAISHNO DEVI KATRA,MAIL EXPRESS,TRETA-BADG-SHRI-Z13-14688,13
14691,MOUR DHWAJ EXP,BARAUNI JN,JAMMUTAVI,MAIL EXPRESS,TRETA-BARA-JAMM-Z22-14691,22
14692,MAUR DHAWAJ EXP,JAMMUTAVI,BARAUNI JN,SUPERFAST,TRETA-JAMM-BARA-Z22-14692,22
14701,ARAVALI EXPRESS,SHRI GANGANAGAR,BANDRA TERMINUS,MAIL EXPRESS,TRETA-SHRI-BAND-Z57-14701,57
14702,ARAVALI EXP,BANDRA TERMINUS,SHRI GANGANAGAR,MAIL EXPRESS,TRETA-BAND-SHRI-Z57-14702,57
14703,JSM LGH EXP,JAISALMER,LALGARH JN,MAIL EXPRESS,TRETA-JAIS-LALG-Z13-14703,13
14704,LGH JSM EXP,LALGARH JN,JAISALMER,MAIL EXPRESS,TRETA-LALG-JAIS-Z13-14704,13
14705,BNW-DKBJ EXP SPL,BHIWANI JN.,DAHAR KA BALAJI,MAIL EXPRESS,TRETA-BHIW-DAHA-Z22-14705,22
14706,DKBJ- BNW EXP SPL,DAHAR KA BALAJI,BHIWANI JN.,MAIL EXPRESS,TRETA-DAHA-BHIW-Z22-14706,22
14707,RANAKPUR EXP,HANUMANGARH JN,DADAR,MAIL EXPRESS,TRETA-HANU-DADA-Z39-14707,39
14708,RANAKPUR EXP,DADAR,HANUMANGARH JN,MAIL EXPRESS,TRETA-DADA-HANU-Z39-14708,39
14709,HMH JP EXP,HANUMANGARH JN,JAIPUR JN.,MAIL EXPRESS,TRETA-HANU-JAIP-Z26-14709,26
14710,JP HMH EXP,JAIPUR JN.,HANUMANGARH JN,MAIL EXPRESS,TRETA-JAIP-HANU-Z26-14710,26
14711,BKN BDTS EXP,BIKANER JN,BANDRA TERMINUS,MAIL EXPRESS,TRETA-BIKA-BAND-Z24-14711,24
14712,BDTS BKN EXP,BANDRA TERMINUS,BIKANER JN,MAIL EXPRESS,TRETA-BAND-BIKA-Z24-14712,24
14713,SIKR DEE EXP,SIKAR JN,DELHI SARAI ROHILLA,MAIL EXPRESS,TRETA-SIKA-DELH-Z11-14713,11
14714,DEE SIKR EXP,DELHI SARAI ROHILLA,SIKAR JN,MAIL EXPRESS,TRETA-DELH-SIKA-Z12-14714,12
14715,HSR-JP EXP,HISAR,JAIPUR JN.,MAIL EXPRESS,TRETA-HISA-JAIP-Z41-14715,41
14716,JP HSR EXP,JAIPUR JN.,HISAR,MAIL EXPRESS,TRETA-JAIP-HISA-Z35-14716,35
14717,BKN HW EXP,BIKANER JN,HARIDWAR JN,MAIL EXPRESS,TRETA-BIKA-HARI-Z19-14717,19
14718,HW BKN EXPRESS,HARIDWAR JN,BIKANER JN,MAIL EXPRESS,TRETA-HARI-BIKA-Z19-14718,19
14719,BKN ASR EXP,BIKANER JN,AMRITSAR,MAIL EXPRESS,TRETA-BIKA-AMRI-Z22-14719,22
14720,ASR BKN EXP,AMRITSAR,BIKANER JN,MAIL EXPRESS,TRETA-AMRI-BIKA-Z22-14720,22
14721,JU BTI EXP,JODHPUR JN,BATHINDA,MAIL EXPRESS,TRETA-JODH-BATH-Z35-14721,35
14722,ABS JU EXPRESS,ABOHAR,JODHPUR JN,MAIL EXPRESS,TRETA-ABOH-JODH-Z39-14722,39
14723,HSR TPTY SPL,HISAR,TIRUPATI,MAIL EXPRESS,TRETA-HISA-TIRU-Z31-14723,31
14724,TPTY HSR EXPRESS,TIRUPATI,HISAR,MAIL EXPRESS,TRETA-TIRU-HISA-Z31-14724,31
14725,BNW MTJ EXP,BHIWANI JN.,MATHURA JN.,MAIL EXPRESS,TRETA-BHIW-MATH-Z36-14725,36
14726,MTJ BNW EXP,MATHURA JN.,BHIWANI JN.,MAIL EXPRESS,TRETA-MATH-BHIW-Z34-14726,34
14727,SGNR TKJ EXP,SHRI GANGANAGAR,TILAK BRIDGE,MAIL EXPRESS,TRETA-SHRI-TILA-Z56-14727,56
14728,TKJ SGNR EXP,TILAK BRIDGE,SHRI GANGANAGAR,MAIL EXPRESS,TRETA-TILA-SHRI-Z51-14728,51
14729,RE-FKA  EXP,REWARI JN.,FAZILKA,MAIL EXPRESS,TRETA-REWA-FAZI-Z59-14729,59
14730,FKA-RE EXP,FAZILKA,REWARI JN.,MAIL EXPRESS,TRETA-FAZI-REWA-Z59-14730,59
14731,KISAN EXPRESS,DELHI JN.,BATHINDA,MAIL EXPRESS,TRETA-DELH-BATH-Z19-14731,19
14732,KISAN EXPRESS,BATHINDA,DELHI JN.,MAIL EXPRESS,TRETA-BATH-DELH-Z19-14732,19
14733,BTI JP EXP,BATHINDA,JAIPUR JN.,MAIL EXPRESS,TRETA-BATH-JAIP-Z42-14733,42
14734,JP-BTI EXP,JAIPUR JN.,BATHINDA,MAIL EXPRESS,TRETA-JAIP-BATH-Z48-14734,48
14735,SGNR-UMB EXP,SHRI GANGANAGAR,AMBALA CANT JN,MAIL EXPRESS,TRETA-SHRI-AMBA-Z42-14735,42
14736,UMB-SGNR EXP,AMBALA CANT JN,SHRI GANGANAGAR,MAIL EXPRESS,TRETA-AMBA-SHRI-Z24-14736,24
14737,BHIWANI TKJ EXP,BHIWANI JN.,TILAK BRIDGE,MAIL EXPRESS,TRETA-BHIW-TILA-Z25-14737,25
14738,TKJ BHIWANI EXP,TILAK BRIDGE,BHIWANI JN.,MAIL EXPRESS,TRETA-TILA-BHIW-Z25-14738,25
14795,BNW KLK EKTA EX,BHIWANI JN.,KALKA,MAIL EXPRESS,TRETA-BHIW-KALK-Z14-14795,14
14796,KLK BNW EKTA EX,KALKA,BHIWANI JN.,MAIL EXPRESS,TRETA-KALK-BHIW-Z15-14796,15
14801,JU INDB EXPRESS,JODHPUR JN,INDORE JN,MAIL EXPRESS,TRETA-JODH-INDO-Z35-14801,35
14802,INDB JU EXP,INDORE JN,JODHPUR JN,MAIL EXPRESS,TRETA-INDO-JODH-Z35-14802,35
14803,BGKT JAT EXP,BHAGAT KI KOTHI,JAMMUTAVI,MAIL EXPRESS,TRETA-BHAG-JAMM-Z37-14803,37
14804,JAT BGKT EXP,JAMMUTAVI,BHAGAT KI KOTHI,MAIL EXPRESS,TRETA-JAMM-BHAG-Z37-14804,37
14805,BARMER AC EXP,YESVANTPUR JN.,BARMER,MAIL EXPRESS,TRETA-YESV-BARM-Z33-14805,33
14806,BME YPR AC EXP,BARMER,YESVANTPUR JN.,MAIL EXPRESS,TRETA-BARM-YESV-Z33-14806,33
14807,JU DDR EXPRESS,JODHPUR JN,DADAR,MAIL EXPRESS,TRETA-JODH-DADA-Z19-14807,19
14808,DADAR JU EXP,DADAR,JODHPUR JN,MAIL EXPRESS,TRETA-DADA-JODH-Z19-14808,19
14813,JU BPL EXP,JODHPUR JN,BHOPAL JN.,MAIL EXPRESS,TRETA-JODH-BHOP-Z73-14813,73
14814,BPL JU EXPRESS,BHOPAL JN.,JODHPUR JN,MAIL EXPRESS,TRETA-BHOP-JODH-Z73-14814,73
14815,SGNR RKSH EXP,SHRI GANGANAGAR,RISHIKESH,MAIL EXPRESS,TRETA-SHRI-RISH-Z21-14815,21
14816,RKSH SGNR EXP,RISHIKESH,SHRI GANGANAGAR,MAIL EXPRESS,TRETA-RISH-SHRI-Z22-14816,22
14821,JODHPUR - GANDHIGRAM EXP,JODHPUR JN,GANDHIGRAM,MAIL EXPRESS,TRETA-JODH-GAND-Z50-14821,50
14822,GG - JU EXP,GANDHIGRAM,JODHPUR JN,MAIL EXPRESS,TRETA-GAND-JODH-Z50-14822,50
14823,JU-RE EXP,JODHPUR JN,REWARI JN.,MAIL EXPRESS,TRETA-JODH-REWA-Z63-14823,63
14824,RE-JU EXP,REWARI JN.,JODHPUR JN,MAIL EXPRESS,TRETA-REWA-JODH-Z63-14824,63
14853,MARUDHAR EXP,VARANASI CITY,JODHPUR JN,MAIL EXPRESS,TRETA-VARA-JODH-Z38-14853,38
14854,MARUDHAR EXP,JODHPUR JN,VARANASI CITY,MAIL EXPRESS,TRETA-JODH-VARA-Z39-14854,39
14863,MARUDHAR EXP,VARANASI CITY,JODHPUR JN,MAIL EXPRESS,TRETA-VARA-JODH-Z34-14863,34
14864,MARUDHAR EXP,JODHPUR JN,VARANASI CITY,MAIL EXPRESS,TRETA-JODH-VARA-Z35-14864,35
14865,MARUDHAR EXP,VARANASI CITY,JODHPUR JN,MAIL EXPRESS,TRETA-VARA-JODH-Z35-14865,35
14866,MARUDHAR EXP,JODHPUR JN,VARANASI CITY,MAIL EXPRESS,TRETA-JODH-VARA-Z36-14866,36
14887,RKSH BME EXP,RISHIKESH,BARMER,MAIL EXPRESS,TRETA-RISH-BARM-Z43-14887,43
14888,BME RKSH EXP,BARMER,RISHIKESH,MAIL EXPRESS,TRETA-BARM-RISH-Z43-14888,43
14891,JU-HSR EXP,JODHPUR JN,HISAR,MAIL EXPRESS,TRETA-JODH-HISA-Z48-14891,48
14892,HSR JU EXP,HISAR,JODHPUR JN,MAIL EXPRESS,TRETA-HISA-JODH-Z48-14892,48
14893,JU PNU EXP,BHAGAT KI KOTHI,PALANPUR JN,MAIL EXPRESS,TRETA-BHAG-PALA-Z35-14893,35
14894,PNU JU MEX,PALANPUR JN,BHAGAT KI KOTHI,MAIL EXPRESS,TRETA-PALA-BHAG-Z35-14894,35
14895,JU BME MEX,BHAGAT KI KOTHI,BARMER,MAIL EXPRESS,TRETA-BHAG-BARM-Z22-14895,22
14896,BME JU MEX,BARMER,BHAGAT KI KOTHI,MAIL EXPRESS,TRETA-BARM-BHAG-Z22-14896,22
14897,BKN HSR EXP,BIKANER JN,HISAR,MAIL EXPRESS,TRETA-BIKA-HISA-Z28-14897,28
14898,HSR BKN EXP,HISAR,BIKANER JN,MAIL EXPRESS,TRETA-HISA-BIKA-Z28-14898,28
15001,MFP DDN EXP,MUZAFFARPUR JN,DEHRADOON,MAIL EXPRESS,TRETA-MUZA-DEHR-Z26-15001,26
15002,DDN MFP EXPRESS,DEHRADOON,MUZAFFARPUR JN,MAIL EXPRESS,TRETA-DEHR-MUZA-Z26-15002,26
15003,CHAURICHAURA EXP,KANPUR ANWRGANJ,GORAKHPUR JN,MAIL EXPRESS,TRETA-KANP-GORA-Z28-15003,28
15004,CHAURICHAURA EXP,GORAKHPUR JN,KANPUR ANWRGANJ,MAIL EXPRESS,TRETA-GORA-KANP-Z28-15004,28
15005,RAPTI GANGA EXP,GORAKHPUR JN,DEHRADOON,MAIL EXPRESS,TRETA-GORA-DEHR-Z15-15005,15
15006,DDN GKP EXPRESS,DEHRADOON,GORAKHPUR JN,MAIL EXPRESS,TRETA-DEHR-GORA-Z15-15006,15
15007,BCY LJN EXPRESS,VARANASI CITY,LUCKNOW,MAIL EXPRESS,TRETA-VARA-LUCK-Z31-15007,31
15008,LJN BCY EXPRESS,LUCKNOW,VARANASI CITY,MAIL EXPRESS,TRETA-LUCK-VARA-Z33-15008,33
15009,GKP IZN EXP,GORAKHPUR JN,IZZATNAGAR JN,MAIL EXPRESS,TRETA-GORA-IZZA-Z29-15009,29
15010,IZN GKP EXP,IZZATNAGAR JN,GORAKHPUR JN,MAIL EXPRESS,TRETA-IZZA-GORA-Z29-15010,29
15011,LJN CDG EXPRESS,LUCKNOW,CHANDIGARH,MAIL EXPRESS,TRETA-LUCK-CHAN-Z19-15011,19
15012,CDG LJN EXPRESS,CHANDIGARH,LUCKNOW,MAIL EXPRESS,TRETA-CHAN-LUCK-Z19-15012,19
15013,RANIKHET EXP,JAISALMER,KATHGODAM,MAIL EXPRESS,TRETA-JAIS-KATH-Z36-15013,36
15014,RANIKHET EXP,KATHGODAM,JAISALMER,MAIL EXPRESS,TRETA-KATH-JAIS-Z37-15014,37
15015,ASR LKU EXP,AMRITSAR,LALKUA JN.,MAIL EXPRESS,TRETA-AMRI-LALK-Z09-15015,9
15016,LKU ASR EXPRESS,LALKUA JN.,AMRITSAR,MAIL EXPRESS,TRETA-LALK-AMRI-Z09-15016,9
15017,LTT GKP EXPRESS,LOKMANYATILAK,GORAKHPUR JN,MAIL EXPRESS,TRETA-LOKM-GORA-Z68-15017,68
15018,GKP LTT EXP,GORAKHPUR JN,LOKMANYATILAK,MAIL EXPRESS,TRETA-GORA-LOKM-Z69-15018,69
15019,DDN TPU EXP,DEHRADOON,TANAKPUR,MAIL EXPRESS,TRETA-DEHR-TANA-Z12-15019,12
15020,TPU DDN EXP,TANAKPUR,DEHRADOON,MAIL EXPRESS,TRETA-TANA-DEHR-Z12-15020,12
15021,SHM GKP EXP,SHALIMAR,GORAKHPUR JN,MAIL EXPRESS,TRETA-SHAL-GORA-Z22-15021,22
15022,GKP SHM EXPRESS,GORAKHPUR JN,SHALIMAR,MAIL EXPRESS,TRETA-GORA-SHAL-Z22-15022,22
15023,GKP YPR EXPRESS,GORAKHPUR JN,YESVANTPUR JN.,MAIL EXPRESS,TRETA-GORA-YESV-Z24-15023,24
15024,YPR GKP EXP,YESVANTPUR JN.,GORAKHPUR JN,MAIL EXPRESS,TRETA-YESV-GORA-Z24-15024,24
15025,MAU ANVT EXP,MAU JN,ANAND VIHAR TERMINAL,MAIL EXPRESS,TRETA-MAU_-ANAN-Z10-15025,10
15026,ANVT MAU EXP,ANAND VIHAR TERMINAL,MAU JN,MAIL EXPRESS,TRETA-ANAN-MAU_-Z10-15026,10
15027,MAURYA EXPRESS,SAMBALPUR JN.,GORAKHPUR JN,MAIL EXPRESS,TRETA-SAMB-GORA-Z55-15027,55
15028,MAURYA EXPRESS,GORAKHPUR JN,SAMBALPUR JN.,MAIL EXPRESS,TRETA-GORA-SAMB-Z54-15028,54
15029,GKP PUNE EXP,GORAKHPUR JN,PUNE JN,MAIL EXPRESS,TRETA-GORA-PUNE-Z19-15029,19
15030,PUNE GKP EXPRESS,PUNE JN,GORAKHPUR JN,MAIL EXPRESS,TRETA-PUNE-GORA-Z19-15030,19
15031,LJN INTERCITY,GORAKHPUR JN,LUCKNOW,MAIL EXPRESS,TRETA-GORA-LUCK-Z10-15031,10
15032,GKP INTERCITY,LUCKNOW,GORAKHPUR JN,MAIL EXPRESS,TRETA-LUCK-GORA-Z10-15032,10
15033,PPTA LJN EXP,PATLIPUTRA,LUCKNOW,MAIL EXPRESS,TRETA-PATL-LUCK-Z10-15033,10
15034,LJN PPTA EXP,LUCKNOW,PATLIPUTRA,MAIL EXPRESS,TRETA-LUCK-PATL-Z10-15034,10
15035,UTR SAMPRK KRTI,DELHI JN.,KATHGODAM,MAIL EXPRESS,TRETA-DELH-KATH-Z09-15035,9
15036,UTR SMPRK K EXP,KATHGODAM,DELHI JN.,MAIL EXPRESS,TRETA-KATH-DELH-Z09-15036,9
15037,CPA-KSJ EXP,KANPUR ANWRGANJ,KASGANJ,MAIL EXPRESS,TRETA-KANP-KASG-Z18-15037,18
15038,KSJ-CPA  EXP,KASGANJ,KANPUR ANWRGANJ,MAIL EXPRESS,TRETA-KASG-KANP-Z18-15038,18
15039,CPA-KSJ EXP,KANPUR ANWRGANJ,KASGANJ,MAIL EXPRESS,TRETA-KANP-KASG-Z18-15039,18
15040,KSJ-CPA-EXP,KASGANJ,KANPUR ANWRGANJ,MAIL EXPRESS,TRETA-KASG-KANP-Z17-15040,17
15041,FBD-KSJ EXP,FARRUKHABAD,KASGANJ,MAIL EXPRESS,TRETA-FARR-KASG-Z07-15041,7
15042,KSJ-FBD EXP,KASGANJ,FARRUKHABAD,MAIL EXPRESS,TRETA-KASG-FARR-Z08-15042,8
15043,LJN KGM EXPRESS,LUCKNOW,KATHGODAM,MAIL EXPRESS,TRETA-LUCK-KATH-Z10-15043,10
15044,KGM LJN EXPRESS,KATHGODAM,LUCKNOW,MAIL EXPRESS,TRETA-KATH-LUCK-Z10-15044,10
15045,GKP OKHA EXP,GORAKHPUR JN,OKHA,MAIL EXPRESS,TRETA-GORA-OKHA-Z39-15045,39
15046,OKHA GKP EXP,OKHA,GORAKHPUR JN,MAIL EXPRESS,TRETA-OKHA-GORA-Z38-15046,38
15047,PURBANCHAL EXP,KOLKATTA TERMINAL,GORAKHPUR JN,MAIL EXPRESS,TRETA-KOLK-GORA-Z19-15047,19
15048,PURVANCHAL EXP,GORAKHPUR JN,KOLKATTA TERMINAL,MAIL EXPRESS,TRETA-GORA-KOLK-Z19-15048,19
15049,PURBANCHAL EXP,KOLKATTA TERMINAL,GORAKHPUR JN,MAIL EXPRESS,TRETA-KOLK-GORA-Z25-15049,25
15050,GKP KOAA EXP,GORAKHPUR JN,KOLKATTA TERMINAL,MAIL EXPRESS,TRETA-GORA-KOLK-Z25-15050,25
15051,PURBANCHAL EXP,KOLKATTA TERMINAL,GORAKHPUR JN,MAIL EXPRESS,TRETA-KOLK-GORA-Z22-15051,22
15052,GKP KOAA EXP,GORAKHPUR JN,KOLKATTA TERMINAL,MAIL EXPRESS,TRETA-GORA-KOLK-Z23-15052,23
15053,CPR GTNR EXPRESS,CHHAPRA,GOMTI NAGAR,MAIL EXPRESS,TRETA-CHHA-GOMT-Z13-15053,13
15054,GTNR CPR EXPRESS,GOMTI NAGAR,CHHAPRA,MAIL EXPRESS,TRETA-GOMT-CHHA-Z13-15054,13
15055,AF RMR EXPRESS,AGRA FORT,RAMNAGAR,MAIL EXPRESS,TRETA-AGRA-RAMN-Z22-15055,22
15056,RMR AF EXP,RAMNAGAR,AGRA FORT,MAIL EXPRESS,TRETA-RAMN-AGRA-Z22-15056,22
15057,GKP ANVT EXP,GORAKHPUR JN,ANAND VIHAR TERMINAL,MAIL EXPRESS,TRETA-GORA-ANAN-Z07-15057,7
15058,ANVT GKP EXP,ANAND VIHAR TERMINAL,GORAKHPUR JN,MAIL EXPRESS,TRETA-ANAN-GORA-Z07-15058,7
15059,LKU ANVT EXP,LALKUA JN.,ANAND VIHAR TERMINAL,MAIL EXPRESS,TRETA-LALK-ANAN-Z11-15059,11
15060,ANVT LKU EXP,ANAND VIHAR TERMINAL,LALKUA JN.,MAIL EXPRESS,TRETA-ANAN-LALK-Z11-15060,11
15061,KSJ-LKU EXP,KASGANJ,LALKUA JN.,MAIL EXPRESS,TRETA-KASG-LALK-Z14-15061,14
15062,LKU-KSJ EXP,LALKUA JN.,KASGANJ,MAIL EXPRESS,TRETA-LALK-KASG-Z12-15062,12
15063,RMR CDG EXP,RAMNAGAR,CHANDIGARH,MAIL EXPRESS,TRETA-RAMN-CHAN-Z10-15063,10
15064,CDG RMR  EXPRESS,CHANDIGARH,RAMNAGAR,MAIL EXPRESS,TRETA-CHAN-RAMN-Z10-15064,10
15065,GKP PNVL EXP,GORAKHPUR JN,PANVEL,MAIL EXPRESS,TRETA-GORA-PANV-Z23-15065,23
15066,PNVL GKP EXPRESS,PANVEL,GORAKHPUR JN,MAIL EXPRESS,TRETA-PANV-GORA-Z23-15066,23
15067,GKP BDTS EXP,GORAKHPUR JN,BANDRA TERMINUS,MAIL EXPRESS,TRETA-GORA-BAND-Z29-15067,29
15068,BDTS GKP EXP,BANDRA TERMINUS,GORAKHPUR JN,MAIL EXPRESS,TRETA-BAND-GORA-Z29-15068,29
15069,GKP ASH EXPRESS,GORAKHPUR JN,AISHBAGH,MAIL EXPRESS,TRETA-GORA-AISH-Z14-15069,14
15070,ASH GKP EXPRESS,AISHBAGH,GORAKHPUR JN,MAIL EXPRESS,TRETA-AISH-GORA-Z14-15070,14
15073,TRIBENI EXPRESS,SINGRAULI,TANAKPUR,MAIL EXPRESS,TRETA-SING-TANA-Z42-15073,42
15074,TRIVENI EXP,TANAKPUR,SINGRAULI,MAIL EXPRESS,TRETA-TANA-SING-Z42-15074,42
15075,TRIBENI EXPRESS,SHAKTINAGAR,TANAKPUR,MAIL EXPRESS,TRETA-SHAK-TANA-Z43-15075,43
15076,TRIVENI EXP,TANAKPUR,SHAKTINAGAR,MAIL EXPRESS,TRETA-TANA-SHAK-Z43-15076,43
15077,KYQ GTNR EXPRESS,KAMAKHYA,GOMTI NAGAR,MAIL EXPRESS,TRETA-KAMA-GOMT-Z15-15077,15
15078,GTNR KYQ EXP,GOMTI NAGAR,KAMAKHYA,MAIL EXPRESS,TRETA-GOMT-KAMA-Z14-15078,14
15079,PPTA GKP EXP,PATLIPUTRA,GORAKHPUR JN,MAIL EXPRESS,TRETA-PATL-GORA-Z30-15079,30
15080,GKP PPTA  EXP,GORAKHPUR JN,PATLIPUTRA,MAIL EXPRESS,TRETA-GORA-PATL-Z30-15080,30
15081,GKP GTNR EXP,GORAKHPUR JN,GOMTI NAGAR,MAIL EXPRESS,TRETA-GORA-GOMT-Z17-15081,17
15082,GTNR GKP EXP,GOMTI NAGAR,GORAKHPUR JN,MAIL EXPRESS,TRETA-GOMT-GORA-Z17-15082,17
15083,CPR FBD EXPRESS,CHHAPRA,FARRUKHABAD,MAIL EXPRESS,TRETA-CHHA-FARR-Z35-15083,35
15084,FBD CPR EXPRESS,FARRUKHABAD,CHHAPRA,MAIL EXPRESS,TRETA-FARR-CHHA-Z34-15084,34
15085,AMRIT BHARAT EXP,GORAKHPUR JN,BANDRA TERMINUS,AMRIT BHARAT,TRETA-GORA-BAND-Z21-15085,21
15086,BDTS GKP AMRIT B,BANDRA TERMINUS,GORAKHPUR JN,AMRIT BHARAT,TRETA-BAND-GORA-Z21-15086,21
15087,CSMT SWV EXPRESS Valid From : 08-Sep-2026,C SHIVAJI MAH T,SAWANTWADI ROAD,MAIL EXPRESS,TRETA-C_SH-SAWA-Z22-15087,22
15088,SWV-CSMT EXP Valid From : 09-Sep-2026,SAWANTWADI ROAD,C SHIVAJI MAH T,MAIL EXPRESS,TRETA-SAWA-C_SH-Z22-15088,22
15089,GODA GTNR  EXP,GODDA,GOMTI NAGAR,MAIL EXPRESS,TRETA-GODD-GOMT-Z23-15089,23
15090,GTNR GODDA EXP,GOMTI NAGAR,GODDA,MAIL EXPRESS,TRETA-GOMT-GODD-Z23-15090,23
15091,DOZ TPU EXP,DAURAI,TANAKPUR,MAIL EXPRESS,TRETA-DAUR-TANA-Z23-15091,23
15092,TPU DOZ EXPRESS,TANAKPUR,DAURAI,MAIL EXPRESS,TRETA-TANA-DAUR-Z23-15092,23
15093,AH TPU EXPRESS,ACHHNERA JN,TANAKPUR,MAIL EXPRESS,TRETA-ACHH-TANA-Z16-15093,16
15094,TPU AH EXP,TANAKPUR,ACHHNERA JN,MAIL EXPRESS,TRETA-TANA-ACHH-Z16-15094,16
15095,AMRIT BHARAT EXP,GORAKHPUR JN,DELHI JN.,AMRIT BHARAT,TRETA-GORA-DELH-Z09-15095,9
15096,AMRIT BHARAT EXP Valid From : 04-Sep-2026,DELHI JN.,GORAKHPUR JN,AMRIT BHARAT,TRETA-DELH-GORA-Z09-15096,9
15097,AMARNATH EXP,BHAGALPUR,JAMMUTAVI,MAIL EXPRESS,TRETA-BHAG-JAMM-Z31-15097,31
15098,AMARNATH EXP,JAMMUTAVI,BHAGALPUR,MAIL EXPRESS,TRETA-JAMM-BHAG-Z31-15098,31
15103,BNRS INTERCITY,GORAKHPUR JN,BANARAS,MAIL EXPRESS,TRETA-GORA-BANA-Z16-15103,16
15104,GKP INTERCITY,BANARAS,GORAKHPUR JN,MAIL EXPRESS,TRETA-BANA-GORA-Z17-15104,17
15105,CPR NTV EXP,CHHAPRA,NAUTANWA,MAIL EXPRESS,TRETA-CHHA-NAUT-Z15-15105,15
15106,NTV CPR EXP,NAUTANWA,CHHAPRA,MAIL EXPRESS,TRETA-NAUT-CHHA-Z21-15106,21
15107,BNRS LKO EXP,BANARAS,LUCKNOW JN.,MAIL EXPRESS,TRETA-BANA-LUCK-Z11-15107,11
15108,LKO BSBS EXP,LUCKNOW JN.,BANARAS,MAIL EXPRESS,TRETA-LUCK-BANA-Z11-15108,11
15109,CPR MTJ EXP,CHHAPRA,MATHURA JN.,MAIL EXPRESS,TRETA-CHHA-MATH-Z23-15109,23
15110,MTJ CPR EXP,MATHURA JN.,CHHAPRA,MAIL EXPRESS,TRETA-MATH-CHHA-Z23-15110,23
15111,CPR BCY EXP,CHHAPRA,VARANASI CITY,MAIL EXPRESS,TRETA-CHHA-VARA-Z15-15111,15
15112,BCY CPR EXP,VARANASI CITY,CHHAPRA,MAIL EXPRESS,TRETA-VARA-CHHA-Z15-15112,15
15113,GTNR CPR EXP,GOMTI NAGAR,CHHAPRA,MAIL EXPRESS,TRETA-GOMT-CHHA-Z20-15113,20
15114,CPR GTNR EXP,CHHAPRA,GOMTI NAGAR,MAIL EXPRESS,TRETA-CHHA-GOMT-Z20-15114,20
15115,CPR DLI EXP,CHHAPRA,DELHI JN.,MAIL EXPRESS,TRETA-CHHA-DELH-Z21-15115,21
15116,DLI CPR EXPRESS,DELHI JN.,CHHAPRA,MAIL EXPRESS,TRETA-DELH-CHHA-Z21-15116,21
15119,BNRS DDN EXPRES,BANARAS,DEHRADOON,MAIL EXPRESS,TRETA-BANA-DEHR-Z45-15119,45
15120,DDN BSBS EXP,DEHRADOON,BANARAS,MAIL EXPRESS,TRETA-DEHR-BANA-Z47-15120,47
15125,PNBE JANSHTABDI,BANARAS,PATNA JN,JAN SHATABDI,TRETA-BANA-PATN-Z10-15125,10
15126,JANSHATABDI EXP,PATNA JN,BANARAS,JAN SHATABDI,TRETA-PATN-BANA-Z10-15126,10
15127,KASHI V NATH EXP,BANARAS,NEW DELHI,MAIL EXPRESS,TRETA-BANA-NEW_-Z33-15127,33
15128,KASHI V NATH EX,NEW DELHI,BANARAS,MAIL EXPRESS,TRETA-NEW_-BANA-Z36-15128,36
15129,GKC-BCY EXP,GORAKHPUR CANT,VARANASI CITY,MAIL EXPRESS,TRETA-GORA-VARA-Z16-15129,16
15130,BCY-GKC EXPRESS,VARANASI CITY,GORAKHPUR CANT,MAIL EXPRESS,TRETA-VARA-GORA-Z16-15130,16
15131,NPR BCY EXP,NEPALGANJ ROAD,VARANASI CITY,MAIL EXPRESS,TRETA-NEPA-VARA-Z29-15131,29
15132,BCY NPR EXP,VARANASI CITY,NEPALGANJ ROAD,MAIL EXPRESS,TRETA-VARA-NEPA-Z29-15132,29
15133,AMRIT BHARAT EXP,CHHAPRA,ANAND VIHAR TERMINAL,AMRIT BHARAT,TRETA-CHHA-ANAN-Z17-15133,17
15134,AMRIT BHARAT EX,ANAND VIHAR TERMINAL,CHHAPRA,AMRIT BHARAT,TRETA-ANAN-CHHA-Z17-15134,17
15135,CPR ASR EXPRESS,CHHAPRA,AMRITSAR,MAIL EXPRESS,TRETA-CHHA-AMRI-Z19-15135,19
15136,ASR CPR EXP,AMRITSAR,CHHAPRA,MAIL EXPRESS,TRETA-AMRI-CHHA-Z19-15136,19
15137,BUDH PURNIMA EXP,RAJGIR,BANARAS,MAIL EXPRESS,TRETA-RAJG-BANA-Z21-15137,21
15138,BUDHPURNIMA EXP,BANARAS,RAJGIR,MAIL EXPRESS,TRETA-BANA-RAJG-Z21-15138,21
15159,SARNATH EXPRESS,CHHAPRA,DURG,MAIL EXPRESS,TRETA-CHHA-DURG-Z46-15159,46
15160,SARNATH EXP,DURG,CHHAPRA,MAIL EXPRESS,TRETA-DURG-CHHA-Z46-15160,46
15181,MAU LTT EXPRESS,MAU JN,LOKMANYATILAK,MAIL EXPRESS,TRETA-MAU_-LOKM-Z21-15181,21
15182,LTT MAU EXPRESS,LOKMANYATILAK,MAU JN,MAIL EXPRESS,TRETA-LOKM-MAU_-Z21-15182,21
15201,PPTA-BUG INTERCITY EXP,PATLIPUTRA,BAGAHA,MAIL EXPRESS,TRETA-PATL-BAGA-Z24-15201,24
15202,BUG-PPTA INTERCITY EXP,BAGAHA,PATLIPUTRA,MAIL EXPRESS,TRETA-BAGA-PATL-Z24-15202,24
15203,BJU LJN EXP,BARAUNI JN,LUCKNOW,MAIL EXPRESS,TRETA-BARA-LUCK-Z35-15203,35
15204,LJN BJU EXPRESS,LUCKNOW,BARAUNI JN,MAIL EXPRESS,TRETA-LUCK-BARA-Z36-15204,36
15205,CHITRAKOOT EXP,LUCKNOW,JABALPUR,MAIL EXPRESS,TRETA-LUCK-JABA-Z19-15205,19
15206,CHITRAKOOT EXP,JABALPUR,LUCKNOW LJN,MAIL EXPRESS,TRETA-JABA-LUCK-Z20-15206,20
15211,DBG-ASR JANNAAYAK EXP,DARBHANGA JN,AMRITSAR,MAIL EXPRESS,TRETA-DARB-AMRI-Z44-15211,44
15212,ASR- DBG JANNAYAK EXP,AMRITSAR,DARBHANGA JN,MAIL EXPRESS,TRETA-AMRI-DARB-Z44-15212,44
15215,MFP-NKE EXPRESS,MUZAFFARPUR JN,NARKATIAGANJ JN,MAIL EXPRESS,TRETA-MUZA-NARK-Z13-15215,13
15216,NKE-MFP EXPRESS,NARKATIAGANJ JN,MUZAFFARPUR JN,MAIL EXPRESS,TRETA-NARK-MUZA-Z13-15216,13
15227,MUZAFFARPUR EXP,SMVT BENGALURU,MUZAFFARPUR JN,MAIL EXPRESS,TRETA-SMVT-MUZA-Z34-15227,34
15228,MFP SMVB EXP,MUZAFFARPUR JN,SMVT BENGALURU,MAIL EXPRESS,TRETA-MUZA-SMVT-Z34-15228,34
15231,BJU GONDIA EXP,BARAUNI JN,GONDIA JN,MAIL EXPRESS,TRETA-BARA-GOND-Z37-15231,37
15232,GONDIA BJU EXP,GONDIA JN,BARAUNI JN,MAIL EXPRESS,TRETA-GOND-BARA-Z75-15232,75
15233,KOAA DBG EXP,KOLKATTA TERMINAL,DARBHANGA JN,MAIL EXPRESS,TRETA-KOLK-DARB-Z10-15233,10
15234,DBG KOAA EXPRES,DARBHANGA JN,KOLKATTA TERMINAL,MAIL EXPRESS,TRETA-DARB-KOLK-Z10-15234,10
15235,HWH DBG EXPRESS,HOWRAH JN,DARBHANGA JN,MAIL EXPRESS,TRETA-HOWR-DARB-Z10-15235,10
15236,DBG HWH EXPRESS,DARBHANGA JN,HOWRAH JN,MAIL EXPRESS,TRETA-DARB-HOWR-Z10-15236,10
15267,RXL-LTT ANTYODAY EXP,RAXAUL JN,LOKMANYATILAK,MAIL EXPRESS,TRETA-RAXA-LOKM-Z25-15267,25
15268,LTT-RXL ANTYODAY EXP,LOKMANYATILAK,RAXAUL JN,MAIL EXPRESS,TRETA-LOKM-RAXA-Z24-15268,24
15269,MFP-SBIB JANSADHARAN EXP,MUZAFFARPUR JN,SABARMATI BG,MAIL EXPRESS,TRETA-MUZA-SABA-Z25-15269,25
15270,SBIB-MFP JANSADHARAN EXP,SABARMATI BG,MUZAFFARPUR JN,MAIL EXPRESS,TRETA-SABA-MUZA-Z25-15270,25
15271,HWH-MFP JANSADHARAN EXP,HOWRAH JN,MUZAFFARPUR JN,MAIL EXPRESS,TRETA-HOWR-MUZA-Z11-15271,11
15272,MFP-HWH JANSADHARAN EXP,MUZAFFARPUR JN,HOWRAH JN,MAIL EXPRESS,TRETA-MUZA-HOWR-Z11-15272,11
15273,SATYAGRAH EXP,RAXAUL JN,ANAND VIHAR TERMINAL,MAIL EXPRESS,TRETA-RAXA-ANAN-Z46-15273,46
15274,SATYAGRAH EXP,ANAND VIHAR TERMINAL,RAXAUL JN,MAIL EXPRESS,TRETA-ANAN-RAXA-Z46-15274,46
15279,POORBIYA EXP,SAHARSA JN,ANAND VIHAR TERMINAL,MAIL EXPRESS,TRETA-SAHA-ANAN-Z23-15279,23
15280,POORABIYA EXP,ANAND VIHAR TERMINAL,SAHARSA JN,MAIL EXPRESS,TRETA-ANAN-SAHA-Z23-15280,23
15283,JANKI EXPRESS,MANIHARI,JAYNAGAR,MAIL EXPRESS,TRETA-MANI-JAYN-Z25-15283,25
15284,JANKI EXPRESS,JAYNAGAR,MANIHARI,MAIL EXPRESS,TRETA-JAYN-MANI-Z25-15284,25
15293,AMRIT BHARAT EXP,MUZAFFARPUR JN,CHARLAPALLI,AMRIT BHARAT,TRETA-MUZA-CHAR-Z22-15293,22
15294,MFP AMRITBHARAT,CHARLAPALLI,MUZAFFARPUR JN,AMRIT BHARAT,TRETA-CHAR-MUZA-Z22-15294,22
15301,SBC-LKU EXPRESS Valid From : 22-Sep-2026,KSR BENGALURU,LALKUA JN.,MAIL EXPRESS,TRETA-KSR_-LALK-Z41-15301,41
15302,LKU-KSR BENGALURU CITY EX Valid From : 19-Sep-2026,LALKUA JN.,KSR BENGALURU,MAIL EXPRESS,TRETA-LALK-KSR_-Z41-15302,41
15303,INTERCITY EXP,KASGANJ,NEW DELHI,MAIL EXPRESS,TRETA-KASG-NEW_-Z19-15303,19
15304,INTERCITY EXP,NEW DELHI,KASGANJ,MAIL EXPRESS,TRETA-NEW_-KASG-Z19-15304,19
15305,NDLS ROK EXP,NEW DELHI,ROHTAK JN,MAIL EXPRESS,TRETA-NEW_-ROHT-Z05-15305,5
15306,ROK NDLS EXP,ROHTAK JN,NEW DELHI,MAIL EXPRESS,TRETA-ROHT-NEW_-Z05-15306,5
15307,HARYANA EXP,TILAK BRIDGE,SIRSA,MAIL EXPRESS,TRETA-TILA-SIRS-Z22-15307,22
15308,HARYANA EXP,SIRSA,TILAK BRIDGE,MAIL EXPRESS,TRETA-SIRS-TILA-Z22-15308,22
15309,DDN RMR EXPRESS,DEHRADOON,RAMNAGAR,MAIL EXPRESS,TRETA-DEHR-RAMN-Z07-15309,7
15310,RMR DDN EXPRESS,RAMNAGAR,DEHRADOON,MAIL EXPRESS,TRETA-RAMN-DEHR-Z07-15310,7
15311,ASH KSJ EXPRESS,AISHBAGH,KASGANJ,MAIL EXPRESS,TRETA-AISH-KASG-Z13-15311,13
15312,KSJ ASH EXPRESS,KASGANJ,AISHBAGH,MAIL EXPRESS,TRETA-KASG-AISH-Z13-15312,13
15417,RAJYA RANI EXP,ALIPUR DUAR JN,SILGHAT TOWN,MAIL EXPRESS,TRETA-ALIP-SILG-Z21-15417,21
15418,RAJYA RANI EXP,SILGHAT TOWN,ALIPUR DUAR JN,MAIL EXPRESS,TRETA-SILG-ALIP-Z21-15418,21
15463,BLGT-HDB I C EXPRESS,BALURGHAT,HALDIBARI,MAIL EXPRESS,TRETA-BALU-HALD-Z24-15463,24
15464,HDB-BLGT I C EXPRESS,HALDIBARI,BALURGHAT,MAIL EXPRESS,TRETA-HALD-BALU-Z24-15464,24
15467,HDB-BXT I C EXPRESS,HALDIBARI,BAMANHAT,MAIL EXPRESS,TRETA-HALD-BAMA-Z22-15467,22
15468,BXT-HDB I C EXPRESS,BAMANHAT,HALDIBARI,MAIL EXPRESS,TRETA-BAMA-HALD-Z22-15468,22
15483,SIKKIMMAHANANDA,ALIPUR DUAR JN,DELHI JN.,MAIL EXPRESS,TRETA-ALIP-DELH-Z60-15483,60
15484,MAHANANDA EXP,DELHI JN.,ALIPUR DUAR JN,MAIL EXPRESS,TRETA-DELH-ALIP-Z60-15484,60
15501,RXL JBN EXP,RAXAUL JN,JOGBANI,MAIL EXPRESS,TRETA-RAXA-JOGB-Z15-15501,15
15502,JBN RXL EXPRESS,JOGBANI,RAXAUL JN,MAIL EXPRESS,TRETA-JOGB-RAXA-Z15-15502,15
15503,RAJYA RANI EXP,SAHARSA JN,PATNA JN,MAIL EXPRESS,TRETA-SAHA-PATN-Z08-15503,8
15504,RAJYA RANI EXP,PATNA JN,SAHARSA JN,MAIL EXPRESS,TRETA-PATN-SAHA-Z08-15504,8
15505,JANHIT EXP,SAHARSA JN,PATLIPUTRA,MAIL EXPRESS,TRETA-SAHA-PATL-Z10-15505,10
15506,JANHIT EXP,PATLIPUTRA,SAHARSA JN,MAIL EXPRESS,TRETA-PATL-SAHA-Z10-15506,10
15507,DBG-PPTA INTERCITY EXP,DARBHANGA JN,PATLIPUTRA,MAIL EXPRESS,TRETA-DARB-PATL-Z12-15507,12
15508,PPTA-DBG INTERCITY EXP,PATLIPUTRA,DARBHANGA JN,MAIL EXPRESS,TRETA-PATL-DARB-Z12-15508,12
15509,RAJYA RANI EXP,LALITGRAM,PATNA JN,MAIL EXPRESS,TRETA-LALI-PATN-Z14-15509,14
15510,RAJYA RANI EXP,PATNA JN,LALITGRAM,MAIL EXPRESS,TRETA-PATN-LALI-Z14-15510,14
15515,NKE-DNR EXPRESS,NARKATIAGANJ JN,DANAPUR,MAIL EXPRESS,TRETA-NARK-DANA-Z27-15515,27
15516,DNR-NKE EXPRESS,DANAPUR,NARKATIAGANJ JN,MAIL EXPRESS,TRETA-DANA-NARK-Z27-15516,27
15527,JYG PNBE EXP,JAYNAGAR,PATNA JN,MAIL EXPRESS,TRETA-JAYN-PATN-Z43-15527,43
15528,PNBE JYG EXP,PATNA JN,JAYNAGAR,MAIL EXPRESS,TRETA-PATN-JAYN-Z43-15528,43
15529,SHC-ANVT JANSADHARAN EXP,SAHARSA JN,ANAND VIHAR TERMINAL,MAIL EXPRESS,TRETA-SAHA-ANAN-Z25-15529,25
15530,ANVT-SHC JANSADHARAN EXP,ANAND VIHAR TERMINAL,SAHARSA JN,MAIL EXPRESS,TRETA-ANAN-SAHA-Z25-15530,25
15531,SHC-ASR JANSADHARAN EXP,SAHARSA JN,AMRITSAR,MAIL EXPRESS,TRETA-SAHA-AMRI-Z28-15531,28
15532,ASR-SHC JANSADHARAN EXP,AMRITSAR,SAHARSA JN,MAIL EXPRESS,TRETA-AMRI-SAHA-Z28-15532,28
15549,JYG PNBE INT EX,JAYNAGAR,PATNA JN,MAIL EXPRESS,TRETA-JAYN-PATN-Z12-15549,12
15550,PNBE JYG INT EX,PATNA JN,JAYNAGAR,MAIL EXPRESS,TRETA-PATN-JAYN-Z12-15550,12
15551,DBG-BCY ANTYODAYA EXP,DARBHANGA JN,VARANASI CITY,MAIL EXPRESS,TRETA-DARB-VARA-Z09-15551,9
15552,BCY-DBG ANTYODAYA EXP,VARANASI CITY,DARBHANGA JN,MAIL EXPRESS,TRETA-VARA-DARB-Z09-15552,9
15553,BGP JYG EXP,BHAGALPUR,JAYNAGAR,MAIL EXPRESS,TRETA-BHAG-JAYN-Z15-15553,15
15554,JYG BGP EXP,JAYNAGAR,BHAGALPUR,MAIL EXPRESS,TRETA-JAYN-BHAG-Z31-15554,31
15555,PPTA-BMKI INTERCITY EXP,PATLIPUTRA,BAPUDM MOTIHARI,MAIL EXPRESS,TRETA-PATL-BAPU-Z21-15555,21
15556,BMKI-PPTA INTERCITY EXP,BAPUDM MOTIHARI,PATLIPUTRA,MAIL EXPRESS,TRETA-BAPU-PATL-Z10-15556,10
15557,AMRIT BHARAT EXP,DARBHANGA JN,ANAND VIHAR TERMINAL,AMRIT BHARAT,TRETA-DARB-ANAN-Z43-15557,43
15558,AMRIT BHARAT EXP,ANAND VIHAR TERMINAL,DARBHANGA JN,AMRIT BHARAT,TRETA-ANAN-DARB-Z43-15558,43
15559,DBG-ADI ANTYODAY EXP,DARBHANGA JN,AHMEDABAD JN,MAIL EXPRESS,TRETA-DARB-AHME-Z27-15559,27
15560,ADI-DBG ANTYODAY EXP,AHMEDABAD JN,DARBHANGA JN,MAIL EXPRESS,TRETA-AHME-DARB-Z55-15560,55
15561,AMRIT BHARAT EXP,DARBHANGA JN,GOMTI NAGAR,AMRIT BHARAT,TRETA-DARB-GOMT-Z37-15561,37
15562,AMRIT BHARAT EXP,GOMTI NAGAR,DARBHANGA JN,AMRIT BHARAT,TRETA-GOMT-DARB-Z18-15562,18
15565,VAISHALI EXP,LALITGRAM,NEW DELHI,MAIL EXPRESS,TRETA-LALI-NEW_-Z59-15565,59
15566,VAISHALI EXP,NEW DELHI,LALITGRAM,MAIL EXPRESS,TRETA-NEW_-LALI-Z29-15566,29
15567,AMRIT BHARAT EXP,BAPUDM MOTIHARI,ANAND VIHAR TERMINAL,AMRIT BHARAT,TRETA-BAPU-ANAN-Z17-15567,17
15568,AMRIT BHARAT EXP,ANAND VIHAR TERMINAL,BAPUDM MOTIHARI,AMRIT BHARAT,TRETA-ANAN-BAPU-Z17-15568,17
15589,MFP HDP AC EXP,MUZAFFARPUR JN,HADAPSAR,MAIL EXPRESS,TRETA-MUZA-HADA-Z24-15589,24
15590,HDP MFP EXPRESS,HADAPSAR,MUZAFFARPUR JN,MAIL EXPRESS,TRETA-HADA-MUZA-Z24-15590,24
15601,DBB-GHY EXPRESS,DHUBRI,GUWAHATI,MAIL EXPRESS,TRETA-DHUB-GUWA-Z17-15601,17
15602,GHY-DBB EXPRESS,GUWAHATI,DHUBRI,MAIL EXPRESS,TRETA-GUWA-DHUB-Z17-15602,17
15603,GHY LEDO IC EXP,GUWAHATI,LEDO,MAIL EXPRESS,TRETA-GUWA-LEDO-Z34-15603,34
15604,LEDO GHY IC EXP,LEDO,GUWAHATI,MAIL EXPRESS,TRETA-LEDO-GUWA-Z34-15604,34
15607,ARONAI EXPRESS,THIRUVANANTHAPURAM CENTRAL,SILCHAR,MAIL EXPRESS,TRETA-THIR-SILC-Z56-15607,56
15608,ARONAI EXPRESS,SILCHAR,THIRUVANANTHAPURAM CENTRAL,MAIL EXPRESS,TRETA-SILC-THIR-Z55-15608,55
15609,GHY SANG EXPRESS,GUWAHATI,SAIRANG,MAIL EXPRESS,TRETA-GUWA-SAIR-Z15-15609,15
15610,SANG GHY EXPRESS,SAIRANG,GUWAHATI,MAIL EXPRESS,TRETA-SAIR-GUWA-Z15-15610,15
15611,RNY SCL EXPRESS,RANGIYA JN.,SILCHAR,MAIL EXPRESS,TRETA-RANG-SILC-Z17-15611,17
15612,SCL RNY EXPRESS,SILCHAR,RANGIYA JN.,MAIL EXPRESS,TRETA-SILC-RANG-Z17-15612,17
15613,LACHIT EXPRESS,GUWAHATI,SILAPATHAR,MAIL EXPRESS,TRETA-GUWA-SILA-Z24-15613,24
15614,LACHIT EXPRESS,SILAPATHAR,GUWAHATI,MAIL EXPRESS,TRETA-SILA-GUWA-Z24-15614,24
15615,GHY SCL EXPRESS,GUWAHATI,SILCHAR,MAIL EXPRESS,TRETA-GUWA-SILC-Z33-15615,33
15616,SCL GHY EXPRESS,SILCHAR,GUWAHATI,MAIL EXPRESS,TRETA-SILC-GUWA-Z33-15616,33
15617,GHY DLCR EXPRESS,GUWAHATI,DULLABCHERRA,MAIL EXPRESS,TRETA-GUWA-DULL-Z11-15617,11
15618,DLCR GHY EXPRESS,DULLABCHERRA,GUWAHATI,MAIL EXPRESS,TRETA-DULL-GUWA-Z11-15618,11
15619,GAYA KYQ EXP,GAYA JN,KAMAKHYA,MAIL EXPRESS,TRETA-GAYA-KAMA-Z22-15619,22
15620,KYQ GAYA EXP,KAMAKHYA,GAYA JN,MAIL EXPRESS,TRETA-KAMA-GAYA-Z22-15620,22
15621,KYQ ANVT EXP,KAMAKHYA,ANAND VIHAR TERMINAL,MAIL EXPRESS,TRETA-KAMA-ANAN-Z26-15621,26
15622,ANVT KYQ EXP,ANAND VIHAR TERMINAL,KAMAKHYA,MAIL EXPRESS,TRETA-ANAN-KAMA-Z26-15622,26
15623,BGKT KYQ EXP,BHAGAT KI KOTHI,KAMAKHYA,MAIL EXPRESS,TRETA-BHAG-KAMA-Z43-15623,43
15624,KYQ BGKT EXP,KAMAKHYA,BHAGAT KI KOTHI,MAIL EXPRESS,TRETA-KAMA-BHAG-Z44-15624,44
15625,DGHR AGTL EXP,DEOGHAR,AGARTALA,MAIL EXPRESS,TRETA-DEOG-AGAR-Z26-15625,26
15626,AGTL DGHR  EXP,AGARTALA,DEOGHAR,MAIL EXPRESS,TRETA-AGAR-DEOG-Z26-15626,26
15627,CBE SCL EXPRESS,COIMBATORE JN,SILCHAR,MAIL EXPRESS,TRETA-COIM-SILC-Z45-15627,45
15628,SCL CBE EXPRESS,SILCHAR,COIMBATORE JN,MAIL EXPRESS,TRETA-SILC-COIM-Z44-15628,44
15629,NAGAON EXPRESS,TAMBARAM,SILGHAT TOWN,MAIL EXPRESS,TRETA-TAMB-SILG-Z50-15629,50
15630,NAGAON EXPRESS,SILGHAT TOWN,TAMBARAM,MAIL EXPRESS,TRETA-SILG-TAMB-Z49-15630,49
15631,BME GHY EXPRESS,BARMER,GUWAHATI,MAIL EXPRESS,TRETA-BARM-GUWA-Z33-15631,33
15632,GHY BME EXPRESS,GUWAHATI,BARMER,MAIL EXPRESS,TRETA-GUWA-BARM-Z33-15632,33
15633,BKN GHY EXPRESS,BIKANER JN,GUWAHATI,MAIL EXPRESS,TRETA-BIKA-GUWA-Z32-15633,32
15634,GHY BKN EXPRESS,GUWAHATI,BIKANER JN,MAIL EXPRESS,TRETA-GUWA-BIKA-Z32-15634,32
15635,GUWAHATI EXPRES,OKHA,GUWAHATI,MAIL EXPRESS,TRETA-OKHA-GUWA-Z43-15635,43
15636,GHY OKHA EXP,GUWAHATI,OKHA,MAIL EXPRESS,TRETA-GUWA-OKHA-Z43-15636,43
15637,AGTL KGBP EXP,AGARTALA,KHONGSANG,MAIL EXPRESS,TRETA-AGAR-KHON-Z11-15637,11
15638,KGBP AGTL EXP,KHONGSANG,AGARTALA,MAIL EXPRESS,TRETA-KHON-AGAR-Z11-15638,11
15639,PURI KYQ EXPRESS,PURI,KAMAKHYA,MAIL EXPRESS,TRETA-PURI-KAMA-Z25-15639,25
15640,KYQ PURI EXP,KAMAKHYA,PURI,MAIL EXPRESS,TRETA-KAMA-PURI-Z26-15640,26
15641,BARAK B EXPRESS,SILCHAR,NEW TINSUKIA,MAIL EXPRESS,TRETA-SILC-NEW_-Z10-15641,10
15642,BARAK B EXPRESS,NEW TINSUKIA,SILCHAR,MAIL EXPRESS,TRETA-NEW_-SILC-Z10-15642,10
15643,PURI KYQ EXPRES,PURI,KAMAKHYA,MAIL EXPRESS,TRETA-PURI-KAMA-Z28-15643,28
15644,KYQ PURI EXP,KAMAKHYA,PURI,MAIL EXPRESS,TRETA-KAMA-PURI-Z28-15644,28
15645,CHZ  SCL  EXP,CHARLAPALLI,SILCHAR,MAIL EXPRESS,TRETA-CHAR-SILC-Z36-15645,36
15646,SCL SC EXPRESS,SILCHAR,CHARLAPALLI,MAIL EXPRESS,TRETA-SILC-CHAR-Z36-15646,36
15647,LTT GHY EXPRES,LOKMANYATILAK,GUWAHATI,MAIL EXPRESS,TRETA-LOKM-GUWA-Z52-15647,52
15648,GHY LTT EXPRESS,GUWAHATI,LOKMANYATILAK,MAIL EXPRESS,TRETA-GUWA-LOKM-Z53-15648,53
15649,AGTL NNGE EXP,AGARTALA,NARANGI,MAIL EXPRESS,TRETA-AGAR-NARA-Z11-15649,11
15650,NNGE AGTL EXP,NARANGI,AGARTALA,MAIL EXPRESS,TRETA-NARA-AGAR-Z11-15650,11
15651,LOHIT EXPRESS,GUWAHATI,JAMMUTAVI,MAIL EXPRESS,TRETA-GUWA-JAMM-Z42-15651,42
15652,LOHIT EXPRESS,JAMMUTAVI,GUWAHATI,MAIL EXPRESS,TRETA-JAMM-GUWA-Z43-15652,43
15653,AMARNATH EXP,GUWAHATI,JAMMUTAVI,MAIL EXPRESS,TRETA-GUWA-JAMM-Z45-15653,45
15654,AMARNATH EXP,JAMMUTAVI,GUWAHATI,MAIL EXPRESS,TRETA-JAMM-GUWA-Z45-15654,45
15655,KYQ SVDK EXP,KAMAKHYA,SHRI MATA VAISHNO DEVI KATRA,MAIL EXPRESS,TRETA-KAMA-SHRI-Z39-15655,39
15656,SVDK KYQ EXP,SHRI MATA VAISHNO DEVI KATRA,KAMAKHYA,MAIL EXPRESS,TRETA-SHRI-KAMA-Z39-15656,39
15657,BRAHMPUTRA MAIL,DELHI JN.,KAMAKHYA,MAIL EXPRESS,TRETA-DELH-KAMA-Z46-15657,46
15658,BRAHMAPUTRA EXP,KAMAKHYA,DELHI JN.,MAIL EXPRESS,TRETA-KAMA-DELH-Z47-15658,47
15659,LTT AGTL AC EXP,LOKMANYATILAK,AGARTALA,MAIL EXPRESS,TRETA-LOKM-AGAR-Z37-15659,37
15660,AGTL LTT AC EXP,AGARTALA,LOKMANYATILAK,MAIL EXPRESS,TRETA-AGAR-LOKM-Z37-15660,37
15661,RNC KYQ EXP,RANCHI,KAMAKHYA,MAIL EXPRESS,TRETA-RANC-KAMA-Z25-15661,25
15662,KYQ RNC EXPRESS,KAMAKHYA,RANCHI,MAIL EXPRESS,TRETA-KAMA-RANC-Z26-15662,26
15663,AGTL SCL EXP,AGARTALA,SILCHAR,MAIL EXPRESS,TRETA-AGAR-SILC-Z22-15663,22
15664,SCL AGTL EXP,SILCHAR,AGARTALA,MAIL EXPRESS,TRETA-SILC-AGAR-Z22-15664,22
15665,BG EXPRESS,GUWAHATI,MARIANI JN,MAIL EXPRESS,TRETA-GUWA-MARI-Z18-15665,18
15666,BG EXPRESS,MARIANI JN,GUWAHATI,MAIL EXPRESS,TRETA-MARI-GUWA-Z18-15666,18
15667,KAMAKHYA EXP,GANDHIDHAM BG,KAMAKHYA,MAIL EXPRESS,TRETA-GAND-KAMA-Z35-15667,35
15668,KYQ GIMB EXP,KAMAKHYA,GANDHIDHAM BG,MAIL EXPRESS,TRETA-KAMA-GAND-Z35-15668,35
15669,NAGALAND EXP,GUWAHATI,DIBRUGARH,MAIL EXPRESS,TRETA-GUWA-DIBR-Z26-15669,26
15670,NAGALAND EXP,DIBRUGARH,GUWAHATI,MAIL EXPRESS,TRETA-DIBR-GUWA-Z26-15670,26
15671,AMRIT BHARAT EXP,KAMAKHYA,ROHTAK JN,AMRIT BHARAT,TRETA-KAMA-ROHT-Z30-15671,30
15672,AMRIT BHARAT EXP,ROHTAK JN,KAMAKHYA,AMRIT BHARAT,TRETA-ROHT-KAMA-Z30-15672,30
15673,KYQ AMRITBHARAT,CHARLAPALLI,KAMAKHYA,AMRIT BHARAT,TRETA-CHAR-KAMA-Z42-15673,42
15674,CHZ AMRIT BHARAT,KAMAKHYA,CHARLAPALLI,AMRIT BHARAT,TRETA-KAMA-CHAR-Z42-15674,42
15675,NJP GHY IC EXP,NEW JALPAIGURI,GUWAHATI,MAIL EXPRESS,TRETA-NEW_-GUWA-Z19-15675,19
15676,GHY NJP IC EXP,GUWAHATI,NEW JALPAIGURI,MAIL EXPRESS,TRETA-GUWA-NEW_-Z19-15676,19
15701,KIR-SGUJ EXPRESS,KATIHAR JN,SILIGURI JN,MAIL EXPRESS,TRETA-KATI-SILI-Z21-15701,21
15702,SGUJ-KIR EXPRESS,SILIGURI JN,KATIHAR JN,MAIL EXPRESS,TRETA-SILI-KATI-Z21-15702,21
15703,NJP-BNGN EXPRESS,NEW JALPAIGURI,BONGAIGAON,MAIL EXPRESS,TRETA-NEW_-BONG-Z30-15703,30
15704,BNGN-NJP EXPRESS,BONGAIGAON,NEW JALPAIGURI,MAIL EXPRESS,TRETA-BONG-NEW_-Z30-15704,30
15705,CHAMPARAN HUMSFR,KATIHAR JN,DELHI JN.,SUPERFAST,TRETA-KATI-DELH-Z20-15705,20
15706,CHAMPARAN HMSFR,DELHI JN.,KATIHAR JN,SUPERFAST,TRETA-DELH-KATI-Z20-15706,20
15707,KIR ASR EXPRESS,KATIHAR JN,AMRITSAR,MAIL EXPRESS,TRETA-KATI-AMRI-Z56-15707,56
15708,ASR KIR EXPRESS,AMRITSAR,KATIHAR JN,MAIL EXPRESS,TRETA-AMRI-KATI-Z56-15708,56
15709,MLDT-NJP EXPRESS,MALDA TOWN,NEW JALPAIGURI,MAIL EXPRESS,TRETA-MALD-NEW_-Z28-15709,28
15710,NJP-MLDT EXPRESS,NEW JALPAIGURI,MALDA TOWN,MAIL EXPRESS,TRETA-NEW_-MALD-Z28-15710,28
15711,HWH KIR EXPRESS,HOWRAH JN,KATIHAR JN,MAIL EXPRESS,TRETA-HOWR-KATI-Z10-15711,10
15712,KIR HWH EXPRESS,KATIHAR JN,HOWRAH JN,MAIL EXPRESS,TRETA-KATI-HOWR-Z10-15712,10
15713,INTERCITY EXP,KATIHAR JN,PATNA JN,MAIL EXPRESS,TRETA-KATI-PATN-Z20-15713,20
15714,INTERCITY EXP,PATNA JN,KATIHAR JN,MAIL EXPRESS,TRETA-PATN-KATI-Z20-15714,20
15715,GARIB NAWAZ EXP,KISHANGANJ,AJMER JN,MAIL EXPRESS,TRETA-KISH-AJME-Z34-15715,34
15716,GARIB NAWAZ EXP,AJMER JN,KISHANGANJ,MAIL EXPRESS,TRETA-AJME-KISH-Z34-15716,34
15719,KIR-SGUJ I C EXPRESS,KATIHAR JN,SILIGURI JN,MAIL EXPRESS,TRETA-KATI-SILI-Z18-15719,18
15720,SGUJ-KIR I C EXPRESS,SILIGURI JN,KATIHAR JN,MAIL EXPRESS,TRETA-SILI-KATI-Z18-15720,18
15721,PAHARIA EXP,DIGHA,NEW JALPAIGURI,MAIL EXPRESS,TRETA-DIGH-NEW_-Z21-15721,21
15722,PAHARIA EXPRESS,NEW JALPAIGURI,DIGHA,MAIL EXPRESS,TRETA-NEW_-DIGH-Z21-15722,21
15723,JBN SGUT EXPRESS,JOGBANI,SILIGURI TOWN,MAIL EXPRESS,TRETA-JOGB-SILI-Z13-15723,13
15724,SGUT JBN EXPRESS,SILIGURI TOWN,JOGBANI,MAIL EXPRESS,TRETA-SILI-JOGB-Z13-15724,13
15725,NJP ANVT EXPRESS,NEW JALPAIGURI,ANAND VIHAR TERMINAL,MAIL EXPRESS,TRETA-NEW_-ANAN-Z17-15725,17
15726,ANVT NJP EXP,ANAND VIHAR TERMINAL,NEW JALPAIGURI,MAIL EXPRESS,TRETA-ANAN-NEW_-Z17-15726,17
15733,FARAKKA EXPRESS,BALURGHAT,BATHINDA,MAIL EXPRESS,TRETA-BALU-BATH-Z82-15733,82
15734,FARKKA EXPRESS,BATHINDA,BALURGHAT,MAIL EXPRESS,TRETA-BATH-BALU-Z80-15734,80
15743,FARAKKA EXP,BALURGHAT,BATHINDA,MAIL EXPRESS,TRETA-BALU-BATH-Z78-15743,78
15744,FARAKKA EXP,BATHINDA,BALURGHAT,MAIL EXPRESS,TRETA-BATH-BALU-Z77-15744,77
15753,SIFHUNG EXPRESS,ALIPUR DUAR JN,GUWAHATI,MAIL EXPRESS,TRETA-ALIP-GUWA-Z30-15753,30
15754,SIFHUNG EXPRESS,GUWAHATI,ALIPUR DUAR JN,MAIL EXPRESS,TRETA-GUWA-ALIP-Z30-15754,30
15767,SGUJ-APDJ I C EXPRESS,SILIGURI JN,ALIPUR DUAR JN,MAIL EXPRESS,TRETA-SILI-ALIP-Z20-15767,20
15768,APDJ-SGUJ I C EXPRESS,ALIPUR DUAR JN,SILIGURI JN,MAIL EXPRESS,TRETA-ALIP-SILI-Z20-15768,20
15769,APDJ-MXN I C EXPRESS,ALIPUR DUAR JN,MARIANI JN,MAIL EXPRESS,TRETA-ALIP-MARI-Z37-15769,37
15770,MXN-APDJ I C EXPRESS,MARIANI JN,ALIPUR DUAR JN,MAIL EXPRESS,TRETA-MARI-ALIP-Z37-15770,37
15777,NJP APDJ TOURIST,NEW JALPAIGURI,ALIPUR DUAR JN,MAIL EXPRESS,TRETA-NEW_-ALIP-Z14-15777,14
15778,APDJ NJP TOURIST,ALIPUR DUAR JN,NEW JALPAIGURI,MAIL EXPRESS,TRETA-ALIP-NEW_-Z14-15778,14
15813,DKGN-SPTR EXPRESS,DEKARGAON,SILAPATHAR,MAIL EXPRESS,TRETA-DEKA-SILA-Z27-15813,27
15814,SPTR-DKGN EXPRESS,SILAPATHAR,DEKARGAON,MAIL EXPRESS,TRETA-SILA-DEKA-Z27-15814,27
15815,GHY-DKGN EXPRESS,GUWAHATI,DEKARGAON,MAIL EXPRESS,TRETA-GUWA-DEKA-Z13-15815,13
15816,DKGN-GHY EXPRESS,DEKARGAON,GUWAHATI,MAIL EXPRESS,TRETA-DEKA-GUWA-Z13-15816,13
15817,DONYI POLO EXP,SUKHOVI,NAHARLAGUN,MAIL EXPRESS,TRETA-SUKH-NAHA-Z22-15817,22
15818,DONYI POLO EXP,NAHARLAGUN,SUKHOVI,MAIL EXPRESS,TRETA-NAHA-SUKH-Z22-15818,22
15895,RNY MZS EXPRESS,RANGIYA JN,SILAPATHAR,MAIL EXPRESS,TRETA-RANG-SILA-Z39-15895,39
15896,MZS RNY EXPRESS,SILAPATHAR,RANGIYA JN,MAIL EXPRESS,TRETA-SILA-RANG-Z39-15896,39
15903,DBRG CDG EXP,DIBRUGARH,CHANDIGARH,MAIL EXPRESS,TRETA-DIBR-CHAN-Z35-15903,35
15904,CDG DBRG EXP,CHANDIGARH,DIBRUGARH,MAIL EXPRESS,TRETA-CHAN-DIBR-Z35-15904,35
15907,TSK NHLN VISTA,TINSUKIA JN.,NAHARLAGUN,MAIL EXPRESS,TRETA-TINS-NAHA-Z11-15907,11
15908,NHLN TSK VISTA,NAHARLAGUN,TINSUKIA JN.,MAIL EXPRESS,TRETA-NAHA-TINS-Z11-15908,11
15909,AVADH ASSAM EXP,DIBRUGARH,LALGARH JN,MAIL EXPRESS,TRETA-DIBR-LALG-Z96-15909,96
15910,AVADH ASSAM EXP,LALGARH JN,DIBRUGARH,MAIL EXPRESS,TRETA-LALG-DIBR-Z96-15910,96
15911,TSK NHLN EXP,TINSUKIA JN.,NAHARLAGUN,MAIL EXPRESS,TRETA-TINS-NAHA-Z10-15911,10
15912,NHLN TSK EXPRESS,NAHARLAGUN,TINSUKIA JN.,MAIL EXPRESS,TRETA-NAHA-TINS-Z10-15912,10
15925,DGHR DBRG EXP,DEOGHAR,DIBRUGARH,MAIL EXPRESS,TRETA-DEOG-DIBR-Z31-15925,31
15926,DBRG DGHR EXP,DIBRUGARH,DEOGHAR,MAIL EXPRESS,TRETA-DIBR-DEOG-Z31-15926,31
15927,RNY-NTSK EXPRESS,RANGIYA JN.,NEW TINSUKIA,MAIL EXPRESS,TRETA-RANG-NEW_-Z30-15927,30
15928,NTSK-RNY EXPRESS,NEW TINSUKIA,RANGIYA JN.,MAIL EXPRESS,TRETA-NEW_-RANG-Z30-15928,30
15929,TBM NTSK EXPRESS,TAMBARAM,NEW TINSUKIA,MAIL EXPRESS,TRETA-TAMB-NEW_-Z46-15929,46
15930,NTSK TBM EXP,NEW TINSUKIA,TAMBARAM,MAIL EXPRESS,TRETA-NEW_-TAMB-Z45-15930,45
15933,NTSK ASR EXPRESS,NEW TINSUKIA,AMRITSAR,MAIL EXPRESS,TRETA-NEW_-AMRI-Z41-15933,41
15934,ASR NTSK EXP,AMRITSAR,NEW TINSUKIA,MAIL EXPRESS,TRETA-AMRI-NEW_-Z41-15934,41
15945,LTT DIBRUGARH EX,LOKMANYATILAK,DIBRUGARH,MAIL EXPRESS,TRETA-LOKM-DIBR-Z53-15945,53
15946,DBRG LTT EXP,DIBRUGARH,LOKMANYATILAK,MAIL EXPRESS,TRETA-DIBR-LOKM-Z55-15946,55
15949,AMRIT BHARAT EXP,DIBRUGARH,GOMTI NAGAR,AMRIT BHARAT,TRETA-DIBR-GOMT-Z41-15949,41
15950,AMRIT BHARAT EXP,GOMTI NAGAR,DIBRUGARH,AMRIT BHARAT,TRETA-GOMT-DIBR-Z41-15950,41
15959,KAMRUP EXPRESS,HOWRAH JN,DIBRUGARH,MAIL EXPRESS,TRETA-HOWR-DIBR-Z60-15959,60
15960,KAMRUP EXPRESS,DIBRUGARH,HOWRAH JN,MAIL EXPRESS,TRETA-DIBR-HOWR-Z60-15960,60
15961,KAMRUP EXPRESS,HOWRAH JN,DIBRUGARH,MAIL EXPRESS,TRETA-HOWR-DIBR-Z45-15961,45
15962,KAMRUP EXPRESS,DIBRUGARH,HOWRAH JN,MAIL EXPRESS,TRETA-DIBR-HOWR-Z45-15962,45
15967,RANGIYA-LEDO EXPRESS,RANGIYA JN.,LEDO,MAIL EXPRESS,TRETA-RANG-LEDO-Z36-15967,36
15968,LEDO-RANGIYA EXPRESS,LEDO,RANGIYA JN.,MAIL EXPRESS,TRETA-LEDO-RANG-Z36-15968,36
16003,MAS NSL EXPRESS,PURATCHI THALAIVAR DR. MGR CTL,NAGARSOL,MAIL EXPRESS,TRETA-PURA-NAGA-Z25-16003,25
16004,NSL MAS WKLY EXP,NAGARSOL,PURATCHI THALAIVAR DR. MGR CTL,MAIL EXPRESS,TRETA-NAGA-PURA-Z26-16004,26
16021,KAVERI EXPRESS,PURATCHI THALAIVAR DR. MGR CTL,ASHOKAPURAM,MAIL EXPRESS,TRETA-PURA-ASHO-Z23-16021,23
16022,KAVERI EXPRESS,ASHOKAPURAM,PURATCHI THALAIVAR DR. MGR CTL,MAIL EXPRESS,TRETA-ASHO-PURA-Z22-16022,22
16031,ANDAMAN EXPRESS,PURATCHI THALAIVAR DR. MGR CTL,SHRI MATA VAISHNO DEVI KATRA,MAIL EXPRESS,TRETA-PURA-SHRI-Z73-16031,73
16032,ANDAMAN EXPRESS,SHRI MATA VAISHNO DEVI KATRA,PURATCHI THALAIVAR DR. MGR CTL,MAIL EXPRESS,TRETA-SHRI-PURA-Z72-16032,72
16053,MAS TPTY EXP,PURATCHI THALAIVAR DR. MGR CTL,TIRUPATI,MAIL EXPRESS,TRETA-PURA-TIRU-Z07-16053,7
16054,TPTY MAS EXP,TIRUPATI,PURATCHI THALAIVAR DR. MGR CTL,MAIL EXPRESS,TRETA-TIRU-PURA-Z08-16054,8
16057,SAPTHAGIRI EXP,PURATCHI THALAIVAR DR. MGR CTL,TIRUPATI,MAIL EXPRESS,TRETA-PURA-TIRU-Z08-16057,8
16058,SAPTHAGIRI EXP,TIRUPATI,PURATCHI THALAIVAR DR. MGR CTL,MAIL EXPRESS,TRETA-TIRU-PURA-Z09-16058,9
16085,AJJ-JTJ MEMU EXP,ARAKKONAM JN.,JOLARPETTAI JN.,MAIL EXPRESS,TRETA-ARAK-JOLA-Z15-16085,15
16086,JTJ-AJJ  MEMU EXP,JOLARPETTAI JN.,ARAKKONAM JN.,MAIL EXPRESS,TRETA-JOLA-ARAK-Z14-16086,14
16087,AJJ-SA MEMU EXP,ARAKKONAM JN.,SALEM JN,MAIL EXPRESS,TRETA-ARAK-SALE-Z20-16087,20
16088,SA-AJJ MEMU EXP,SALEM JN,ARAKKONAM JN.,MAIL EXPRESS,TRETA-SALE-ARAK-Z20-16088,20
16089,YELAGIRI EXPRESS,PURATCHI THALAIVAR DR. MGR CTL,JOLARPETTAI JN.,MAIL EXPRESS,TRETA-PURA-JOLA-Z16-16089,16
16090,YELAGIRI EXPRESS,JOLARPETTAI JN.,PURATCHI THALAIVAR DR. MGR CTL,MAIL EXPRESS,TRETA-JOLA-PURA-Z15-16090,15
16093,MAS LJN EXPRESS,PURATCHI THALAIVAR DR. MGR CTL,LUCKNOW,MAIL EXPRESS,TRETA-PURA-LUCK-Z45-16093,45
16094,LJN MAS EXPRESS,LUCKNOW,PURATCHI THALAIVAR DR. MGR CTL,MAIL EXPRESS,TRETA-LUCK-PURA-Z45-16094,45
16101,MS QLN EXPRESS,TAMBARAM,KOLLAM JN,MAIL EXPRESS,TRETA-TAMB-KOLL-Z23-16101,23
16102,QLN MS EXPRESS,KOLLAM JN,TAMBARAM,MAIL EXPRESS,TRETA-KOLL-TAMB-Z23-16102,23
16103,TBM RMM EXP,TAMBARAM,RAMESWARAM,MAIL EXPRESS,TRETA-TAMB-RAME-Z19-16103,19
16104,RMM TBM EXP,RAMESWARAM,TAMBARAM,MAIL EXPRESS,TRETA-RAME-TAMB-Z19-16104,19
16107,SRC AMRIT BHARAT,TAMBARAM,SANTRAGACHI JN,AMRIT BHARAT,TRETA-TAMB-SANT-Z27-16107,27
16108,TBM AMRIT BHARAT,SANTRAGACHI JN,TAMBARAM,AMRIT BHARAT,TRETA-SANT-TAMB-Z27-16108,27
16111,TPTY-PDY MEMU EXP,TIRUPATI,PONDICHERRY,MAIL EXPRESS,TRETA-TIRU-POND-Z30-16111,30
16112,PDY-TPTY MEMU EXP,PONDICHERRY,TIRUPATI,MAIL EXPRESS,TRETA-POND-TIRU-Z35-16112,35
16115,MS PDY EXPRESS,CHENNAI EGMORE,PONDICHERRY,MAIL EXPRESS,TRETA-CHEN-POND-Z12-16115,12
16116,PDY MS EXPRESS,PONDICHERRY,CHENNAI EGMORE,MAIL EXPRESS,TRETA-POND-CHEN-Z11-16116,11
16121,TVC AMRIT BHARAT,TAMBARAM,THIRUVANANTHAPURAM CENTRAL,AMRIT BHARAT,TRETA-TAMB-THIR-Z16-16121,16
16122,TBM AMRIT BHARAT,THIRUVANANTHAPURAM CENTRAL,TAMBARAM,AMRIT BHARAT,TRETA-THIR-TAMB-Z16-16122,16
16127,MS GURUVAYUR EXP,CHENNAI EGMORE,GURUVAYUR,MAIL EXPRESS,TRETA-CHEN-GURU-Z49-16127,49
16128,GUV CHENNAI EXP,GURUVAYUR,CHENNAI EGMORE,MAIL EXPRESS,TRETA-GURU-CHEN-Z48-16128,48
16159,MS MAQ EXPRESS,CHENNAI EGMORE,MANGALORE CENTRAL,MAIL EXPRESS,TRETA-CHEN-MANG-Z49-16159,49
16160,MAQ CHENNAI EXP,MANGALORE CENTRAL,CHENNAI EGMORE,MAIL EXPRESS,TRETA-MANG-CHEN-Z50-16160,50
16175,MS VLNK EXPRESS,CHENNAI EGMORE,VELLANKANNI,MAIL EXPRESS,TRETA-CHEN-VELL-Z15-16175,15
16176,VLNK MS EXPRESS,VELLANKANNI,CHENNAI EGMORE,MAIL EXPRESS,TRETA-VELL-CHEN-Z13-16176,13
16179,MS MQ EXPRESS,CHENNAI EGMORE,MANNARGUDI,MAIL EXPRESS,TRETA-CHEN-MANN-Z10-16179,10
16180,MQ MS EXPRESS,MANNARGUDI,CHENNAI EGMORE,MAIL EXPRESS,TRETA-MANN-CHEN-Z11-16180,11
16187,KIK ERS EXPRESS,KARAIKAL,ERNAKULAM JN,MAIL EXPRESS,TRETA-KARA-ERNA-Z27-16187,27
16188,ERS KIK EXPRESS,ERNAKULAM JN,KARAIKAL,MAIL EXPRESS,TRETA-ERNA-KARA-Z25-16188,25
16203,MAS TPTY EXPRESS,PURATCHI THALAIVAR DR. MGR CTL,TIRUPATI,MAIL EXPRESS,TRETA-PURA-TIRU-Z09-16203,9
16204,TPTY MAS EXP,TIRUPATI,PURATCHI THALAIVAR DR. MGR CTL,MAIL EXPRESS,TRETA-TIRU-PURA-Z10-16204,10
16205,MYSURU EXP,TALGUPPA,MYSORE JN,MAIL EXPRESS,TRETA-TALG-MYSO-Z14-16205,14
16206,TALGUPPA EXP,MYSORE JN,TALGUPPA,MAIL EXPRESS,TRETA-MYSO-TALG-Z14-16206,14
16207,YPR-MYS UR EXP,YESVANTPUR JN.,MYSORE JN,MAIL EXPRESS,TRETA-YESV-MYSO-Z31-16207,31
16208,MYS-YPR UR EXP,MYSORE JN,YESVANTPUR JN.,MAIL EXPRESS,TRETA-MYSO-YESV-Z31-16208,31
16209,AII MYS EXP,AJMER JN,MYSORE JN,MAIL EXPRESS,TRETA-AJME-MYSO-Z46-16209,46
16210,AJMER EXPRESS,MYSORE JN,AJMER JN,MAIL EXPRESS,TRETA-MYSO-AJME-Z45-16210,45
16211,YPR-SA UR EXP,YESVANTPUR JN.,SALEM JN,MAIL EXPRESS,TRETA-YESV-SALE-Z21-16211,21
16212,SA-YPR UR EXP,SALEM JN,YESVANTPUR JN.,MAIL EXPRESS,TRETA-SALE-YESV-Z21-16212,21
16213,ASK-UBL UR EXP,ARSIKERE JN,SSS HUBBALLI JN,MAIL EXPRESS,TRETA-ARSI-SSS_-Z35-16213,35
16214,UBL-ASK UR EXP,SSS HUBBALLI JN,ARSIKERE JN,MAIL EXPRESS,TRETA-SSS_-ARSI-Z35-16214,35
16215,CHAMUNDI EXP,MYSORE JN,KSR BENGALURU,MAIL EXPRESS,TRETA-MYSO-KSR_-Z09-16215,9
16216,CHAMUNDI EXP,KSR BENGALURU,MYSORE JN,MAIL EXPRESS,TRETA-KSR_-MYSO-Z08-16216,8
16217,MYS SNSI EXP,MYSORE JN,SAINAGAR SHIRDI,MAIL EXPRESS,TRETA-MYSO-SAIN-Z26-16217,26
16218,SNSI MYSURU EXP,SAINAGAR SHIRDI,MYSORE JN,MAIL EXPRESS,TRETA-SAIN-MYSO-Z26-16218,26
16219,CMNR TPTY EXP,CHAMARAJANAGAR,TIRUPATI,MAIL EXPRESS,TRETA-CHAM-TIRU-Z32-16219,32
16220,TPTY CMNR EXP,TIRUPATI,CHAMARAJANAGAR,MAIL EXPRESS,TRETA-TIRU-CHAM-Z33-16220,33
16221,TLGP-MYS KUVEMPU EXPRESS,TALGUPPA,MYSORE JN,MAIL EXPRESS,TRETA-TALG-MYSO-Z34-16221,34
16222,MYS-TLGP KUVEMPU EXPRESS,MYSORE JN,TALGUPPA,MAIL EXPRESS,TRETA-MYSO-TALG-Z34-16222,34
16223,SMVB RDP EXP,SMVT BENGALURU,RADHIKAPUR,MAIL EXPRESS,TRETA-SMVT-RADH-Z49-16223,49
16224,RDP SMVB EXPRESS,RADHIKAPUR,SMVT BENGALURU,MAIL EXPRESS,TRETA-RADH-SMVT-Z49-16224,49
16225,MYS-SMET UR EXP,MYSORE JN,SHIMOGA TOWN,MAIL EXPRESS,TRETA-MYSO-SHIM-Z15-16225,15
16226,SMET-MYS UR EXP,SHIMOGA TOWN,MYSORE JN,MAIL EXPRESS,TRETA-SHIM-MYSO-Z15-16226,15
16227,MYS TLGP EXP,MYSORE JN,TALGUPPA,MAIL EXPRESS,TRETA-MYSO-TALG-Z28-16227,28
16228,TLGP MYS EXP,TALGUPPA,MYSORE JN,MAIL EXPRESS,TRETA-TALG-MYSO-Z28-16228,28
16231,CUPJ MYS EXP,CUDDALORE PORT JN.,MYSORE JN,MAIL EXPRESS,TRETA-CUDD-MYSO-Z26-16231,26
16232,MYS CUPJ EXP,MYSORE JN,CUDDALORE PORT JN.,MAIL EXPRESS,TRETA-MYSO-CUDD-Z26-16232,26
16235,TN MYSURU EXP,TUTICORIN,MYSORE JN,MAIL EXPRESS,TRETA-TUTI-MYSO-Z33-16235,33
16236,TUTICORIN EXP,MYSORE JN,TUTICORIN,MAIL EXPRESS,TRETA-MYSO-TUTI-Z30-16236,30
16239,CMGR-YPR UR EXP,CHIKKAMAGALURU,YESVANTPUR JN.,MAIL EXPRESS,TRETA-CHIK-YESV-Z24-16239,24
16240,YPR-CMGR UR EXP,YESVANTPUR JN.,CHIKKAMAGALURU,MAIL EXPRESS,TRETA-YESV-CHIK-Z24-16240,24
16281,MYS-AII EXPRESS,MYSORE JN,AJMER JN,MAIL EXPRESS,TRETA-MYSO-AJME-Z35-16281,35
16282,AII MYS EXP Valid From : 07-Sep-2026,AJMER JN,MYSORE JN,MAIL EXPRESS,TRETA-AJME-MYSO-Z35-16282,35
16301,VENAD EXPRESS,SHORANUR JN,THIRUVANANTHAPURAM CENTRAL,MAIL EXPRESS,TRETA-SHOR-THIR-Z27-16301,27
16302,VENAD EXPRESS,THIRUVANANTHAPURAM CENTRAL,SHORANUR JN,MAIL EXPRESS,TRETA-THIR-SHOR-Z27-16302,27
16303,VANCHINAD EXP,ERNAKULAM JN,THIRUVANANTHAPURAM CENTRAL,MAIL EXPRESS,TRETA-ERNA-THIR-Z19-16303,19
16304,VANCHINAD EXP,THIRUVANANTHAPURAM CENTRAL,ERNAKULAM JN,MAIL EXPRESS,TRETA-THIR-ERNA-Z19-16304,19
16305,ERS CAN EXPRESS,ERNAKULAM JN,KANNUR,MAIL EXPRESS,TRETA-ERNA-KANN-Z16-16305,16
16306,CAN ERS EXPRESS,KANNUR,ERNAKULAM JN,MAIL EXPRESS,TRETA-KANN-ERNA-Z17-16306,17
16307,ALLP CAN EXP,ALAPPUZHA,KANNUR,MAIL EXPRESS,TRETA-ALAP-KANN-Z26-16307,26
16308,CAN ALLP EXP,KANNUR,ALAPPUZHA,MAIL EXPRESS,TRETA-KANN-ALAP-Z27-16308,27
16309,ERS-KYJ MEMU EXP,ERNAKULAM JN,KAYANKULAM JN,MAIL EXPRESS,TRETA-ERNA-KAYA-Z09-16309,9
16310,KYJ-ERS MEMU EXP,KAYANKULAM JN,ERNAKULAM JN,MAIL EXPRESS,TRETA-KAYA-ERNA-Z09-16310,9
16311,SGNR TVCN EXP,SHRI GANGANAGAR,THIRUVANANTHAPURAM NORTH,MAIL EXPRESS,TRETA-SHRI-THIR-Z52-16311,52
16312,TVCN SGNR EXP,THIRUVANANTHAPURAM NORTH,SHRI GANGANAGAR,MAIL EXPRESS,TRETA-THIR-SHRI-Z51-16312,51
16313,TVCN-MAJN ANTYODAYA EXP,THIRUVANANTHAPURAM NORTH,MANGALORE JN,MAIL EXPRESS,TRETA-THIR-MANG-Z23-16313,23
16314,MAJN-TVCN ANTYODAYA EXP,MANGALORE JUNCTION,THIRUVANANTHAPURAM NORTH,MAIL EXPRESS,TRETA-MANG-THIR-Z23-16314,23
16315,MYS TVCN EXP,MYSORE JN,THIRUVANANTHAPURAM NORTH,MAIL EXPRESS,TRETA-MYSO-THIR-Z26-16315,26
16316,TVCN MYS EXP,THIRUVANANTHAPURAM NORTH,MYSORE JN,MAIL EXPRESS,TRETA-THIR-MYSO-Z26-16316,26
16317,HIMSAGAR EXPRESS,KANNIYAKUMARI,SHRI MATA VAISHNO DEVI KATRA,MAIL EXPRESS,TRETA-KANN-SHRI-Z66-16317,66
16318,HIMSAGAR EXPRES,SHRI MATA VAISHNO DEVI KATRA,KANNIYAKUMARI,MAIL EXPRESS,TRETA-SHRI-KANN-Z68-16318,68
16319,SMVB HUMSAFAR,THIRUVANANTHAPURAM NORTH,SMVT BENGALURU,MAIL EXPRESS,TRETA-THIR-SMVT-Z13-16319,13
16320,TVCN HUMSAFAR,SMVT BENGALURU,THIRUVANANTHAPURAM NORTH,MAIL EXPRESS,TRETA-SMVT-THIR-Z14-16320,14
16321,NCJ-CBE EXP,NAGERCOIL JUNCTION,COIMBATORE JN,MAIL EXPRESS,TRETA-NAGE-COIM-Z33-16321,33
16322,CBE-NCJ EXP,COIMBATORE JN,NAGERCOIL JUNCTION,MAIL EXPRESS,TRETA-COIM-NAGE-Z35-16322,35
16323,CBE-MAQ EXP,COIMBATORE JN,MANGALORE CENTRAL,MAIL EXPRESS,TRETA-COIM-MANG-Z46-16323,46
16324,MAQ-CBE EXP,MANGALORE CENTRAL,COIMBATORE JN,MAIL EXPRESS,TRETA-MANG-COIM-Z46-16324,46
16325,NIL KTYM EXP,NILAMBUR ROAD,KOTTAYAM,MAIL EXPRESS,TRETA-NILA-KOTT-Z28-16325,28
16326,KTYM NIL EXP,KOTTAYAM,NILAMBUR ROAD,MAIL EXPRESS,TRETA-KOTT-NILA-Z29-16326,29
16327,MDU GUV EXP,MADURAI JN,GURUVAYUR,MAIL EXPRESS,TRETA-MADU-GURU-Z55-16327,55
16328,GUV MDU EXP,GURUVAYUR,MADURAI JN,MAIL EXPRESS,TRETA-GURU-MADU-Z60-16328,60
16329,MAJN AMRITBHARAT,NAGERCOIL JUNCTION,MANGALORE JUNCTION,AMRIT BHARAT,TRETA-NAGE-MANG-Z25-16329,25
16330,NCJ AMRIT BHARAT,MANGALORE JUNCTION,NAGERCOIL JUNCTION,AMRIT BHARAT,TRETA-MANG-NAGE-Z25-16330,25
16331,TRIVANDRAM EXP,LOKMANYATILAK,THIRUVANANTHAPURAM CENTRAL,MAIL EXPRESS,TRETA-LOKM-THIR-Z40-16331,40
16332,TVC LTT EXP,THIRUVANANTHAPURAM CENTRAL,LOKMANYATILAK,MAIL EXPRESS,TRETA-THIR-LOKM-Z39-16332,39
16333,VRL TVC EXP,VERAVAL,THIRUVANANTHAPURAM CENTRAL,MAIL EXPRESS,TRETA-VERA-THIR-Z58-16333,58
16334,VERAVAL EXPRESS,THIRUVANANTHAPURAM CENTRAL,VERAVAL,MAIL EXPRESS,TRETA-THIR-VERA-Z56-16334,56
16335,GIMB NCJ EXP,GANDHIDHAM BG,NAGERCOIL JUNCTION,MAIL EXPRESS,TRETA-GAND-NAGE-Z57-16335,57
16336,GANDHIDHAM EXP,NAGERCOIL JUNCTION,GANDHIDHAM BG,MAIL EXPRESS,TRETA-NAGE-GAND-Z56-16336,56
16337,OKHA ERS EXP,OKHA,ERNAKULAM JN,MAIL EXPRESS,TRETA-OKHA-ERNA-Z49-16337,49
16338,ERS OKHA EXP,ERNAKULAM JN,OKHA,MAIL EXPRESS,TRETA-ERNA-OKHA-Z48-16338,48
16339,NAGARCOIL EXP,LOKMANYATILAK,NAGERCOIL JUNCTION,MAIL EXPRESS,TRETA-LOKM-NAGE-Z39-16339,39
16340,NCJ LTT EXPRESS,NAGERCOIL JUNCTION,LOKMANYATILAK,MAIL EXPRESS,TRETA-NAGE-LOKM-Z38-16340,38
16341,GUV TVC EXP,GURUVAYUR,THIRUVANANTHAPURAM CENTRAL,MAIL EXPRESS,TRETA-GURU-THIR-Z22-16341,22
16342,TVC GUV EXP,THIRUVANANTHAPURAM CENTRAL,GURUVAYUR,MAIL EXPRESS,TRETA-THIR-GURU-Z21-16342,21
16343,AMRITHA EXP,THIRUVANANTHAPURAM CENTRAL,RAMESWARAM,MAIL EXPRESS,TRETA-THIR-RAME-Z28-16343,28
16344,AMRITHA EXPRESS,RAMESWARAM,THIRUVANANTHAPURAM CENTRAL,MAIL EXPRESS,TRETA-RAME-THIR-Z28-16344,28
16345,NETRAVATI EXP,LOKMANYATILAK,THIRUVANANTHAPURAM CENTRAL,MAIL EXPRESS,TRETA-LOKM-THIR-Z48-16345,48
16346,NETHRAVATHI EXP,THIRUVANANTHAPURAM CENTRAL,LOKMANYATILAK,MAIL EXPRESS,TRETA-THIR-LOKM-Z48-16346,48
16347,MANGALORE EXP,THIRUVANANTHAPURAM CENTRAL,MANGALORE CENTRAL,MAIL EXPRESS,TRETA-THIR-MANG-Z47-16347,47
16348,TRIVANDRUM EXP,MANGALORE CENTRAL,THIRUVANANTHAPURAM CENTRAL,MAIL EXPRESS,TRETA-MANG-THIR-Z46-16348,46
16349,RAJYA RANI EXP,THIRUVANANTHAPURAM NORTH,NILAMBUR ROAD,MAIL EXPRESS,TRETA-THIR-NILA-Z21-16349,21
16350,RAJYA RANI EXP,NILAMBUR ROAD,THIRUVANANTHAPURAM NORTH,MAIL EXPRESS,TRETA-NILA-THIR-Z21-16350,21
16351,NAGARCOIL EXP,LOKMANYATILAK,NAGERCOIL JUNCTION,MAIL EXPRESS,TRETA-LOKM-NAGE-Z43-16351,43
16352,NCJ LTT EXPRESS,NAGERCOIL JUNCTION,LOKMANYATILAK,MAIL EXPRESS,TRETA-NAGE-LOKM-Z41-16352,41
16353,KCG NCJ EXP,KACHEGUDA,NAGERCOIL JUNCTION,MAIL EXPRESS,TRETA-KACH-NAGE-Z28-16353,28
16354,KACHEGUDA EXP,NAGERCOIL JUNCTION,KACHEGUDA,MAIL EXPRESS,TRETA-NAGE-KACH-Z27-16354,27
16355,TVCN-MAJN ANTYODAYA EXP,THIRUVANANTHAPURAM NORTH,MANGALORE JN,MAIL EXPRESS,TRETA-THIR-MANG-Z12-16355,12
16356,MAJN- TVCN ANTYODAYA EXP,MANGALORE JUNCTION,THIRUVANANTHAPURAM NORTH,MAIL EXPRESS,TRETA-MANG-THIR-Z12-16356,12
16357,CHZ AMRIT BHARAT,NAGERCOIL JUNCTION,CHARLAPALLI,AMRIT BHARAT,TRETA-NAGE-CHAR-Z31-16357,31
16358,NCJ AMRITBHARAT,CHARLAPALLI,NAGERCOIL JUNCTION,AMRIT BHARAT,TRETA-CHAR-NAGE-Z31-16358,31
16361,ERS VLNK EXP,ERNAKULAM JN,VELLANKANNI,MAIL EXPRESS,TRETA-ERNA-VELL-Z33-16361,33
16362,VLNK ERS EXP,VELLANKANNI,ERNAKULAM JN,MAIL EXPRESS,TRETA-VELL-ERNA-Z33-16362,33
16363,ERS VLNK EXPRESS,ERNAKULAM JN,VELLANKANNI,MAIL EXPRESS,TRETA-ERNA-VELL-Z28-16363,28
16364,VLNK ERS EXPRESS,VELLANKANNI,ERNAKULAM JN,MAIL EXPRESS,TRETA-VELL-ERNA-Z28-16364,28
16366,NCJ-KTYM EXP,NAGERCOIL JUNCTION,KOTTAYAM,MAIL EXPRESS,TRETA-NAGE-KOTT-Z33-16366,33
16367,KASHI TAMIL EXP,KANNIYAKUMARI,BANARAS,MAIL EXPRESS,TRETA-KANN-BANA-Z36-16367,36
16368,KASHI TAMIL EXP,BANARAS,KANNIYAKUMARI,MAIL EXPRESS,TRETA-BANA-KANN-Z36-16368,36
16377,ERNAKULAM EXP,KSR BENGALURU,ERNAKULAM JN,MAIL EXPRESS,TRETA-KSR_-ERNA-Z13-16377,13
16378,SBC INTERCITY,ERNAKULAM JN,KSR BENGALURU,MAIL EXPRESS,TRETA-ERNA-KSR_-Z13-16378,13
16381,KANYAKUMARI EXP,PUNE JN,KANNIYAKUMARI,MAIL EXPRESS,TRETA-PUNE-KANN-Z56-16381,56
16382,CAPE PUNE EXP,KANNIYAKUMARI,PUNE JN,MAIL EXPRESS,TRETA-KANN-PUNE-Z57-16382,57
16511,SBC CLT EXPRESS,KSR BENGALURU,KOZHIKKODE,MAIL EXPRESS,TRETA-KSR_-KOZH-Z21-16511,21
16512,CLT SBC EXPRESS Valid From : 25-Aug-2026,KOZHIKKODE,KSR BENGALURU,MAIL EXPRESS,TRETA-KOZH-KSR_-Z21-16512,21
16515,KARWAR EXPRESS,YESVANTPUR JN.,KARWAR,MAIL EXPRESS,TRETA-YESV-KARW-Z24-16515,24
16516,KAWR YPR EXP,KARWAR,YESVANTPUR JN.,MAIL EXPRESS,TRETA-KARW-YESV-Z24-16516,24
16519,JTJ-SBC MEMU,JOLARPETTAI JN.,KSR BENGALURU,MAIL EXPRESS,TRETA-JOLA-KSR_-Z16-16519,16
16520,SBC-JTJ MEMU,KSR BENGALURU,JOLARPETTAI JN.,MAIL EXPRESS,TRETA-KSR_-JOLA-Z15-16520,15
16521,BWT-SBC UR MEMU EXP SPL,BANGARAPET JN.,KSR BENGALURU,MAIL EXPRESS,TRETA-BANG-KSR_-Z08-16521,8
16522,SBC-BWT UR MEMU EXPRESS,KSR BENGALURU,BANGARAPET JN.,MAIL EXPRESS,TRETA-KSR_-BANG-Z06-16522,6
16523,SMVB BLGT EXP,SMVT BENGALURU,BALURGHAT,MAIL EXPRESS,TRETA-SMVT-BALU-Z42-16523,42
16524,BLGT SMVB EXP,BALURGHAT,SMVT BENGALURU,MAIL EXPRESS,TRETA-BALU-SMVT-Z42-16524,42
16525,CAPE SBC EXPRESS,KANNIYAKUMARI,KSR BENGALURU,MAIL EXPRESS,TRETA-KANN-KSR_-Z45-16525,45
16526,KANYAKUMARI EXP,KSR BENGALURU,KANNIYAKUMARI,MAIL EXPRESS,TRETA-KSR_-KANN-Z45-16526,45
16527,YPR KANNUR EXP,YESVANTPUR JN.,KANNUR,MAIL EXPRESS,TRETA-YESV-KANN-Z18-16527,18
16528,KANNUR YPR EXP,KANNUR,YESVANTPUR JN.,MAIL EXPRESS,TRETA-KANN-YESV-Z18-16528,18
16529,SMVB-KIK EXPRESS,SMVT BENGALURU,KARAIKAL,MAIL EXPRESS,TRETA-SMVT-KARA-Z55-16529,55
16530,KIK-SMVB EXPRESS,KARAIKAL,SMVT BENGALURU,MAIL EXPRESS,TRETA-KARA-SMVT-Z55-16530,55
16531,AII SBC G NAWAJ,AJMER JN,KSR BENGALURU,MAIL EXPRESS,TRETA-AJME-KSR_-Z36-16531,36
16532,GARIB NAWAZ EXP,KSR BENGALURU,AJMER JN,MAIL EXPRESS,TRETA-KSR_-AJME-Z36-16532,36
16533,JU SBC EXP,JODHPUR JN,KSR BENGALURU,MAIL EXPRESS,TRETA-JODH-KSR_-Z33-16533,33
16534,JODHPUR EXP,KSR BENGALURU,JODHPUR JN,MAIL EXPRESS,TRETA-KSR_-JODH-Z33-16534,33
16535,GOLGUMBAZ EXP,MYSORE JN,PANDHARPUR,MAIL EXPRESS,TRETA-MYSO-PAND-Z32-16535,32
16536,GOLGUMBAZ EXP,PANDHARPUR,MYSORE JN,MAIL EXPRESS,TRETA-PAND-MYSO-Z32-16536,32
16539,YPR MAJN EXP,YESVANTPUR JN.,MANGALORE JUNCTION,MAIL EXPRESS,TRETA-YESV-MANG-Z13-16539,13
16540,MAJN YPR EXP,MANGALORE JUNCTION,YESVANTPUR JN.,MAIL EXPRESS,TRETA-MANG-YESV-Z13-16540,13
16541,YPR PVR EXP,YESVANTPUR JN.,PANDHARPUR,MAIL EXPRESS,TRETA-YESV-PAND-Z14-16541,14
16542,PVR YPR EXP,PANDHARPUR,YESVANTPUR JN.,MAIL EXPRESS,TRETA-PAND-YESV-Z14-16542,14
16545,YPR SNNR EXP,YESVANTPUR JN.,SINDHANUR,MAIL EXPRESS,TRETA-YESV-SIND-Z42-16545,42
16546,SNNR YPR EXP,SINDHANUR,YESVANTPUR JN.,MAIL EXPRESS,TRETA-SIND-YESV-Z42-16546,42
16547,YPR BJP EXP,YESVANTPUR JN.,VIJAYAPURA,MAIL EXPRESS,TRETA-YESV-VIJA-Z22-16547,22
16548,BJP YPR EXP,VIJAYAPURA,YESVANTPUR JN.,MAIL EXPRESS,TRETA-VIJA-YESV-Z22-16548,22
16549,SBC-KQZ UR DEMU EXP,KSR BENGALURU,KOLAR,MAIL EXPRESS,TRETA-KSR_-KOLA-Z23-16549,23
16550,KQZ-SBC UR DEMU EXP,KOLAR,KSR BENGALURU,MAIL EXPRESS,TRETA-KOLA-KSR_-Z23-16550,23
16551,MAS AP EXPRESS,PURATCHI THALAIVAR DR. MGR CTL,ASHOKAPURAM,MAIL EXPRESS,TRETA-PURA-ASHO-Z26-16551,26
16552,CHENNAI EXPRESS,ASHOKAPURAM,PURATCHI THALAIVAR DR. MGR CTL,MAIL EXPRESS,TRETA-ASHO-PURA-Z26-16552,26
16553,SMVB LTT  EXP,SMVT BENGALURU,LOKMANYATILAK,MAIL EXPRESS,TRETA-SMVT-LOKM-Z16-16553,16
16554,LTT  SMVB  EXP,LOKMANYATILAK,SMVT BENGALURU,MAIL EXPRESS,TRETA-LOKM-SMVT-Z16-16554,16
16555,YPR TLGP EXP,YESVANTPUR JN.,TALGUPPA,MAIL EXPRESS,TRETA-YESV-TALG-Z10-16555,10
16556,TLGP YPR EXP,TALGUPPA,YESVANTPUR JN.,MAIL EXPRESS,TRETA-TALG-YESV-Z10-16556,10
16559,SMVB BIDR  EXP,SMVT BENGALURU,BIDAR,MAIL EXPRESS,TRETA-SMVT-BIDA-Z15-16559,15
16560,BIDR SMVB EXP,BIDAR,SMVT BENGALURU,MAIL EXPRESS,TRETA-BIDA-SMVT-Z15-16560,15
16561,YPR TVCN AC EXP,YESVANTPUR JN.,THIRUVANANTHAPURAM NORTH,MAIL EXPRESS,TRETA-YESV-THIR-Z13-16561,13
16562,TVCN YPR AC EXP,THIRUVANANTHAPURAM NORTH,YESVANTPUR JN.,MAIL EXPRESS,TRETA-THIR-YESV-Z13-16562,13
16563,BNC KLBG EXP,BANGALORE CANT,KALABURAGI,MAIL EXPRESS,TRETA-BANG-KALA-Z13-16563,13
16564,KLBG BNC EXPRESS,KALABURAGI,BANGALORE CANT,MAIL EXPRESS,TRETA-KALA-BANG-Z13-16564,13
16565,YPR MAQ EXP,YESVANTPUR JN.,MANGALORE CENTRAL,MAIL EXPRESS,TRETA-YESV-MANG-Z19-16565,19
16566,MAQ YPR EXPRESS,MANGALORE CENTRAL,YESVANTPUR JN.,MAIL EXPRESS,TRETA-MANG-YESV-Z19-16566,19
16567,TK-SMET UR EXP,TUMKUR,SHIMOGA TOWN,MAIL EXPRESS,TRETA-TUMK-SHIM-Z27-16567,27
16568,SMET-TK UR EXP,SHIMOGA TOWN,TUMKUR,MAIL EXPRESS,TRETA-SHIM-TUMK-Z27-16568,27
16571,YPR BIDR EXP,YESVANTPUR JN.,BIDAR,MAIL EXPRESS,TRETA-YESV-BIDA-Z14-16571,14
16572,BIDR YPR EXP,BIDAR,YESVANTPUR JN.,MAIL EXPRESS,TRETA-BIDA-YESV-Z15-16572,15
16573,PUDUCHERRY EXP,YESVANTPUR JN.,PONDICHERRY,MAIL EXPRESS,TRETA-YESV-POND-Z09-16573,9
16574,PDY YPR EXPRESS,PONDICHERRY,YESVANTPUR JN.,MAIL EXPRESS,TRETA-POND-YESV-Z09-16574,9
16575,GOMTESHWARA EXP,YESVANTPUR JN.,MANGALORE JUNCTION,MAIL EXPRESS,TRETA-YESV-MANG-Z13-16575,13
16576,MAJN YPR EXP,MANGALORE JUNCTION,YESVANTPUR JN.,MAIL EXPRESS,TRETA-MANG-YESV-Z13-16576,13
16577,YPR BIDR EXP,YESVANTPUR JN.,BIDAR,MAIL EXPRESS,TRETA-YESV-BIDA-Z15-16577,15
16578,BIDR YPR EXP,BIDAR,YESVANTPUR JN.,MAIL EXPRESS,TRETA-BIDA-YESV-Z15-16578,15
16581,YPR SMET EXP,YESVANTPUR JN.,SHIMOGA TOWN,MAIL EXPRESS,TRETA-YESV-SHIM-Z10-16581,10
16582,SMET YPR EXP,SHIMOGA TOWN,YESVANTPUR JN.,MAIL EXPRESS,TRETA-SHIM-YESV-Z10-16582,10
16583,YPR LUR EXP,YESVANTPUR JN.,LATUR,MAIL EXPRESS,TRETA-YESV-LATU-Z21-16583,21
16584,LUR YPR EXPRESS,LATUR,YESVANTPUR JN.,MAIL EXPRESS,TRETA-LATU-YESV-Z21-16584,21
16585,SMVB MRDW EXP,SMVT BENGALURU,MURDESHWAR,MAIL EXPRESS,TRETA-SMVT-MURD-Z24-16585,24
16586,MRDW SMVB EXP,MURDESHWAR,SMVT BENGALURU,MAIL EXPRESS,TRETA-MURD-SMVT-Z24-16586,24
16587,BIKANER EXP,YESVANTPUR JN.,BIKANER JN,MAIL EXPRESS,TRETA-YESV-BIKA-Z36-16587,36
16588,BKN YPR EXP,BIKANER JN,YESVANTPUR JN.,MAIL EXPRESS,TRETA-BIKA-YESV-Z36-16588,36
16589,RANI CHENNAMMA,KSR BENGALURU,SANGLI,MAIL EXPRESS,TRETA-KSR_-SANG-Z26-16589,26
16590,RANI CHENNAMMA,SANGLI,KSR BENGALURU,MAIL EXPRESS,TRETA-SANG-KSR_-Z26-16590,26
16591,HAMPI EXPRESS,SSS HUBBALLI JN,MYSORE JN,MAIL EXPRESS,TRETA-SSS_-MYSO-Z27-16591,27
16592,HAMPI EXPRESS,MYSORE JN,SSS HUBBALLI JN,MAIL EXPRESS,TRETA-MYSO-SSS_-Z27-16592,27
16593,SBC NANDED EXP,KSR BENGALURU,NANDED,MAIL EXPRESS,TRETA-KSR_-NAND-Z36-16593,36
16594,NED  YPR EXPRESS,NANDED,KSR BENGALURU,MAIL EXPRESS,TRETA-NAND-KSR_-Z36-16594,36
16595,PANCHAGANGA EXP,KSR BENGALURU,KARWAR,MAIL EXPRESS,TRETA-KSR_-KARW-Z20-16595,20
16596,PANCHAGANGA EXP,KARWAR,KSR BENGALURU,MAIL EXPRESS,TRETA-KARW-KSR_-Z20-16596,20
16597,APDJ AMRITBHARAT,SMVT BENGALURU,ALIPUR DUAR JN,AMRIT BHARAT,TRETA-SMVT-ALIP-Z45-16597,45
16598,AMRIT BHARAT EXP,ALIPUR DUAR JN,SMVT BENGALURU,AMRIT BHARAT,TRETA-ALIP-SMVT-Z45-16598,45
16601,JBN AMRIT BHARAT,ERODE JN,JOGBANI,AMRIT BHARAT,TRETA-EROD-JOGB-Z50-16601,50
16602,AMRIT BHARAT,JOGBANI,ERODE JN,AMRIT BHARAT,TRETA-JOGB-EROD-Z50-16602,50
16603,MAVELI EXPRESS,MANGALORE CENTRAL,THIRUVANANTHAPURAM CENTRAL,MAIL EXPRESS,TRETA-MANG-THIR-Z29-16603,29
16604,MAVELI EXPRESS,THIRUVANANTHAPURAM CENTRAL,MANGALORE CENTRAL,MAIL EXPRESS,TRETA-THIR-MANG-Z30-16604,30
16605,ERNAD EXPRESS,MANGALORE CENTRAL,THIRUVANANTHAPURAM CENTRAL,MAIL EXPRESS,TRETA-MANG-THIR-Z39-16605,39
16606,ERNAD EXPRESS,THIRUVANANTHAPURAM CENTRAL,MANGALORE CENTRAL,MAIL EXPRESS,TRETA-THIR-MANG-Z39-16606,39
16607,CAN-CBE  EXP,KANNUR,COIMBATORE JN,MAIL EXPRESS,TRETA-KANN-COIM-Z32-16607,32
16608,CBE-CAN  EXP,COIMBATORE JN,KANNUR,MAIL EXPRESS,TRETA-COIM-KANN-Z32-16608,32
16609,TCR-CAN EXP,THRISUR,KANNUR,MAIL EXPRESS,TRETA-THRI-KANN-Z27-16609,27
16610,MAQ-PGT EXP,MANGALORE CENTRAL,PALAKKAD JN,MAIL EXPRESS,TRETA-MANG-PALA-Z38-16610,38
16611,PGT-CAN EXP,PALAKKAD JN,KANNUR,MAIL EXPRESS,TRETA-PALA-KANN-Z15-16611,15
16613,RJT CBE EXP,RAJKOT,COIMBATORE JN,MAIL EXPRESS,TRETA-RAJK-COIM-Z32-16613,32
16614,CBE RJT EXPRESS,COIMBATORE JN,RAJKOT,MAIL EXPRESS,TRETA-COIM-RAJK-Z33-16614,33
16615,CHEMMOZHI EXP,MANNARGUDI,COIMBATORE JN,MAIL EXPRESS,TRETA-MANN-COIM-Z09-16615,9
16616,CHEMMOZHI EXP,COIMBATORE JN,MANNARGUDI,MAIL EXPRESS,TRETA-COIM-MANN-Z08-16616,8
16617,RMM CBE EXPRESS,RAMESWARAM,COIMBATORE JN,MAIL EXPRESS,TRETA-RAME-COIM-Z14-16617,14
16618,CBE RMM EXPRESS,COIMBATORE JN,RAMESWARAM,MAIL EXPRESS,TRETA-COIM-RAME-Z13-16618,13
16619,PTJ-DHN AMRIT BHARAT EXP,PODANUR JN,DHANBAD JN,AMRIT BHARAT,TRETA-PODA-DHAN-Z35-16619,35
16620,AMRIT BHARAT EXP,DHANBAD JN,PODANUR JN,AMRIT BHARAT,TRETA-DHAN-PODA-Z35-16620,35
16621,RMM-MAQ EXP,RAMESWARAM,MANGALORE CENTRAL,MAIL EXPRESS,TRETA-RAME-MANG-Z16-16621,16
16622,MAQ RMM EXPRESS,MANGALORE CENTRAL,RAMESWARAM,MAIL EXPRESS,TRETA-MANG-RAME-Z16-16622,16
16629,MALABAR EXPRESS,THIRUVANANTHAPURAM CENTRAL,MANGALORE CENTRAL,MAIL EXPRESS,TRETA-THIR-MANG-Z52-16629,52
16630,MALABAR EXPRESS,MANGALORE CENTRAL,THIRUVANANTHAPURAM CENTRAL,MAIL EXPRESS,TRETA-MANG-THIR-Z52-16630,52
16649,PARASURAM EXP,MANGALORE CENTRAL,KANNIYAKUMARI,MAIL EXPRESS,TRETA-MANG-KANN-Z56-16649,56
16650,PARASURAM EXP,KANNIYAKUMARI,MANGALORE CENTRAL,MAIL EXPRESS,TRETA-KANN-MANG-Z55-16650,55
16707,MAJN TEN EXPRESS,MANGALORE JUNCTION,TIRUNELVELI JN,MAIL EXPRESS,TRETA-MANG-TIRU-Z21-16707,21
16708,TEN MAJN EXPRESS,TIRUNELVELI JN,MANGALORE JUNCTION,MAIL EXPRESS,TRETA-TIRU-MANG-Z21-16708,21
16721,CBE-MDU EXP,COIMBATORE JN,MADURAI JN,MAIL EXPRESS,TRETA-COIM-MADU-Z20-16721,20
16722,MDU-CBE EXP,MADURAI JN,COIMBATORE JN,MAIL EXPRESS,TRETA-MADU-COIM-Z20-16722,20
16729,MDU PUU EXP,MADURAI JN,PUNALUR,MAIL EXPRESS,TRETA-MADU-PUNA-Z38-16729,38
16730,PUU MDU EXPRESS,PUNALUR,MADURAI JN,MAIL EXPRESS,TRETA-PUNA-MADU-Z40-16730,40
16731,PGT-TCN EXP,PALAKKAD JN,TIRUCHENDUR,MAIL EXPRESS,TRETA-PALA-TIRU-Z34-16731,34
16732,TCN-PGT EXP,TIRUCHENDUR,PALAKKAD JN,MAIL EXPRESS,TRETA-TIRU-PALA-Z34-16732,34
16733,RMM OKHA EXP,RAMESWARAM,OKHA,MAIL EXPRESS,TRETA-RAME-OKHA-Z46-16733,46
16734,OKHA RMM EXP,OKHA,RAMESWARAM,MAIL EXPRESS,TRETA-OKHA-RAME-Z47-16734,47
16751,MS RMM EXPRESS,CHENNAI EGMORE,RAMESWARAM,MAIL EXPRESS,TRETA-CHEN-RAME-Z45-16751,45
16752,RMM MS EXPRESS,RAMESWARAM,CHENNAI EGMORE,MAIL EXPRESS,TRETA-RAME-CHEN-Z47-16752,47
16765,MTP TN EXPRESS,METUPALAIYAM,TUTICORIN,MAIL EXPRESS,TRETA-METU-TUTI-Z14-16765,14
16766,TN MTP EXPRESS,TUTICORIN,METUPALAIYAM,MAIL EXPRESS,TRETA-TUTI-METU-Z14-16766,14
16779,TPTY RMM EXP,TIRUPATI,RAMESWARAM,MAIL EXPRESS,TRETA-TIRU-RAME-Z23-16779,23
16780,RMM TPTY EXP,RAMESWARAM,TIRUPATI,MAIL EXPRESS,TRETA-RAME-TIRU-Z23-16780,23
16787,TEN SVDK EXPRESS,TIRUNELVELI JN,SHRI MATA VAISHNO DEVI KATRA,MAIL EXPRESS,TRETA-TIRU-SHRI-Z59-16787,59
16788,SVDK TEN EXPRES,SHRI MATA VAISHNO DEVI KATRA,TIRUNELVELI JN,MAIL EXPRESS,TRETA-SHRI-TIRU-Z62-16788,62
16791,PALARUVI EXP,TUTICORIN,PALAKKAD JN,MAIL EXPRESS,TRETA-TUTI-PALA-Z42-16791,42
16792,PALARUVI EXP,PALAKKAD JN,TUTICORIN,MAIL EXPRESS,TRETA-PALA-TUTI-Z85-16792,85
16807,TBM TPJ EXPRESS,TAMBARAM,TIRUCHCHIRAPPALLI JN.,MAIL EXPRESS,TRETA-TAMB-TIRU-Z14-16807,14
16808,TPJ TBM EXPRESS,TIRUCHCHIRAPPALLI JN.,TAMBARAM,MAIL EXPRESS,TRETA-TIRU-TAMB-Z14-16808,14
16811,MV-SA EXP,MAYILADUTURAI JN,SALEM JN,MAIL EXPRESS,TRETA-MAYI-SALE-Z44-16811,44
16812,SA-MV EXP,SALEM JN,MAYILADUTURAI JN,MAIL EXPRESS,TRETA-SALE-MAYI-Z44-16812,44
16833,MV-TPJ EXP,MAYILADUTURAI JN,TIRUCHCHIRAPPALLI JN.,MAIL EXPRESS,TRETA-MAYI-TIRU-Z07-16833,7
16834,TPJ-MV EXP,TIRUCHCHIRAPPALLI JN.,MAYILADUTURAI JN,MAIL EXPRESS,TRETA-TIRU-MAYI-Z07-16834,7
16843,TPJ-PGTN EXP,TIRUCHCHIRAPPALLI JN.,PALGHAT TOWN,MAIL EXPRESS,TRETA-TIRU-PALG-Z26-16843,26
16844,PGTN-TPJ EXP,PALGHAT TOWN,TIRUCHCHIRAPPALLI JN.,MAIL EXPRESS,TRETA-PALG-TIRU-Z24-16844,24
16845,ED-SCT EXP,ERODE JN,SENGOTTAI,MAIL EXPRESS,TRETA-EROD-SENG-Z27-16845,27
16846,SCT-ED EXP,SENGOTTAI,ERODE JN,MAIL EXPRESS,TRETA-SENG-EROD-Z27-16846,27
16847,MV-SCT EXP,MAYILADUTURAI JN,SENGOTTAI,MAIL EXPRESS,TRETA-MAYI-SENG-Z29-16847,29
16848,SCT-MV EXP,SENGOTTAI,MAYILADUTURAI JN,MAIL EXPRESS,TRETA-SENG-MAYI-Z29-16848,29
16849,TPJ-RMM EXP,TIRUCHCHIRAPPALLI JN.,RAMESWARAM,MAIL EXPRESS,TRETA-TIRU-RAME-Z17-16849,17
16850,RMM-TPJ EXP,RAMESWARAM,TIRUCHCHIRAPPALLI JN.,MAIL EXPRESS,TRETA-RAME-TIRU-Z17-16850,17
16853,TPTY-VM EXP,TIRUPATI,VILLUPURAM JN,MAIL EXPRESS,TRETA-TIRU-VILL-Z15-16853,15
16854,VM-TPTY EXP,VILLUPURAM JN,TIRUPATI,MAIL EXPRESS,TRETA-VILL-TIRU-Z15-16854,15
16855,PDY MAQ EXP,PONDICHERRY,MANGALORE CENTRAL,MAIL EXPRESS,TRETA-POND-MANG-Z21-16855,21
16856,MAQ PDY EXPRESS,MANGALORE CENTRAL,PONDICHERRY,MAIL EXPRESS,TRETA-MANG-POND-Z21-16856,21
16857,PDY-MAQ EXP,PONDICHERRY,MANGALORE CENTRAL,MAIL EXPRESS,TRETA-POND-MANG-Z18-16857,18
16858,MAQ PDY EXPRESS,MANGALORE CENTRAL,PONDICHERRY,MAIL EXPRESS,TRETA-MANG-POND-Z18-16858,18
16861,PDY CAPE EXP,PONDICHERRY,KANNIYAKUMARI,MAIL EXPRESS,TRETA-POND-KANN-Z21-16861,21
16862,CAPE PDY EXP,KANNIYAKUMARI,PONDICHERRY,MAIL EXPRESS,TRETA-KANN-POND-Z20-16862,20
16865,UZHAVAN EXPRESS,CHENNAI EGMORE,THANJAVUR JN.,MAIL EXPRESS,TRETA-CHEN-THAN-Z15-16865,15
16866,UZHAVAN EXPRESS,THANJAVUR JN.,CHENNAI EGMORE,MAIL EXPRESS,TRETA-THAN-CHEN-Z15-16866,15
16867,VM-DG EXP,VILLUPURAM JN,DINDIGUL JN,MAIL EXPRESS,TRETA-VILL-DIND-Z25-16867,25
16868,DG-VM EXP,DINDIGUL JN,VILLUPURAM JN,MAIL EXPRESS,TRETA-DIND-VILL-Z25-16868,25
16870,VM-TPTY MEMU EXP,VILLUPURAM JN,TIRUPATI,MAIL EXPRESS,TRETA-VILL-TIRU-Z16-16870,16
17001,SNSI SC EXPRESS,SAINAGAR SHIRDI,SECUNDERABAD JN,MAIL EXPRESS,TRETA-SAIN-SECU-Z21-17001,21
17002,SC SNSI EXP,SECUNDERABAD JN,SAINAGAR SHIRDI,MAIL EXPRESS,TRETA-SECU-SAIN-Z19-17002,19
17003,KZJ-SRUR RAMGIRI,KAZIPET JN,SIRPUR TOWN,MAIL EXPRESS,TRETA-KAZI-SIRP-Z15-17003,15
17004,BPQ-KZJ RAMGIRI,BALHARSHAH,KAZIPET JN,MAIL EXPRESS,TRETA-BALH-KAZI-Z19-17004,19
17005,HYB RXL EXP,HYDERABAD,RAXAUL JN,MAIL EXPRESS,TRETA-HYDE-RAXA-Z30-17005,30
17006,RXL HYB EXPRESS,RAXAUL JN,HYDERABAD,MAIL EXPRESS,TRETA-RAXA-HYDE-Z30-17006,30
17007,CHZ DBG EXPRESS,CHARLAPALLI,DARBHANGA JN,MAIL EXPRESS,TRETA-CHAR-DARB-Z26-17007,26
17008,DBG CHZ EXPRESS,DARBHANGA JN,CHARLAPALLI,MAIL EXPRESS,TRETA-DARB-CHAR-Z26-17008,26
17009,BIDR-HYB,BIDAR,HYDERABAD,MAIL EXPRESS,TRETA-BIDA-HYDE-Z09-17009,9
17011,HYB SKZR EXP,HYDERABAD,SIRPUR KAGHAZNAGAR,MAIL EXPRESS,TRETA-HYDE-SIRP-Z21-17011,21
17012,SKZR BIDR EXP,SIRPUR KAGHAZNAGAR,BIDAR,MAIL EXPRESS,TRETA-SIRP-BIDA-Z29-17012,29
17013,HDP KZJ EXPRESS,HADAPSAR,KAZIPET JN,MAIL EXPRESS,TRETA-HADA-KAZI-Z18-17013,18
17014,KZJ HDP EXPRESS,KAZIPET JN,HADAPSAR,MAIL EXPRESS,TRETA-KAZI-HADA-Z18-17014,18
17015,VISAKHA EXPRESS,BHUBANESWAR NEW JN,SECUNDERABAD JN,MAIL EXPRESS,TRETA-BHUB-SECU-Z42-17015,42
17016,VISAKHA EXP,SECUNDERABAD JN,BHUBANESWAR NEW JN,MAIL EXPRESS,TRETA-SECU-BHUB-Z42-17016,42
17019,HSR HYB EXP,HISAR,HYDERABAD,MAIL EXPRESS,TRETA-HISA-HYDE-Z44-17019,44
17020,HYB HSR EXPRESS,HYDERABAD,HISAR,MAIL EXPRESS,TRETA-HYDE-HISA-Z45-17020,45
17021,HYB VSG EXPRESS,HYDERABAD,GUNTAKAL JN,MAIL EXPRESS,TRETA-HYDE-GUNT-Z08-17021,8
17022,VSG HYB EXP,GUNTAKAL JN,HYDERABAD,MAIL EXPRESS,TRETA-GUNT-HYDE-Z08-17022,8
17023,TUNGABHADRA EXP,KACHEGUDA,KURNOOL CITY,MAIL EXPRESS,TRETA-KACH-KURN-Z14-17023,14
17024,TUNGABHADRA EXP,KURNOOL CITY,KACHEGUDA,MAIL EXPRESS,TRETA-KURN-KACH-Z12-17024,12
17027,HUNDRY EXPRESS,HYDERABAD,KURNOOL CITY,MAIL EXPRESS,TRETA-HYDE-KURN-Z14-17027,14
17028,HUNDRY EXPRESS,KURNOOL CITY,HYDERABAD,MAIL EXPRESS,TRETA-KURN-HYDE-Z14-17028,14
17029,BJP HYB EXP,VIJAYAPURA,HYDERABAD,MAIL EXPRESS,TRETA-VIJA-HYDE-Z37-17029,37
17030,HYB BJP EXP,HYDERABAD,VIJAYAPURA,MAIL EXPRESS,TRETA-HYDE-VIJA-Z32-17030,32
17031,CHZ AGTL EXP,CHARLAPALLI,AGARTALA,MAIL EXPRESS,TRETA-CHAR-AGAR-Z36-17031,36
17032,AGTL CHZ EXPRESS,AGARTALA,CHARLAPALLI,MAIL EXPRESS,TRETA-AGAR-CHAR-Z36-17032,36
17033,BDCR-BPQ SINGARENI,BHADRACHALAM RD,BALHARSHAH,MAIL EXPRESS,TRETA-BHAD-BALH-Z32-17033,32
17034,SRUR-BDCR SINGARENI,SIRPUR TOWN,BHADRACHALAM RD,MAIL EXPRESS,TRETA-SIRP-BHAD-Z29-17034,29
17035,KZJ-BPQ,KAZIPET JN,BALHARSHAH,MAIL EXPRESS,TRETA-KAZI-BALH-Z14-17035,14
17036,BPQ-KZJ,BALHARSHAH,KAZIPET JN,MAIL EXPRESS,TRETA-BALH-KAZI-Z15-17036,15
17039,SC VSG EXPRESS,SECUNDERABAD JN,VASCO DA GAMA,MAIL EXPRESS,TRETA-SECU-VASC-Z20-17039,20
17040,VSG SC EXPRESS,VASCO DA GAMA,SECUNDERABAD JN,MAIL EXPRESS,TRETA-VASC-SECU-Z20-17040,20
17041,TVCN AMRITBHARAT,CHARLAPALLI,THIRUVANANTHAPURAM NORTH,AMRIT BHARAT,TRETA-CHAR-THIR-Z30-17041,30
17042,CHZ AMRIT BHARAT,THIRUVANANTHAPURAM NORTH,CHARLAPALLI,AMRIT BHARAT,TRETA-THIR-CHAR-Z30-17042,30
17043,SC AKP EXP,SECUNDERABAD JN,ANAKAPALLE,MAIL EXPRESS,TRETA-SECU-ANAK-Z15-17043,15
17044,AKP SC EXPRESS,ANAKAPALLE,SECUNDERABAD JN,MAIL EXPRESS,TRETA-ANAK-SECU-Z15-17044,15
17045,CHZ AKP EXPRESS,CHARLAPALLI,ANAKAPALLE,MAIL EXPRESS,TRETA-CHAR-ANAK-Z15-17045,15
17046,AKP CHZ EXPRES,ANAKAPALLE,CHARLAPALLI,MAIL EXPRESS,TRETA-ANAK-CHAR-Z15-17046,15
17047,CHZ TCNR EXP,CHARLAPALLI,TIRUCHANUR,MAIL EXPRESS,TRETA-CHAR-TIRU-Z14-17047,14
17048,TCNR CHZ EXP,TIRUCHANUR,CHARLAPALLI,MAIL EXPRESS,TRETA-TIRU-CHAR-Z14-17048,14
17049,HYDERABAD EXP,SSS HUBBALLI JN,HYDERABAD,MAIL EXPRESS,TRETA-SSS_-HYDE-Z22-17049,22
17050,HYB UBL EXP,HYDERABAD,SSS HUBBALLI JN,MAIL EXPRESS,TRETA-HYDE-SSS_-Z22-17050,22
17053,CHZ AKP EXPRESS,CHARLAPALLI,ANAKAPALLE,MAIL EXPRESS,TRETA-CHAR-ANAK-Z12-17053,12
17054,AKP CHZ EXPRESS,ANAKAPALLE,CHARLAPALLI,MAIL EXPRESS,TRETA-ANAK-CHAR-Z12-17054,12
17057,DEVAGIRI EXPRESS,C SHIVAJI MAH T,LINGAMPALLI,MAIL EXPRESS,TRETA-C_SH-LING-Z29-17057,29
17058,DEVAGIRI EXP,LINGAMPALLI,C SHIVAJI MAH T,MAIL EXPRESS,TRETA-LING-C_SH-Z28-17058,28
17059,CHZ TCNR EXP,CHARLAPALLI,TIRUCHANUR,MAIL EXPRESS,TRETA-CHAR-TIRU-Z15-17059,15
17060,TCNR CHZ EXP,TIRUCHANUR,CHARLAPALLI,MAIL EXPRESS,TRETA-TIRU-CHAR-Z15-17060,15
17061,CHZ NS EXP,CHARLAPALLI,NARASAPUR,MAIL EXPRESS,TRETA-CHAR-NARA-Z10-17061,10
17062,NS CHZ EXP,NARASAPUR,CHARLAPALLI,MAIL EXPRESS,TRETA-NARA-CHAR-Z10-17062,10
17063,AJANTA EXPRESS,MANMAD JN,KACHEGUDA,MAIL EXPRESS,TRETA-MANM-KACH-Z21-17063,21
17064,AJANTA EXP,KACHEGUDA,MANMAD JN,MAIL EXPRESS,TRETA-KACH-MANM-Z21-17064,21
17065,SHM AMRITBHARAT,CHARLAPALLI,SHALIMAR,AMRIT BHARAT,TRETA-CHAR-SHAL-Z23-17065,23
17066,CHZ AMRIT BHARAT,SHALIMAR,CHARLAPALLI,AMRIT BHARAT,TRETA-SHAL-CHAR-Z23-17066,23
17067,CHZ BBSN EXP,CHARLAPALLI,BHUBANESWAR NEW JN,MAIL EXPRESS,TRETA-CHAR-BHUB-Z22-17067,22
17068,BBSN CHZ EXP,BHUBANESWAR NEW JN,CHARLAPALLI,MAIL EXPRESS,TRETA-BHUB-CHAR-Z22-17068,22
17069,HYB CAPE EXPRESS,HYDERABAD,KANNIYAKUMARI,MAIL EXPRESS,TRETA-HYDE-KANN-Z35-17069,35
17070,CAPE HYB EXPRESS,KANNIYAKUMARI,HYDERABAD,MAIL EXPRESS,TRETA-KANN-HYDE-Z35-17070,35
17071,HYB BGM EXP,HYDERABAD,BELAGAVI,MAIL EXPRESS,TRETA-HYDE-BELA-Z21-17071,21
17072,BGM HYB EXP,BELAGAVI,HYDERABAD,MAIL EXPRESS,TRETA-BELA-HYDE-Z21-17072,21
17073,SC BGM EXPRESSS,SECUNDERABAD JN,BELAGAVI,MAIL EXPRESS,TRETA-SECU-BELA-Z21-17073,21
17074,BGM  SC EXP,BELAGAVI,SECUNDERABAD JN,MAIL EXPRESS,TRETA-BELA-SECU-Z21-17074,21
17075,CHZ BGM EXPRESS,CHARLAPALLI,BELAGAVI,MAIL EXPRESS,TRETA-CHAR-BELA-Z22-17075,22
17076,BGM CHZ EXP,BELAGAVI,CHARLAPALLI,MAIL EXPRESS,TRETA-BELA-CHAR-Z22-17076,22
17077,CHZ TPJ EXP,CHARLAPALLI,TIRUCHCHIRAPPALLI JN.,MAIL EXPRESS,TRETA-CHAR-TIRU-Z23-17077,23
17078,TPJ CHZ EXPRESS,TIRUCHCHIRAPPALLI JN.,CHARLAPALLI,MAIL EXPRESS,TRETA-TIRU-CHAR-Z23-17078,23
17079,HYB JP EXP,HYDERABAD,JAIPUR JN.,MAIL EXPRESS,TRETA-HYDE-JAIP-Z25-17079,25
17080,JP HYB EXP,JAIPUR JN.,HYDERABAD,MAIL EXPRESS,TRETA-JAIP-HYDE-Z25-17080,25
17201,GOLCONDA EXP,GUNTUR JN,SECUNDERABAD JN,MAIL EXPRESS,TRETA-GUNT-SECU-Z23-17201,23
17202,GOLCONDA EXP,SECUNDERABAD JN,GUNTUR JN,MAIL EXPRESS,TRETA-SECU-GUNT-Z24-17202,24
17205,SNSI COA EXPRESS,SAINAGAR SHIRDI,KAKINADA PORT,MAIL EXPRESS,TRETA-SAIN-KAKI-Z38-17205,38
17206,COA SNSI EXP,KAKINADA PORT,SAINAGAR SHIRDI,MAIL EXPRESS,TRETA-KAKI-SAIN-Z34-17206,34
17207,SNSI MTM EXP,SAINAGAR SHIRDI,MACHILIPATNAM,MAIL EXPRESS,TRETA-SAIN-MACH-Z35-17207,35
17208,MTM SNSI EXP,MACHILIPATNAM,SAINAGAR SHIRDI,MAIL EXPRESS,TRETA-MACH-SAIN-Z31-17208,31
17209,SESHADRI EXP,SMVT BENGALURU,KAKINADA TOWN,MAIL EXPRESS,TRETA-SMVT-KAKI-Z34-17209,34
17210,SESHADRI EXP,KAKINADA TOWN,SMVT BENGALURU,MAIL EXPRESS,TRETA-KAKI-SMVT-Z34-17210,34
17211,KONDAVEEDU EXP,MACHILIPATNAM,YESVANTPUR JN.,MAIL EXPRESS,TRETA-MACH-YESV-Z19-17211,19
17212,KONDAVEEDU EXP,YESVANTPUR JN.,MACHILIPATNAM,MAIL EXPRESS,TRETA-YESV-MACH-Z19-17212,19
17215,MTM DMM EXP,MACHILIPATNAM,DHARMAVARAM JN,MAIL EXPRESS,TRETA-MACH-DHAR-Z21-17215,21
17216,DMM MTM EXP,DHARMAVARAM JN,MACHILIPATNAM,MAIL EXPRESS,TRETA-DHAR-MACH-Z21-17216,21
17219,MTM VSKP EXP,MACHILIPATNAM,VISAKHAPATNAM,MAIL EXPRESS,TRETA-MACH-VISA-Z24-17219,24
17220,VSKP MTM EXP,VISAKHAPATNAM,MACHILIPATNAM,MAIL EXPRESS,TRETA-VISA-MACH-Z25-17220,25
17221,COA LTT EXPRESS,KAKINADA PORT,LOKMANYATILAK,MAIL EXPRESS,TRETA-KAKI-LOKM-Z23-17221,23
17222,LTT COA EXPRESS,LOKMANYATILAK,KAKINADA PORT,MAIL EXPRESS,TRETA-LOKM-KAKI-Z23-17222,23
17225,AMARAVATHI EXP,NARASAPUR,SSS HUBBALLI JN,MAIL EXPRESS,TRETA-NARA-SSS_-Z27-17225,27
17226,AMARAVATHI EXP,SSS HUBBALLI JN,NARASAPUR,MAIL EXPRESS,TRETA-SSS_-NARA-Z27-17226,27
17227,DHNE-GNT,DHONE JN,GUNTUR JN,MAIL EXPRESS,TRETA-DHON-GUNT-Z19-17227,19
17228,GNT-DHNE,GUNTUR JN,DHONE JN,MAIL EXPRESS,TRETA-GUNT-DHON-Z18-17228,18
17231,NS NSL EXP,NARASAPUR,NAGARSOL,MAIL EXPRESS,TRETA-NARA-NAGA-Z25-17231,25
17232,NSL NS EXP,NAGARSOL,NARASAPUR,MAIL EXPRESS,TRETA-NAGA-NARA-Z25-17232,25
17233,BHAGYANAGAR EXP,SECUNDERABAD JN,SIRPUR KAGHAZNAGAR,MAIL EXPRESS,TRETA-SECU-SIRP-Z27-17233,27
17234,BHAGYANAGAR EXP,SIRPUR KAGHAZNAGAR,SECUNDERABAD JN,MAIL EXPRESS,TRETA-SIRP-SECU-Z27-17234,27
17235,NAGERCOIL EXP,SMVT BENGALURU,NAGERCOIL JUNCTION,MAIL EXPRESS,TRETA-SMVT-NAGE-Z14-17235,14
17236,NCJ SMVB EXPRESS,NAGERCOIL JUNCTION,SMVT BENGALURU,MAIL EXPRESS,TRETA-NAGE-SMVT-Z14-17236,14
17237,BTTR MAS EXP,BITRAGUNTA,PURATCHI THALAIVAR DR. MGR CTL,MAIL EXPRESS,TRETA-BITR-PURA-Z13-17237,13
17238,MAS BTTR EXP,CHENNAI CENTRAL SUBURBAN STATION,BITRAGUNTA,MAIL EXPRESS,TRETA-CHEN-BITR-Z12-17238,12
17239,SIMHADRI EXP,GUNTUR JN,VISAKHAPATNAM,MAIL EXPRESS,TRETA-GUNT-VISA-Z23-17239,23
17240,SIMHADRI EXP,VISAKHAPATNAM,GUNTUR JN,MAIL EXPRESS,TRETA-VISA-GUNT-Z23-17240,23
17243,GNT RGDA EXP,GUNTUR JN,RAYAGADA,MAIL EXPRESS,TRETA-GUNT-RAYA-Z31-17243,31
17244,RGDA GNT EXP,RAYAGADA,GUNTUR JN,MAIL EXPRESS,TRETA-RAYA-GUNT-Z31-17244,31
17247,NS DMM EXP,NARASAPUR,DHARMAVARAM JN,MAIL EXPRESS,TRETA-NARA-DHAR-Z27-17247,27
17248,DMM NS EXP,DHARMAVARAM JN,NARASAPUR,MAIL EXPRESS,TRETA-DHAR-NARA-Z27-17248,27
17249,TPTY CCT EXP,TIRUPATI,KAKINADA TOWN,MAIL EXPRESS,TRETA-TIRU-KAKI-Z35-17249,35
17250,CCT TPTY EXP,KAKINADA TOWN,TIRUPATI,MAIL EXPRESS,TRETA-KAKI-TIRU-Z31-17250,31
17251,GNT KCG EXP,GUNTUR JN,KACHEGUDA,MAIL EXPRESS,TRETA-GUNT-KACH-Z32-17251,32
17252,KCG GNT EXP,KACHEGUDA,GUNTUR JN,MAIL EXPRESS,TRETA-KACH-GUNT-Z32-17252,32
17253,GNT CPSN EXPRESS,GUNTUR JN,CHHATRAPATI SAMBHAJINAGAR,MAIL EXPRESS,TRETA-GUNT-CHHA-Z76-17253,76
17254,CPSN GNT EXP,CHHATRAPATI SAMBHAJINAGAR,GUNTUR JN,MAIL EXPRESS,TRETA-CHHA-GUNT-Z77-17254,77
17255,NS LPI  EXP,NARASAPUR,LINGAMPALLI,MAIL EXPRESS,TRETA-NARA-LING-Z17-17255,17
17256,NARASAPUR EXP,LINGAMPALLI,NARASAPUR,MAIL EXPRESS,TRETA-LING-NARA-Z17-17256,17
17257,COA PASS,VIJAYAWADA JN,KAKINADA PORT,MAIL EXPRESS,TRETA-VIJA-KAKI-Z19-17257,19
17258,COA-BZA PASS,KAKINADA PORT,VIJAYAWADA JN,MAIL EXPRESS,TRETA-KAKI-VIJA-Z20-17258,20
17259,NLR-BZAPASS,NELLORE,VIJAYAWADA JN,MAIL EXPRESS,TRETA-NELL-VIJA-Z30-17259,30
17260,BZA-GDR PASS,VIJAYAWADA JN,GUDUR JN,MAIL EXPRESS,TRETA-VIJA-GUDU-Z39-17260,39
17261,GNT TPTY EXP,GUNTUR JN,TIRUPATI,MAIL EXPRESS,TRETA-GUNT-TIRU-Z19-17261,19
17262,TPTY GNT EXP,TIRUPATI,GUNTUR JN,MAIL EXPRESS,TRETA-TIRU-GUNT-Z19-17262,19
17263,BVRM-NS,BHIMAVARAM JN,NARASAPUR,MAIL EXPRESS,TRETA-BHIM-NARA-Z03-17263,3
17264,NS-BVRM,NARASAPUR,BHIMAVARAM JN,MAIL EXPRESS,TRETA-NARA-BHIM-Z03-17264,3
17267,COA-VSKP,KAKINADA PORT,VISAKHAPATNAM,MAIL EXPRESS,TRETA-KAKI-VISA-Z17-17267,17
17268,VSKP-COA,VISAKHAPATNAM,KAKINADA PORT,MAIL EXPRESS,TRETA-VISA-KAKI-Z17-17268,17
17269,BZA-NS,VIJAYAWADA JN,NARASAPUR,MAIL EXPRESS,TRETA-VIJA-NARA-Z16-17269,16
17270,NS-BZA,NARASAPUR,VIJAYAWADA JN,MAIL EXPRESS,TRETA-NARA-VIJA-Z17-17270,17
17281,GNT NS EXP,GUNTUR JN,NARASAPUR,MAIL EXPRESS,TRETA-GUNT-NARA-Z22-17281,22
17282,NS GNT EXP,NARASAPUR,GUNTUR JN,MAIL EXPRESS,TRETA-NARA-GUNT-Z21-17282,21
17289,CCT MYS EXPRESS,KAKINADA TOWN,MYSORE JN,MAIL EXPRESS,TRETA-KAKI-MYSO-Z33-17289,33
17290,MYS CCT EXP,MYSORE JN,KAKINADA TOWN,MAIL EXPRESS,TRETA-MYSO-KAKI-Z33-17290,33
17291,NS TNM WEEKLY EX,NARASAPUR,TIRUVANNAMALAI,MAIL EXPRESS,TRETA-NARA-TIRU-Z19-17291,19
17292,TNM NS EXPRESS,TIRUVANNAMALAI,NARASAPUR,MAIL EXPRESS,TRETA-TIRU-NARA-Z19-17292,19
17293,NS SMVB EXP,NARASAPUR,SMVT BENGALURU,MAIL EXPRESS,TRETA-NARA-SMVT-Z22-17293,22
17294,SMVB NS EXP,SMVT BENGALURU,NARASAPUR,MAIL EXPRESS,TRETA-SMVT-NARA-Z22-17294,22
17295,CCT HSR  EXPRESS,KAKINADA TOWN,HISAR,MAIL EXPRESS,TRETA-KAKI-HISA-Z47-17295,47
17296,HSR CCT EXP,HISAR,KAKINADA TOWN,MAIL EXPRESS,TRETA-HISA-KAKI-Z47-17296,47
17301,MYS BGM EXP,MYSORE JN,BELAGAVI,MAIL EXPRESS,TRETA-MYSO-BELA-Z19-17301,19
17302,BGM MYS EXP,BELAGAVI,MYSORE JN,MAIL EXPRESS,TRETA-BELA-MYSO-Z19-17302,19
17303,UBL-SNNR EXPRESS,SSS HUBBALLI JN,SINDHANUR,MAIL EXPRESS,TRETA-SSS_-SIND-Z16-17303,16
17304,KARATAGI-HUBBALLI EXPRESS,SINDHANUR,SSS HUBBALLI JN,MAIL EXPRESS,TRETA-SIND-SSS_-Z16-17304,16
17307,BASAVA EXPRESS,MYSORE JN,BAGALKOT,MAIL EXPRESS,TRETA-MYSO-BAGA-Z38-17307,38
17308,BASAVA EXPRESS,BAGALKOT,MYSORE JN,MAIL EXPRESS,TRETA-BAGA-MYSO-Z38-17308,38
17309,YPR VSG EXP,YESVANTPUR JN.,VASCO DA GAMA,MAIL EXPRESS,TRETA-YESV-VASC-Z20-17309,20
17310,VSG YPR EXP,VASCO DA GAMA,YESVANTPUR JN.,MAIL EXPRESS,TRETA-VASC-YESV-Z20-17310,20
17313,UBL MAS EXP,SSS HUBBALLI JN,PURATCHI THALAIVAR DR. MGR CTL,MAIL EXPRESS,TRETA-SSS_-PURA-Z10-17313,10
17314,MAS UBL EXPRESS,PURATCHI THALAIVAR DR. MGR CTL,SSS HUBBALLI JN,MAIL EXPRESS,TRETA-PURA-SSS_-Z09-17314,9
17315,VELANKANNI EXP,VASCO DA GAMA,VELLANKANNI,MAIL EXPRESS,TRETA-VASC-VELL-Z26-17315,26
17316,VASCO EXPRESS,VELLANKANNI,VASCO DA GAMA,MAIL EXPRESS,TRETA-VELL-VASC-Z26-17316,26
17317,UBL DR EXPRESS,SSS HUBBALLI JN,DADAR,MAIL EXPRESS,TRETA-SSS_-DADA-Z20-17317,20
17318,DR HUBBALLI EXP,DADAR,SSS HUBBALLI JN,MAIL EXPRESS,TRETA-DADA-SSS_-Z20-17318,20
17321,VSG JSME EXP,VASCO DA GAMA,JASIDIH JN.,MAIL EXPRESS,TRETA-VASC-JASI-Z37-17321,37
17322,JSME VSG EXP,JASIDIH JN.,VASCO DA GAMA,MAIL EXPRESS,TRETA-JASI-VASC-Z37-17322,37
17323,UBL BANARAS EXP,SSS HUBBALLI JN,BANARAS,MAIL EXPRESS,TRETA-SSS_-BANA-Z24-17323,24
17324,BNRS UBL EXPRES,BANARAS,SSS HUBBALLI JN,MAIL EXPRESS,TRETA-BANA-SSS_-Z24-17324,24
17327,UBL-KHTI EXPRESS,SSS HUBBALLI JN,KUSHTAGI,MAIL EXPRESS,TRETA-SSS_-KUSH-Z18-17327,18
17328,KHTI-UBL EXPRESS,KUSHTAGI,SSS HUBBALLI JN,MAIL EXPRESS,TRETA-KUSH-SSS_-Z18-17328,18
17329,UBL BZA EXP,SSS HUBBALLI JN,VIJAYAWADA JN,MAIL EXPRESS,TRETA-SSS_-VIJA-Z41-17329,41
17330,BZA UBL EXP,VIJAYAWADA JN,SSS HUBBALLI JN,MAIL EXPRESS,TRETA-VIJA-SSS_-Z41-17330,41
17331,MRJ-UBL UR EXP,MIRAJ JN.,SSS HUBBALLI JN,MAIL EXPRESS,TRETA-MIRA-SSS_-Z29-17331,29
17332,UBL-MRJ UR EXP,SSS HUBBALLI JN,MIRAJ JN.,MAIL EXPRESS,TRETA-SSS_-MIRA-Z29-17332,29
17333,MRJ-CLR UR EXP,MIRAJ JN.,CASTLE ROCK,MAIL EXPRESS,TRETA-MIRA-CAST-Z21-17333,21
17334,CLR-MRJ UR EXP,CASTLE ROCK,MIRAJ JN.,MAIL EXPRESS,TRETA-CAST-MIRA-Z21-17334,21
17347,UBL-CTA UR EXP,SSS HUBBALLI JN,CHITRADURG,MAIL EXPRESS,TRETA-SSS_-CHIT-Z26-17347,26
17348,CTA-UBL UR EXP,CHITRADURG,SSS HUBBALLI JN,MAIL EXPRESS,TRETA-CHIT-SSS_-Z26-17348,26
17363,UBL YNRK EXP,SSS HUBBALLI JN,YOG NAGARI RISHIKESH,MAIL EXPRESS,TRETA-SSS_-YOG_-Z31-17363,31
17364,YNRK UBL EXP,YOG NAGARI RISHIKESH,SSS HUBBALLI JN,MAIL EXPRESS,TRETA-YOG_-SSS_-Z31-17364,31
17377,BJP MAQ EXP,VIJAYAPURA,MANGALORE CENTRAL,MAIL EXPRESS,TRETA-VIJA-MANG-Z27-17377,27
17378,MAQ BJP EXPRESS,MANGALORE CENTRAL,VIJAYAPURA,MAIL EXPRESS,TRETA-MANG-VIJA-Z27-17378,27
17391,SBC SNNR EXP,KSR BENGALURU,SINDHANUR,MAIL EXPRESS,TRETA-KSR_-SIND-Z48-17391,48
17392,SNNR SBC EXP,SINDHANUR,KSR BENGALURU,MAIL EXPRESS,TRETA-SIND-KSR_-Z48-17392,48
17405,KRISHNA EXPRESS,TIRUPATI,ADILABAD,MAIL EXPRESS,TRETA-TIRU-ADIL-Z56-17405,56
17406,KRISHNA EXPRESS,ADILABAD,TIRUPATI,MAIL EXPRESS,TRETA-ADIL-TIRU-Z57-17406,57
17407,PAMANI EXPRESS,TIRUPATI,MANNARGUDI,MAIL EXPRESS,TRETA-TIRU-MANN-Z19-17407,19
17408,PAMANI EXPRESS,MANNARGUDI,TIRUPATI,MAIL EXPRESS,TRETA-MANN-TIRU-Z19-17408,19
17409,ADB-NED EXP,ADILABAD,NANDED,MAIL EXPRESS,TRETA-ADIL-NAND-Z08-17409,8
17410,NED-ADB EXP,NANDED,ADILABAD,MAIL EXPRESS,TRETA-NAND-ADIL-Z08-17410,8
17411,MAHALAXMI EXP,C SHIVAJI MAH T,KOLHAPUR,MAIL EXPRESS,TRETA-C_SH-KOLH-Z14-17411,14
17412,MAHALAXMI EXP,KOLHAPUR,C SHIVAJI MAH T,MAIL EXPRESS,TRETA-KOLH-C_SH-Z16-17412,16
17415,HARIPRIYA EXP,TIRUPATI,KOLHAPUR,MAIL EXPRESS,TRETA-TIRU-KOLH-Z28-17415,28
17416,HARIPRIYA EXP,KOLHAPUR,TIRUPATI,MAIL EXPRESS,TRETA-KOLH-TIRU-Z28-17416,28
17417,TPTY SNSI EXP,TIRUPATI,SAINAGAR SHIRDI,MAIL EXPRESS,TRETA-TIRU-SAIN-Z35-17417,35
17418,SNSI TPTY EXP,SAINAGAR SHIRDI,TIRUPATI,MAIL EXPRESS,TRETA-SAIN-TIRU-Z33-17418,33
17419,TPTY VSG  EXP,TIRUPATI,VASCO DA GAMA,MAIL EXPRESS,TRETA-TIRU-VASC-Z22-17419,22
17420,VSG TPTY EXP,VASCO DA GAMA,TIRUPATI,MAIL EXPRESS,TRETA-VASC-TIRU-Z22-17420,22
17421,TPTY QLN EXPRESS,TIRUPATI,KOLLAM JN,MAIL EXPRESS,TRETA-TIRU-KOLL-Z18-17421,18
17422,QLN TPTY EXPRESS,KOLLAM JN,TIRUPATI,MAIL EXPRESS,TRETA-KOLL-TIRU-Z18-17422,18
17423,TPTY CMGR EXP,TIRUPATI,CHIKKAMAGALURU,MAIL EXPRESS,TRETA-TIRU-CHIK-Z19-17423,19
17424,CMGR TPTY  EXP,CHIKKAMAGALURU,TIRUPATI,MAIL EXPRESS,TRETA-CHIK-TIRU-Z19-17424,19
17425,TPTY SNSI EXP,TIRUPATI,SAINAGAR SHIRDI,MAIL EXPRESS,TRETA-TIRU-SAIN-Z30-17425,30
17426,SNSI TPTY EXP,SAINAGAR SHIRDI,TIRUPATI,MAIL EXPRESS,TRETA-SAIN-TIRU-Z30-17426,30
17427,TPTY NS EXPRESS,TIRUPATI,NARASAPUR,MAIL EXPRESS,TRETA-TIRU-NARA-Z13-17427,13
17428,NS TPTY EXPRESS,NARASAPUR,TIRUPATI,MAIL EXPRESS,TRETA-NARA-TIRU-Z13-17428,13
17429,TPTY AK EXPRESS,TIRUPATI,AKOLA JN.,MAIL EXPRESS,TRETA-TIRU-AKOL-Z24-17429,24
17430,AK TPTY EXPRESS,AKOLA JN.,TIRUPATI,MAIL EXPRESS,TRETA-AKOL-TIRU-Z24-17430,24
17433,TPTY RXL EXP,TIRUPATI,RAXAUL JN,MAIL EXPRESS,TRETA-TIRU-RAXA-Z43-17433,43
17434,RXL TPTY EXP,RAXAUL JN,TIRUPATI,MAIL EXPRESS,TRETA-RAXA-TIRU-Z43-17434,43
17435,KCG-KRNT EXP,KACHEGUDA,KURNOOL CITY,MAIL EXPRESS,TRETA-KACH-KURN-Z18-17435,18
17436,KRNT-KCG EXP,KURNOOL CITY,KACHEGUDA,MAIL EXPRESS,TRETA-KURN-KACH-Z34-17436,34
17437,TPTY PVR EXP,TIRUPATI,PANDHARPUR,MAIL EXPRESS,TRETA-TIRU-PAND-Z27-17437,27
17438,PVR TIRUPATI EXP,PANDHARPUR,TIRUPATI,MAIL EXPRESS,TRETA-PAND-TIRU-Z27-17438,27
17439,CHE HUMSAFAR EXP,TIRUPATI,SRIKAKULAM ROAD,MAIL EXPRESS,TRETA-TIRU-SRIK-Z19-17439,19
17440,HUMSAFAR EXPRES,SRIKAKULAM ROAD,TIRUPATI,MAIL EXPRESS,TRETA-SRIK-TIRU-Z19-17440,19
17441,TPTY CHZ EXP,TIRUPATI,CHARLAPALLI,MAIL EXPRESS,TRETA-TIRU-CHAR-Z14-17441,14
17442,CHZ TPTY EXP,CHARLAPALLI,TIRUPATI,MAIL EXPRESS,TRETA-CHAR-TIRU-Z14-17442,14
17443,TPTY CHZ EXP,TIRUPATI,CHARLAPALLI,MAIL EXPRESS,TRETA-TIRU-CHAR-Z14-17443,14
17444,CHZ TPTY EXP,CHARLAPALLI,TIRUPATI,MAIL EXPRESS,TRETA-CHAR-TIRU-Z14-17444,14
17479,PURI TPTY EXP,PURI,TIRUPATI,MAIL EXPRESS,TRETA-PURI-TIRU-Z59-17479,59
17480,TPTY PURI EXP,TIRUPATI,PURI,MAIL EXPRESS,TRETA-TIRU-PURI-Z60-17480,60
17481,BSP TPTY EXP,BILASPUR JN.,TIRUPATI,MAIL EXPRESS,TRETA-BILA-TIRU-Z59-17481,59
17482,TPTY BSP EXP,TIRUPATI,BILASPUR JN.,MAIL EXPRESS,TRETA-TIRU-BILA-Z60-17482,60
17601,KCG SGNR EXP,KACHEGUDA,SHRI GANGANAGAR,MAIL EXPRESS,TRETA-KACH-SHRI-Z36-17601,36
17602,SGNR KCG EXP,SHRI GANGANAGAR,KACHEGUDA,MAIL EXPRESS,TRETA-SHRI-KACH-Z36-17602,36
17603,KCG YNK EXP,KACHEGUDA,YELAHANKA JN.,MAIL EXPRESS,TRETA-KACH-YELA-Z15-17603,15
17604,YNK KCG EXP,YELAHANKA JN.,KACHEGUDA,MAIL EXPRESS,TRETA-YELA-KACH-Z15-17604,15
17605,KCG BGKT EXPRESS,KACHEGUDA,BHAGAT KI KOTHI,MAIL EXPRESS,TRETA-KACH-BHAG-Z32-17605,32
17606,BGKT KCG EXPRESS,BHAGAT KI KOTHI,KACHEGUDA,MAIL EXPRESS,TRETA-BHAG-KACH-Z32-17606,32
17607,KCG TCNR EXP,KACHEGUDA,TIRUCHANUR,MAIL EXPRESS,TRETA-KACH-TIRU-Z10-17607,10
17608,TCNR KCG EXP,TIRUCHANUR,KACHEGUDA,MAIL EXPRESS,TRETA-TIRU-KACH-Z10-17608,10
17609,PNBE-PAU EXP,PATNA JN,PURNA JN,MAIL EXPRESS,TRETA-PATN-PURN-Z18-17609,18
17610,PAU PNBE EXP,PURNA JN,PATNA JN,MAIL EXPRESS,TRETA-PURN-PATN-Z18-17610,18
17611,RAJYARANI EXP,NANDED,C SHIVAJI MAH T,MAIL EXPRESS,TRETA-NAND-C_SH-Z16-17611,16
17612,RAJYA RANI EXP,C SHIVAJI MAH T,NANDED,MAIL EXPRESS,TRETA-C_SH-NAND-Z15-17612,15
17613,PNVL NED EXPRESS,PANVEL,NANDED,MAIL EXPRESS,TRETA-PANV-NAND-Z16-17613,16
17614,NED PNVL EXP,NANDED,PANVEL,MAIL EXPRESS,TRETA-NAND-PANV-Z15-17614,15
17615,KCG TN EXPRESS,KACHEGUDA,TUTICORIN,MAIL EXPRESS,TRETA-KACH-TUTI-Z34-17615,34
17616,TN KCG EXPRESS,TUTICORIN,KACHEGUDA,MAIL EXPRESS,TRETA-TUTI-KACH-Z34-17616,34
17617,TAPOVAN EXPRESS,C SHIVAJI MAH T,NANDED,MAIL EXPRESS,TRETA-C_SH-NAND-Z20-17617,20
17618,TAPOVAN EXPRESS,NANDED,C SHIVAJI MAH T,MAIL EXPRESS,TRETA-NAND-C_SH-Z20-17618,20
17619,CPSN NED EXP,CHHATRAPATI SAMBHAJINAGAR,NANDED,MAIL EXPRESS,TRETA-CHHA-NAND-Z04-17619,4
17620,NED CPSN EXP,NANDED,CHHATRAPATI SAMBHAJINAGAR,MAIL EXPRESS,TRETA-NAND-CHHA-Z07-17620,7
17621,CPSN TPTY EXP,CHHATRAPATI SAMBHAJINAGAR,TIRUPATI,MAIL EXPRESS,TRETA-CHHA-TIRU-Z25-17621,25
17622,TPTY CPSN EXP,TIRUPATI,CHHATRAPATI SAMBHAJINAGAR,MAIL EXPRESS,TRETA-TIRU-CHHA-Z25-17622,25
17625,KCG RAL EXP,KACHEGUDA,REPALLE,MAIL EXPRESS,TRETA-KACH-REPA-Z13-17625,13
17626,RAL VKB EXP,REPALLE,VIKARABAD JN,MAIL EXPRESS,TRETA-REPA-VIKA-Z20-17626,20
17629,HDP NANDED EXP,HADAPSAR,NANDED,MAIL EXPRESS,TRETA-HADA-NAND-Z12-17629,12
17630,NED HDP EXP,NANDED,HADAPSAR,MAIL EXPRESS,TRETA-NAND-HADA-Z12-17630,12
17631,NED TPU EXPRESS,NANDED,TANAKPUR,MAIL EXPRESS,TRETA-NAND-TANA-Z23-17631,23
17632,TPU NED EXPRESS,TANAKPUR,NANDED,MAIL EXPRESS,TRETA-TANA-NAND-Z23-17632,23
17633,NED TCNR EXP,NANDED,TIRUCHANUR,MAIL EXPRESS,TRETA-NAND-TIRU-Z18-17633,18
17634,TCNR NED EXP,TIRUCHANUR,NANDED,MAIL EXPRESS,TRETA-TIRU-NAND-Z18-17634,18
17635,NED DMM EXP,NANDED,DHARMAVARAM JN,MAIL EXPRESS,TRETA-NAND-DHAR-Z24-17635,24
17636,DMM NED EXP,DHARMAVARAM JN,NANDED,MAIL EXPRESS,TRETA-DHAR-NAND-Z24-17636,24
17637,J TCNR EXP,JALNA,TIRUCHANUR,MAIL EXPRESS,TRETA-JALN-TIRU-Z22-17637,22
17638,TCNR J EXP,TIRUCHANUR,JALNA,MAIL EXPRESS,TRETA-TIRU-JALN-Z22-17638,22
17639,KCG AK EXPRESS,KACHEGUDA,AKOLA JN.,MAIL EXPRESS,TRETA-KACH-AKOL-Z19-17639,19
17640,AK KCG EXPRESS,AKOLA JN.,KACHEGUDA,MAIL EXPRESS,TRETA-AKOL-KACH-Z19-17640,19
17641,KCG NRKR EXP,KACHEGUDA,NARKHER,MAIL EXPRESS,TRETA-KACH-NARK-Z27-17641,27
17642,NRKR KCG EXP,NARKHER,KACHEGUDA,MAIL EXPRESS,TRETA-NARK-KACH-Z27-17642,27
17643,CIRCAR EXPRESS,CHENGALPATTU JN.,KAKINADA PORT,MAIL EXPRESS,TRETA-CHEN-KAKI-Z33-17643,33
17644,CIRCAR EXPRESS,KAKINADA PORT,CHENGALPATTU JN.,MAIL EXPRESS,TRETA-KAKI-CHEN-Z33-17644,33
17645,SC RAL EXP,SECUNDERABAD JN,REPALLE,MAIL EXPRESS,TRETA-SECU-REPA-Z20-17645,20
17646,RAL SC EXPRESS,REPALLE,SECUNDERABAD JN,MAIL EXPRESS,TRETA-REPA-SECU-Z21-17646,21
17647,HYB PAU EXPRESS,HYDERABAD,PURNA JN,MAIL EXPRESS,TRETA-HYDE-PURN-Z34-17647,34
17648,PAU HYB EXPRESS,PURNA JN,HYDERABAD,MAIL EXPRESS,TRETA-PURN-HYDE-Z34-17648,34
17651,KACHEGUDA EXP,CHENGALPATTU JN.,KACHEGUDA,MAIL EXPRESS,TRETA-CHEN-KACH-Z21-17651,21
17652,KCG CGL EXPRESS,KACHEGUDA,CHENGALPATTU JN.,MAIL EXPRESS,TRETA-KACH-CHEN-Z22-17652,22
17653,KCG PDY EXPRESS,KACHEGUDA,PONDICHERRY,MAIL EXPRESS,TRETA-KACH-POND-Z24-17653,24
17654,PDY KCG EXP,PONDICHERRY,KACHEGUDA,MAIL EXPRESS,TRETA-POND-KACH-Z24-17654,24
17655,COA PDY EXPRESS,KAKINADA PORT,PONDICHERRY,MAIL EXPRESS,TRETA-KAKI-POND-Z36-17655,36
17656,PDY COA EXP,PONDICHERRY,KAKINADA PORT,MAIL EXPRESS,TRETA-POND-KAKI-Z36-17656,36
17659,SC BDCR EXP,SECUNDERABAD JN,BHADRACHALAM RD,MAIL EXPRESS,TRETA-SECU-BHAD-Z26-17659,26
17660,BDCR SC EXP,BHADRACHALAM RD,SECUNDERABAD JN,MAIL EXPRESS,TRETA-BHAD-SECU-Z29-17660,29
17661,KCG NSL EXP,KACHEGUDA,NAGARSOL,MAIL EXPRESS,TRETA-KACH-NAGA-Z80-17661,80
17662,NSL KCG EXP,NAGARSOL,KACHEGUDA,MAIL EXPRESS,TRETA-NAGA-KACH-Z80-17662,80
17663,RC J EXPRESS,RAICHUR,JALNA,MAIL EXPRESS,TRETA-RAIC-JALN-Z30-17663,30
17664,J RC EXPRESS,JALNA,RAICHUR,MAIL EXPRESS,TRETA-JALN-RAIC-Z32-17664,32
17665,NED LTT EXPRESS,NANDED,LOKMANYATILAK,MAIL EXPRESS,TRETA-NAND-LOKM-Z13-17665,13
17666,LTT NED EXP,LOKMANYATILAK,NANDED,MAIL EXPRESS,TRETA-LOKM-NAND-Z13-17666,13
17667,NED LTT EXP,NANDED,LOKMANYATILAK,MAIL EXPRESS,TRETA-NAND-LOKM-Z12-17667,12
17668,LTT NED EXPRESS,LOKMANYATILAK,NANDED,MAIL EXPRESS,TRETA-LOKM-NAND-Z12-17668,12
17683,AK-PAU,AKOLA JN.,PURNA JN,MAIL EXPRESS,TRETA-AKOL-PURN-Z04-17683,4
17684,PAU-AK,PURNA JN,AKOLA JN.,MAIL EXPRESS,TRETA-PURN-AKOL-Z04-17684,4
17687,MARATHWADA EXP,MANMAD JN,DHARMABAD,MAIL EXPRESS,TRETA-MANM-DHAR-Z22-17687,22
17688,MARATHWADA EXP,DHARMABAD,MANMAD JN,MAIL EXPRESS,TRETA-DHAR-MANM-Z22-17688,22
17693,KCG-RC PASS,KACHEGUDA,RAICHUR,MAIL EXPRESS,TRETA-KACH-RAIC-Z19-17693,19
17694,RC-KCG,RAICHUR,KACHEGUDA,MAIL EXPRESS,TRETA-RAIC-KACH-Z18-17694,18
18003,HWH-ADRA RANI SHIROMONI,HOWRAH JN,ADRA,MAIL EXPRESS,TRETA-HOWR-ADRA-Z27-18003,27
18004,ADRA-HWH RANI SHIROMONI,ADRA,HOWRAH JN,MAIL EXPRESS,TRETA-ADRA-HOWR-Z27-18004,27
18005,SAMBALESWARI EX,HOWRAH JN,JAGDALPUR,MAIL EXPRESS,TRETA-HOWR-JAGD-Z39-18005,39
18006,SAMALESWARI EXP,JAGDALPUR,HOWRAH JN,MAIL EXPRESS,TRETA-JAGD-HOWR-Z39-18006,39
18007,SHM-VZR SIMLIPAL EXPRESS,SHALIMAR,BHANJPUR,MAIL EXPRESS,TRETA-SHAL-BHAN-Z14-18007,14
18008,VZR-SHM SIMLIPAL EXPRESS,BHANJPUR,SHALIMAR,MAIL EXPRESS,TRETA-BHAN-SHAL-Z14-18008,14
18009,SRC AII EXPRESS,SANTRAGACHI JN,AJMER JN,MAIL EXPRESS,TRETA-SANT-AJME-Z22-18009,22
18010,SANTRAGACHI EXP,AJMER JN,SANTRAGACHI JN,MAIL EXPRESS,TRETA-AJME-SANT-Z23-18010,23
18011,HWH CKP EXP,HOWRAH JN,CHAKARADHARPUR,MAIL EXPRESS,TRETA-HOWR-CHAK-Z39-18011,39
18012,CKP HWH EXP,CHAKARADHARPUR,HOWRAH JN,MAIL EXPRESS,TRETA-CHAK-HOWR-Z39-18012,39
18013,HWH BKSC EXP,ADRA,BOKARO STEEL CITY,MAIL EXPRESS,TRETA-ADRA-BOKA-Z11-18013,11
18014,BKSC HWH EXP,BOKARO STEEL CITY,ADRA,MAIL EXPRESS,TRETA-BOKA-ADRA-Z11-18014,11
18015,SHM VZR EXP,SHALIMAR,BHANJPUR,MAIL EXPRESS,TRETA-SHAL-BHAN-Z14-18015,14
18016,VZR SHM EXP,BHANJPUR,SHALIMAR,MAIL EXPRESS,TRETA-BHAN-SHAL-Z14-18016,14
18017,VZR PURI EXP,BHANJPUR,PURI,MAIL EXPRESS,TRETA-BHAN-PURI-Z11-18017,11
18018,PURI VZR EXPRESS,PURI,BHANJPUR,MAIL EXPRESS,TRETA-PURI-BHAN-Z11-18018,11
18019,JGM-DHN MEMU EXP,JHARGRAM,DHANBAD JN,MAIL EXPRESS,TRETA-JHAR-DHAN-Z46-18019,46
18020,DHN-JGM MEMU EXP,DHANBAD JN,JHARGRAM,MAIL EXPRESS,TRETA-DHAN-JHAR-Z46-18020,46
18021,KGP KUR EXP,KHARAGPUR JN,KHURDA ROAD JN,MAIL EXPRESS,TRETA-KHAR-KHUR-Z34-18021,34
18022,KUR KGP EXP,KHURDA ROAD JN,KHARAGPUR JN,MAIL EXPRESS,TRETA-KHUR-KHAR-Z33-18022,33
18023,KGP-GOMO EXP,KHARAGPUR JN,NSC BOSE J GOMO,MAIL EXPRESS,TRETA-KHAR-NSC_-Z39-18023,39
18024,GOMO-KGP EXP,NSC BOSE J GOMO,KHARAGPUR JN,MAIL EXPRESS,TRETA-NSC_-KHAR-Z39-18024,39
18027,KGP-ASN MEMU EXP,KHARAGPUR JN,ASANSOL JN.,MAIL EXPRESS,TRETA-KHAR-ASAN-Z30-18027,30
18028,ASN-KGP MEMU EXP,ASANSOL JN.,KHARAGPUR JN,MAIL EXPRESS,TRETA-ASAN-KHAR-Z30-18028,30
18029,LTT SHALIMAR EXP,LOKMANYATILAK,SHALIMAR,MAIL EXPRESS,TRETA-LOKM-SHAL-Z71-18029,71
18030,SHM LTT EXPRESS,SHALIMAR,LOKMANYATILAK,MAIL EXPRESS,TRETA-SHAL-LOKM-Z70-18030,70
18033,HWH-GTS MEMU EXP,HOWRAH JN,GHATSILA,MAIL EXPRESS,TRETA-HOWR-GHAT-Z21-18033,21
18034,GTS-HWH MEMU EXP,GHATSILA,HOWRAH JN,MAIL EXPRESS,TRETA-GHAT-HOWR-Z21-18034,21
18035,KGP HTE EXP,KHARAGPUR JN,HATIA,MAIL EXPRESS,TRETA-KHAR-HATI-Z43-18035,43
18036,HTE KGP EXP,HATIA,KHARAGPUR JN,MAIL EXPRESS,TRETA-HATI-KHAR-Z43-18036,43
18037,KGP JJKR EXPRESS,KHARAGPUR JN,JAJPUR K ROAD,MAIL EXPRESS,TRETA-KHAR-JAJP-Z35-18037,35
18038,JJKR  KGP  EXP,JAJPUR K ROAD,KHARAGPUR JN,MAIL EXPRESS,TRETA-JAJP-KHAR-Z35-18038,35
18039,SHM PURI  EXP,SHALIMAR,PURI,MAIL EXPRESS,TRETA-SHAL-PURI-Z10-18039,10
18040,PURI SHM EXPRESS,PURI,SHALIMAR,MAIL EXPRESS,TRETA-PURI-SHAL-Z21-18040,21
18041,SHM MAS EXP,SHALIMAR,PURATCHI THALAIVAR DR. MGR CTL,MAIL EXPRESS,TRETA-SHAL-PURA-Z16-18041,16
18042,MAS SHM EXPRESS,PURATCHI THALAIVAR DR. MGR CTL,SHALIMAR,MAIL EXPRESS,TRETA-PURA-SHAL-Z16-18042,16
18043,HWH-BHC BAGHAJATIN EXP,HOWRAH JN,BHADRAKH,MAIL EXPRESS,TRETA-HOWR-BHAD-Z79-18043,79
18044,BHC-HWH BAGHAJATIN EXP,BHADRAKH,HOWRAH JN,MAIL EXPRESS,TRETA-BHAD-HOWR-Z39-18044,39
18045,EAST COAST EXP,SHALIMAR,CHARLAPALLI,MAIL EXPRESS,TRETA-SHAL-CHAR-Z111-18045,111
18046,EAST COAST EXP,CHARLAPALLI,SHALIMAR,MAIL EXPRESS,TRETA-CHAR-SHAL-Z113-18046,113
18047,AMARAVATI EXP,SHALIMAR,VASCO DA GAMA,MAIL EXPRESS,TRETA-SHAL-VASC-Z85-18047,85
18048,VSG SHM EXP,VASCO DA GAMA,SHALIMAR,MAIL EXPRESS,TRETA-VASC-SHAL-Z85-18048,85
18049,SHM BMPR EXP,SHALIMAR,BADAMPAHAR,MAIL EXPRESS,TRETA-SHAL-BADA-Z19-18049,19
18050,BMPR SHM EXP,BADAMPAHAR,SHALIMAR,MAIL EXPRESS,TRETA-BADA-SHAL-Z09-18050,9
18051,BMPR ROU EXP,BADAMPAHAR,ROURKELA,MAIL EXPRESS,TRETA-BADA-ROUR-Z10-18051,10
18052,ROU BMPR EXP,ROURKELA,BADAMPAHAR,MAIL EXPRESS,TRETA-ROUR-BADA-Z10-18052,10
18063,SRC YNK  AC EXP,SANTRAGACHI JN,YELAHANKA JN.,MAIL EXPRESS,TRETA-SANT-YELA-Z26-18063,26
18064,YNK SRC EXPRESS,YELAHANKA JN.,SANTRAGACHI JN,MAIL EXPRESS,TRETA-YELA-SANT-Z26-18064,26
18085,KGP-RNC MEMU EXP,KHARAGPUR JN,RANCHI,MAIL EXPRESS,TRETA-KHAR-RANC-Z29-18085,29
18086,RNC-KGP MEMU EXP,RANCHI,KHARAGPUR JN,MAIL EXPRESS,TRETA-RANC-KHAR-Z29-18086,29
18101,TATA JAT EXP,TATANAGAR JN,JAMMUTAVI,MAIL EXPRESS,TRETA-TATA-JAMM-Z61-18101,61
18102,JAT TATA EXPRESS,JAMMUTAVI,TATANAGAR JN,MAIL EXPRESS,TRETA-JAMM-TATA-Z62-18102,62
18103,JALIANWALABAG EX,TATANAGAR JN,AMRITSAR,MAIL EXPRESS,TRETA-TATA-AMRI-Z27-18103,27
18104,ASR TATA EXP,AMRITSAR,TATANAGAR JN,MAIL EXPRESS,TRETA-AMRI-TATA-Z27-18104,27
18105,ROU JYG EXP,ROURKELA,JAYNAGAR,MAIL EXPRESS,TRETA-ROUR-JAYN-Z15-18105,15
18106,JYG ROU EXP,JAYNAGAR,ROURKELA,MAIL EXPRESS,TRETA-JAYN-ROUR-Z15-18106,15
18107,INTERCITY EXP,ROURKELA,JAGDALPUR,MAIL EXPRESS,TRETA-ROUR-JAGD-Z18-18107,18
18108,JDB ROU EXPRESS,JAGDALPUR,ROURKELA,MAIL EXPRESS,TRETA-JAGD-ROUR-Z18-18108,18
18109,TATA  NITR EXP,TATANAGAR JN,NETAJI SUBHASH,MAIL EXPRESS,TRETA-TATA-NETA-Z62-18109,62
18110,NITR TATA EXP,NETAJI SUBHASH,TATANAGAR JN,MAIL EXPRESS,TRETA-NETA-TATA-Z69-18110,69
18111,TATA YPR EXP,TATANAGAR JN,YESVANTPUR JN.,MAIL EXPRESS,TRETA-TATA-YESV-Z40-18111,40
18112,YPR TATA EXP,YESVANTPUR JN.,TATANAGAR JN,MAIL EXPRESS,TRETA-YESV-TATA-Z39-18112,39
18113,TATA BSP EXPRESS,TATANAGAR JN,BILASPUR JN.,MAIL EXPRESS,TRETA-TATA-BILA-Z41-18113,41
18114,BSP TATA EXPRESS,BILASPUR JN.,TATANAGAR JN,MAIL EXPRESS,TRETA-BILA-TATA-Z41-18114,41
18115,GMO - CKP MEMU EXP,NSC BOSE J GOMO,CHAKARADHARPUR,MAIL EXPRESS,TRETA-NSC_-CHAK-Z38-18115,38
18116,CKP - GMO MEMU EXP,CHAKARADHARPUR,NSC BOSE J GOMO,MAIL EXPRESS,TRETA-CHAK-NSC_-Z38-18116,38
18117,RAJYARANI EXP,ROURKELA,GUNUPUR,MAIL EXPRESS,TRETA-ROUR-GUNU-Z25-18117,25
18118,RAJYARANI EXP,GUNUPUR,ROURKELA,MAIL EXPRESS,TRETA-GUNU-ROUR-Z24-18118,24
18119,TATA JYG EXPRESS,TATANAGAR JN,JAYNAGAR,MAIL EXPRESS,TRETA-TATA-JAYN-Z17-18119,17
18120,JYG TATA EXP,JAYNAGAR,TATANAGAR JN,MAIL EXPRESS,TRETA-JAYN-TATA-Z17-18120,17
18125,ROU-PURI EXPRESS,ROURKELA,PURI,MAIL EXPRESS,TRETA-ROUR-PURI-Z78-18125,78
18126,PURI-ROU EXPRESS,PURI,ROURKELA,MAIL EXPRESS,TRETA-PURI-ROUR-Z77-18126,77
18175,HTE-JSG MEMU,HATIA,JHARSUGUDA JN,MAIL EXPRESS,TRETA-HATI-JHAR-Z32-18175,32
18176,JSG-HTE MEMU EXP,JHARSUGUDA JN,HATIA,MAIL EXPRESS,TRETA-JHAR-HATI-Z32-18176,32
18181,TATA THE EXP,TATANAGAR JN,THAWE JN,MAIL EXPRESS,TRETA-TATA-THAW-Z77-18181,77
18182,THE TATA EXP,THAWE JN,TATANAGAR JN,MAIL EXPRESS,TRETA-THAW-TATA-Z38-18182,38
18183,TATA BXR EXP,TATANAGAR JN,BUXAR,MAIL EXPRESS,TRETA-TATA-BUXA-Z38-18183,38
18184,BXR TATA EXP,BUXAR,TATANAGAR JN,MAIL EXPRESS,TRETA-BUXA-TATA-Z37-18184,37
18185,TATA GODDA EXP,TATANAGAR JN,GODDA,MAIL EXPRESS,TRETA-TATA-GODD-Z24-18185,24
18186,GODDA TATA  EXP,GODDA,TATANAGAR JN,MAIL EXPRESS,TRETA-GODD-TATA-Z22-18186,22
18189,TATA ERS EXP,TATANAGAR JN,ERNAKULAM JN,MAIL EXPRESS,TRETA-TATA-ERNA-Z52-18189,52
18190,ERS TATA EXP,ERNAKULAM JN,TATANAGAR JN,MAIL EXPRESS,TRETA-ERNA-TATA-Z52-18190,52
18201,DURG NTV EXP,DURG,NAUTANWA,MAIL EXPRESS,TRETA-DURG-NAUT-Z25-18201,25
18202,NTV DURG EXP,NAUTANWA,DURG,MAIL EXPRESS,TRETA-NAUT-DURG-Z25-18202,25
18203,BETWA EXPRESS,DURG,KANPUR CENTRAL,MAIL EXPRESS,TRETA-DURG-KANP-Z20-18203,20
18204,BETWA EXPRESS,KANPUR CENTRAL,DURG,MAIL EXPRESS,TRETA-KANP-DURG-Z20-18204,20
18205,DURG NTV EXP,DURG,NAUTANWA,MAIL EXPRESS,TRETA-DURG-NAUT-Z26-18205,26
18206,NTV DURG EXP,NAUTANWA,DURG,MAIL EXPRESS,TRETA-NAUT-DURG-Z26-18206,26
18207,DURG AII EXPRESS,DURG,AJMER JN,MAIL EXPRESS,TRETA-DURG-AJME-Z23-18207,23
18208,AII DURG EXP,AJMER JN,DURG,MAIL EXPRESS,TRETA-AJME-DURG-Z23-18208,23
18213,DURG AII EXP,DURG,AJMER JN,MAIL EXPRESS,TRETA-DURG-AJME-Z20-18213,20
18214,AII DURG EXP,AJMER JN,DURG,MAIL EXPRESS,TRETA-AJME-DURG-Z20-18214,20
18233,INDB BSP EXP,INDORE JN,BILASPUR JN.,MAIL EXPRESS,TRETA-INDO-BILA-Z52-18233,52
18234,NARMADA EXPRESS,BILASPUR JN.,INDORE JN,MAIL EXPRESS,TRETA-BILA-INDO-Z53-18234,53
18235,BPL BSP EXP PAS,BHOPAL JN.,BILASPUR JN.,MAIL EXPRESS,TRETA-BHOP-BILA-Z49-18235,49
18236,BSP BPL PAS EXP,BILASPUR JN.,BHOPAL JN.,MAIL EXPRESS,TRETA-BILA-BHOP-Z49-18236,49
18237,CHATTISGARH EXP,KORBA,AMRITSAR,MAIL EXPRESS,TRETA-KORB-AMRI-Z91-18237,91
18238,CHHATISGARH EXP,AMRITSAR,BILASPUR JN.,MAIL EXPRESS,TRETA-AMRI-BILA-Z84-18238,84
18239,SHIVNATH EXPRES,GEVRA ROAD,NETAJI SUBHASH,MAIL EXPRESS,TRETA-GEVR-NETA-Z59-18239,59
18240,SHIVNATH EXPRES,NETAJI SUBHASH,KORBA,MAIL EXPRESS,TRETA-NETA-KORB-Z20-18240,20
18241,DURG ABKP EXP,DURG,AMBIKAPUR,MAIL EXPRESS,TRETA-DURG-AMBI-Z20-18241,20
18242,ABKP DURG EXP,AMBIKAPUR,DURG,MAIL EXPRESS,TRETA-AMBI-DURG-Z20-18242,20
18247,BSP REWA EXPRESS,BILASPUR JN.,REWA,MAIL EXPRESS,TRETA-BILA-REWA-Z27-18247,27
18248,REWA BSP EXP,REWA,BILASPUR JN.,MAIL EXPRESS,TRETA-REWA-BILA-Z27-18248,27
18249,HASDEO EXPRESS,RAIPUR JN.,KORBA,MAIL EXPRESS,TRETA-RAIP-KORB-Z08-18249,8
18250,HASDEO EXPRESS,KORBA,RAIPUR JN.,MAIL EXPRESS,TRETA-KORB-RAIP-Z08-18250,8
18257,BSP CHRM EXPRES,BILASPUR JN.,CHIRMIRI,MAIL EXPRESS,TRETA-BILA-CHIR-Z12-18257,12
18258,CHRM BSP EXPRES,CHIRMIRI,BILASPUR JN.,MAIL EXPRESS,TRETA-CHIR-BILA-Z12-18258,12
18261,BSP YNK EXPRESS,BILASPUR JN.,YELAHANKA JN.,MAIL EXPRESS,TRETA-BILA-YELA-Z26-18261,26
18262,YNK-BSP EXPRESS,YELAHANKA JN,BILASPUR JN,MAIL EXPRESS,TRETA-YELA-BILA-Z26-18262,26
18301,SBP RGDA EXPRES,SAMBALPUR JN.,RAYAGADA,MAIL EXPRESS,TRETA-SAMB-RAYA-Z20-18301,20
18302,RGDA SBP EXPRESS,RAYAGADA,SAMBALPUR JN.,MAIL EXPRESS,TRETA-RAYA-SAMB-Z20-18302,20
18303,SBP PURI INT EXP,SAMBALPUR JN.,PURI,MAIL EXPRESS,TRETA-SAMB-PURI-Z14-18303,14
18304,PURI SBP INT EXP,PURI,SAMBALPUR JN.,MAIL EXPRESS,TRETA-PURI-SAMB-Z14-18304,14
18309,SBP JAT EXPRESS,SAMBALPUR JN,JAMMUTAVI,MAIL EXPRESS,TRETA-SAMB-JAMM-Z71-18309,71
18310,JAT SBP EXPRESS,JAMMUTAVI,SAMBALPUR JN,MAIL EXPRESS,TRETA-JAMM-SAMB-Z72-18310,72
18311,SBP BOUDH EXP,SAMBALPUR JN.,BOUDH,MAIL EXPRESS,TRETA-SAMB-BOUD-Z10-18311,10
18312,BOUDH SBP EXP,BOUDH,SAMBALPUR JN.,MAIL EXPRESS,TRETA-BOUD-SAMB-Z10-18312,10
18313,BOUDH BBSN EXP,BOUDH,BHUBANESWAR NEW JN,MAIL EXPRESS,TRETA-BOUD-BHUB-Z18-18313,18
18314,BBSN BOUDH EXP,BHUBANESWAR NEW JN,BOUDH,MAIL EXPRESS,TRETA-BHUB-BOUD-Z18-18314,18
18401,BGY PURI EXP,BANGRIPOSI,PURI,MAIL EXPRESS,TRETA-BANG-PURI-Z23-18401,23
18402,PURI BGY EXPRESS,PURI,BANGRIPOSI,MAIL EXPRESS,TRETA-PURI-BANG-Z23-18402,23
18403,BBS DHN EXPRESS,BHUBANESWAR,DHANBAD JN,MAIL EXPRESS,TRETA-BHUB-DHAN-Z14-18403,14
18404,DHN BBS EXPRESS,DHANBAD JN,BHUBANESWAR,MAIL EXPRESS,TRETA-DHAN-BHUB-Z14-18404,14
18405,PURI PNBE EXP,PURI,PATNA JN,MAIL EXPRESS,TRETA-PURI-PATN-Z21-18405,21
18406,PNBE PURI EXP,PATNA JN,PURI,MAIL EXPRESS,TRETA-PATN-PURI-Z21-18406,21
18407,PURI KORAPUT EXP,PURI,KORAPUT JN.,MAIL EXPRESS,TRETA-PURI-KORA-Z20-18407,20
18408,KORAPUT PURI EXP,KORAPUT JN.,PURI,MAIL EXPRESS,TRETA-KORA-PURI-Z20-18408,20
18409,JAGANNATH EXP,SHALIMAR,PURI,MAIL EXPRESS,TRETA-SHAL-PURI-Z16-18409,16
18410,SRI JAGANNATH EX,PURI,SHALIMAR,MAIL EXPRESS,TRETA-PURI-SHAL-Z16-18410,16
18413,PRDP-PURI SPECIAL,PARADEEP,PURI,MAIL EXPRESS,TRETA-PARA-PURI-Z12-18413,12
18414,PURI-PRDPEXP,PURI,PARADEEP,MAIL EXPRESS,TRETA-PURI-PARA-Z12-18414,12
18415,BARBIL PURI EXP,BARBIL,PURI,MAIL EXPRESS,TRETA-BARB-PURI-Z29-18415,29
18416,PURI BBN EXP,PURI,BARBIL,MAIL EXPRESS,TRETA-PURI-BARB-Z29-18416,29
18417,PURI GNPR EXPRE,PURI,GUNUPUR,MAIL EXPRESS,TRETA-PURI-GUNU-Z36-18417,36
18418,GNPR PURI EXP,GUNUPUR,PURI,MAIL EXPRESS,TRETA-GUNU-PURI-Z36-18418,36
18419,PURI JYG EXPRES,PURI,JAYNAGAR,MAIL EXPRESS,TRETA-PURI-JAYN-Z23-18419,23
18420,JYG PURI EXP,JAYNAGAR,PURI,MAIL EXPRESS,TRETA-JAYN-PURI-Z23-18420,23
18421,PURI SONEPUR EXP,PURI,SONEPUR,MAIL EXPRESS,TRETA-PURI-SONE-Z15-18421,15
18422,SONEPUR PURI EXP,SONEPUR,PURI,MAIL EXPRESS,TRETA-SONE-PURI-Z15-18422,15
18423,BBS-DSPL EXPRESS SPECIAL,BHUBANESWAR,DASPALLA,MAIL EXPRESS,TRETA-BHUB-DASP-Z14-18423,14
18424,DSPL-BBS EXPRESS SPECIAL,DASPALLA,BHUBANESWAR,MAIL EXPRESS,TRETA-DASP-BHUB-Z14-18424,14
18425,PURI DURG EXP,PURI,DURG,MAIL EXPRESS,TRETA-PURI-DURG-Z29-18425,29
18426,DURG PURI EXP,DURG,PURI,MAIL EXPRESS,TRETA-DURG-PURI-Z29-18426,29
18427,PURI ANVT EXP,PURI,ANAND VIHAR TERMINAL,MAIL EXPRESS,TRETA-PURI-ANAN-Z22-18427,22
18428,ANVT PURI EXP,ANAND VIHAR TERMINAL,PURI,MAIL EXPRESS,TRETA-ANAN-PURI-Z22-18428,22
18447,HIRAKHAND EXP,BHUBANESWAR,JAGDALPUR,MAIL EXPRESS,TRETA-BHUB-JAGD-Z26-18447,26
18448,HIRAKHAND EXP,JAGDALPUR,BHUBANESWAR,MAIL EXPRESS,TRETA-JAGD-BHUB-Z26-18448,26
18449,BAIDYANATH DHAM,PURI,PATNA JN,MAIL EXPRESS,TRETA-PURI-PATN-Z26-18449,26
18450,B NATH DHAM EXP,PATNA JN,PURI,MAIL EXPRESS,TRETA-PATN-PURI-Z26-18450,26
18451,TAPASWINI EXP,HATIA,PURI,MAIL EXPRESS,TRETA-HATI-PURI-Z23-18451,23
18452,TAPASWINI EXP,PURI,HATIA,MAIL EXPRESS,TRETA-PURI-HATI-Z23-18452,23
18463,PRASHANTHI EXP,BHUBANESWAR,KSR BENGALURU,MAIL EXPRESS,TRETA-BHUB-KSR_-Z93-18463,93
18464,PRASHANTHI EXP,KSR BENGALURU,BHUBANESWAR,MAIL EXPRESS,TRETA-KSR_-BHUB-Z45-18464,45
18477,UTKAL EXPRESS,PURI,YOG NAGARI RISHIKESH,MAIL EXPRESS,TRETA-PURI-YOG_-Z79-18477,79
18478,KALINGAUTKAL EXP,YOG NAGARI RISHIKESH,PURI,MAIL EXPRESS,TRETA-YOG_-PURI-Z80-18478,80
18501,VSKP QLN EXP,VISAKHAPATNAM,KOLLAM JN,MAIL EXPRESS,TRETA-VISA-KOLL-Z26-18501,26
18502,QLN VSKP EXP,KOLLAM JN,VISAKHAPATNAM,MAIL EXPRESS,TRETA-KOLL-VISA-Z26-18502,26
18503,VSKP SNSI EXP,VISAKHAPATNAM,SAINAGAR SHIRDI,MAIL EXPRESS,TRETA-VISA-SAIN-Z23-18503,23
18504,SNSI VSKP EXP,SAINAGAR SHIRDI,VISAKHAPATNAM,MAIL EXPRESS,TRETA-SAIN-VISA-Z23-18504,23
18505,VSKP TPTY EXP,VISAKHAPATNAM,TIRUPATI,MAIL EXPRESS,TRETA-VISA-TIRU-Z20-18505,20
18506,TPTY VSKP EXP,TIRUPATI,VISAKHAPATNAM,MAIL EXPRESS,TRETA-TIRU-VISA-Z20-18506,20
18507,VSKP TPTY EXP,VISAKHAPATNAM,TIRUPATI,MAIL EXPRESS,TRETA-VISA-TIRU-Z21-18507,21
18508,TPTY VSKP EXP,TIRUPATI,VISAKHAPATNAM,MAIL EXPRESS,TRETA-TIRU-VISA-Z21-18508,21
18509,VSKP SMVB EXP,VISAKHAPATNAM,SMVT BENGALURU,MAIL EXPRESS,TRETA-VISA-SMVT-Z17-18509,17
18510,SMVB VSKP EXP,SMVT BENGALURU,VISAKHAPATNAM,MAIL EXPRESS,TRETA-SMVT-VISA-Z17-18510,17
18511,INTERCITY EXP,KORAPUT JN.,VISAKHAPATNAM,MAIL EXPRESS,TRETA-KORA-VISA-Z10-18511,10
18512,INTERCITY EXP,VISAKHAPATNAM,KORAPUT JN.,MAIL EXPRESS,TRETA-VISA-KORA-Z10-18512,10
18515,VSKP KRDL EXP,VISAKHAPATNAM,KIRANDUL,MAIL EXPRESS,TRETA-VISA-KIRA-Z10-18515,10
18516,KRDL VSKP EXP,KIRANDUL,VISAKHAPATNAM,MAIL EXPRESS,TRETA-KIRA-VISA-Z10-18516,10
18517,KRBA VSKP EXP,KORBA,VISAKHAPATNAM,MAIL EXPRESS,TRETA-KORB-VISA-Z29-18517,29
18518,VSKP KRBA EXP,VISAKHAPATNAM,KORBA,MAIL EXPRESS,TRETA-VISA-KORB-Z29-18518,29
18519,VSKP LTT EXPRES,VISAKHAPATNAM,LOKMANYATILAK,MAIL EXPRESS,TRETA-VISA-LOKM-Z24-18519,24
18520,LTT VSKP EXPRESS,LOKMANYATILAK,VISAKHAPATNAM,MAIL EXPRESS,TRETA-LOKM-VISA-Z24-18520,24
18521,TIRUMALA EXP,VISAKHAPATNAM,GUNTAKAL JN,MAIL EXPRESS,TRETA-VISA-GUNT-Z39-18521,39
18522,TIRUMALA EXP,GUNTAKAL JN,VISAKHAPATNAM,MAIL EXPRESS,TRETA-GUNT-VISA-Z42-18522,42
18523,VSKP BNRS EXP,VISAKHAPATNAM,BANARAS,MAIL EXPRESS,TRETA-VISA-BANA-Z44-18523,44
18524,BNRS VSKP EXP,BANARAS,VISAKHAPATNAM,MAIL EXPRESS,TRETA-BANA-VISA-Z44-18524,44
18525,BAM VSKP EXP,BRAHMAPUR,VISAKHAPATNAM,MAIL EXPRESS,TRETA-BRAH-VISA-Z13-18525,13
18526,VSKP BAM EXP,VISAKHAPATNAM,BRAHMAPUR,MAIL EXPRESS,TRETA-VISA-BRAH-Z13-18526,13
18527,VSKP CHZ EXPRESS,VISAKHAPATNAM,CHARLAPALLI,MAIL EXPRESS,TRETA-VISA-CHAR-Z13-18527,13
18528,CHZ-VSKP WEEKLY EXPRESS,CHARLAPALLI,VISAKHAPATNAM,MAIL EXPRESS,TRETA-CHAR-VISA-Z13-18528,13
18529,DURG VSKP EXP,DURG,VISAKHAPATNAM,MAIL EXPRESS,TRETA-DURG-VISA-Z48-18529,48
18530,VSKP DURG EXP,VISAKHAPATNAM,DURG,MAIL EXPRESS,TRETA-VISA-DURG-Z46-18530,46
18567,VSKP QLN EXP,VISAKHAPATNAM,KOLLAM JN,MAIL EXPRESS,TRETA-VISA-KOLL-Z33-18567,33
18568,QLN VSKP EXPRES,KOLLAM JN,VISAKHAPATNAM,MAIL EXPRESS,TRETA-KOLL-VISA-Z33-18568,33
18573,VSKP BGKT EXP,VISAKHAPATNAM,BHAGAT KI KOTHI,MAIL EXPRESS,TRETA-VISA-BHAG-Z36-18573,36
18574,BGKT VSKP EXP,BHAGAT KI KOTHI,VISAKHAPATNAM,MAIL EXPRESS,TRETA-BHAG-VISA-Z36-18574,36
18601,TATA-HTE EXP,TATANAGAR JN,HATIA,MAIL EXPRESS,TRETA-TATA-HATI-Z28-18601,28
18602,HTE TATA EXP,HATIA,TATANAGAR JN,MAIL EXPRESS,TRETA-HATI-TATA-Z28-18602,28
18603,RNC GODA EXP,RANCHI,GODDA,MAIL EXPRESS,TRETA-RANC-GODD-Z26-18603,26
18604,GODA RNC EXP,GODDA,RANCHI,MAIL EXPRESS,TRETA-GODD-RANC-Z27-18604,27
18609,RNC LTT EXP,RANCHI,LOKMANYATILAK,MAIL EXPRESS,TRETA-RANC-LOKM-Z28-18609,28
18610,LTT RANCHI EXP,LOKMANYATILAK,RANCHI,MAIL EXPRESS,TRETA-LOKM-RANC-Z27-18610,27
18611,RNC BNRS EXP,RANCHI,BANARAS,MAIL EXPRESS,TRETA-RANC-BANA-Z27-18611,27
18612,BNRS RNC EXP,BANARAS,RANCHI,MAIL EXPRESS,TRETA-BANA-RANC-Z27-18612,27
18613,RNC CPU EXPRESS,RANCHI,CHOPAN,MAIL EXPRESS,TRETA-RANC-CHOP-Z20-18613,20
18614,CPU RNC EXPRESS,CHOPAN,RANCHI,MAIL EXPRESS,TRETA-CHOP-RANC-Z20-18614,20
18615,KRIYA YOGA EXP,HOWRAH JN,HATIA,MAIL EXPRESS,TRETA-HOWR-HATI-Z16-18615,16
18616,KRIYA YOGA EXP,HATIA,HOWRAH JN,MAIL EXPRESS,TRETA-HATI-HOWR-Z15-18616,15
18619,INTERCITY EXP,RANCHI,GODDA,MAIL EXPRESS,TRETA-RANC-GODD-Z24-18619,24
18620,INTERCITY EXP,GODDA,RANCHI,MAIL EXPRESS,TRETA-GODD-RANC-Z23-18620,23
18621,PATLIPUTRA EXP,PATNA JN,HATIA,MAIL EXPRESS,TRETA-PATN-HATI-Z44-18621,44
18622,PATALIPUTRA EXP,HATIA,PATNA JN,MAIL EXPRESS,TRETA-HATI-PATN-Z44-18622,44
18623,IPR HATIA EXP,ISLAMPUR,HATIA,MAIL EXPRESS,TRETA-ISLA-HATI-Z35-18623,35
18624,HTE IPR EXP,HATIA,ISLAMPUR,MAIL EXPRESS,TRETA-HATI-ISLA-Z34-18624,34
18625,PRNC HTE EXPRES,PURNIA COURT,HATIA,MAIL EXPRESS,TRETA-PURN-HATI-Z49-18625,49
18626,HTE PRNC EXP,HATIA,PURNIA COURT,MAIL EXPRESS,TRETA-HATI-PURN-Z49-18626,49
18627,INTERCITY EXP,HOWRAH JN,RANCHI,MAIL EXPRESS,TRETA-HOWR-RANC-Z13-18627,13
18628,INTERCITY EXP,RANCHI,HOWRAH JN,MAIL EXPRESS,TRETA-RANC-HOWR-Z13-18628,13
18629,RNC GKP EXPRESS,RANCHI,GORAKHPUR JN,MAIL EXPRESS,TRETA-RANC-GORA-Z20-18629,20
18630,GKP RNC EXP,GORAKHPUR JN,RANCHI,MAIL EXPRESS,TRETA-GORA-RANC-Z20-18630,20
18631,RNC CPU EXP,RANCHI,CHOPAN,MAIL EXPRESS,TRETA-RANC-CHOP-Z13-18631,13
18632,CPU RNC EXP,CHOPAN,RANCHI,MAIL EXPRESS,TRETA-CHOP-RANC-Z13-18632,13
18635,RNC SSM EXPRESS,RANCHI,SASARAM,MAIL EXPRESS,TRETA-RANC-SASA-Z15-18635,15
18636,RANCHI EXPRESS,SASARAM,RANCHI,MAIL EXPRESS,TRETA-SASA-RANC-Z15-18636,15
18637,HTE SMVB EXP,HATIA,SMVT BENGALURU,MAIL EXPRESS,TRETA-HATI-SMVT-Z27-18637,27
18638,SMVB HTE EXP,SMVT BENGALURU,HATIA,MAIL EXPRESS,TRETA-SMVT-HATI-Z27-18638,27
18639,ARA RNC EXP,ARA,RANCHI,MAIL EXPRESS,TRETA-ARA-RANC-Z11-18639,11
18640,RNC ARA EXP,RANCHI,ARA,MAIL EXPRESS,TRETA-RANC-ARA-Z11-18640,11
18641,HTE DURG EXP,HATIA,DURG,MAIL EXPRESS,TRETA-HATI-DURG-Z08-18641,8
18642,DURG HTE EXP,DURG,HATIA,MAIL EXPRESS,TRETA-DURG-HATI-Z08-18642,8
18755,SDL ABKP EXP,SHAHDOL,AMBIKAPUR,MAIL EXPRESS,TRETA-SHAH-AMBI-Z12-18755,12
18756,ABKP SDL EXP,AMBIKAPUR,SHAHDOL,MAIL EXPRESS,TRETA-AMBI-SHAH-Z12-18756,12
19001,VIRAR ST EXP,VIRAR,SURAT,MAIL EXPRESS,TRETA-VIRA-SURA-Z28-19001,28
19002,SURAT VR EXP,SURAT,VIRAR,MAIL EXPRESS,TRETA-SURA-VIRA-Z29-19002,29
19003,KHANDESH EXP,DADAR,BHUSAVAL JN,MAIL EXPRESS,TRETA-DADA-BHUS-Z21-19003,21
19004,KHANDESH EXP,BHUSAVAL JN,DADAR,MAIL EXPRESS,TRETA-BHUS-DADA-Z43-19004,43
19005,SURAT BSL EXP,SURAT,BHUSAVAL JN,MAIL EXPRESS,TRETA-SURA-BHUS-Z30-19005,30
19006,BSL SURAT EXP,BHUSAVAL JN,SURAT,MAIL EXPRESS,TRETA-BHUS-SURA-Z30-19006,30
19007,SURAT BSL EXP,SURAT,BHUSAVAL JN,MAIL EXPRESS,TRETA-SURA-BHUS-Z27-19007,27
19008,BSL SURAT EXP,BHUSAVAL JN,SURAT,MAIL EXPRESS,TRETA-BHUS-SURA-Z27-19008,27
19011,BL DHD EXPRESS,VALSAD,DAHOD,MAIL EXPRESS,TRETA-VALS-DAHO-Z13-19011,13
19012,DHD BL EXPRESS,DAHOD,VALSAD,MAIL EXPRESS,TRETA-DAHO-VALS-Z13-19012,13
19013,BSL KATNI EXP,BHUSAVAL JN,KATNI,MAIL EXPRESS,TRETA-BHUS-KATN-Z60-19013,60
19014,KTE BSL EXP,KATNI,BHUSAVAL JN,MAIL EXPRESS,TRETA-KATN-BHUS-Z60-19014,60
19015,SAURASHTRA EXP,DADAR,PORBANDAR,MAIL EXPRESS,TRETA-DADA-PORB-Z113-19015,113
19016,SAURASHTRA EXP,PORBANDAR,DADAR,MAIL EXPRESS,TRETA-PORB-DADA-Z55-19016,55
19017,LOK SHAKTI EXP Valid From : 12-Oct-2026,BANDRA TERMINUS,VADNAGAR,MAIL EXPRESS,TRETA-BAND-VADN-Z23-19017,23
19018,LOK SHAKTI EXP Valid From : 13-Oct-2026,VADNAGAR,BANDRA TERMINUS,MAIL EXPRESS,TRETA-VADN-BAND-Z19-19018,19
19019,BDTS HW EXP,BANDRA TERMINUS,HARIDWAR JN,MAIL EXPRESS,TRETA-BAND-HARI-Z151-19019,151
19020,HW BDTS EXP,HARIDWAR JN,BANDRA TERMINUS,MAIL EXPRESS,TRETA-HARI-BAND-Z70-19020,70
19021,BAM AMRIT BHARAT,UDHNA JN,BRAHMAPUR,AMRIT BHARAT,TRETA-UDHN-BRAH-Z31-19021,31
19022,AMRIT BHARAT EXP,BRAHMAPUR,UDHNA JN,AMRIT BHARAT,TRETA-BRAH-UDHN-Z31-19022,31
19027,JAT VIVEK EXP,BANDRA TERMINUS,JAMMUTAVI,MAIL EXPRESS,TRETA-BAND-JAMM-Z33-19027,33
19028,JAT BDTS EXP,JAMMUTAVI,BANDRA TERMINUS,MAIL EXPRESS,TRETA-JAMM-BAND-Z33-19028,33
19031,YOGA EXPRESS,SABARMATI BG,YOG NAGARI RISHIKESH,MAIL EXPRESS,TRETA-SABA-YOG_-Z44-19031,44
19032,YOGA EXPRESS,YOG NAGARI RISHIKESH,SABARMATI BG,MAIL EXPRESS,TRETA-YOG_-SABA-Z44-19032,44
19033,GUJARAT QUEEN,VALSAD,AHMEDABAD JN,MAIL EXPRESS,TRETA-VALS-AHME-Z25-19033,25
19034,GUJARAT QUEEN,AHMEDABAD JN,VALSAD,MAIL EXPRESS,TRETA-AHME-VALS-Z25-19034,25
19035,BRC - VTA INTERCITY EXP,VADODARA JN,VATVA,MAIL EXPRESS,TRETA-VADO-VATV-Z08-19035,8
19036,MAN - BRC INTERCITY EXP,MANINAGAR,VADODARA JN,MAIL EXPRESS,TRETA-MANI-VADO-Z09-19036,9
19037,AVADH EXP,BANDRA TERMINUS,BARAUNI JN,MAIL EXPRESS,TRETA-BAND-BARA-Z86-19037,86
19038,AVADH EXPRESS,BARAUNI JN,BANDRA TERMINUS,MAIL EXPRESS,TRETA-BARA-BAND-Z86-19038,86
19045,TAPTI GANGA EXP,SURAT,THAWE JN,MAIL EXPRESS,TRETA-SURA-THAW-Z39-19045,39
19046,TAPTI GANGA EXP,THAWE JN,SURAT,MAIL EXPRESS,TRETA-THAW-SURA-Z39-19046,39
19051,MFP SHRAMIK EXP,VALSAD,MUZAFFARPUR JN,MAIL EXPRESS,TRETA-VALS-MUZA-Z18-19051,18
19052,BL SHRAMIK EXP,MUZAFFARPUR JN,VALSAD,MAIL EXPRESS,TRETA-MUZA-VALS-Z18-19052,18
19053,ST MFP EXP,SURAT,MUZAFFARPUR JN,MAIL EXPRESS,TRETA-SURA-MUZA-Z28-19053,28
19054,MFP ST EXPRESS,MUZAFFARPUR JN,SURAT,MAIL EXPRESS,TRETA-MUZA-SURA-Z28-19054,28
19055,BDTS UDN EXP,BANDRA TERMINUS,UDHNA JN,MAIL EXPRESS,TRETA-BAND-UDHN-Z24-19055,24
19056,UDN BDTS EXPRESS,UDHNA JN,BANDRA TERMINUS,MAIL EXPRESS,TRETA-UDHN-BAND-Z26-19056,26
19057,SURAT MAJN EXP,SURAT,MANGALORE JUNCTION,MAIL EXPRESS,TRETA-SURA-MANG-Z37-19057,37
19058,MAJN SURAT EXP,MANGALORE JUNCTION,SURAT,MAIL EXPRESS,TRETA-MANG-SURA-Z37-19058,37
19091,GKP HUMSAFAR EX,BANDRA TERMINUS,GORAKHPUR JN,MAIL EXPRESS,TRETA-BAND-GORA-Z24-19091,24
19092,BDTS HUMSAFAR,GORAKHPUR JN,BANDRA TERMINUS,MAIL EXPRESS,TRETA-GORA-BAND-Z24-19092,24
19101,VIRAR - BH EXPRESS,VIRAR,BHARUCH JN,MAIL EXPRESS,TRETA-VIRA-BHAR-Z40-19101,40
19102,ST - VR EXPRESS,SURAT,VIRAR,MAIL EXPRESS,TRETA-SURA-VIRA-Z31-19102,31
19103,RTM-KOTA MEMU EXP,RATLAM JN,KOTA JN,MAIL EXPRESS,TRETA-RATL-KOTA-Z29-19103,29
19104,KOTA-RTM MEMU EXP,KOTA JN,RATLAM JN,MAIL EXPRESS,TRETA-KOTA-RATL-Z29-19104,29
19105,UDN PLD EXPRESS,UDHNA JN,BHUSAVAL JN,MAIL EXPRESS,TRETA-UDHN-BHUS-Z35-19105,35
19106,BSL - UDN EXPRESS,BHUSAVAL JN,UDHNA JN,MAIL EXPRESS,TRETA-BHUS-UDHN-Z35-19106,35
19107,JANMABHOOMI EXP,BHAVNAGAR TERMINUS,MARTYR CAPTAIN TUSHAR MAHAJAN,MAIL EXPRESS,TRETA-BHAV-MART-Z28-19107,28
19108,BHAVNAGAR EXP,MARTYR CAPTAIN TUSHAR MAHAJAN,BHAVNAGAR TERMINUS,MAIL EXPRESS,TRETA-MART-BHAV-Z28-19108,28
19109,KOTA -  DEEG  EXPRESS,KOTA JN,DEEG,MAIL EXPRESS,TRETA-KOTA-DEEG-Z47-19109,47
19110,AWR - KOTA EXPRESS,ALWAR JUNCTION,KOTA JN,MAIL EXPRESS,TRETA-ALWA-KOTA-Z56-19110,56
19119,GNC SMNH IC EXP,GANDHINAGAR CAPITAL,VERAVAL,MAIL EXPRESS,TRETA-GAND-VERA-Z17-19119,17
19120,SMNH ADI IC EXP,VERAVAL,GANDHINAGAR CAPITAL,MAIL EXPRESS,TRETA-VERA-GAND-Z17-19120,17
19165,SABARMATI EXP,AHMEDABAD JN,DARBHANGA JN,MAIL EXPRESS,TRETA-AHME-DARB-Z64-19165,64
19166,SABARMATI EXP,DARBHANGA JN,AHMEDABAD JN,MAIL EXPRESS,TRETA-DARB-AHME-Z64-19166,64
19167,SABARMATI EXP,AHMEDABAD JN,VARANASI CITY,MAIL EXPRESS,TRETA-AHME-VARA-Z52-19167,52
19168,SABARMATI EXP,VARANASI CITY,AHMEDABAD JN,MAIL EXPRESS,TRETA-VARA-AHME-Z52-19168,52
19201,BVC AYC EXPRESS,BHAVNAGAR TERMINUS,AYODHYA CANTT,MAIL EXPRESS,TRETA-BHAV-AYOD-Z25-19201,25
19202,AYC BVC EXPRESS,AYODHYA CANTT,BHAVNAGAR TERMINUS,MAIL EXPRESS,TRETA-AYOD-BHAV-Z25-19202,25
19203,BDTS VRL EXP,BANDRA TERMINUS,VERAVAL,MAIL EXPRESS,TRETA-BAND-VERA-Z24-19203,24
19204,VRL BDTS EXP,VERAVAL,BANDRA TERMINUS,MAIL EXPRESS,TRETA-VERA-BAND-Z24-19204,24
19205,BVC - MHV EXPRESS,BHAVANAGAR PARA,MAHUVA JN,MAIL EXPRESS,TRETA-BHAV-MAHU-Z23-19205,23
19206,MHV - BVC EXPRESS,MAHUVA JN,BHAVANAGAR PARA,MAIL EXPRESS,TRETA-MAHU-BHAV-Z23-19206,23
19207,PBR-RJT EXPRESS,PORBANDAR,RAJKOT,MAIL EXPRESS,TRETA-PORB-RAJK-Z17-19207,17
19208,RJT-PBR  EXPRESS,RAJKOT,PORBANDAR,MAIL EXPRESS,TRETA-RAJK-PORB-Z17-19208,17
19209,BVC OKHA EXP,BHAVNAGAR TERMINUS,OKHA,MAIL EXPRESS,TRETA-BHAV-OKHA-Z39-19209,39
19210,OKHA BVC EXP,OKHA,BHAVNAGAR TERMINUS,MAIL EXPRESS,TRETA-OKHA-BHAV-Z40-19210,40
19217,SAURASHTRA JANTA,BANDRA TERMINUS,VERAVAL,MAIL EXPRESS,TRETA-BAND-VERA-Z34-19217,34
19218,SAURASHTRA JANTA,VERAVAL,BANDRA TERMINUS,MAIL EXPRESS,TRETA-VERA-BAND-Z38-19218,38
19223,SBIB JAT EXP,SABARMATI BG,JAMMUTAVI,MAIL EXPRESS,TRETA-SABA-JAMM-Z51-19223,51
19224,JAT SBIB EXP,JAMMUTAVI,SABARMATI BG,MAIL EXPRESS,TRETA-JAMM-SABA-Z53-19224,53
19251,SMNH OKHA EXP,VERAVAL,OKHA,MAIL EXPRESS,TRETA-VERA-OKHA-Z16-19251,16
19252,OKHA SMNH EXP,OKHA,VERAVAL,MAIL EXPRESS,TRETA-OKHA-VERA-Z16-19252,16
19255,SURAT MAHUVA EX,SURAT,MAHUVA JN,MAIL EXPRESS,TRETA-SURA-MAHU-Z15-19255,15
19256,MAHUVA SURAT EX,MAHUVA JN,SURAT,MAIL EXPRESS,TRETA-MAHU-SURA-Z15-19256,15
19259,TVCN BVC EXPRESS,THIRUVANANTHAPURAM NORTH,BHAVNAGAR TERMINUS,MAIL EXPRESS,TRETA-THIR-BHAV-Z41-19259,41
19260,BVC TVCN EXP,BHAVNAGAR TERMINUS,THIRUVANANTHAPURAM NORTH,MAIL EXPRESS,TRETA-BHAV-THIR-Z41-19260,41
19269,PBR MFP EXPRESS,PORBANDAR,MUZAFFARPUR JN,MAIL EXPRESS,TRETA-PORB-MUZA-Z38-19269,38
19270,PBR EXPRESS,MUZAFFARPUR JN,PORBANDAR,MAIL EXPRESS,TRETA-MUZA-PORB-Z38-19270,38
19271,BVC HW EXPRESS,BHAVNAGAR TERMINUS,HARIDWAR JN,MAIL EXPRESS,TRETA-BHAV-HARI-Z37-19271,37
19272,HW BVC EXPRESS,HARIDWAR JN,BHAVNAGAR TERMINUS,MAIL EXPRESS,TRETA-HARI-BHAV-Z37-19272,37
19301,DADN YPR EXP,DR. AMBEDKAR NAGAR,YESVANTPUR JN.,MAIL EXPRESS,TRETA-DR._-YESV-Z31-19301,31
19302,YPR DADN EXP,YESVANTPUR JN.,DR. AMBEDKAR NAGAR,MAIL EXPRESS,TRETA-YESV-DR._-Z32-19302,32
19303,INDB BHOPAL  EXP,INDORE JN,BHOPAL JN.,MAIL EXPRESS,TRETA-INDO-BHOP-Z13-19303,13
19304,BPL INDB EXPRESS,BHOPAL JN.,INDORE JN,MAIL EXPRESS,TRETA-BHOP-INDO-Z13-19304,13
19305,DADN KYQ EXP,DR. AMBEDKAR NAGAR,KAMAKHYA,MAIL EXPRESS,TRETA-DR._-KAMA-Z37-19305,37
19306,KYQ DADN EXP,KAMAKHYA,DR. AMBEDKAR NAGAR,MAIL EXPRESS,TRETA-KAMA-DR._-Z37-19306,37
19307,INDB UHL EXP,INDORE JN,UNA HIMACHAL,MAIL EXPRESS,TRETA-INDO-UNA_-Z27-19307,27
19308,UHL INDB EXP,UNA HIMACHAL,INDORE JN,MAIL EXPRESS,TRETA-UNA_-INDO-Z26-19308,26
19309,SHANTI EXPRESS,GANDHINAGAR CAPITAL,INDORE JN,MAIL EXPRESS,TRETA-GAND-INDO-Z18-19309,18
19310,SHANTI EXP,INDORE JN,GANDHINAGAR CAPITAL,MAIL EXPRESS,TRETA-INDO-GAND-Z18-19310,18
19313,INDB PNBE EXP,INDORE JN,PATNA JN,MAIL EXPRESS,TRETA-INDO-PATN-Z17-19313,17
19314,INDORE EXPRESS,PATNA JN,INDORE JN,MAIL EXPRESS,TRETA-PATN-INDO-Z17-19314,17
19315,VIRBHUMI EXP,INDORE JN,ASARVA JN,MAIL EXPRESS,TRETA-INDO-ASAR-Z32-19315,32
19316,VIRBHUMI EXP,ASARVA JN,INDORE JN,MAIL EXPRESS,TRETA-ASAR-INDO-Z32-19316,32
19319,VRL INDB MAHMANA,VERAVAL,INDORE JN,MAIL EXPRESS,TRETA-VERA-INDO-Z11-19319,11
19320,INDB VRL MAHMANA,INDORE JN,VERAVAL,MAIL EXPRESS,TRETA-INDO-VERA-Z11-19320,11
19321,INDB PNBE EXP,INDORE JN,PATNA JN,MAIL EXPRESS,TRETA-INDO-PATN-Z15-19321,15
19322,PNBE INDB EXP,PATNA JN,INDORE JN,MAIL EXPRESS,TRETA-PATN-INDO-Z15-19322,15
19323,BPL INTERCITY,DR. AMBEDKAR NAGAR,BHOPAL JN.,MAIL EXPRESS,TRETA-DR._-BHOP-Z09-19323,9
19324,DADN INTERCITY,BHOPAL JN.,DR. AMBEDKAR NAGAR,MAIL EXPRESS,TRETA-BHOP-DR._-Z09-19324,9
19325,INDB AMRITSAR EX,INDORE JN,AMRITSAR,MAIL EXPRESS,TRETA-INDO-AMRI-Z25-19325,25
19326,ASR INDB EXP,AMRITSAR,INDORE JN,MAIL EXPRESS,TRETA-AMRI-INDO-Z24-19326,24
19327,RTM-UDZ EXPRESS,RATLAM JN,UDAIPUR CITY,MAIL EXPRESS,TRETA-RATL-UDAI-Z15-19327,15
19328,COR-RTM,UDAIPUR CITY,RATLAM JN,MAIL EXPRESS,TRETA-UDAI-RATL-Z15-19328,15
19333,BKN MAHAMANA EX,INDORE JN,BIKANER JN,MAIL EXPRESS,TRETA-INDO-BIKA-Z20-19333,20
19334,INDB MAHMNA EXP,BIKANER JN,INDORE JN,MAIL EXPRESS,TRETA-BIKA-INDO-Z20-19334,20
19337,INDB DEE EXP,INDORE JN,DELHI SARAI ROHILLA,MAIL EXPRESS,TRETA-INDO-DELH-Z14-19337,14
19338,DEE INDB EXP,DELHI SARAI ROHILLA,INDORE JN,MAIL EXPRESS,TRETA-DELH-INDO-Z14-19338,14
19339,DHD BPL EXP,DAHOD,BHOPAL JN.,MAIL EXPRESS,TRETA-DAHO-BHOP-Z46-19339,46
19340,BHOPAL DAHOD EX,BHOPAL JN.,DAHOD,MAIL EXPRESS,TRETA-BHOP-DAHO-Z46-19340,46
19341,NAGDA BINA  EXPRESS,NAGDA JN,BINA JN,MAIL EXPRESS,TRETA-NAGD-BINA-Z42-19341,42
19342,BINA -NAGDA EXPRESS,BINA JN,NAGDA JN,MAIL EXPRESS,TRETA-BINA-NAGD-Z42-19342,42
19343,PANCHVALLEY EXP,INDORE JN,NAINPUR JN,MAIL EXPRESS,TRETA-INDO-NAIN-Z35-19343,35
19344,PANCHVALLEY  EXP,NAINPUR JN,INDORE JN,MAIL EXPRESS,TRETA-NAIN-INDO-Z35-19344,35
19345,RTM - BHL EXPRESS,RATLAM JN,BHILWARA,MAIL EXPRESS,TRETA-RATL-BHIL-Z22-19345,22
19346,BHL - RTM EXPRESS,BHILWARA,RATLAM JN,MAIL EXPRESS,TRETA-BHIL-RATL-Z22-19346,22
19401,SBIB LUCKNOW EX,SABARMATI BG,LUCKNOW JN.,MAIL EXPRESS,TRETA-SABA-LUCK-Z25-19401,25
19402,LKO ADI EXPRESS,LUCKNOW JN.,SABARMATI BG,MAIL EXPRESS,TRETA-LUCK-SABA-Z25-19402,25
19403,BHUJ DLI EXP,BHUJ,DELHI JN.,MAIL EXPRESS,TRETA-BHUJ-DELH-Z23-19403,23
19404,DLI BHUJ EXPRESS,DELHI JN.,BHUJ,MAIL EXPRESS,TRETA-DELH-BHUJ-Z23-19404,23
19405,PNU GIMB EXP,PALANPUR JN,GANDHIDHAM BG,MAIL EXPRESS,TRETA-PALA-GAND-Z32-19405,32
19406,GIMB PNU EXP,GANDHIDHAM BG,PALANPUR JN,MAIL EXPRESS,TRETA-GAND-PALA-Z32-19406,32
19407,SBIB LGH EXP,SABARMATI BG,LALGARH JN,MAIL EXPRESS,TRETA-SABA-LALG-Z18-19407,18
19408,LGH SBIB EXP,LALGARH JN,SABARMATI BG,MAIL EXPRESS,TRETA-LALG-SABA-Z18-19408,18
19409,SBIB THAWE EXP,SABARMATI BG,GORAKHPUR JN,MAIL EXPRESS,TRETA-SABA-GORA-Z29-19409,29
19410,GKP ADI EXP,GORAKHPUR JN,SABARMATI BG,MAIL EXPRESS,TRETA-GORA-SABA-Z29-19410,29
19411,GNC DLPC EXP,GANDHINAGAR CAPITAL,DAULATPUR CHAUK,MAIL EXPRESS,TRETA-GAND-DAUL-Z44-19411,44
19412,DLPC GNC EXP,DAULATPUR CHAUK,GANDHINAGAR CAPITAL,MAIL EXPRESS,TRETA-DAUL-GAND-Z44-19412,44
19413,ADI KOLKATA EXP,AHMEDABAD JN,KOLKATTA TERMINAL,MAIL EXPRESS,TRETA-AHME-KOLK-Z28-19413,28
19414,KOAA ADI EXP,KOLKATTA TERMINAL,AHMEDABAD JN,MAIL EXPRESS,TRETA-KOLK-AHME-Z28-19414,28
19415,SBIB SVDK EXP,SABARMATI BG,SHRI MATA VAISHNO DEVI KATRA,MAIL EXPRESS,TRETA-SABA-SHRI-Z33-19415,33
19416,SVDK SBIB EXP,SHRI MATA VAISHNO DEVI KATRA,SABARMATI BG,MAIL EXPRESS,TRETA-SHRI-SABA-Z33-19416,33
19417,MMCT ADI EXPRESS,BORIVALI,VATVA,MAIL EXPRESS,TRETA-BORI-VATV-Z47-19417,47
19418,ADI MMCT EXP,AHMEDABAD JN,BORIVALI,MAIL EXPRESS,TRETA-AHME-BORI-Z56-19418,56
19419,ADI - TPJ JN EXPRESS Valid From : 24-Sep-2026,AHMEDABAD JN,TIRUCHCHIRAPPALLI JN.,MAIL EXPRESS,TRETA-AHME-TIRU-Z33-19419,33
19420,TPJ JN - ADI EXPRESS Valid From : 27-Sep-2026,TIRUCHCHIRAPPALLI JN.,AHMEDABAD JN,MAIL EXPRESS,TRETA-TIRU-AHME-Z33-19420,33
19421,ADI PNBE EXP,AHMEDABAD JN,PATNA JN,MAIL EXPRESS,TRETA-AHME-PATN-Z28-19421,28
19422,PNBE ADI EXP,PATNA JN,AHMEDABAD JN,MAIL EXPRESS,TRETA-PATN-AHME-Z28-19422,28
19423,BGP AMRIT BHARAT,AHMEDABAD JN,BHAGALPUR,AMRIT BHARAT,TRETA-AHME-BHAG-Z28-19423,28
19424,AMRIT BHARAT EXP Valid From : 28-Aug-2026,BHAGALPUR,AHMEDABAD JN,AMRIT BHARAT,TRETA-BHAG-AHME-Z28-19424,28
19425,MMCT NDB EXP,BORIVALI,NANDURBAR,MAIL EXPRESS,TRETA-BORI-NAND-Z43-19425,43
19426,NDB MMCT EXPRESS,NANDURBAR,BORIVALI,MAIL EXPRESS,TRETA-NAND-BORI-Z45-19426,45
19435,ADI ASN EXP,AHMEDABAD JN,ASANSOL JN.,MAIL EXPRESS,TRETA-AHME-ASAN-Z29-19435,29
19436,ASN ADI EXPRESS,ASANSOL JN.,AHMEDABAD JN,MAIL EXPRESS,TRETA-ASAN-AHME-Z29-19436,29
19483,ADI SHC EXP,AHMEDABAD JN,SAHARSA JN,MAIL EXPRESS,TRETA-AHME-SAHA-Z35-19483,35
19484,SHC ADI EXP,SAHARSA JN,AHMEDABAD JN,MAIL EXPRESS,TRETA-SAHA-AHME-Z35-19484,35
19489,ADI GKP EXP,AHMEDABAD JN,GORAKHPUR JN,MAIL EXPRESS,TRETA-AHME-GORA-Z21-19489,21
19490,GKP ADI EXPRESS,GORAKHPUR JN,AHMEDABAD JN,MAIL EXPRESS,TRETA-GORA-AHME-Z21-19490,21
19525,HAPA - NAHARLAGUN EXPRESS Valid From : 23-Sep-2026,HAPA,NAHARLAGUN,MAIL EXPRESS,TRETA-HAPA-NAHA-Z48-19525,48
19526,NAHARLAGUN - HAPA EXPRESS Valid From : 26-Sep-2026,NAHARLAGUN,HAPA,MAIL EXPRESS,TRETA-NAHA-HAPA-Z48-19526,48
19559,TPTY OKHA EXP,TIRUPATI,OKHA,MAIL EXPRESS,TRETA-TIRU-OKHA-Z38-19559,38
19560,OKHA TPTY EXP,OKHA,TIRUPATI,MAIL EXPRESS,TRETA-OKHA-TIRU-Z38-19560,38
19565,OKHA DDN EXP,OKHA,DEHRADOON,MAIL EXPRESS,TRETA-OKHA-DEHR-Z34-19565,34
19566,UTTARANCHAL EXP,DEHRADOON,OKHA,MAIL EXPRESS,TRETA-DEHR-OKHA-Z34-19566,34
19567,VIVEK EXPRESS,TUTICORIN,OKHA,MAIL EXPRESS,TRETA-TUTI-OKHA-Z41-19567,41
19568,VIVEK EXPRESS,OKHA,TUTICORIN,MAIL EXPRESS,TRETA-OKHA-TUTI-Z41-19568,41
19571,RJT-PBR EXP,RAJKOT,PORBANDAR,MAIL EXPRESS,TRETA-RAJK-PORB-Z17-19571,17
19572,PBR-RJT  EXPRESS,PORBANDAR,RAJKOT,MAIL EXPRESS,TRETA-PORB-RAJK-Z17-19572,17
19575,OKHA  NDT EXP,OKHA,NATHDWARA,MAIL EXPRESS,TRETA-OKHA-NATH-Z19-19575,19
19576,NDT OKHA EXP,NATHDWARA,OKHA,MAIL EXPRESS,TRETA-NATH-OKHA-Z19-19576,19
19577,TEN JAM EXPRESS Valid From : 19-Aug-2026,TIRUNELVELI JN,JAMNAGAR,MAIL EXPRESS,TRETA-TIRU-JAMN-Z33-19577,33
19578,JAM TEN EXP,JAMNAGAR,TIRUNELVELI JN,MAIL EXPRESS,TRETA-JAMN-TIRU-Z33-19578,33
19601,UDZ NJP EXP,UDAIPUR CITY,NEW JALPAIGURI,MAIL EXPRESS,TRETA-UDAI-NEW_-Z29-19601,29
19602,NJP UDZ EXPRESS,NEW JALPAIGURI,UDAIPUR CITY,MAIL EXPRESS,TRETA-NEW_-UDAI-Z30-19602,30
19603,DOZ GODA EXP,DAURAI,GODDA,MAIL EXPRESS,TRETA-DAUR-GODD-Z35-19603,35
19604,GODA  DOZ EXP,GODDA,DAURAI,MAIL EXPRESS,TRETA-GODD-DAUR-Z35-19604,35
19605,MDJN - UDZ EXP,MADAR JN,UDAIPUR CITY,MAIL EXPRESS,TRETA-MADA-UDAI-Z38-19605,38
19606,UDZ-MDJN EXP,UDAIPUR CITY,MADAR JN,MAIL EXPRESS,TRETA-UDAI-MADA-Z38-19606,38
19607,KOAA MDJN EXP,KOLKATTA TERMINAL,MADAR JN,MAIL EXPRESS,TRETA-KOLK-MADA-Z32-19607,32
19608,MDJN KOAA EXP,MADAR JN,KOLKATTA TERMINAL,MAIL EXPRESS,TRETA-MADA-KOLK-Z32-19608,32
19609,UDZ YNRK EXP,UDAIPUR CITY,YOG NAGARI RISHIKESH,MAIL EXPRESS,TRETA-UDAI-YOG_-Z37-19609,37
19610,UDAIPUR EXPRESS,YOG NAGARI RISHIKESH,UDAIPUR CITY,MAIL EXPRESS,TRETA-YOG_-UDAI-Z37-19610,37
19611,AII ASR EXP,AJMER JN,AMRITSAR,MAIL EXPRESS,TRETA-AJME-AMRI-Z30-19611,30
19612,ASR AII EXPRESS,AMRITSAR,AJMER JN,MAIL EXPRESS,TRETA-AMRI-AJME-Z30-19612,30
19613,AII ASR EXP,AJMER JN,AMRITSAR,MAIL EXPRESS,TRETA-AJME-AMRI-Z24-19613,24
19614,ASR AII EXP,AMRITSAR,AJMER JN,MAIL EXPRESS,TRETA-AMRI-AJME-Z24-19614,24
19615,KAVI GURU EXP,UDAIPUR CITY,KAMAKHYA,MAIL EXPRESS,TRETA-UDAI-KAMA-Z44-19615,44
19616,KAVI GURU EXP,KAMAKHYA,UDAIPUR CITY,MAIL EXPRESS,TRETA-KAMA-UDAI-Z44-19616,44
19617,MDJN-RE M EXP,MADAR JN,REWARI JN.,MAIL EXPRESS,TRETA-MADA-REWA-Z30-19617,30
19618,RE-MDJN EXP,REWARI JN.,MADAR JN,MAIL EXPRESS,TRETA-REWA-MADA-Z31-19618,31
19619,FL-RE EXP,PHULERA,REWARI JN.,MAIL EXPRESS,TRETA-PHUL-REWA-Z27-19619,27
19620,RE-FL PAS SPL,REWARI JN.,PHULERA,MAIL EXPRESS,TRETA-REWA-PHUL-Z27-19620,27
19621,FL-RE EXP,PHULERA,REWARI JN.,MAIL EXPRESS,TRETA-PHUL-REWA-Z25-19621,25
19622,RE-FL EXP,REWARI JN.,PHULERA,MAIL EXPRESS,TRETA-REWA-PHUL-Z26-19622,26
19623,AMRIT BHARAT EXP,MADAR JN,DARBHANGA JN,AMRIT BHARAT,TRETA-MADA-DARB-Z31-19623,31
19624,AMRIT BHARAT EXP,DARBHANGA JN,MADAR JN,AMRIT BHARAT,TRETA-DARB-MADA-Z31-19624,31
19625,AII BDTS EXPRESS,DAURAI,BANDRA TERMINUS,MAIL EXPRESS,TRETA-DAUR-BAND-Z15-19625,15
19626,BDTS DOZ EXP,BANDRA TERMINUS,DAURAI,MAIL EXPRESS,TRETA-BAND-DAUR-Z15-19626,15
19665,KURJ UDZ EXP,KHAJURAHO,UDAIPUR CITY,MAIL EXPRESS,TRETA-KHAJ-UDAI-Z34-19665,34
19666,UDZ KURJ EXP,UDAIPUR CITY,KHAJURAHO,MAIL EXPRESS,TRETA-UDAI-KHAJ-Z34-19666,34
19667,MYS HUMSAFAR EXP,UDAIPUR CITY,MYSORE JN,MAIL EXPRESS,TRETA-UDAI-MYSO-Z18-19667,18
19668,UDZ HUMSAFAR EXP,MYSORE JN,UDAIPUR CITY,MAIL EXPRESS,TRETA-MYSO-UDAI-Z18-19668,18
19669,PPTA HUMSAFAR,UDAIPUR CITY,PATLIPUTRA,MAIL EXPRESS,TRETA-UDAI-PATL-Z21-19669,21
19670,HUMSAFAR EXPRESS,PATLIPUTRA,UDAIPUR CITY,MAIL EXPRESS,TRETA-PATL-UDAI-Z21-19670,21
19701,SAINIK EXPRESS,JAIPUR JN.,DELHI CANTT,MAIL EXPRESS,TRETA-JAIP-DELH-Z22-19701,22
19702,SAINIK EXPRESS,DELHI CANTT,JAIPUR JN.,MAIL EXPRESS,TRETA-DELH-JAIP-Z21-19702,21
19711,KWP BPL EXPRESS,KHATIPURA,BHOPAL JN.,MAIL EXPRESS,TRETA-KHAT-BHOP-Z37-19711,37
19712,BPL JP EXP,BHOPAL JN.,KHATIPURA,MAIL EXPRESS,TRETA-BHOP-KHAT-Z37-19712,37
19713,JP KRNT EXP,JAIPUR JN.,KURNOOL CITY,MAIL EXPRESS,TRETA-JAIP-KURN-Z36-19713,36
19714,KRNT JP EXP,KURNOOL CITY,JAIPUR JN.,MAIL EXPRESS,TRETA-KURN-JAIP-Z35-19714,35
19715,JP GTNR EXP,JAIPUR JN.,GOMTI NAGAR,MAIL EXPRESS,TRETA-JAIP-GOMT-Z20-19715,20
19716,GTNR JP EXP,GOMTI NAGAR,JAIPUR JN.,MAIL EXPRESS,TRETA-GOMT-JAIP-Z20-19716,20
19719,JP-SOG EXP,JAIPUR JN.,SURATGARH JN,MAIL EXPRESS,TRETA-JAIP-SURA-Z54-19719,54
19720,SOG-JP EXP,SURATGARH JN,JAIPUR JN.,MAIL EXPRESS,TRETA-SURA-JAIP-Z54-19720,54
19721,JP-BTE EXP,JAIPUR JN,BHARATPUR JN,MAIL EXPRESS,TRETA-JAIP-BHAR-Z23-19721,23
19722,BTE-JP EXP,BHARATPUR JN,JAIPUR JN,MAIL EXPRESS,TRETA-BHAR-JAIP-Z23-19722,23
19723,JP BDTS EXP,JAIPUR JN.,BANDRA TERMINUS,MAIL EXPRESS,TRETA-JAIP-BAND-Z15-19723,15
19724,BDTS JP EXP,BANDRA TERMINUS,JAIPUR JN.,MAIL EXPRESS,TRETA-BAND-JAIP-Z15-19724,15
19725,DBG AMRIT BHARAT,KHATIPURA,DARBHANGA JN,AMRIT BHARAT,TRETA-KHAT-DARB-Z24-19725,24
19726,AMRIT BHARAT EXP,DARBHANGA JN,KHATIPURA,AMRIT BHARAT,TRETA-DARB-KHAT-Z24-19726,24
19735,JP MJ EXP,JAIPUR JN.,MARWAR JN,MAIL EXPRESS,TRETA-JAIP-MARW-Z32-19735,32
19736,MJ-JP EXP,MARWAR JN,JAIPUR JN.,MAIL EXPRESS,TRETA-MARW-JAIP-Z33-19736,33
19801,SGAC DNR EXP,SOGARIYA,DANAPUR,MAIL EXPRESS,TRETA-SOGA-DANA-Z15-19801,15
19802,DNR SGAC EXP,DANAPUR,SOGARIYA,MAIL EXPRESS,TRETA-DANA-SOGA-Z15-19802,15
19803,KOTA SVDK EXP,KOTA JN,SHRI MATA VAISHNO DEVI KATRA,MAIL EXPRESS,TRETA-KOTA-SHRI-Z27-19803,27
19804,KOTA EXPRESS,SHRI MATA VAISHNO DEVI KATRA,KOTA JN,MAIL EXPRESS,TRETA-SHRI-KOTA-Z27-19804,27
19807,KOTA SIRSA EXP,KOTA JN,SIRSA,MAIL EXPRESS,TRETA-KOTA-SIRS-Z27-19807,27
19808,SSA KOTA EXP,SIRSA,KOTA JN,MAIL EXPRESS,TRETA-SIRS-KOTA-Z27-19808,27
19811,KOTA ETW EXP,KOTA JN,ETAWAH JN,MAIL EXPRESS,TRETA-KOTA-ETAW-Z29-19811,29
19812,ETW KOTA EXP,ETAWAH JN,KOTA JN,MAIL EXPRESS,TRETA-ETAW-KOTA-Z30-19812,30
19813,KOTA SIRSA EXP,KOTA JN,SIRSA,MAIL EXPRESS,TRETA-KOTA-SIRS-Z25-19813,25
19814,SSA KOTA EXP,SIRSA,KOTA JN,MAIL EXPRESS,TRETA-SIRS-KOTA-Z25-19814,25
19815,MDS KOTA EXP,MANDASOR,KOTA JN,MAIL EXPRESS,TRETA-MAND-KOTA-Z10-19815,10
19816,KOTA MDS EXP,KOTA JN,MANDASOR,MAIL EXPRESS,TRETA-KOTA-MAND-Z10-19816,10
19817,RTM AF EXPRESS,RATLAM JN,AGRA FORT,MAIL EXPRESS,TRETA-RATL-AGRA-Z64-19817,64
19818,JAB RTM EXP,YAMUNA BRIDGE,RATLAM JN,MAIL EXPRESS,TRETA-YAMU-RATL-Z65-19818,65
19819,BRC-KOTA EXPRESS,VADODARA JN,KOTA JN,MAIL EXPRESS,TRETA-VADO-KOTA-Z56-19819,56
19820,KOTA-BRC EXPRESS,KOTA JN,VADODARA JN,MAIL EXPRESS,TRETA-KOTA-VADO-Z54-19820,54
19821,ASV KOTA EXPRESS,ASARVA JN,KOTA JN,MAIL EXPRESS,TRETA-ASAR-KOTA-Z20-19821,20
19822,KOTA ASV EXP,KOTA JN,ASARVA JN,MAIL EXPRESS,TRETA-KOTA-ASAR-Z20-19822,20
20101,SC VANDE BHARAT,NAGPUR JN.,SECUNDERABAD JN,VANDE BHARAT,TRETA-NAGP-SECU-Z08-20101,8
20102,NGP VANDE BHARAT,SECUNDERABAD JN,NAGPUR JN.,VANDE BHARAT,TRETA-SECU-NAGP-Z08-20102,8
20103,LTT AMH SF EXP,LOKMANYATILAK,GORAKHPUR JN,SUPERFAST,TRETA-LOKM-GORA-Z17-20103,17
20104,GKP LTT SF EXP,GORAKHPUR JN,LOKMANYATILAK,SUPERFAST,TRETA-GORA-LOKM-Z16-20104,16
20111,KONKAN KANYA EXP,C SHIVAJI MAH T,MADGAON JUNCTION,SUPERFAST,TRETA-C_SH-MADG-Z18-20111,18
20112,KONKAN KANYA EXP,MADGAON JUNCTION,C SHIVAJI MAH T,SUPERFAST,TRETA-MADG-C_SH-Z18-20112,18
20151,HDP REWA SFAST,HADAPSAR,REWA,SUPERFAST,TRETA-HADA-REWA-Z18-20151,18
20152,REWA HDP SF EXP,REWA,HADAPSAR,SUPERFAST,TRETA-REWA-HADA-Z18-20152,18
20153,CSMT REWA SF,C SHIVAJI MAH T,REWA,SUPERFAST,TRETA-C_SH-REWA-Z17-20153,17
20154,REWA CSMT SF,REWA,C SHIVAJI MAH T,SUPERFAST,TRETA-REWA-C_SH-Z17-20154,17
20155,DADN NDLS SF EXP,DR. AMBEDKAR NAGAR,NEW DELHI,SUPERFAST,TRETA-DR._-NEW_-Z15-20155,15
20156,NDLS DADN SF EXP,NEW DELHI,DR. AMBEDKAR NAGAR,SUPERFAST,TRETA-NEW_-DR._-Z15-20156,15
20159,CBE-JBP SF Valid From : 26-Oct-2026,COIMBATORE JN,JABALPUR,SUPERFAST,TRETA-COIM-JABA-Z32-20159,32
20160,JBP-CBE SF EXPRESS Valid From : 23-Oct-2026,JABALPUR,COIMBATORE JN,SUPERFAST,TRETA-JABA-COIM-Z32-20160,32
20161,PUNE JBP SF,PUNE JN,JABALPUR,SUPERFAST,TRETA-PUNE-JABA-Z13-20161,13
20162,JBP PUNE SF EXP,JABALPUR,PUNE JN,SUPERFAST,TRETA-JABA-PUNE-Z13-20162,13
20163,BDTS JBP SF EXP,BANDRA TERMINUS,JABALPUR,SUPERFAST,TRETA-BAND-JABA-Z13-20163,13
20164,JBP BDTS SF EXP,JABALPUR,BANDRA TERMINUS,SUPERFAST,TRETA-JABA-BAND-Z13-20164,13
20171,VANDE BHARAT EXP,RANI KAMALAPATI,HAZRAT NIZAMUDDIN JN,VANDE BHARAT,TRETA-RANI-HAZR-Z04-20171,4
20172,VANDE BHARAT EXP,HAZRAT NIZAMUDDIN JN,RANI KAMALAPATI,VANDE BHARAT,TRETA-HAZR-RANI-Z04-20172,4
20173,VANDE BHARAT EXP,RANI KAMALAPATI,REWA,VANDE BHARAT,TRETA-RANI-REWA-Z09-20173,9
20174,VANDE BHARAT EXP,REWA,RANI KAMALAPATI,VANDE BHARAT,TRETA-REWA-RANI-Z09-20174,9
20175,VANDE BHARAT EXP,BANARAS,AGRA CANTT JN,VANDE BHARAT,TRETA-BANA-AGRA-Z05-20175,5
20176,VANDE BHARAT EXP,AGRA CANTT JN,BANARAS,VANDE BHARAT,TRETA-AGRA-BANA-Z05-20176,5
20177,ASV AGC SF EXP,ASARVA JN,AGRA CANTT JN,SUPERFAST,TRETA-ASAR-AGRA-Z14-20177,14
20178,AGC ASV SF EXP,AGRA CANTT JN,ASARVA JN,SUPERFAST,TRETA-AGRA-ASAR-Z14-20178,14
20401,BSB LKO SF EXP,VARANASI,LUCKNOW JN.,SUPERFAST,TRETA-VARA-LUCK-Z11-20401,11
20402,LKO BSB SF EXP,LUCKNOW JN.,VARANASI,SUPERFAST,TRETA-LUCK-VARA-Z11-20402,11
20403,PRYJ LGH SF EXP,PRAYAGRAJ JN,LALGARH JN,SUPERFAST,TRETA-PRAY-LALG-Z34-20403,34
20404,LGH PRYJ SF EXP,LALGARH JN,PRAYAGRAJ JN,SUPERFAST,TRETA-LALG-PRAY-Z34-20404,34
20407,RNC NDLS RAJ EX,RANCHI,NEW DELHI,RAJDHANI,TRETA-RANC-NEW_-Z07-20407,7
20408,RNC RAJDHANI,NEW DELHI,RANCHI,RAJDHANI,TRETA-NEW_-RANC-Z07-20408,7
20409,DEC BTI SF EXP,DELHI CANTT,BATHINDA,SUPERFAST,TRETA-DELH-BATH-Z08-20409,8
20410,BTI DEC SF EXP,BATHINDA,DELHI CANTT,SUPERFAST,TRETA-BATH-DELH-Z08-20410,8
20411,DLI-SRE SUF EXP,DELHI JN.,SAHARANPUR JN.,SUPERFAST,TRETA-DELH-SAHA-Z05-20411,5
20412,SRE-DLI SUF EXP,SAHARANPUR JN.,DELHI JN.,SUPERFAST,TRETA-SAHA-DELH-Z05-20412,5
20413,MAHAKAL EXPRESS,VARANASI,INDORE JN,SUPERFAST,TRETA-VARA-INDO-Z09-20413,9
20414,MAHAKAL EXPRESS,INDORE JN,VARANASI,SUPERFAST,TRETA-INDO-VARA-Z09-20414,9
20415,MAHAKAL EXPRESS,VARANASI,INDORE JN,SUPERFAST,TRETA-VARA-INDO-Z09-20415,9
20416,MAHAKAL SUP EXP,INDORE JN,VARANASI,SUPERFAST,TRETA-INDO-VARA-Z09-20416,9
20423,PATALKOT SF EXP,SEONI,FIROZPUR CANT,SUPERFAST,TRETA-SEON-FIRO-Z42-20423,42
20424,PATALKOT EXP,FIROZPUR CANT,SEONI,SUPERFAST,TRETA-FIRO-SEON-Z42-20424,42
20433,JAMMU MAIL,SUBEDARGANJ,SHRI MATA VAISHNO DEVI KATRA,SUPERFAST,TRETA-SUBE-SHRI-Z28-20433,28
20434,JAMMU MAIL,SHRI MATA VAISHNO DEVI KATRA,SUBEDARGANJ,SUPERFAST,TRETA-SHRI-SUBE-Z28-20434,28
20435,PRYJ AMRITBHARAT,LOKMANYATILAK,PRAYAGRAJ JN,AMRIT BHARAT,TRETA-LOKM-PRAY-Z06-20435,6
20436,LTT AMRIT BHARAT,PRAYAGRAJ JN,LOKMANYATILAK,AMRIT BHARAT,TRETA-PRAY-LOKM-Z06-20436,6
20437,AMRIT BHARAT,PRAYAGRAJ JN,UDHNA JN,AMRIT BHARAT,TRETA-PRAY-UDHN-Z15-20437,15
20438,PRYJ AMRITBHARAT,UDHNA JN,PRAYAGRAJ JN,AMRIT BHARAT,TRETA-UDHN-PRAY-Z15-20438,15
20451,SGAC NDLS SF EXP,SOGARIYA,NEW DELHI,SUPERFAST,TRETA-SOGA-NEW_-Z08-20451,8
20452,NDLS SGAC SF EX,NEW DELHI,SOGARIYA,SUPERFAST,TRETA-NEW_-SOGA-Z08-20452,8
20471,SGNR PURI SF EXP,SHRI GANGANAGAR,PURI,SUPERFAST,TRETA-SHRI-PURI-Z38-20471,38
20472,PURI SGNR SF,PURI,SHRI GANGANAGAR,SUPERFAST,TRETA-PURI-SHRI-Z38-20472,38
20473,CHETAK EXPRESS,DELHI SARAI ROHILLA,UDAIPUR CITY,SUPERFAST,TRETA-DELH-UDAI-Z24-20473,24
20474,CHETAK EXPRESS,UDAIPUR CITY,DELHI SARAI ROHILLA,SUPERFAST,TRETA-UDAI-DELH-Z23-20474,23
20475,BKN MRJ SF EXP,BIKANER JN,MIRAJ JN.,SUPERFAST,TRETA-BIKA-MIRA-Z32-20475,32
20476,MRJ BKN SF EXP,MIRAJ JN.,BIKANER JN,SUPERFAST,TRETA-MIRA-BIKA-Z32-20476,32
20481,TPJ SF HUMSAFAR,JODHPUR JN,TIRUCHCHIRAPPALLI JN.,SUPERFAST,TRETA-JODH-TIRU-Z21-20481,21
20482,JU SF HUMSAFAR,TIRUCHCHIRAPPALLI JN.,JODHPUR JN,SUPERFAST,TRETA-TIRU-JODH-Z22-20482,22
20483,BGKT DDR SF EXP,BHAGAT KI KOTHI,DADAR,SUPERFAST,TRETA-BHAG-DADA-Z17-20483,17
20484,DDR BGKT SF EXP,DADAR,BHAGAT KI KOTHI,SUPERFAST,TRETA-DADA-BHAG-Z17-20484,17
20485,JSM SBIB SF EXP,JAISALMER,SABARMATI BG,SUPERFAST,TRETA-JAIS-SABA-Z18-20485,18
20486,SBIB JSM SF EXP,SABARMATI BG,JAISALMER,SUPERFAST,TRETA-SABA-JAIS-Z18-20486,18
20487,MALANI EXPRESS,BARMER,DELHI SARAI ROHILLA,SUPERFAST,TRETA-BARM-DELH-Z19-20487,19
20488,MALANI EXPRESS,DELHI SARAI ROHILLA,BARMER,SUPERFAST,TRETA-DELH-BARM-Z20-20488,20
20489,BME MTJ SUP FAST,BARMER,MATHURA JN.,SUPERFAST,TRETA-BARM-MATH-Z29-20489,29
20490,MTJ  BME SF,MATHURA JN.,BARMER,SUPERFAST,TRETA-MATH-BARM-Z59-20490,59
20491,JSM SBIB SF EXP,JAISALMER,SABARMATI BG,SUPERFAST,TRETA-JAIS-SABA-Z45-20491,45
20492,SBIB JSM SUP EXP,SABARMATI BG,JAISALMER,SUPERFAST,TRETA-SABA-JAIS-Z45-20492,45
20493,MDU CDG SF EXP,MADURAI JN,CHANDIGARH,SUPERFAST,TRETA-MADU-CHAN-Z30-20493,30
20494,CDG MDU SF EXP,CHANDIGARH,MADURAI JN,SUPERFAST,TRETA-CHAN-MADU-Z30-20494,30
20495,JU HDP SF EXP,JODHPUR JN,HADAPSAR,SUPERFAST,TRETA-JODH-HADA-Z43-20495,43
20496,JODHPUR SF EXP,HADAPSAR,JODHPUR JN,SUPERFAST,TRETA-HADA-JODH-Z21-20496,21
20497,FZR SF HUMSAFAR,RAMESWARAM,FIROZPUR CANT,SUPERFAST,TRETA-RAME-FIRO-Z42-20497,42
20498,RMM HUMSAFAR SF,FIROZPUR CANT,RAMESWARAM,SUPERFAST,TRETA-FIRO-RAME-Z85-20498,85
20501,TEJAS EXPRESS,AGARTALA,ANAND VIHAR TERMINAL,RAJDHANI,TRETA-AGAR-ANAN-Z21-20501,21
20502,AGTL TEJAS RAJ,ANAND VIHAR TERMINAL,AGARTALA,RAJDHANI,TRETA-ANAN-AGAR-Z21-20502,21
20503,RAJDHANI EXP,DIBRUGARH,NEW DELHI,RAJDHANI,TRETA-DIBR-NEW_-Z25-20503,25
20504,DBRG RAJDHANI,NEW DELHI,DIBRUGARH,RAJDHANI,TRETA-NEW_-DIBR-Z25-20504,25
20505,RAJDHANI EXP,DIBRUGARH,NEW DELHI,RAJDHANI,TRETA-DIBR-NEW_-Z27-20505,27
20506,DBRG RAJDHANI,NEW DELHI,DIBRUGARH,RAJDHANI,TRETA-NEW_-DIBR-Z27-20506,27
20507,RAJDHANI EXP,SAIRANG,ANAND VIHAR TERMINAL,RAJDHANI,TRETA-SAIR-ANAN-Z19-20507,19
20508,SANG RAJDHANI,ANAND VIHAR TERMINAL,SAIRANG,RAJDHANI,TRETA-ANAN-SAIR-Z19-20508,19
20601,MAS BDNK SF EXP,PURATCHI THALAIVAR DR. MGR CTL,BODINAYAKKANUR,SUPERFAST,TRETA-PURA-BODI-Z10-20601,10
20602,BDNK MAS SF EXP,BODINAYAKKANUR,PURATCHI THALAIVAR DR. MGR CTL,SUPERFAST,TRETA-BODI-PURA-Z11-20602,11
20603,AMRIT BHARAT EXP,NEW JALPAIGURI,NAGERCOIL JUNCTION,AMRIT BHARAT,TRETA-NEW_-NAGE-Z44-20603,44
20604,NJP AMRIT BHARAT,NAGERCOIL JUNCTION,NEW JALPAIGURI,AMRIT BHARAT,TRETA-NAGE-NEW_-Z44-20604,44
20605,MS TCN SF EXP,CHENNAI EGMORE,TIRUCHENDUR,SUPERFAST,TRETA-CHEN-TIRU-Z29-20605,29
20606,TCN MS SF EXP,TIRUCHENDUR,CHENNAI EGMORE,SUPERFAST,TRETA-TIRU-CHEN-Z30-20606,30
20607,MYS VANDEBHARAT,PURATCHI THALAIVAR DR. MGR CTL,MYSORE JN,VANDE BHARAT,TRETA-PURA-MYSO-Z03-20607,3
20608,MAS VANDEBHARAT,MYSORE JN,PURATCHI THALAIVAR DR. MGR CTL,VANDE BHARAT,TRETA-MYSO-PURA-Z03-20608,3
20609,AMRIT BHARAT EXP,NEW JALPAIGURI,TIRUCHCHIRAPPALLI JN.,AMRIT BHARAT,TRETA-NEW_-TIRU-Z39-20609,39
20610,NJP AMRIT BHARAT,TIRUCHCHIRAPPALLI JN.,NEW JALPAIGURI,AMRIT BHARAT,TRETA-TIRU-NEW_-Z39-20610,39
20623,MALGUDI EXP,ASHOKAPURAM,KSR BENGALURU,SUPERFAST,TRETA-ASHO-KSR_-Z09-20623,9
20624,MALGUDI EXP,KSR BENGALURU,ASHOKAPURAM,SUPERFAST,TRETA-KSR_-ASHO-Z09-20624,9
20625,MAS BGKT SF EXP,PURATCHI THALAIVAR DR. MGR CTL,BHAGAT KI KOTHI,SUPERFAST,TRETA-PURA-BHAG-Z32-20625,32
20626,BGKT MAS SF EXP,BHAGAT KI KOTHI,PURATCHI THALAIVAR DR. MGR CTL,SUPERFAST,TRETA-BHAG-PURA-Z32-20626,32
20627,MS NCJ VB EXP,CHENNAI EGMORE,NAGERCOIL JUNCTION,VANDE BHARAT,TRETA-CHEN-NAGE-Z08-20627,8
20628,NCJ MS VB EXP,NAGERCOIL JUNCTION,CHENNAI EGMORE,VANDE BHARAT,TRETA-NAGE-CHEN-Z08-20628,8
20629,SABARI SF EXPRES,SECUNDERABAD JN,THIRUVANANTHAPURAM CENTRAL,SUPERFAST,TRETA-SECU-THIR-Z41-20629,41
20630,SABARI SF EXPRES,THIRUVANANTHAPURAM CENTRAL,SECUNDERABAD JN,SUPERFAST,TRETA-THIR-SECU-Z41-20630,41
20631,MAQ TVC VB EXP,MANGALORE CENTRAL,THIRUVANANTHAPURAM CENTRAL,VANDE BHARAT,TRETA-MANG-THIR-Z10-20631,10
20632,TVC MAQ VB EXP,THIRUVANANTHAPURAM CENTRAL,MANGALORE CENTRAL,VANDE BHARAT,TRETA-THIR-MANG-Z10-20632,10
20633,TVC VANDEBHARAT,KASARAGOD,THIRUVANANTHAPURAM CENTRAL,VANDE BHARAT,TRETA-KASA-THIR-Z09-20633,9
20634,KGQ VANDEBHARAT,THIRUVANANTHAPURAM CENTRAL,KASARAGOD,VANDE BHARAT,TRETA-THIR-KASA-Z09-20634,9
20635,ANANTAPURI EXP,CHENNAI EGMORE,KOLLAM JN,SUPERFAST,TRETA-CHEN-KOLL-Z28-20635,28
20636,ANANTAPURI EXP,KOLLAM JN,CHENNAI EGMORE,SUPERFAST,TRETA-KOLL-CHEN-Z29-20636,29
20641,CBE VANDE BHARAT,BANGALORE CANT,COIMBATORE JN,VANDE BHARAT,TRETA-BANG-COIM-Z06-20641,6
20642,BNC VANDEBHARAT,COIMBATORE JN,BANGALORE CANT,VANDE BHARAT,TRETA-COIM-BANG-Z06-20642,6
20643,CBE VANDEBHARAT,PURATCHI THALAIVAR DR. MGR CTL,COIMBATORE JN,VANDE BHARAT,TRETA-PURA-COIM-Z04-20643,4
20644,MAS VANDEBHARAT,COIMBATORE JN,PURATCHI THALAIVAR DR. MGR CTL,VANDE BHARAT,TRETA-COIM-PURA-Z04-20644,4
20645,MAQ VANDEBHARAT,MADGAON JUNCTION,MANGALORE CENTRAL,VANDE BHARAT,TRETA-MADG-MANG-Z03-20645,3
20646,MAO VANDEBHARAT,MANGALORE CENTRAL,MADGAON JUNCTION,VANDE BHARAT,TRETA-MANG-MADG-Z03-20646,3
20651,SBC TLGP EXP,KSR BENGALURU,TALGUPPA,SUPERFAST,TRETA-KSR_-TALG-Z15-20651,15
20652,TLGP SBC EXP,TALGUPPA,KSR BENGALURU,SUPERFAST,TRETA-TALG-KSR_-Z15-20652,15
20653,SBC BGM EXP,KSR BENGALURU,BELAGAVI,SUPERFAST,TRETA-KSR_-BELA-Z07-20653,7
20654,BGM SBC EXP,BELAGAVI,KSR BENGALURU,SUPERFAST,TRETA-BELA-KSR_-Z07-20654,7
20655,YPR UBL EXP,YESVANTPUR JN.,SSS HUBBALLI JN,SUPERFAST,TRETA-YESV-SSS_-Z07-20655,7
20656,UBL YPR EXP,SSS HUBBALLI JN,YESVANTPUR JN.,SUPERFAST,TRETA-SSS_-YESV-Z07-20656,7
20657,UBL NZM EXP,SSS HUBBALLI JN,HAZRAT NIZAMUDDIN JN,SUPERFAST,TRETA-SSS_-HAZR-Z18-20657,18
20658,NZM UBL SF EXP,HAZRAT NIZAMUDDIN JN,SSS HUBBALLI JN,SUPERFAST,TRETA-HAZR-SSS_-Z18-20658,18
20659,RAJYA RANI EXP,MYSORE JN,KSR BENGALURU,SUPERFAST,TRETA-MYSO-KSR_-Z07-20659,7
20660,RAJYA RANI EXP,KSR BENGALURU,MYSORE JN,SUPERFAST,TRETA-KSR_-MYSO-Z07-20660,7
20661,DWR VANDE BHARAT,KSR BENGALURU,DHARWAR,VANDE BHARAT,TRETA-KSR_-DHAR-Z06-20661,6
20662,SBC VANDE BHARAT,DHARWAR,KSR BENGALURU,VANDE BHARAT,TRETA-DHAR-KSR_-Z06-20662,6
20663,MAS VANDE BHARAT,MYSORE JN,PURATCHI THALAIVAR DR. MGR CTL,VANDE BHARAT,TRETA-MYSO-PURA-Z05-20663,5
20664,MYS VANDEBHARAT,PURATCHI THALAIVAR DR. MGR CTL,MYSORE JN,VANDE BHARAT,TRETA-PURA-MYSO-Z05-20664,5
20665,TEN VANDEBHARAT,CHENNAI EGMORE,TIRUNELVELI JN,VANDE BHARAT,TRETA-CHEN-TIRU-Z09-20665,9
20666,MS VANDE BHARAT,TIRUNELVELI JN,CHENNAI EGMORE,VANDE BHARAT,TRETA-TIRU-CHEN-Z19-20666,19
20667,YPR KWP EXP,YESVANTPUR JN.,KHATIPURA,SUPERFAST,TRETA-YESV-KHAT-Z27-20667,27
20668,JP YPR SF EXP,KHATIPURA,YESVANTPUR JN.,SUPERFAST,TRETA-KHAT-YESV-Z27-20668,27
20669,UBL PUNE VB EXP,SSS HUBBALLI JN,PUNE JN,VANDE BHARAT,TRETA-SSS_-PUNE-Z08-20669,8
20670,UBL VANDEBHARAT,PUNE JN,SSS HUBBALLI JN,VANDE BHARAT,TRETA-PUNE-SSS_-Z08-20670,8
20671,MDU BNC VB EXP,MADURAI JN,BANGALORE CANT,VANDE BHARAT,TRETA-MADU-BANG-Z07-20671,7
20672,MDU VANDE BHARAT,BANGALORE CANT,MADURAI JN,VANDE BHARAT,TRETA-BANG-MADU-Z07-20672,7
20673,PUNE VANDEBHARAT,KOLHAPUR,PUNE JN,VANDE BHARAT,TRETA-KOLH-PUNE-Z06-20673,6
20674,KOP VANDEBHARAT,PUNE JN,KOLHAPUR,VANDE BHARAT,TRETA-PUNE-KOLH-Z06-20674,6
20675,VISHWAMANAV EXP,BELAGAVI,MYSORE JN,SUPERFAST,TRETA-BELA-MYSO-Z32-20675,32
20676,VISHWAMANAV EXP,MYSORE JN,BELAGAVI,SUPERFAST,TRETA-MYSO-BELA-Z32-20676,32
20677,NS VANDE BHARAT,PURATCHI THALAIVAR DR. MGR CTL,NARASAPUR,VANDE BHARAT,TRETA-PURA-NARA-Z08-20677,8
20678,MAS VANDEBHARAT,NARASAPUR,PURATCHI THALAIVAR DR. MGR CTL,VANDE BHARAT,TRETA-NARA-PURA-Z08-20678,8
20679,MAS UBL SF EXP,PURATCHI THALAIVAR DR. MGR CTL,SSS HUBBALLI JN,SUPERFAST,TRETA-PURA-SSS_-Z16-20679,16
20680,UBL MAS SF EXP,SSS HUBBALLI JN,PURATCHI THALAIVAR DR. MGR CTL,SUPERFAST,TRETA-SSS_-PURA-Z17-20680,17
20681,SILAMBU SF EXP,TAMBARAM,SENGOTTAI,SUPERFAST,TRETA-TAMB-SENG-Z21-20681,21
20682,SILAMBU SF EXP,SENGOTTAI,TAMBARAM,SUPERFAST,TRETA-SENG-TAMB-Z20-20682,20
20683,TBM SCT SF EXP,TAMBARAM,SENGOTTAI,SUPERFAST,TRETA-TAMB-SENG-Z22-20683,22
20684,SCT TBM SF EXP,SENGOTTAI,TAMBARAM,SUPERFAST,TRETA-SENG-TAMB-Z22-20684,22
20685,GIMB SBC SF EXP,GANDHIDHAM BG,KSR BENGALURU,SUPERFAST,TRETA-GAND-KSR_-Z32-20685,32
20686,GANDHIDHAM EXP,KSR BENGALURU,GANDHIDHAM BG,SUPERFAST,TRETA-KSR_-GAND-Z31-20686,31
20687,UBL SBC SF EXP,SSS HUBBALLI JN,KSR BENGALURU,SUPERFAST,TRETA-SSS_-KSR_-Z08-20687,8
20688,SBC UBL SF EXP,KSR BENGALURU,SSS HUBBALLI JN,SUPERFAST,TRETA-KSR_-SSS_-Z08-20688,8
20689,SMET INTERCITY,YESVANTPUR JN.,SHIMOGA TOWN,SUPERFAST,TRETA-YESV-SHIM-Z09-20689,9
20690,YPR INTERCITY,SHIMOGA TOWN,YESVANTPUR JN.,SUPERFAST,TRETA-SHIM-YESV-Z09-20690,9
20691,TBM-NCJ ANTYODAYA SF EXP,TAMBARAM,NAGERCOIL JUNCTION,SUPERFAST,TRETA-TAMB-NAGE-Z20-20691,20
20692,NCJ-TBM ANTYODAYA SF EXP,NAGERCOIL JUNCTION,TAMBARAM,SUPERFAST,TRETA-NAGE-TAMB-Z20-20692,20
20693,JU SBC SUPERFAST,JODHPUR JN,KSR BENGALURU,SUPERFAST,TRETA-JODH-KSR_-Z44-20693,44
20694,JODHPUR EXP,KSR BENGALURU,JODHPUR JN,SUPERFAST,TRETA-KSR_-JODH-Z43-20694,43
20701,TPTY VANDEBHARAT,SECUNDERABAD JN,TIRUPATI,VANDE BHARAT,TRETA-SECU-TIRU-Z06-20701,6
20702,SC VANDE BHARAT,TIRUPATI,SECUNDERABAD JN,VANDE BHARAT,TRETA-TIRU-SECU-Z06-20702,6
20703,YPR VANDEBHARAT,KACHEGUDA,YESVANTPUR JN.,VANDE BHARAT,TRETA-KACH-YESV-Z06-20703,6
20704,KCG VANDE BHARAT,YESVANTPUR JN.,KACHEGUDA,VANDE BHARAT,TRETA-YESV-KACH-Z06-20704,6
20705,CSMT VANDEBHARAT,NANDED,C SHIVAJI MAH T,VANDE BHARAT,TRETA-NAND-C_SH-Z09-20705,9
20706,NED VANDEBHARAT,C SHIVAJI MAH T,NANDED,VANDE BHARAT,TRETA-C_SH-NAND-Z09-20706,9
20707,VSKP VANDEBHARAT,SECUNDERABAD JN,VISAKHAPATNAM,VANDE BHARAT,TRETA-SECU-VISA-Z07-20707,7
20708,VANDE BHARAT EXP,VISAKHAPATNAM,SECUNDERABAD JN,VANDE BHARAT,TRETA-VISA-SECU-Z07-20708,7
20801,MAGADH EXP,ISLAMPUR,NEW DELHI,SUPERFAST,TRETA-ISLA-NEW_-Z28-20801,28
20802,MAGADH EXPRESS,NEW DELHI,ISLAMPUR,SUPERFAST,TRETA-NEW_-ISLA-Z28-20802,28
20803,VSKP GIMB SF EXP,VISAKHAPATNAM,GANDHIDHAM BG,SUPERFAST,TRETA-VISA-GAND-Z28-20803,28
20804,GIMB VSKP SF EX,GANDHIDHAM BG,VISAKHAPATNAM,SUPERFAST,TRETA-GAND-VISA-Z28-20804,28
20805,AP EXPRESS,VISAKHAPATNAM,NEW DELHI,SUPERFAST,TRETA-VISA-NEW_-Z20-20805,20
20806,AP EXPRESS,NEW DELHI,VISAKHAPATNAM,SUPERFAST,TRETA-NEW_-VISA-Z20-20806,20
20807,HIRAKUD EXPRESS,VISAKHAPATNAM,AMRITSAR,SUPERFAST,TRETA-VISA-AMRI-Z47-20807,47
20808,HIRAKUND EXP,AMRITSAR,VISAKHAPATNAM,SUPERFAST,TRETA-AMRI-VISA-Z47-20808,47
20809,SBP NED S F,SAMBALPUR JN.,NANDED,SUPERFAST,TRETA-SAMB-NAND-Z22-20809,22
20810,NED SBP SF EXP,NANDED,SAMBALPUR JN.,SUPERFAST,TRETA-NAND-SAMB-Z22-20810,22
20811,VSKP NED SF,VISAKHAPATNAM,NANDED,SUPERFAST,TRETA-VISA-NAND-Z12-20811,12
20812,NED VSKP SF EXP,NANDED,VISAKHAPATNAM,SUPERFAST,TRETA-NAND-VISA-Z12-20812,12
20813,PURI JU S F,PURI,JODHPUR JN,SUPERFAST,TRETA-PURI-JODH-Z41-20813,41
20814,JU PURI SF EXP,JODHPUR JN,PURI,SUPERFAST,TRETA-JODH-PURI-Z41-20814,41
20815,ADTP  VSKP SF EX,ADITYAPUR,VISAKHAPATNAM,SUPERFAST,TRETA-ADIT-VISA-Z21-20815,21
20816,VSKP ADTP SF EXP,VISAKHAPATNAM,ADITYAPUR,SUPERFAST,TRETA-VISA-ADIT-Z21-20816,21
20817,TEJAS RAJ EXP,BHUBANESWAR,NEW DELHI,RAJDHANI,TRETA-BHUB-NEW_-Z16-20817,16
20818,BBS TEJAS RAJ,NEW DELHI,BHUBANESWAR,RAJDHANI,TRETA-NEW_-BHUB-Z16-20818,16
20819,PURI OKHA SF EXP,PURI,OKHA,SUPERFAST,TRETA-PURI-OKHA-Z40-20819,40
20820,OKHA PURI EXP,OKHA,PURI,SUPERFAST,TRETA-OKHA-PURI-Z40-20820,40
20821,PUNE SRC HUMSAFR,PUNE JN,SANTRAGACHI JN,SUPERFAST,TRETA-PUNE-SANT-Z14-20821,14
20822,PUNE HUMSAFAR,SANTRAGACHI JN,PUNE JN,SUPERFAST,TRETA-SANT-PUNE-Z14-20822,14
20823,PURI AII S F,PURI,AJMER JN,SUPERFAST,TRETA-PURI-AJME-Z44-20823,44
20824,AII PURI SF EXP,AJMER JN,PURI,SUPERFAST,TRETA-AJME-PURI-Z44-20824,44
20825,VANDE BHARAT EXP,BILASPUR JN.,NAGPUR JN.,VANDE BHARAT,TRETA-BILA-NAGP-Z06-20825,6
20826,BSP VANDE BHARAT,NAGPUR JN.,BILASPUR JN.,VANDE BHARAT,TRETA-NAGP-BILA-Z06-20826,6
20827,JBP SRC HUMSAFAR,JABALPUR,SANTRAGACHI JN,SUPERFAST,TRETA-JABA-SANT-Z11-20827,11
20828,HUMSAFAR EXP,SANTRAGACHI JN,JABALPUR,SUPERFAST,TRETA-SANT-JABA-Z11-20828,11
20829,VANDE BHARAT EXP,DURG,VISAKHAPATNAM,VANDE BHARAT,TRETA-DURG-VISA-Z10-20829,10
20830,VANDE BHARAT EXP,VISAKHAPATNAM,DURG,VANDE BHARAT,TRETA-VISA-DURG-Z10-20830,10
20831,MAHIMAGOSAIN EX,SHALIMAR,SAMBALPUR JN.,SUPERFAST,TRETA-SHAL-SAMB-Z11-20831,11
20832,MAHIMAGOSAIN EX,SAMBALPUR JN.,SHALIMAR,SUPERFAST,TRETA-SAMB-SHAL-Z11-20832,11
20833,VANDE BHARAT EXP,VISAKHAPATNAM,SECUNDERABAD JN,VANDE BHARAT,TRETA-VISA-SECU-Z06-20833,6
20834,VANDE BHARAT EX,SECUNDERABAD JN,VISAKHAPATNAM,VANDE BHARAT,TRETA-SECU-VISA-Z06-20834,6
20835,VANDE BHARAT EXP,ROURKELA,PURI,VANDE BHARAT,TRETA-ROUR-PURI-Z10-20835,10
20836,VANDE BHARAT EXP,PURI,ROURKELA,VANDE BHARAT,TRETA-PURI-ROUR-Z10-20836,10
20837,BBS JNRD S F,BHUBANESWAR,JUNAGARH ROAD,SUPERFAST,TRETA-BHUB-JUNA-Z18-20837,18
20838,JNRD BBS S F,JUNAGARH ROAD,BHUBANESWAR,SUPERFAST,TRETA-JUNA-BHUB-Z18-20838,18
20839,RNC NDLS RAJ EX,RANCHI,NEW DELHI,RAJDHANI,TRETA-RANC-NEW_-Z07-20839,7
20840,NDLS RNC RAJ EX,NEW DELHI,RANCHI,RAJDHANI,TRETA-NEW_-RANC-Z07-20840,7
20841,VANDE BHARAT EXP,BHUBANESWAR,VISAKHAPATNAM,VANDE BHARAT,TRETA-BHUB-VISA-Z08-20841,8
20842,VANDE BHARAT EXP,VISAKHAPATNAM,BHUBANESWAR,VANDE BHARAT,TRETA-VISA-BHUB-Z08-20842,8
20843,BSP BGKT SF EXP,BILASPUR JN.,BHAGAT KI KOTHI,SUPERFAST,TRETA-BILA-BHAG-Z35-20843,35
20844,BGKT BSP SF EXP,BHAGAT KI KOTHI,BILASPUR JN.,SUPERFAST,TRETA-BHAG-BILA-Z35-20844,35
20845,BSP BKN SF EXP,BILASPUR JN.,BIKANER JN,SUPERFAST,TRETA-BILA-BIKA-Z33-20845,33
20846,BKN BSP SF EXP,BIKANER JN,BILASPUR JN.,SUPERFAST,TRETA-BIKA-BILA-Z33-20846,33
20847,DURG MCTM SF,DURG,MARTYR CAPTAIN TUSHAR MAHAJAN,SUPERFAST,TRETA-DURG-MART-Z23-20847,23
20848,DURG SF EXP,MARTYR CAPTAIN TUSHAR MAHAJAN,DURG,SUPERFAST,TRETA-MART-DURG-Z22-20848,22
20849,BBS RMM SF,BHUBANESWAR,RAMESWARAM,SUPERFAST,TRETA-BHUB-RAME-Z26-20849,26
20850,RMM BBS SF EXP,RAMESWARAM,BHUBANESWAR,SUPERFAST,TRETA-RAME-BHUB-Z26-20850,26
20851,BBS PDY SF EXP,BHUBANESWAR,PONDICHERRY,SUPERFAST,TRETA-BHUB-POND-Z18-20851,18
20852,PDY BBS SF EXP,PONDICHERRY,BHUBANESWAR,SUPERFAST,TRETA-POND-BHUB-Z18-20852,18
20853,BBS MAS S F,BHUBANESWAR,PURATCHI THALAIVAR DR. MGR CTL,SUPERFAST,TRETA-BHUB-PURA-Z20-20853,20
20854,MAS BBS SF EXP,PURATCHI THALAIVAR DR. MGR CTL,BHUBANESWAR,SUPERFAST,TRETA-PURA-BHUB-Z20-20854,20
20857,PURI SNSI SF EXP,PURI,SAINAGAR SHIRDI,SUPERFAST,TRETA-PURI-SAIN-Z24-20857,24
20858,SNSI PURI EXP,SAINAGAR SHIRDI,PURI,SUPERFAST,TRETA-SAIN-PURI-Z24-20858,24
20861,PURI ADI SF,PURI,AHMEDABAD JN,SUPERFAST,TRETA-PURI-AHME-Z38-20861,38
20862,ADI PURI EXP,AHMEDABAD JN,PURI,SUPERFAST,TRETA-AHME-PURI-Z38-20862,38
20871,VANDE BHARAT EXP,HOWRAH JN,ROURKELA,VANDE BHARAT,TRETA-HOWR-ROUR-Z04-20871,4
20872,VANDE BHARAT EXP,ROURKELA,HOWRAH JN,VANDE BHARAT,TRETA-ROUR-HOWR-Z04-20872,4
20887,VANDE BHARAT EXP,RANCHI,VARANASI,VANDE BHARAT,TRETA-RANC-VARA-Z09-20887,9
20888,VANDE BHARAT EXP,VARANASI,RANCHI,VANDE BHARAT,TRETA-VARA-RANC-Z09-20888,9
20889,TPTY HUMSAFR EX,HOWRAH JN,TIRUPATI,SUPERFAST,TRETA-HOWR-TIRU-Z11-20889,11
20890,HWH HUMSAFAR SF,TIRUPATI,HOWRAH JN,SUPERFAST,TRETA-TIRU-HOWR-Z11-20890,11
20891,VANDE BHARAT EXP,TATANAGAR JN,BRAHMAPUR,VANDE BHARAT,TRETA-TATA-BRAH-Z10-20891,10
20892,VANDE BHARAT EXP,BRAHMAPUR,TATANAGAR JN,VANDE BHARAT,TRETA-BRAH-TATA-Z10-20892,10
20893,VANDE BHARAT EXP,TATANAGAR JN,PATNA JN,VANDE BHARAT,TRETA-TATA-PATN-Z08-20893,8
20894,VANDE BHARAT EXP,PATNA JN,TATANAGAR JN,VANDE BHARAT,TRETA-PATN-TATA-Z08-20894,8
20897,VANDE BHARAT EXP,HOWRAH JN,RANCHI,VANDE BHARAT,TRETA-HOWR-RANC-Z07-20897,7
20898,VANDE BHARAT EXP,RANCHI,HOWRAH JN,VANDE BHARAT,TRETA-RANC-HOWR-Z07-20898,7
20901,VANDE BHARAT EXP,MUMBAI CENTRAL,GANDHINAGAR CAPITAL,VANDE BHARAT,TRETA-MUMB-GAND-Z09-20901,9
20902,VANDE BHARAT EXP,GANDHINAGAR CAPITAL,MUMBAI CENTRAL,VANDE BHARAT,TRETA-GAND-MUMB-Z09-20902,9
20903,BSB MAHAMANA,EKTA NAGAR,VARANASI,SUPERFAST,TRETA-EKTA-VARA-Z12-20903,12
20904,EKNR MAHAMANA,VARANASI,EKTA NAGAR,SUPERFAST,TRETA-VARA-EKTA-Z12-20904,12
20905,REWA MAHAMANA,EKTA NAGAR,REWA,SUPERFAST,TRETA-EKTA-REWA-Z16-20905,16
20906,EKNR MAHAMANA,REWA,EKTA NAGAR,SUPERFAST,TRETA-REWA-EKTA-Z16-20906,16
20907,SAYAJINAGRI EXP,DADAR,BHUJ,SUPERFAST,TRETA-DADA-BHUJ-Z27-20907,27
20908,SAYAJINAGRI EXP,BHUJ,DADAR,SUPERFAST,TRETA-BHUJ-DADA-Z26-20908,26
20909,TVCN PBR SF EXP,THIRUVANANTHAPURAM NORTH,PORBANDAR,SUPERFAST,TRETA-THIR-PORB-Z31-20909,31
20910,PBR TVCN SF EXP,PORBANDAR,THIRUVANANTHAPURAM NORTH,SUPERFAST,TRETA-PORB-THIR-Z31-20910,31
20911,NGP VANDEBHARAT,INDORE JN,NAGPUR JN.,VANDE BHARAT,TRETA-INDO-NAGP-Z06-20911,6
20912,INDB VANDEBHARAT,NAGPUR JN.,INDORE JN,VANDE BHARAT,TRETA-NAGP-INDO-Z06-20912,6
20913,RJT DEE EXPRESS,RAJKOT,DELHI SARAI ROHILLA,SUPERFAST,TRETA-RAJK-DELH-Z23-20913,23
20914,RAJKOT EXPRESS,DELHI SARAI ROHILLA,RAJKOT,SUPERFAST,TRETA-DELH-RAJK-Z23-20914,23
20915,CHZ INDB HUMSAFR,CHARLAPALLI,INDORE JN,SUPERFAST,TRETA-CHAR-INDO-Z13-20915,13
20916,INDB CHZ HUMSFR,INDORE JN,CHARLAPALLI,SUPERFAST,TRETA-INDO-CHAR-Z13-20916,13
20917,PURI HUMSAFAR,INDORE JN,PURI,SUPERFAST,TRETA-INDO-PURI-Z16-20917,16
20918,HUMSAFAR EXP,PURI,INDORE JN,SUPERFAST,TRETA-PURI-INDO-Z17-20918,17
20919,MAS EKNR SF EXP,PURATCHI THALAIVAR DR. MGR CTL,EKTA NAGAR,SUPERFAST,TRETA-PURA-EKTA-Z15-20919,15
20920,EKNR MAS SF EXP,EKTA NAGAR,PURATCHI THALAIVAR DR. MGR CTL,SUPERFAST,TRETA-EKTA-PURA-Z15-20920,15
20921,BDTS LJN SF EXP,BANDRA TERMINUS,LUCKNOW,SUPERFAST,TRETA-BAND-LUCK-Z21-20921,21
20922,LJN BDTS SF EXP,LUCKNOW,BANDRA TERMINUS,SUPERFAST,TRETA-LUCK-BAND-Z21-20922,21
20923,GIMB HUMSAFAR,TIRUNELVELI JN,GANDHIDHAM BG,SUPERFAST,TRETA-TIRU-GAND-Z21-20923,21
20924,TEN HUMSAFAR,GANDHIDHAM BG,TIRUNELVELI JN,SUPERFAST,TRETA-GAND-TIRU-Z21-20924,21
20925,SURAT AMI SF EXP,SURAT,AMRAVATI,SUPERFAST,TRETA-SURA-AMRA-Z20-20925,20
20926,AMI SURAT SF EXP,AMRAVATI,SURAT,SUPERFAST,TRETA-AMRA-SURA-Z20-20926,20
20929,UDN BANARAS EXP,UDHNA JN,BANARAS,SUPERFAST,TRETA-UDHN-BANA-Z14-20929,14
20930,BNRS UDHANA EXP,BANARAS,UDHNA JN,SUPERFAST,TRETA-BANA-UDHN-Z13-20930,13
20931,TVCN INDB SF EX,THIRUVANANTHAPURAM NORTH,INDORE JN,SUPERFAST,TRETA-THIR-INDO-Z31-20931,31
20932,INDB TVCN SF EX,INDORE JN,THIRUVANANTHAPURAM NORTH,SUPERFAST,TRETA-INDO-THIR-Z31-20932,31
20933,UDN DANAPUR EXP,UDHNA JN,DANAPUR,SUPERFAST,TRETA-UDHN-DANA-Z17-20933,17
20934,DNR UDHNA SF EX,DANAPUR,UDHNA JN,SUPERFAST,TRETA-DANA-UDHN-Z17-20934,17
20935,GIMB INDB SFAST,GANDHIDHAM BG,INDORE JN,SUPERFAST,TRETA-GAND-INDO-Z10-20935,10
20936,INDB GIMB SFAST,INDORE JN,GANDHIDHAM BG,SUPERFAST,TRETA-INDO-GAND-Z10-20936,10
20937,PBR DEE EXPRESS,PORBANDAR,DELHI SARAI ROHILLA,SUPERFAST,TRETA-PORB-DELH-Z27-20937,27
20938,DEE PBR EXPRESS,DELHI SARAI ROHILLA,PORBANDAR,SUPERFAST,TRETA-DELH-PORB-Z30-20938,30
20939,SBIB SLN SF EXP,SABARMATI BG,SULTANPUR,SUPERFAST,TRETA-SABA-SULT-Z18-20939,18
20940,SLN SBIB SF EXP,SULTANPUR,SABARMATI BG,SUPERFAST,TRETA-SULT-SABA-Z18-20940,18
20941,BDTS GCT SF EXP,BANDRA TERMINUS,GHAZIPUR CITY,SUPERFAST,TRETA-BAND-GHAZ-Z27-20941,27
20942,GCT BDTS SF EXP,GHAZIPUR CITY,BANDRA TERMINUS,SUPERFAST,TRETA-GHAZ-BAND-Z27-20942,27
20943,BGKT HUMSAFAR,BANDRA TERMINUS,BHAGAT KI KOTHI,SUPERFAST,TRETA-BAND-BHAG-Z10-20943,10
20944,BGKT BDTS HMSFR,BHAGAT KI KOTHI,BANDRA TERMINUS,SUPERFAST,TRETA-BHAG-BAND-Z10-20944,10
20945,EKNR NZM SF EXP,EKTA NAGAR,HAZRAT NIZAMUDDIN JN,SUPERFAST,TRETA-EKTA-HAZR-Z07-20945,7
20946,NZM EKNR SF EXP,HAZRAT NIZAMUDDIN JN,EKTA NAGAR,SUPERFAST,TRETA-HAZR-EKTA-Z07-20946,7
20947,JAN SHATABDI EX,AHMEDABAD JN,EKTA NAGAR,JAN SHATABDI,TRETA-AHME-EKTA-Z04-20947,4
20948,EKNR - ADI JANSHATABDHI,EKTA NAGAR,AHMEDABAD JN,JAN SHATABDI,TRETA-EKTA-AHME-Z04-20948,4
20949,ADI - EKNR JANSHATABDHI,AHMEDABAD JN,EKTA NAGAR,JAN SHATABDI,TRETA-AHME-EKTA-Z04-20949,4
20950,JAN SHATABDI EX,EKTA NAGAR,AHMEDABAD JN,JAN SHATABDI,TRETA-EKTA-AHME-Z04-20950,4
20951,OKHA JAIPUR SUP,OKHA,JAIPUR JN.,SUPERFAST,TRETA-OKHA-JAIP-Z20-20951,20
20952,JP OKHA SF EXP,JAIPUR JN.,OKHA,SUPERFAST,TRETA-JAIP-OKHA-Z20-20952,20
20953,MAS ADI SF EXP,PURATCHI THALAIVAR DR. MGR CTL,AHMEDABAD JN,SUPERFAST,TRETA-PURA-AHME-Z26-20953,26
20954,ADI MAS SFAST,AHMEDABAD JN,PURATCHI THALAIVAR DR. MGR CTL,SUPERFAST,TRETA-AHME-PURA-Z27-20954,27
20957,INDB HSR SUP,INDORE JN,HISAR,SUPERFAST,TRETA-INDO-HISA-Z16-20957,16
20958,HSR INDB SUP,HISAR,INDORE JN,SUPERFAST,TRETA-HISA-INDO-Z16-20958,16
20959,BL VADNAGAR SUP,VALSAD,VADNAGAR,SUPERFAST,TRETA-VALS-VADN-Z14-20959,14
20960,VDG VALSAD SUP,VADNAGAR,VALSAD,SUPERFAST,TRETA-VADN-VALS-Z14-20960,14
20961,UDN BSBS SFAST,UDHNA JN,BANARAS,SUPERFAST,TRETA-UDHN-BANA-Z21-20961,21
20962,BNRS UDN SF EXP,BANARAS,UDHNA JN,SUPERFAST,TRETA-BANA-UDHN-Z21-20962,21
20963,SBIB BSB S FAST,SABARMATI BG,VARANASI,SUPERFAST,TRETA-SABA-VARA-Z19-20963,19
20964,BSB SBIB EXPRESS,VARANASI,SABARMATI BG,SUPERFAST,TRETA-VARA-SABA-Z20-20964,20
20965,BVC INTERCITY,SABARMATI BG,BHAVNAGAR TERMINUS,SUPERFAST,TRETA-SABA-BHAV-Z10-20965,10
20966,SABARMATI INCITY,BHAVNAGAR TERMINUS,SABARMATI BG,SUPERFAST,TRETA-BHAV-SABA-Z10-20966,10
20967,SC PBR SF EXP,SECUNDERABAD JN,PORBANDAR,SUPERFAST,TRETA-SECU-PORB-Z26-20967,26
20968,PBR SC SF EXP,PORBANDAR,SECUNDERABAD JN,SUPERFAST,TRETA-PORB-SECU-Z27-20968,27
20971,UDZ SHM EXP,UDAIPUR CITY,SHALIMAR,SUPERFAST,TRETA-UDAI-SHAL-Z26-20971,26
20972,SHM UDZ SUF EXP,SHALIMAR,UDAIPUR CITY,SUPERFAST,TRETA-SHAL-UDAI-Z26-20972,26
20975,HWH AGC EXPRESS,HOWRAH JN,AGRA CANTT JN.,SUPERFAST,TRETA-HOWR-AGRA-Z33-20975,33
20976,CHAMBAL EXP,AGRA CANTT JN.,HOWRAH JN,SUPERFAST,TRETA-AGRA-HOWR-Z33-20976,33
20977,CDG VANDEBHARAT,AJMER JN,CHANDIGARH,VANDE BHARAT,TRETA-AJME-CHAN-Z09-20977,9
20978,VANDEBHARAT EXP,CHANDIGARH,AJMER JN,VANDE BHARAT,TRETA-CHAN-AJME-Z09-20978,9
20983,BHUJ DEE SF EXP,BHUJ,DELHI SARAI ROHILLA,SUPERFAST,TRETA-BHUJ-DELH-Z18-20983,18
20984,DEE BHUJ SF EXP,DELHI SARAI ROHILLA,BHUJ,SUPERFAST,TRETA-DELH-BHUJ-Z18-20984,18
20985,KOTA MCTM EXP,KOTA JN,MARTYR CAPTAIN TUSHAR MAHAJAN,SUPERFAST,TRETA-KOTA-MART-Z19-20985,19
20986,MCTM KOTA EXP,MARTYR CAPTAIN TUSHAR MAHAJAN,KOTA JN,SUPERFAST,TRETA-MART-KOTA-Z18-20986,18
20987,UDZ ASV SF EXP,UDAIPUR CITY,ASARVA JN,SUPERFAST,TRETA-UDAI-ASAR-Z15-20987,15
20988,ASV UDZ SF EXP,ASARVA JN,UDAIPUR CITY,SUPERFAST,TRETA-ASAR-UDAI-Z15-20988,15
20989,UDZ CDG SF EXP,UDAIPUR CITY,CHANDIGARH,SUPERFAST,TRETA-UDAI-CHAN-Z24-20989,24
20990,CDG UDZ SF EXP,CHANDIGARH,UDAIPUR CITY,SUPERFAST,TRETA-CHAN-UDAI-Z24-20990,24
20991,AII DD SUPERFAST,AJMER JN,DAUND JN,SUPERFAST,TRETA-AJME-DAUN-Z21-20991,21
20992,DD AJMER SF EXP,DAUND JN,AJMER JN,SUPERFAST,TRETA-DAUN-AJME-Z21-20992,21
20993,JP UDZ SUPERFAST,JAIPUR JN.,UDAIPUR CITY,SUPERFAST,TRETA-JAIP-UDAI-Z12-20993,12
20994,UDZ JP SUPERFAST,UDAIPUR CITY,JAIPUR JN.,SUPERFAST,TRETA-UDAI-JAIP-Z12-20994,12
20995,AII BDTS SF,AJMER JN,BANDRA TERMINUS,SUPERFAST,TRETA-AJME-BAND-Z19-20995,19
20996,BDTS AII SF,BANDRA TERMINUS,AJMER JN,SUPERFAST,TRETA-BAND-AJME-Z19-20996,19
21125,RTM BHIND EXP,RATLAM JN,BHIND,MAIL EXPRESS,TRETA-RATL-BHIN-Z22-21125,22
21126,BIX RTM EXP,BHIND,RATLAM JN,MAIL EXPRESS,TRETA-BHIN-RATL-Z22-21126,22
21893,VANDE BHARAT EXP,TATANAGAR JN,PATNA JN,VANDE BHARAT,TRETA-TATA-PATN-Z08-21893,8
21894,VANDE BHARAT EXP,PATNA JN,TATANAGAR JN,VANDE BHARAT,TRETA-PATN-TATA-Z08-21894,8
21895,VANDE BHARAT EXP,TATANAGAR JN,PATNA JN,VANDE BHARAT,TRETA-TATA-PATN-Z08-21895,8
21896,VANDE BHARAT EXP,PATNA JN,TATANAGAR JN,VANDE BHARAT,TRETA-PATN-TATA-Z08-21896,8
21901,BARMER HUMSAFAR,BANDRA TERMINUS,BARMER,SUPERFAST,TRETA-BAND-BARM-Z22-21901,22
21902,BDTS HUMSAFAR,BARMER,BANDRA TERMINUS,SUPERFAST,TRETA-BARM-BAND-Z22-21902,22
21903,BDTS BKN SUP EXP,BANDRA TERMINUS,BIKANER JN,SUPERFAST,TRETA-BAND-BIKA-Z20-21903,20
21904,BKN BDTS SF,BIKANER JN,BANDRA TERMINUS,SUPERFAST,TRETA-BIKA-BAND-Z20-21904,20
21907,MMCT KGM SF EXP,MUMBAI CENTRAL,KATHGODAM,SUPERFAST,TRETA-MUMB-KATH-Z24-21907,24
21908,KGM MMCT SF EXP,KATHGODAM,MUMBAI CENTRAL,SUPERFAST,TRETA-KATH-MUMB-Z24-21908,24
22075,CHZ-GKP Valid From : 02-Oct-2026,CHARLAPALLI,GORAKHPUR JN,AMRIT BHARAT,TRETA-CHAR-GORA-Z20-22075,20
22076,GKP-CHZ Valid From : 04-Oct-2026,GORAKHPUR JN,CHARLAPALLI,AMRIT BHARAT,TRETA-GORA-CHAR-Z20-22076,20
22101,LTT MADURAI EXP,LOKMANYATILAK,MADURAI JN,SUPERFAST,TRETA-LOKM-MADU-Z25-22101,25
22102,MDU LTT SF EXP,MADURAI JN,LOKMANYATILAK,SUPERFAST,TRETA-MADU-LOKM-Z24-22102,24
22103,LTT AYODHYA EXP,LOKMANYATILAK,AYODHYA CANTT,SUPERFAST,TRETA-LOKM-AYOD-Z16-22103,16
22104,LTT EXPRESS,AYODHYA CANTT,LOKMANYATILAK,SUPERFAST,TRETA-AYOD-LOKM-Z16-22104,16
22105,INDRAYANI EXP,C SHIVAJI MAH T,PUNE JN,SUPERFAST,TRETA-C_SH-PUNE-Z07-22105,7
22106,INDRAYANI EXP,PUNE JN,C SHIVAJI MAH T,SUPERFAST,TRETA-PUNE-C_SH-Z06-22106,6
22107,CSMT LATUR EXP,C SHIVAJI MAH T,LATUR,SUPERFAST,TRETA-C_SH-LATU-Z10-22107,10
22108,LATUR CSMT EXP,LATUR,C SHIVAJI MAH T,SUPERFAST,TRETA-LATU-C_SH-Z10-22108,10
22109,LTT BPQ EXPRESS,LOKMANYATILAK,BALHARSHAH,SUPERFAST,TRETA-LOKM-BALH-Z16-22109,16
22110,BPQ LTT EXPRESS,BALHARSHAH,LOKMANYATILAK,SUPERFAST,TRETA-BALH-LOKM-Z15-22110,15
22111,AYC AMRIT BHARAT,LOKMANYATILAK,AYODHYA CANTT,AMRIT BHARAT,TRETA-LOKM-AYOD-Z13-22111,13
22112,AMRIT BHARAT EXP,AYODHYA CANTT,LOKMANYATILAK,AMRIT BHARAT,TRETA-AYOD-LOKM-Z13-22112,13
22113,LTT TVCN SF EXP,LOKMANYATILAK,THIRUVANANTHAPURAM NORTH,SUPERFAST,TRETA-LOKM-THIR-Z27-22113,27
22114,TVCN LTT SF EXP,THIRUVANANTHAPURAM NORTH,LOKMANYATILAK,SUPERFAST,TRETA-THIR-LOKM-Z27-22114,27
22115,LTT KRMI EXP,LOKMANYATILAK,KARMALI,SUPERFAST,TRETA-LOKM-KARM-Z07-22115,7
22116,KRMI LTT AC EXP,KARMALI,LOKMANYATILAK,SUPERFAST,TRETA-KARM-LOKM-Z07-22116,7
22117,PUNE AMI AC EXP,PUNE JN,AMRAVATI,SUPERFAST,TRETA-PUNE-AMRA-Z10-22117,10
22118,AMI PUNE AC EXP,AMRAVATI,PUNE JN,SUPERFAST,TRETA-AMRA-PUNE-Z10-22118,10
22119,MAO TEJAS EXP,C SHIVAJI MAH T,MADGAON JUNCTION,TEJAS,TRETA-C_SH-MADG-Z08-22119,8
22120,CSMT TEJAS EXP,MADGAON JUNCTION,C SHIVAJI MAH T,TEJAS,TRETA-MADG-C_SH-Z08-22120,8
22121,LTT LKO AC EXP,LOKMANYATILAK,LUCKNOW JN.,SUPERFAST,TRETA-LOKM-LUCK-Z10-22121,10
22122,LKO LTT AC EXP,LUCKNOW JN.,LOKMANYATILAK,SUPERFAST,TRETA-LUCK-LOKM-Z10-22122,10
22123,PUNE AJNI AC EX,PUNE JN,AJNI,SUPERFAST,TRETA-PUNE-AJNI-Z10-22123,10
22124,AJNI PUNE AC EX,AJNI,PUNE JN,SUPERFAST,TRETA-AJNI-PUNE-Z10-22124,10
22125,NGP ASR AC EXP,NAGPUR JN.,AMRITSAR,SUPERFAST,TRETA-NAGP-AMRI-Z10-22125,10
22126,NAGPUR AC EXP,AMRITSAR,NAGPUR JN.,SUPERFAST,TRETA-AMRI-NAGP-Z10-22126,10
22129,TULSI EXPRESS,LOKMANYATILAK,AYODHYA CANTT,SUPERFAST,TRETA-LOKM-AYOD-Z29-22129,29
22130,TULSI EXPRESS,AYODHYA CANTT,LOKMANYATILAK,SUPERFAST,TRETA-AYOD-LOKM-Z28-22130,28
22131,PUNE BANARAS EXP,PUNE JN,BANARAS,SUPERFAST,TRETA-PUNE-BANA-Z18-22131,18
22132,GYAN GANGA EXP,BANARAS,PUNE JN,SUPERFAST,TRETA-BANA-PUNE-Z18-22132,18
22135,MYS RU EXP,MYSORE JN,RENIGUNTA JN,SUPERFAST,TRETA-MYSO-RENI-Z06-22135,6
22136,RU MYS SF EXP,RENIGUNTA JN,MYSORE JN,SUPERFAST,TRETA-RENI-MYSO-Z06-22136,6
22137,PRERANA EXPRESS,NAGPUR JN.,AHMEDABAD JN,SUPERFAST,TRETA-NAGP-AHME-Z15-22137,15
22138,PRERANA EXPRESS,AHMEDABAD JN,NAGPUR JN.,SUPERFAST,TRETA-AHME-NAGP-Z15-22138,15
22139,AJNI HUMSAFAR,PUNE JN,AJNI,SUPERFAST,TRETA-PUNE-AJNI-Z08-22139,8
22140,PUNE HUMSAFAR,AJNI,PUNE JN,SUPERFAST,TRETA-AJNI-PUNE-Z08-22140,8
22141,NGP HUMSAFAR,PUNE JN,NAGPUR JN.,SUPERFAST,TRETA-PUNE-NAGP-Z09-22141,9
22142,PUNE HUMSAFAR,NAGPUR JN.,PUNE JN,SUPERFAST,TRETA-NAGP-PUNE-Z08-22142,8
22143,CSMT BIDAR EXP,C SHIVAJI MAH T,BIDAR,SUPERFAST,TRETA-C_SH-BIDA-Z14-22143,14
22144,BIDR CSMT SF EXP,BIDAR,C SHIVAJI MAH T,SUPERFAST,TRETA-BIDA-C_SH-Z14-22144,14
22145,BPL REWA SF EXP,BHOPAL JN.,REWA,SUPERFAST,TRETA-BHOP-REWA-Z11-22145,11
22146,REWA BPL SF EXP,REWA,BHOPAL JN.,SUPERFAST,TRETA-REWA-BHOP-Z11-22146,11
22147,DR SNSI SF EXP,DADAR,SAINAGAR SHIRDI,SUPERFAST,TRETA-DADA-SAIN-Z06-22147,6
22148,SNSI DR SF EXP,SAINAGAR SHIRDI,DADAR,SUPERFAST,TRETA-SAIN-DADA-Z06-22148,6
22149,ERS PUNE SF EXP,ERNAKULAM JN,PUNE JN,SUPERFAST,TRETA-ERNA-PUNE-Z19-22149,19
22150,PUNE ERS SF EXP,PUNE JN,ERNAKULAM JN,SUPERFAST,TRETA-PUNE-ERNA-Z19-22150,19
22151,PUNE KAZIPET EXP,PUNE JN,KAZIPET JN,SUPERFAST,TRETA-PUNE-KAZI-Z21-22151,21
22152,KZJ PUNE SF EXP,KAZIPET JN,PUNE JN,SUPERFAST,TRETA-KAZI-PUNE-Z21-22152,21
22153,MS SALEM SF EXP,CHENNAI EGMORE,SALEM JN,SUPERFAST,TRETA-CHEN-SALE-Z11-22153,11
22154,SALEM MS SF EXP,SALEM JN,CHENNAI EGMORE,SUPERFAST,TRETA-SALE-CHEN-Z12-22154,12
22155,KLBG KOP SUP EXP,KALABURAGI,KOLHAPUR,SUPERFAST,TRETA-KALA-KOLH-Z10-22155,10
22156,KOP KLBG SUP EXP,KOLHAPUR,KALABURAGI,SUPERFAST,TRETA-KOLH-KALA-Z10-22156,10
22157,CSMT MS SF MAIL,C SHIVAJI MAH T,CHENNAI EGMORE,SUPERFAST,TRETA-C_SH-CHEN-Z34-22157,34
22158,MS CSMT SF EXP,CHENNAI EGMORE,C SHIVAJI MAH T,SUPERFAST,TRETA-CHEN-C_SH-Z33-22158,33
22159,CSMT CHENNAI EXP,C SHIVAJI MAH T,PURATCHI THALAIVAR DR. MGR CTL,SUPERFAST,TRETA-C_SH-PURA-Z31-22159,31
22160,MAS CSMT SF EXP,PURATCHI THALAIVAR DR. MGR CTL,C SHIVAJI MAH T,SUPERFAST,TRETA-PURA-C_SH-Z28-22160,28
22161,RAJYARANI EXP,BHOPAL JN.,DAMOH,SUPERFAST,TRETA-BHOP-DAMO-Z10-22161,10
22162,RAJYARANI EXP,DAMOH,BHOPAL JN.,SUPERFAST,TRETA-DAMO-BHOP-Z10-22162,10
22163,KURJ MAHMANA EXP,BHOPAL JN.,KHAJURAHO,SUPERFAST,TRETA-BHOP-KHAJ-Z11-22163,11
22164,MAHAMANA EXP,KHAJURAHO,BHOPAL JN.,SUPERFAST,TRETA-KHAJ-BHOP-Z11-22164,11
22165,URJADHANI EXP,BHOPAL JN.,SINGRAULI,SUPERFAST,TRETA-BHOP-SING-Z12-22165,12
22166,SGRL BPL SF EXP,SINGRAULI,BHOPAL JN.,SUPERFAST,TRETA-SING-BHOP-Z12-22166,12
22167,SGRL NZM SF EXP,SINGRAULI,HAZRAT NIZAMUDDIN JN,SUPERFAST,TRETA-SING-HAZR-Z14-22167,14
22168,URJADHANI EXP,HAZRAT NIZAMUDDIN JN,SINGRAULI,SUPERFAST,TRETA-HAZR-SING-Z14-22168,14
22169,SRC HUMSAFAR,RANI KAMALAPATI,SANTRAGACHI JN,SUPERFAST,TRETA-RANI-SANT-Z15-22169,15
22170,RKMP HUMSAFAR,SANTRAGACHI JN,RANI KAMALAPATI,SUPERFAST,TRETA-SANT-RANI-Z15-22170,15
22171,RKMP HUMSAFAR,PUNE JN,RANI KAMALAPATI,SUPERFAST,TRETA-PUNE-RANI-Z08-22171,8
22172,PUNE HUMSAFAR,RANI KAMALAPATI,PUNE JN,SUPERFAST,TRETA-RANI-PUNE-Z08-22172,8
22173,CAF JBP SF EXP,CHANDA FORT,JABALPUR,SUPERFAST,TRETA-CHAN-JABA-Z06-22173,6
22174,JBP CAF SF EXP,JABALPUR,CHANDA FORT,SUPERFAST,TRETA-JABA-CHAN-Z06-22174,6
22175,NGP JP SUP EXP,NAGPUR JN.,JAIPUR JN.,SUPERFAST,TRETA-NAGP-JAIP-Z23-22175,23
22176,JP NGP SF EXP,JAIPUR JN.,NAGPUR JN.,SUPERFAST,TRETA-JAIP-NAGP-Z23-22176,23
22177,MAHANAGARI EXP,C SHIVAJI MAH T,BANARAS,SUPERFAST,TRETA-C_SH-BANA-Z29-22177,29
22178,MAHANAGARI EXP,BANARAS,C SHIVAJI MAH T,SUPERFAST,TRETA-BANA-C_SH-Z28-22178,28
22179,LTT CHENNAI EXP,LOKMANYATILAK,PURATCHI THALAIVAR DR. MGR CTL,SUPERFAST,TRETA-LOKM-PURA-Z17-22179,17
22180,MAS LTT SF EXP,PURATCHI THALAIVAR DR. MGR CTL,LOKMANYATILAK,SUPERFAST,TRETA-PURA-LOKM-Z16-22180,16
22181,JBP NZM SF EXP,JABALPUR,HAZRAT NIZAMUDDIN JN,SUPERFAST,TRETA-JABA-HAZR-Z14-22181,14
22182,NZM JBP SF EXP,HAZRAT NIZAMUDDIN JN,JABALPUR,SUPERFAST,TRETA-HAZR-JABA-Z14-22182,14
22183,SAKET EXPRESS,LOKMANYATILAK,AYODHYA CANTT,SUPERFAST,TRETA-LOKM-AYOD-Z19-22183,19
22184,SAKET EXPRESS,AYODHYA CANTT,LOKMANYATILAK,SUPERFAST,TRETA-AYOD-LOKM-Z18-22184,18
22185,ADI PUNE SF,AHMEDABAD JN,PUNE JN,SUPERFAST,TRETA-AHME-PUNE-Z16-22185,16
22186,PUNE ADI SF EXP,PUNE JN,AHMEDABAD JN,SUPERFAST,TRETA-PUNE-AHME-Z15-22186,15
22187,INTERCITY EXP,RANI KAMALAPATI,ADHARTAL,SUPERFAST,TRETA-RANI-ADHA-Z11-22187,11
22188,INTERCITY EXP,ADHARTAL,RANI KAMALAPATI,SUPERFAST,TRETA-ADHA-RANI-Z11-22188,11
22189,REWA INTERCITY,MADAN MAHAL,REWA,SUPERFAST,TRETA-MADA-REWA-Z12-22189,12
22190,MML INTERCITY,REWA,MADAN MAHAL,SUPERFAST,TRETA-REWA-MADA-Z12-22190,12
22191,INDB JBP SF EXP,INDORE JN,JABALPUR,SUPERFAST,TRETA-INDO-JABA-Z19-22191,19
22192,JBP INDB SF EXP,JABALPUR,INDORE JN,SUPERFAST,TRETA-JABA-INDO-Z19-22192,19
22193,DD GWL SF EXP,DAUND JN,GWALIOR JN.,SUPERFAST,TRETA-DAUN-GWAL-Z23-22193,23
22194,GWL DD SF EXP,GWALIOR JN.,DAUND JN,SUPERFAST,TRETA-GWAL-DAUN-Z23-22194,23
22195,VGLJ BDTS SF EX,VIRANGANA LAKSHMIBAI JHANSI JN,BANDRA TERMINUS,SUPERFAST,TRETA-VIRA-BAND-Z21-22195,21
22196,BDTS VGLJ SFAST,BANDRA TERMINUS,VIRANGANA LAKSHMIBAI JHANSI JN,SUPERFAST,TRETA-BAND-VIRA-Z21-22196,21
22197,KOAA VGLJ SF EX,KOLKATTA TERMINAL,VIRANGANA LAKSHMIBAI JHANSI JN,SUPERFAST,TRETA-KOLK-VIRA-Z18-22197,18
22198,VGLJ KOAA SF EX,VIRANGANA LAKSHMIBAI JHANSI JN,KOLKATTA TERMINAL,SUPERFAST,TRETA-VIRA-KOLK-Z18-22198,18
22199,SUSHASAN EXP,GWALIOR JN.,BALRAMPUR,SUPERFAST,TRETA-GWAL-BALR-Z11-22199,11
22200,SUSHASAN SF EXP,BALRAMPUR,GWALIOR JN.,SUPERFAST,TRETA-BALR-GWAL-Z11-22200,11
22201,DURONTO EXPRESS,SEALDAH,PURI,DURONTO EXPRESS,TRETA-SEAL-PURI-Z03-22201,3
22202,DURONTO EXPRESS,PURI,SEALDAH,DURONTO EXPRESS,TRETA-PURI-SEAL-Z03-22202,3
22203,DURONTO EXPRESS,VISAKHAPATNAM,SECUNDERABAD JN,DURONTO EXPRESS,TRETA-VISA-SECU-Z03-22203,3
22204,VSKP DURONTO,SECUNDERABAD JN,VISAKHAPATNAM,DURONTO EXPRESS,TRETA-SECU-VISA-Z03-22204,3
22207,TVC AC SF EXP,PURATCHI THALAIVAR DR. MGR CTL,THIRUVANANTHAPURAM CENTRAL,SUPERFAST,TRETA-PURA-THIR-Z10-22207,10
22208,MAS SF AC EXP,THIRUVANANTHAPURAM CENTRAL,PURATCHI THALAIVAR DR. MGR CTL,SUPERFAST,TRETA-THIR-PURA-Z10-22208,10
22209,NZM DURONTO,MUMBAI CENTRAL,HAZRAT NIZAMUDDIN JN,DURONTO EXPRESS,TRETA-MUMB-HAZR-Z04-22209,4
22210,MMCT DURONTO,HAZRAT NIZAMUDDIN JN,MUMBAI CENTRAL,DURONTO EXPRESS,TRETA-HAZR-MUMB-Z04-22210,4
22213,PNBE DURONTO EX,SHALIMAR,PATNA JN,DURONTO EXPRESS,TRETA-SHAL-PATN-Z03-22213,3
22214,DURONTO EXP,PATNA JN,SHALIMAR,DURONTO EXPRESS,TRETA-PATN-SHAL-Z03-22214,3
22221,NZM RAJDHANI,C SHIVAJI MAH T,HAZRAT NIZAMUDDIN JN,RAJDHANI,TRETA-C_SH-HAZR-Z09-22221,9
22222,CSMT RAJDHANI,HAZRAT NIZAMUDDIN JN,C SHIVAJI MAH T,RAJDHANI,TRETA-HAZR-C_SH-Z09-22222,9
22223,SNSI VANDEBHARAT,C SHIVAJI MAH T,SAINAGAR SHIRDI,VANDE BHARAT,TRETA-C_SH-SAIN-Z05-22223,5
22224,CSMT VANDEBHARAT,SAINAGAR SHIRDI,C SHIVAJI MAH T,VANDE BHARAT,TRETA-SAIN-C_SH-Z05-22224,5
22225,SUR VANDE BHARAT,C SHIVAJI MAH T,SOLAPUR JN,VANDE BHARAT,TRETA-C_SH-SOLA-Z07-22225,7
22226,CSMT VANDEBHARAT,SOLAPUR JN,C SHIVAJI MAH T,VANDE BHARAT,TRETA-SOLA-C_SH-Z07-22226,7
22227,VANDE BHARAT EXP,NEW JALPAIGURI,GUWAHATI,VANDE BHARAT,TRETA-NEW_-GUWA-Z09-22227,9
22228,VANDE BHARAT EXP,GUWAHATI,NEW JALPAIGURI,VANDE BHARAT,TRETA-GUWA-NEW_-Z09-22228,9
22229,MAO VANDE BHARAT,C SHIVAJI MAH T,MADGAON JUNCTION,VANDE BHARAT,TRETA-C_SH-MADG-Z08-22229,8
22230,CSMT VANDEBHARAT,MADGAON JUNCTION,C SHIVAJI MAH T,VANDE BHARAT,TRETA-MADG-C_SH-Z08-22230,8
22231,SMVB VANDEBHARAT,KALABURAGI,SMVT BENGALURU,VANDE BHARAT,TRETA-KALA-SMVT-Z08-22231,8
22232,KLBG VANDEBHARAT,SMVT BENGALURU,KALABURAGI,VANDE BHARAT,TRETA-SMVT-KALA-Z08-22232,8
22233,VANDE BHARAT EXP,NEW JALPAIGURI,PATNA JN,VANDE BHARAT,TRETA-NEW_-PATN-Z08-22233,8
22234,VANDE BHARAT EXP,PATNA JN,NEW JALPAIGURI,VANDE BHARAT,TRETA-PATN-NEW_-Z08-22234,8
22301,VANDE BHARAT EXP,HOWRAH JN,NEW JALPAIGURI,VANDE BHARAT,TRETA-HOWR-NEW_-Z05-22301,5
22302,VANDE BHARAT EXP,NEW JALPAIGURI,HOWRAH JN,VANDE BHARAT,TRETA-NEW_-HOWR-Z05-22302,5
22303,VANDE BHARAT EXP,HOWRAH JN,GAYA JN,VANDE BHARAT,TRETA-HOWR-GAYA-Z06-22303,6
22304,VANDE BHARAT EXP,GAYA JN,HOWRAH JN,VANDE BHARAT,TRETA-GAYA-HOWR-Z06-22304,6
22305,SMVB JSME EXP,SMVT BENGALURU,JASIDIH JN.,SUPERFAST,TRETA-SMVT-JASI-Z19-22305,19
22306,JSME SMVT EXP,JASIDIH JN.,SMVT BENGALURU,SUPERFAST,TRETA-JASI-SMVT-Z19-22306,19
22307,HWH BKN EXPRESS,HOWRAH JN,BIKANER JN,SUPERFAST,TRETA-HOWR-BIKA-Z31-22307,31
22308,BKN HWH SF EXP,BIKANER JN,HOWRAH JN,SUPERFAST,TRETA-BIKA-HOWR-Z31-22308,31
22309,VANDE BHARAT EXP,HOWRAH JN,JAMALPUR JN,VANDE BHARAT,TRETA-HOWR-JAMA-Z09-22309,9
22310,VANDE BHARAT EXP,JAMALPUR JN,HOWRAH JN,VANDE BHARAT,TRETA-JAMA-HOWR-Z09-22310,9
22311,GODA  LTT  EXP,GODDA,LOKMANYATILAK,SUPERFAST,TRETA-GODD-LOKM-Z43-22311,43
22312,LTT GODDA EXP,LOKMANYATILAK,GODDA,SUPERFAST,TRETA-LOKM-GODD-Z42-22312,42
22317,HUMSAFAR EXP,SEALDAH,JAMMUTAVI,SUPERFAST,TRETA-SEAL-JAMM-Z12-22317,12
22318,SDAH HUMSAFAR,JAMMUTAVI,SEALDAH,SUPERFAST,TRETA-JAMM-SEAL-Z12-22318,12
22321,HOOL EXPRESS,HOWRAH JN,SIURI,SUPERFAST,TRETA-HOWR-SIUR-Z10-22321,10
22322,HOOL EXPRESS,SIURI,HOWRAH JN,SUPERFAST,TRETA-SIUR-HOWR-Z10-22322,10
22323,SHABD BHEDI EXP,KOLKATTA TERMINAL,GHAZIPUR CITY,SUPERFAST,TRETA-KOLK-GHAZ-Z09-22323,9
22324,SHABD BHEDI SF,GHAZIPUR CITY,KOLKATTA TERMINAL,SUPERFAST,TRETA-GHAZ-KOLK-Z09-22324,9
22329,HLZ ASN SUF EXP,HALDIA,ASANSOL JN.,SUPERFAST,TRETA-HALD-ASAN-Z17-22329,17
22330,ASN HLZ SF EXP,ASANSOL JN.,HALDIA,SUPERFAST,TRETA-ASAN-HALD-Z17-22330,17
22345,VANDE BHARAT EXP,PATNA JN,GOMTI NAGAR,VANDE BHARAT,TRETA-PATN-GOMT-Z06-22345,6
22346,VANDE BHARAT EXP,GOMTI NAGAR,PATNA JN,VANDE BHARAT,TRETA-GOMT-PATN-Z06-22346,6
22347,VANDE BHARAT EXP,HOWRAH JN,PATNA JN,VANDE BHARAT,TRETA-HOWR-PATN-Z10-22347,10
22348,VANDE BHARAT EXP,PATNA JN,HOWRAH JN,VANDE BHARAT,TRETA-PATN-HOWR-Z10-22348,10
22349,VANDE BHARAT EXP,PATNA JN,RANCHI,VANDE BHARAT,TRETA-PATN-RANC-Z07-22349,7
22350,VANDE BHARAT EXP,RANCHI,PATNA JN,VANDE BHARAT,TRETA-RANC-PATN-Z07-22350,7
22351,SHC SMVB EXP,SAHARSA JN,SMVT BENGALURU,SUPERFAST,TRETA-SAHA-SMVT-Z35-22351,35
22352,SMVB SHC EXP,SMVT BENGALURU,SAHARSA JN,SUPERFAST,TRETA-SMVT-SAHA-Z35-22352,35
22353,HUMSAFAR EXP,PATNA JN,SMVT BENGALURU,SUPERFAST,TRETA-PATN-SMVT-Z21-22353,21
22354,HUMSAFAR EXP,SMVT BENGALURU,PATNA JN,SUPERFAST,TRETA-SMVT-PATN-Z22-22354,22
22355,PPTA CDG EXP,PATLIPUTRA,CHANDIGARH,SUPERFAST,TRETA-PATL-CHAN-Z15-22355,15
22356,CDG PPTA EXP,CHANDIGARH,PATLIPUTRA,SUPERFAST,TRETA-CHAN-PATL-Z15-22356,15
22357,LTT GAYA SF EXP,LOKMANYATILAK,GAYA JN,SUPERFAST,TRETA-LOKM-GAYA-Z22-22357,22
22358,GAYA LTT SUP EXP,GAYA JN,LOKMANYATILAK,SUPERFAST,TRETA-GAYA-LOKM-Z22-22358,22
22359,PNBE CSMT SF EXP,PATNA JN,C SHIVAJI MAH T,SUPERFAST,TRETA-PATN-C_SH-Z09-22359,9
22360,CSMT PNBE SF EXP,C SHIVAJI MAH T,PATNA JN,SUPERFAST,TRETA-C_SH-PATN-Z09-22360,9
22361,AMRIT BHARAT EXP,RAJENDRA NAGAR,NEW DELHI,AMRIT BHARAT,TRETA-RAJE-NEW_-Z09-22361,9
22362,AMRIT BHARAT EXP,NEW DELHI,RAJENDRA NAGAR,AMRIT BHARAT,TRETA-NEW_-RAJE-Z09-22362,9
22363,AMRIT BHARAT EXP,DHANBAD JN,COIMBATORE JN,AMRIT BHARAT,TRETA-DHAN-COIM-Z40-22363,40
22364,CBE DHN AMRIT BH,COIMBATORE JN,DHANBAD JN,AMRIT BHARAT,TRETA-COIM-DHAN-Z40-22364,40
22365,DNR SMVB EXP,DANAPUR,SMVT BENGALURU,SUPERFAST,TRETA-DANA-SMVT-Z21-22365,21
22366,SMVB DNR SF EXP,SMVT BENGALURU,DANAPUR,SUPERFAST,TRETA-SMVT-DANA-Z21-22366,21
22387,BLACKDIAMOND EX,HOWRAH JN,DHANBAD JN,SUPERFAST,TRETA-HOWR-DHAN-Z15-22387,15
22388,BLACKDIAMOND EX,DHANBAD JN,HOWRAH JN,SUPERFAST,TRETA-DHAN-HOWR-Z15-22388,15
22401,DEE MCTM AC SF,DELHI SARAI ROHILLA,MARTYR CAPTAIN TUSHAR MAHAJAN,MAIL EXPRESS,TRETA-DELH-MART-Z07-22401,7
22402,MCTM DEE AC SF,MARTYR CAPTAIN TUSHAR MAHAJAN,DELHI SARAI ROHILLA,MAIL EXPRESS,TRETA-MART-DELH-Z07-22402,7
22403,PDY-NDLS WEEKLY EXP,PONDICHERRY,NEW DELHI,SUPERFAST,TRETA-POND-NEW_-Z14-22403,14
22404,NDLS PDY SF EXP,NEW DELHI,PONDICHERRY,SUPERFAST,TRETA-NEW_-POND-Z14-22404,14
22405,ANVT GARIB RATH,BHAGALPUR,ANAND VIHAR TERMINAL,GARIB RATH,TRETA-BHAG-ANAN-Z19-22405,19
22406,BGP GARIB RATH,ANAND VIHAR TERMINAL,BHAGALPUR,GARIB RATH,TRETA-ANAN-BHAG-Z19-22406,19
22407,ABKP NZM SF EXP,AMBIKAPUR,HAZRAT NIZAMUDDIN JN,SUPERFAST,TRETA-AMBI-HAZR-Z15-22407,15
22408,NZM ABKP SF EXP,HAZRAT NIZAMUDDIN JN,AMBIKAPUR,SUPERFAST,TRETA-HAZR-AMBI-Z15-22408,15
22409,ANVT GARIB RATH,GAYA JN,ANAND VIHAR TERMINAL,GARIB RATH,TRETA-GAYA-ANAN-Z09-22409,9
22410,GAYA GARIB RATH,ANAND VIHAR TERMINAL,GAYA JN,GARIB RATH,TRETA-ANAN-GAYA-Z09-22410,9
22411,ARUNACHAL EXP,NAHARLAGUN,ANAND VIHAR TERMINAL,SUPERFAST,TRETA-NAHA-ANAN-Z20-22411,20
22412,ARUNACHAL EXP,ANAND VIHAR TERMINAL,NAHARLAGUN,SUPERFAST,TRETA-ANAN-NAHA-Z19-22412,19
22413,MAO NZM RAJDHANI,MADGAON JUNCTION,HAZRAT NIZAMUDDIN JN,RAJDHANI,TRETA-MADG-HAZR-Z10-22413,10
22414,NZM MAO RAJDANI,HAZRAT NIZAMUDDIN JN,MADGAON JUNCTION,RAJDHANI,TRETA-HAZR-MADG-Z10-22414,10
22415,VANDE BHARAT EXP,VARANASI,NEW DELHI,VANDE BHARAT,TRETA-VARA-NEW_-Z03-22415,3
22416,VANDE BHARAT EXP,NEW DELHI,VARANASI,VANDE BHARAT,TRETA-NEW_-VARA-Z03-22416,3
22417,MAHAMANA EXP,VARANASI,NEW DELHI,SUPERFAST,TRETA-VARA-NEW_-Z08-22417,8
22418,MAHAMANA EXP,NEW DELHI,VARANASI,SUPERFAST,TRETA-NEW_-VARA-Z08-22418,8
22419,SUHAILDEV SFAST,GHAZIPUR CITY,ANAND VIHAR TERMINAL,SUPERFAST,TRETA-GHAZ-ANAN-Z11-22419,11
22420,SUHALDEV EXP,ANAND VIHAR TERMINAL,GHAZIPUR CITY,SUPERFAST,TRETA-ANAN-GHAZ-Z11-22420,11
22421,DEE JU SF EXP,DELHI SARAI ROHILLA,JODHPUR JN,SUPERFAST,TRETA-DELH-JODH-Z21-22421,21
22422,JU DEE EXP,JODHPUR JN,DELHI SARAI ROHILLA,SUPERFAST,TRETA-JODH-DELH-Z20-22422,20
22423,GKP-ASR SUPERFAST EXP,GORAKHPUR JN,AMRITSAR,SUPERFAST,TRETA-GORA-AMRI-Z15-22423,15
22424,ASR-GKP SUPERFAST EXP,AMRITSAR,GORAKHPUR JN,SUPERFAST,TRETA-AMRI-GORA-Z15-22424,15
22425,VANDE BHARAT EXP,AYODHYA CANTT,ANAND VIHAR TERMINAL,VANDE BHARAT,TRETA-AYOD-ANAN-Z05-22425,5
22426,VANDE BHARAT EXP,ANAND VIHAR TERMINAL,AYODHYA CANTT,VANDE BHARAT,TRETA-ANAN-AYOD-Z05-22426,5
22427,BHRIGU  SUP EXP,BALLIA,ANAND VIHAR TERMINAL,SUPERFAST,TRETA-BALL-ANAN-Z09-22427,9
22428,BHRIGU SF EXP,ANAND VIHAR TERMINAL,BALLIA,SUPERFAST,TRETA-ANAN-BALL-Z09-22428,9
22429,DLI PTK EXP,DELHI JN.,PATHANKOT,SUPERFAST,TRETA-DELH-PATH-Z14-22429,14
22430,PTK DLI EXP,PATHANKOT,DELHI JN.,SUPERFAST,TRETA-PATH-DELH-Z16-22430,16
22431,SFG MCTM SUP EXP,SUBEDARGANJ,MARTYR CAPTAIN TUSHAR MAHAJAN,SUPERFAST,TRETA-SUBE-MART-Z17-22431,17
22432,SFG MCTM SF EXP,MARTYR CAPTAIN TUSHAR MAHAJAN,SUBEDARGANJ,SUPERFAST,TRETA-MART-SUBE-Z17-22432,17
22433,GCT ANVT SF EXP,GHAZIPUR CITY,ANAND VIHAR TERMINAL,SUPERFAST,TRETA-GHAZ-ANAN-Z10-22433,10
22434,SUHALDEV EXP,ANAND VIHAR TERMINAL,GHAZIPUR CITY,SUPERFAST,TRETA-ANAN-GHAZ-Z10-22434,10
22435,VANDE BHARAT EX,VARANASI,NEW DELHI,VANDE BHARAT,TRETA-VARA-NEW_-Z03-22435,3
22436,VANDE BHARAT EX,NEW DELHI,VARANASI,VANDE BHARAT,TRETA-NEW_-VARA-Z03-22436,3
22437,ANVT HUMSAFAR,PRAYAGRAJ JN,ANAND VIHAR TERMINAL,SUPERFAST,TRETA-PRAY-ANAN-Z02-22437,2
22438,PRYJ HUMSAFAR,ANAND VIHAR TERMINAL,PRAYAGRAJ JN,SUPERFAST,TRETA-ANAN-PRAY-Z02-22438,2
22439,VANDE BHARAT EX,NEW DELHI,SHRI MATA VAISHNO DEVI KATRA,VANDE BHARAT,TRETA-NEW_-SHRI-Z06-22439,6
22440,VANDE BHARAT EX,SHRI MATA VAISHNO DEVI KATRA,NEW DELHI,VANDE BHARAT,TRETA-SHRI-NEW_-Z06-22440,6
22441,CKTD-CNB-INTERCITY,CHITRAKOT,KANPUR CENTRAL,SUPERFAST,TRETA-CHIT-KANP-Z11-22441,11
22442,CNB-CKTD-INTERCITY,KANPUR CENTRAL,CHITRAKOT,SUPERFAST,TRETA-KANP-CHIT-Z11-22442,11
22443,CNB BDTS EXP,KANPUR CENTRAL,BANDRA TERMINUS,SUPERFAST,TRETA-KANP-BAND-Z21-22443,21
22444,BDTS KANPUR SUP,BANDRA TERMINUS,KANPUR CENTRAL,SUPERFAST,TRETA-BAND-KANP-Z21-22444,21
22445,CNB ASR SUP,KANPUR CENTRAL,AMRITSAR,SUPERFAST,TRETA-KANP-AMRI-Z13-22445,13
22446,ASR CNB SF EXP,AMRITSAR,KANPUR CENTRAL,SUPERFAST,TRETA-AMRI-KANP-Z13-22446,13
22447,VANDE BHARAT EX,NEW DELHI,AMB  ANDAURA,VANDE BHARAT,TRETA-NEW_-AMB_-Z06-22447,6
22448,VANDE BHARAT EX,AMB  ANDAURA,NEW DELHI,VANDE BHARAT,TRETA-AMB_-NEW_-Z06-22448,6
22449,PORVOTR S KRNTI,GUWAHATI,NEW DELHI,SUPERFAST,TRETA-GUWA-NEW_-Z13-22449,13
22450,PORVOTR S KRNTI,NEW DELHI,GUWAHATI,SUPERFAST,TRETA-NEW_-GUWA-Z13-22450,13
22451,BDTS CDG SF EXP,BANDRA TERMINUS,CHANDIGARH,SUPERFAST,TRETA-BAND-CHAN-Z27-22451,27
22452,CDG BDTS EXP,CHANDIGARH,BANDRA TERMINUS,SUPERFAST,TRETA-CHAN-BAND-Z27-22452,27
22453,RAJYA RANI EXP,LUCKNOW,MEERUT CITY,SUPERFAST,TRETA-LUCK-MEER-Z09-22453,9
22454,RAJYA RANI EXP,MEERUT CITY,LUCKNOW,SUPERFAST,TRETA-MEER-LUCK-Z09-22454,9
22455,SNSI KALKA EXP,SAINAGAR SHIRDI,KALKA,MAIL EXPRESS,TRETA-SAIN-KALK-Z15-22455,15
22456,S NGR SHIRDI EX,KALKA,SAINAGAR SHIRDI,MAIL EXPRESS,TRETA-KALK-SAIN-Z15-22456,15
22457,VANDE BHARAT EXP,ANAND VIHAR TERMINAL,DEHRADOON,VANDE BHARAT,TRETA-ANAN-DEHR-Z07-22457,7
22458,VANDE BHARAT EX,DEHRADOON,ANAND VIHAR TERMINAL,VANDE BHARAT,TRETA-DEHR-ANAN-Z07-22458,7
22459,ANVT HUMSAFAR,MADHUPUR JN.,ANAND VIHAR TERMINAL,MAIL EXPRESS,TRETA-MADH-ANAN-Z11-22459,11
22460,BV DHAM HUMSAFR,ANAND VIHAR TERMINAL,MADHUPUR JN.,MAIL EXPRESS,TRETA-ANAN-MADH-Z11-22460,11
22461,SHRI SHAKTI EXP,NEW DELHI,SHRI MATA VAISHNO DEVI KATRA,SUPERFAST,TRETA-NEW_-SHRI-Z07-22461,7
22462,SHRI SHAKTI EXP,SHRI MATA VAISHNO DEVI KATRA,NEW DELHI,SUPERFAST,TRETA-SHRI-NEW_-Z07-22462,7
22463,RJSTHN S KRANTI,DELHI SARAI ROHILLA,BIKANER JN,SUPERFAST,TRETA-DELH-BIKA-Z10-22463,10
22464,RJSTHN S KRANTI,BIKANER JN,DELHI SARAI ROHILLA,SUPERFAST,TRETA-BIKA-DELH-Z09-22464,9
22465,BABA B DHAM EXP,MADHUPUR JN.,ANAND VIHAR TERMINAL,SUPERFAST,TRETA-MADH-ANAN-Z11-22465,11
22466,BABA V DHAM EXP,ANAND VIHAR TERMINAL,MADHUPUR JN.,SUPERFAST,TRETA-ANAN-MADH-Z11-22466,11
22469,VANDE BHARAT EXP,KHAJURAHO,HAZRAT NIZAMUDDIN JN,VANDE BHARAT,TRETA-KHAJ-HAZR-Z08-22469,8
22470,VANDE BHARAT EXP,HAZRAT NIZAMUDDIN JN,KHAJURAHO,VANDE BHARAT,TRETA-HAZR-KHAJ-Z08-22470,8
22471,LGH DEE EXP,LALGARH JN,DELHI SARAI ROHILLA,SUPERFAST,TRETA-LALG-DELH-Z14-22471,14
22472,INTERCITY EXP,DELHI SARAI ROHILLA,LALGARH JN,SUPERFAST,TRETA-DELH-LALG-Z14-22472,14
22473,BKN BDTS SF EXP,BIKANER JN,BANDRA TERMINUS,SUPERFAST,TRETA-BIKA-BAND-Z22-22473,22
22474,BDTS BKN SF EXP,BANDRA TERMINUS,BIKANER JN,SUPERFAST,TRETA-BAND-BIKA-Z22-22474,22
22475,HSR CBE AC EXP,HISAR,COIMBATORE JN,SUPERFAST,TRETA-HISA-COIM-Z41-22475,41
22476,CBE HSR AC EXP,COIMBATORE JN,HISAR,SUPERFAST,TRETA-COIM-HISA-Z41-22476,41
22477,VANDE BHARAT EXP,NEW DELHI,SHRI MATA VAISHNO DEVI KATRA,VANDE BHARAT,TRETA-NEW_-SHRI-Z06-22477,6
22478,VANDE BHARAT EXP,SHRI MATA VAISHNO DEVI KATRA,NEW DELHI,VANDE BHARAT,TRETA-SHRI-NEW_-Z06-22478,6
22479,SARBAT DA BHALA,NEW DELHI,LOHIAN KHAS JN,SUPERFAST,TRETA-NEW_-LOHI-Z16-22479,16
22480,SARBAT DA BHALA,LOHIAN KHAS JN,NEW DELHI,SUPERFAST,TRETA-LOHI-NEW_-Z16-22480,16
22481,JU DEE SF EXP,JODHPUR JN,DELHI SARAI ROHILLA,SUPERFAST,TRETA-JODH-DELH-Z19-22481,19
22482,DEE JU SF EXP,DELHI SARAI ROHILLA,JODHPUR JN,SUPERFAST,TRETA-DELH-JODH-Z20-22482,20
22483,BGKT GIMB EXP,BHAGAT KI KOTHI,GANDHIDHAM BG,SUPERFAST,TRETA-BHAG-GAND-Z14-22483,14
22484,GIMB BGKT SF EXP,GANDHIDHAM BG,BHAGAT KI KOTHI,SUPERFAST,TRETA-GAND-BHAG-Z14-22484,14
22485,FZR INTERCITY,NEW DELHI,FIROZPUR CANT,SUPERFAST,TRETA-NEW_-FIRO-Z14-22485,14
22486,FZR INTERCITY,FIROZPUR CANT,NEW DELHI,SUPERFAST,TRETA-FIRO-NEW_-Z14-22486,14
22487,VANDE BHARAT EXP,DELHI JN.,AMRITSAR,VANDE BHARAT,TRETA-DELH-AMRI-Z06-22487,6
22488,VANDE BHARAT EXP,AMRITSAR,DELHI JN.,VANDE BHARAT,TRETA-AMRI-DELH-Z06-22488,6
22489,VANDE BHARAT EXP,VARANASI,MEERUT CITY,VANDE BHARAT,TRETA-VARA-MEER-Z06-22489,6
22490,VANDE BHARAT EXP,MEERUT CITY,VARANASI,VANDE BHARAT,TRETA-MEER-VARA-Z06-22490,6
22491,MANDORE EXPRESS,JODHPUR JN,DELHI JN.,SUPERFAST,TRETA-JODH-DELH-Z16-22491,16
22492,MANDORE EXPRESS,DELHI JN.,JODHPUR JN,SUPERFAST,TRETA-DELH-JODH-Z19-22492,19
22497,SGNR TPJ HUMSFAR,SHRI GANGANAGAR,TIRUCHCHIRAPPALLI JN.,SUPERFAST,TRETA-SHRI-TIRU-Z37-22497,37
22498,SGNR HUMSAFAR,TIRUCHCHIRAPPALLI JN.,SHRI GANGANAGAR,SUPERFAST,TRETA-TIRU-SHRI-Z37-22498,37
22499,VANDE BHARAT EXP,DEOGHAR,VARANASI,VANDE BHARAT,TRETA-DEOG-VARA-Z07-22499,7
22500,VANDE BHARAT EX,VARANASI,DEOGHAR,VANDE BHARAT,TRETA-VARA-DEOG-Z07-22500,7
22501,NEWTINSUKIA EXP,SMVT BENGALURU,NEW TINSUKIA,SUPERFAST,TRETA-SMVT-NEW_-Z41-22501,41
22502,NTSK SMVB EXP,NEW TINSUKIA,SMVT BENGALURU,SUPERFAST,TRETA-NEW_-SMVT-Z39-22502,39
22503,DBRG VIVEK EXP,KANNIYAKUMARI,DIBRUGARH,SUPERFAST,TRETA-KANN-DIBR-Z59-22503,59
22504,VIVEK EXPRESS,DIBRUGARH,KANNIYAKUMARI,SUPERFAST,TRETA-DIBR-KANN-Z59-22504,59
22511,KARMABHOOMI EXP,LOKMANYATILAK,KAMAKHYA,SUPERFAST,TRETA-LOKM-KAMA-Z30-22511,30
22512,KARMABHOOMI EXP,KAMAKHYA,LOKMANYATILAK,SUPERFAST,TRETA-KAMA-LOKM-Z30-22512,30
22533,GKP YPR SUP,GORAKHPUR JN,YESVANTPUR JN.,SUPERFAST,TRETA-GORA-YESV-Z23-22533,23
22534,YPR GORAKPUR EXP,YESVANTPUR JN.,GORAKHPUR JN,SUPERFAST,TRETA-YESV-GORA-Z24-22534,24
22535,RMM BNRS SF EXP,RAMESWARAM,BANARAS,SUPERFAST,TRETA-RAME-BANA-Z35-22535,35
22536,BNRS RMM EXP,BANARAS,RAMESWARAM,SUPERFAST,TRETA-BANA-RAME-Z35-22536,35
22537,KUSHINAGAR EXP,GORAKHPUR JN,LOKMANYATILAK,SUPERFAST,TRETA-GORA-LOKM-Z44-22537,44
22538,KUSHINAGAR EXP,LOKMANYATILAK,GORAKHPUR JN,SUPERFAST,TRETA-LOKM-GORA-Z44-22538,44
22539,MAU ANVT SF EXP,MAU JN,ANAND VIHAR TERMINAL,SUPERFAST,TRETA-MAU_-ANAN-Z07-22539,7
22540,ANVT MAU SF EXP,ANAND VIHAR TERMINAL,MAU JN,SUPERFAST,TRETA-ANAN-MAU_-Z07-22540,7
22541,ANVT GARIB RATH,BANARAS,ANAND VIHAR TERMINAL,GARIB RATH,TRETA-BANA-ANAN-Z08-22541,8
22542,BNRS GARIB RATH,ANAND VIHAR TERMINAL,BANARAS,GARIB RATH,TRETA-ANAN-BANA-Z08-22542,8
22543,BDTS LKU SF EXP,BANDRA TERMINUS,LALKUA JN.,SUPERFAST,TRETA-BAND-LALK-Z17-22543,17
22544,LKU BDTS SUP EXP,LALKUA JN.,BANDRA TERMINUS,SUPERFAST,TRETA-LALK-BAND-Z17-22544,17
22545,VANDE BHARAT EXP,LUCKNOW,DEHRADOON,VANDE BHARAT,TRETA-LUCK-DEHR-Z06-22545,6
22546,VANDE BHARAT EXP,DEHRADOON,LUCKNOW,VANDE BHARAT,TRETA-DEHR-LUCK-Z06-22546,6
22547,GWL GG SF EXP,GWALIOR JN.,GANDHIGRAM,SUPERFAST,TRETA-GWAL-GAND-Z18-22547,18
22548,GG GWL SF EXP,GANDHIGRAM,GWALIOR JN.,SUPERFAST,TRETA-GAND-GWAL-Z18-22548,18
22549,VANDE BHARAT EXP,GORAKHPUR JN,PRAYAGRAJ JN,VANDE BHARAT,TRETA-GORA-PRAY-Z05-22549,5
22550,VANDE BHARAT EXP,PRAYAGRAJ JN,GORAKHPUR JN,VANDE BHARAT,TRETA-PRAY-GORA-Z05-22550,5
22551,DBG-JUC ANTYODAY EXPRESS,DARBHANGA JN,JALANDHAR CITY,SUPERFAST,TRETA-DARB-JALA-Z15-22551,15
22552,JUC-DBG ANTYODAY EXPRESS,JALANDHAR CITY,DARBHANGA JN,SUPERFAST,TRETA-JALA-DARB-Z15-22552,15
22553,RXL-LTT ANTYODAY EXPRESS,RAXAUL JN,LOKMANYATILAK,SUPERFAST,TRETA-RAXA-LOKM-Z17-22553,17
22554,LTT-RXL ANTYODAY EXPRESS,LOKMANYATILAK,RAXAUL JN,SUPERFAST,TRETA-LOKM-RAXA-Z17-22554,17
22563,JYG-UDN ANTYODAY SF EXP,JAYNAGAR,UDHNA JN,SUPERFAST,TRETA-JAYN-UDHN-Z23-22563,23
22564,UDN-JYG ANTYODAY SF EXP,UDHNA JN,JAYNAGAR,SUPERFAST,TRETA-UDHN-JAYN-Z24-22564,24
22581,BUI NDLS SF EXP,BALLIA,NEW DELHI,SUPERFAST,TRETA-BALL-NEW_-Z10-22581,10
22582,NDLS BUI SF EXP,NEW DELHI,BALLIA,SUPERFAST,TRETA-NEW_-BALL-Z10-22582,10
22583,CPR-LTT ANTYODAYA SUP,CHHAPRA,LOKMANYATILAK,SUPERFAST,TRETA-CHHA-LOKM-Z23-22583,23
22584,LTT CPR ANTYODAY SUP,LOKMANYATILAK,CHHAPRA,SUPERFAST,TRETA-LOKM-CHHA-Z23-22584,23
22585,BNRS GNC EXP,BANARAS,GANDHINAGAR CAPITAL,SUPERFAST,TRETA-BANA-GAND-Z13-22585,13
22586,GNC BNRS EXP,GANDHINAGAR CAPITAL,BANARAS,SUPERFAST,TRETA-GAND-BANA-Z13-22586,13
22587,AMRIT BHARAT EXP,SEALDAH,BANARAS,AMRIT BHARAT,TRETA-SEAL-BANA-Z07-22587,7
22588,AMRIT BHARAT EXP,BANARAS,SEALDAH,AMRIT BHARAT,TRETA-BANA-SEAL-Z07-22588,7
22589,AMRIT BHARAT EXP,BANARAS,HADAPSAR,AMRIT BHARAT,TRETA-BANA-HADA-Z19-22589,19
22590,BNRS AMRITBHARAT,HADAPSAR,BANARAS,AMRIT BHARAT,TRETA-HADA-BANA-Z19-22590,19
22601,MAS SNSI SF EXP,PURATCHI THALAIVAR DR. MGR CTL,SAINAGAR SHIRDI,SUPERFAST,TRETA-PURA-SAIN-Z22-22601,22
22602,SNSI MAS SF EXP,SAINAGAR SHIRDI,PURATCHI THALAIVAR DR. MGR CTL,SUPERFAST,TRETA-SAIN-PURA-Z23-22602,23
22603,KGP VM SF EXP,KHARAGPUR JN,VILLUPURAM JN,SUPERFAST,TRETA-KHAR-VILL-Z19-22603,19
22604,VM KGP SF EXP,VILLUPURAM JN,KHARAGPUR JN,SUPERFAST,TRETA-VILL-KHAR-Z19-22604,19
22605,PRR TEN SF EXP,PURULIA JN.,TIRUNELVELI JN,SUPERFAST,TRETA-PURU-TIRU-Z36-22605,36
22606,TEN PRR SF EXP,TIRUNELVELI JN,PURULIA JN.,SUPERFAST,TRETA-TIRU-PURU-Z36-22606,36
22609,INTERCITY SF EX,MANGALORE CENTRAL,COIMBATORE JN,SUPERFAST,TRETA-MANG-COIM-Z14-22609,14
22610,INTERCITY SF EX,COIMBATORE JN,MANGALORE CENTRAL,SUPERFAST,TRETA-COIM-MANG-Z14-22610,14
22611,MAS NJP SF EXP,PURATCHI THALAIVAR DR. MGR CTL,NEW JALPAIGURI,SUPERFAST,TRETA-PURA-NEW_-Z25-22611,25
22612,NJP MAS EXPRESS,NEW JALPAIGURI,PURATCHI THALAIVAR DR. MGR CTL,SUPERFAST,TRETA-NEW_-PURA-Z25-22612,25
22613,RMM AYC SF EXP,RAMESWARAM,AYODHYA CANTT,SUPERFAST,TRETA-RAME-AYOD-Z25-22613,25
22614,AYC RMM SF EXP,AYODHYA CANTT,RAMESWARAM,SUPERFAST,TRETA-AYOD-RAME-Z25-22614,25
22615,TPTY CBE SF EXP,TIRUPATI,COIMBATORE JN,SUPERFAST,TRETA-TIRU-COIM-Z10-22615,10
22616,TIRUPATI SF EXP,COIMBATORE JN,TIRUPATI,SUPERFAST,TRETA-COIM-TIRU-Z09-22616,9
22617,TPTY SMVB SF EX,TIRUPATI,SMVT BENGALURU,SUPERFAST,TRETA-TIRU-SMVT-Z08-22617,8
22618,TIRUPATHI EXP,SMVT BENGALURU,TIRUPATI,SUPERFAST,TRETA-SMVT-TIRU-Z08-22618,8
22619,BSP TEN SF EXP,BILASPUR JN.,TIRUNELVELI JN,SUPERFAST,TRETA-BILA-TIRU-Z31-22619,31
22620,TEN BSP SF EXP,TIRUNELVELI JN,BILASPUR JN.,SUPERFAST,TRETA-TIRU-BILA-Z31-22620,31
22621,RMM CAPE SF EXP,RAMESWARAM,KANNIYAKUMARI,SUPERFAST,TRETA-RAME-KANN-Z09-22621,9
22622,CAPE RMM SF EXP,KANNIYAKUMARI,RAMESWARAM,SUPERFAST,TRETA-KANN-RAME-Z09-22622,9
22623,MS MDU SF EXP,TAMBARAM,MADURAI JN,SUPERFAST,TRETA-TAMB-MADU-Z09-22623,9
22624,MDU MS SF EXP,MADURAI JN,TAMBARAM,SUPERFAST,TRETA-MADU-TAMB-Z09-22624,9
22625,SBC DOUBLE DECK,PURATCHI THALAIVAR DR. MGR CTL,KSR BENGALURU,SUPERFAST,TRETA-PURA-KSR_-Z11-22625,11
22626,MAS DOUBLE DECK,KSR BENGALURU,PURATCHI THALAIVAR DR. MGR CTL,SUPERFAST,TRETA-KSR_-PURA-Z25-22626,25
22627,TPJ TVC SF EXP,TIRUCHCHIRAPPALLI JN.,THIRUVANANTHAPURAM CENTRAL,SUPERFAST,TRETA-TIRU-THIR-Z23-22627,23
22628,TVC TPJ SF EXP,THIRUVANANTHAPURAM CENTRAL,TIRUCHCHIRAPPALLI JN.,SUPERFAST,TRETA-THIR-TIRU-Z23-22628,23
22629,LTT TEN EXP,LOKMANYATILAK,TIRUNELVELI JN,SUPERFAST,TRETA-LOKM-TIRU-Z27-22629,27
22630,TEN LTT SF EXP,TIRUNELVELI JN,LOKMANYATILAK,SUPERFAST,TRETA-TIRU-LOKM-Z27-22630,27
22631,ANUVRAT SF EXP,MADURAI JN,BIKANER JN,SUPERFAST,TRETA-MADU-BIKA-Z41-22631,41
22632,BKN MDU SF EXP,BIKANER JN,MADURAI JN,SUPERFAST,TRETA-BIKA-MADU-Z83-22632,83
22633,TVC NZM SF EXP,THIRUVANANTHAPURAM CENTRAL,HAZRAT NIZAMUDDIN JN,SUPERFAST,TRETA-THIR-HAZR-Z57-22633,57
22634,NZM TVC SF EXP,HAZRAT NIZAMUDDIN JN,THIRUVANANTHAPURAM CENTRAL,SUPERFAST,TRETA-HAZR-THIR-Z57-22634,57
22637,WESTCOAST SF EXP,PURATCHI THALAIVAR DR. MGR CTL,MANGALORE CENTRAL,SUPERFAST,TRETA-PURA-MANG-Z28-22637,28
22638,WESTCOAST SF EXP,MANGALORE CENTRAL,PURATCHI THALAIVAR DR. MGR CTL,SUPERFAST,TRETA-MANG-PURA-Z29-22638,29
22639,ALLEPPEY SF EXP,PURATCHI THALAIVAR DR. MGR CTL,ALAPPUZHA,SUPERFAST,TRETA-PURA-ALAP-Z23-22639,23
22640,CHENNAI SF EXP,ALAPPUZHA,PURATCHI THALAIVAR DR. MGR CTL,SUPERFAST,TRETA-ALAP-PURA-Z24-22640,24
22641,SHALIMAR SF EXP,THIRUVANANTHAPURAM CENTRAL,SHALIMAR,SUPERFAST,TRETA-THIR-SHAL-Z36-22641,36
22642,SHM TVC SUF EXP,SHALIMAR,THIRUVANANTHAPURAM CENTRAL,SUPERFAST,TRETA-SHAL-THIR-Z36-22642,36
22643,ERS PNBE SF EXP,ERNAKULAM JN,PATNA JN,SUPERFAST,TRETA-ERNA-PATN-Z44-22643,44
22644,PNBE ERS EXP,PATNA JN,ERNAKULAM JN,SUPERFAST,TRETA-PATN-ERNA-Z42-22644,42
22645,AHILYANAGARI EX,INDORE JN,THIRUVANANTHAPURAM NORTH,SUPERFAST,TRETA-INDO-THIR-Z49-22645,49
22646,AHILYANAGARI EXP,THIRUVANANTHAPURAM NORTH,INDORE JN,SUPERFAST,TRETA-THIR-INDO-Z48-22646,48
22647,KRBA TVCN SF EXP,KORBA,THIRUVANANTHAPURAM NORTH,SUPERFAST,TRETA-KORB-THIR-Z52-22647,52
22648,TVCN KRBA SF EXP,THIRUVANANTHAPURAM NORTH,KORBA,SUPERFAST,TRETA-THIR-KORB-Z52-22648,52
22649,YERCAUD SF EXP,PURATCHI THALAIVAR DR. MGR CTL,ERODE JN,SUPERFAST,TRETA-PURA-EROD-Z11-22649,11
22650,YERCAUD SF EXP,ERODE JN,PURATCHI THALAIVAR DR. MGR CTL,SUPERFAST,TRETA-EROD-PURA-Z12-22650,12
22651,MAS PGT EXPRESS,PURATCHI THALAIVAR DR. MGR CTL,PALAKKAD JN,SUPERFAST,TRETA-PURA-PALA-Z19-22651,19
22652,PGT MAS EXPRESS,PALAKKAD JN,PURATCHI THALAIVAR DR. MGR CTL,SUPERFAST,TRETA-PALA-PURA-Z20-22652,20
22653,TVC-NZM SF EXP,THIRUVANANTHAPURAM CENTRAL,HAZRAT NIZAMUDDIN JN,SUPERFAST,TRETA-THIR-HAZR-Z30-22653,30
22654,NZM TVC SF EXP,HAZRAT NIZAMUDDIN JN,THIRUVANANTHAPURAM CENTRAL,SUPERFAST,TRETA-HAZR-THIR-Z30-22654,30
22655,ERS NZM SF EXP,ERNAKULAM JN,HAZRAT NIZAMUDDIN JN,SUPERFAST,TRETA-ERNA-HAZR-Z25-22655,25
22656,NZM ERS SF EXP,HAZRAT NIZAMUDDIN JN,ERNAKULAM JN,SUPERFAST,TRETA-HAZR-ERNA-Z25-22656,25
22657,TBM CAPE SF EXP,TAMBARAM,KANNIYAKUMARI,SUPERFAST,TRETA-TAMB-KANN-Z13-22657,13
22658,CAPE TBM SF EXP,KANNIYAKUMARI,TAMBARAM,SUPERFAST,TRETA-KANN-TAMB-Z13-22658,13
22659,TVCN YNRK SF EXP Valid From : 20-Aug-2026,THIRUVANANTHAPURAM NORTH,YOG NAGARI RISHIKESH,SUPERFAST,TRETA-THIR-YOG_-Z28-22659,28
22660,YNRK TVCN SF EXP,YOG NAGARI RISHIKESH,THIRUVANANTHAPURAM NORTH,SUPERFAST,TRETA-YOG_-THIR-Z29-22660,29
22661,MS RMM SF EXP,CHENNAI EGMORE,RAMESWARAM,SUPERFAST,TRETA-CHEN-RAME-Z17-22661,17
22662,RMM MS SF EXP,RAMESWARAM,CHENNAI EGMORE,SUPERFAST,TRETA-RAME-CHEN-Z17-22662,17
22663,MS JU SF EXPRESS,TAMBARAM,JODHPUR JN,SUPERFAST,TRETA-TAMB-JODH-Z30-22663,30
22664,JU MS SF EXPRESS,JODHPUR JN,TAMBARAM,SUPERFAST,TRETA-JODH-TAMB-Z30-22664,30
22665,SBC CBE UDAY EXP,KSR BENGALURU,COIMBATORE JN,SUPERFAST,TRETA-KSR_-COIM-Z08-22665,8
22666,CBE SBC UDAY EXP,COIMBATORE JN,KSR BENGALURU,SUPERFAST,TRETA-COIM-KSR_-Z07-22666,7
22667,NCJ CBE SF EXP,NAGERCOIL JUNCTION,COIMBATORE JN,SUPERFAST,TRETA-NAGE-COIM-Z12-22667,12
22668,CBE NCJ SF EXP,COIMBATORE JN,NAGERCOIL JUNCTION,SUPERFAST,TRETA-COIM-NAGE-Z25-22668,25
22669,ERS PNBE SF EXP,ERNAKULAM JN,PATNA JN,SUPERFAST,TRETA-ERNA-PATN-Z35-22669,35
22670,PNBE ERS EXPRES,PATNA JN,ERNAKULAM JN,SUPERFAST,TRETA-PATN-ERNA-Z36-22670,36
22671,TEJAS EXPRESS,CHENNAI EGMORE,MADURAI JN,TEJAS,TRETA-CHEN-MADU-Z04-22671,4
22672,TEJAS EXPRESS,MADURAI JN,CHENNAI EGMORE,TEJAS,TRETA-MADU-CHEN-Z04-22672,4
22673,JU MQ SF EXP,JODHPUR JN,MANNARGUDI,SUPERFAST,TRETA-JODH-MANN-Z41-22673,41
22674,MQ JU SF EXPRESS,MANNARGUDI,JODHPUR JN,SUPERFAST,TRETA-MANN-JODH-Z41-22674,41
22675,CHOZHAN SF EXP,CHENNAI EGMORE,TIRUCHCHIRAPPALLI JN.,SUPERFAST,TRETA-CHEN-TIRU-Z19-22675,19
22676,CHOZHAN SF EXP,TIRUCHCHIRAPPALLI JN.,CHENNAI EGMORE,SUPERFAST,TRETA-TIRU-CHEN-Z19-22676,19
22679,INTERCITY EXP,YESVANTPUR JN.,HASSAN,SUPERFAST,TRETA-YESV-HASS-Z09-22679,9
22680,INTERCITY EXP,HASSAN,YESVANTPUR JN.,SUPERFAST,TRETA-HASS-YESV-Z09-22680,9
22681,MYS MAS SF EXP,MYSORE JN,PURATCHI THALAIVAR DR. MGR CTL,SUPERFAST,TRETA-MYSO-PURA-Z11-22681,11
22682,MAS MYS SF EXP,PURATCHI THALAIVAR DR. MGR CTL,MYSORE JN,SUPERFAST,TRETA-PURA-MYSO-Z10-22682,10
22683,YPR LKO EXP,YESVANTPUR JN.,LUCKNOW JN.,SUPERFAST,TRETA-YESV-LUCK-Z30-22683,30
22684,LKO YPR SF EXP,LUCKNOW JN.,YESVANTPUR JN.,SUPERFAST,TRETA-LUCK-YESV-Z30-22684,30
22685,CDG SKRANTI EXP,YESVANTPUR JN.,CHANDIGARH,SUPERFAST,TRETA-YESV-CHAN-Z18-22685,18
22686,KARNTK S KRANTI,CHANDIGARH,YESVANTPUR JN.,SUPERFAST,TRETA-CHAN-YESV-Z18-22686,18
22687,MYS BSB EXP,MYSORE JN,VARANASI,SUPERFAST,TRETA-MYSO-VARA-Z33-22687,33
22688,BSB MYS EXPRESS,VARANASI,MYSORE JN,SUPERFAST,TRETA-VARA-MYSO-Z33-22688,33
22689,ADI YPR SUP FAST,AHMEDABAD JN,YESVANTPUR JN.,SUPERFAST,TRETA-AHME-YESV-Z23-22689,23
22690,AHMEDABAD EXP,YESVANTPUR JN.,AHMEDABAD JN,SUPERFAST,TRETA-YESV-AHME-Z24-22690,24
22691,RAJDHANI EXP,KSR BENGALURU,HAZRAT NIZAMUDDIN JN,RAJDHANI,TRETA-KSR_-HAZR-Z15-22691,15
22692,SBC RAJDHANI,HAZRAT NIZAMUDDIN JN,KSR BENGALURU,RAJDHANI,TRETA-HAZR-KSR_-Z15-22692,15
22697,UBL MAS SF EXP,SSS HUBBALLI JN,PURATCHI THALAIVAR DR. MGR CTL,SUPERFAST,TRETA-SSS_-PURA-Z17-22697,17
22698,MAS UBL SF EXP,PURATCHI THALAIVAR DR. MGR CTL,SSS HUBBALLI JN,SUPERFAST,TRETA-PURA-SSS_-Z16-22698,16
22705,JAT HUMSAFAR,TIRUPATI,JAMMUTAVI,SUPERFAST,TRETA-TIRU-JAMM-Z13-22705,13
22706,TPTY HAMSAFAR,JAMMUTAVI,TIRUPATI,SUPERFAST,TRETA-JAMM-TIRU-Z13-22706,13
22707,DOUBLE DECKER SF,VISAKHAPATNAM,TIRUPATI,SUPERFAST,TRETA-VISA-TIRU-Z17-22707,17
22708,TPTY VSKP DD EX,TIRUPATI,VISAKHAPATNAM,SUPERFAST,TRETA-TIRU-VISA-Z17-22708,17
22709,NED AADR SF EXP,NANDED,AMB  ANDAURA,SUPERFAST,TRETA-NAND-AMB_-Z25-22709,25
22710,AADR NED SF EXP,AMB  ANDAURA,NANDED,SUPERFAST,TRETA-AMB_-NAND-Z25-22710,25
22715,KCG MDU SF EXP,KACHEGUDA,MADURAI JN,SUPERFAST,TRETA-KACH-MADU-Z22-22715,22
22716,MDU KCG SF EXP,MADURAI JN,KACHEGUDA,SUPERFAST,TRETA-MADU-KACH-Z22-22716,22
22717,RJT SC SUP EXP,RAJKOT,SECUNDERABAD JN,SUPERFAST,TRETA-RAJK-SECU-Z27-22717,27
22718,RAJKOT SF EXP,SECUNDERABAD JN,RAJKOT,SUPERFAST,TRETA-SECU-RAJK-Z28-22718,28
22723,NED SGNR SF EXP,NANDED,SHRI GANGANAGAR,SUPERFAST,TRETA-NAND-SHRI-Z35-22723,35
22724,SGNR NED SF EXP,SHRI GANGANAGAR,NANDED,SUPERFAST,TRETA-SHRI-NAND-Z35-22724,35
22731,MUMBAI SF EXP,HYDERABAD,C SHIVAJI MAH T,SUPERFAST,TRETA-HYDE-C_SH-Z21-22731,21
22732,HYDERABAD EXP,C SHIVAJI MAH T,HYDERABAD,SUPERFAST,TRETA-C_SH-HYDE-Z21-22732,21
22737,SC HSR SF EXP,SECUNDERABAD JN,HISAR,SUPERFAST,TRETA-SECU-HISA-Z36-22737,36
22738,HSR SC SF EXP,HISAR,SECUNDERABAD JN,SUPERFAST,TRETA-HISA-SECU-Z35-22738,35
22801,VSKP MAS S F,VISAKHAPATNAM,PURATCHI THALAIVAR DR. MGR CTL,SUPERFAST,TRETA-VISA-PURA-Z14-22801,14
22802,MAS VSKP SF EXP,PURATCHI THALAIVAR DR. MGR CTL,VISAKHAPATNAM,SUPERFAST,TRETA-PURA-VISA-Z14-22802,14
22803,SHM SBP SUF EXP,SHALIMAR,SAMBALPUR JN.,SUPERFAST,TRETA-SHAL-SAMB-Z10-22803,10
22804,SBP SHM SUP EXP,SAMBALPUR JN.,SHALIMAR,SUPERFAST,TRETA-SAMB-SHAL-Z10-22804,10
22805,BBS ANVT S F,BHUBANESWAR,ANAND VIHAR TERMINAL,SUPERFAST,TRETA-BHUB-ANAN-Z17-22805,17
22806,ANVT BBS SF EXP,ANAND VIHAR TERMINAL,BHUBANESWAR,SUPERFAST,TRETA-ANAN-BHUB-Z17-22806,17
22807,MAS SUF AC EXP,SANTRAGACHI JN,PURATCHI THALAIVAR DR. MGR CTL,SUPERFAST,TRETA-SANT-PURA-Z17-22807,17
22808,SRC AC SF EXP,PURATCHI THALAIVAR DR. MGR CTL,SANTRAGACHI JN,SUPERFAST,TRETA-PURA-SANT-Z17-22808,17
22809,VSKP SF EXP,PARADEEP,VISAKHAPATNAM,SUPERFAST,TRETA-PARA-VISA-Z14-22809,14
22810,PRDP SF EXP,VISAKHAPATNAM,PARADEEP,SUPERFAST,TRETA-VISA-PARA-Z14-22810,14
22811,TEJAS RAJ EXP,BHUBANESWAR,NEW DELHI,RAJDHANI,TRETA-BHUB-NEW_-Z14-22811,14
22812,BBS TEJAS RAJ,NEW DELHI,BHUBANESWAR,RAJDHANI,TRETA-NEW_-BHUB-Z14-22812,14
22815,BSP ERS SF EXP,BILASPUR JN.,ERNAKULAM JN,SUPERFAST,TRETA-BILA-ERNA-Z22-22815,22
22816,ERS BSP SF EXP,ERNAKULAM JN,BILASPUR JN.,SUPERFAST,TRETA-ERNA-BILA-Z22-22816,22
22817,HWH MYS EXP,HOWRAH JN,MYSORE JN,SUPERFAST,TRETA-HOWR-MYSO-Z20-22817,20
22818,MYS HOWRAH EXP,MYSORE JN,HOWRAH JN,SUPERFAST,TRETA-MYSO-HOWR-Z21-22818,21
22819,INTERCITY SF EXP,BHUBANESWAR NEW JN,VISAKHAPATNAM,SUPERFAST,TRETA-BHUB-VISA-Z29-22819,29
22820,INTERCITY SF EX,VISAKHAPATNAM,BHUBANESWAR NEW JN,SUPERFAST,TRETA-VISA-BHUB-Z29-22820,29
22823,TEJAS RAJ EXP,BHUBANESWAR,NEW DELHI,RAJDHANI,TRETA-BHUB-NEW_-Z14-22823,14
22824,BBS TEJAS RAJ,NEW DELHI,BHUBANESWAR,RAJDHANI,TRETA-NEW_-BHUB-Z14-22824,14
22825,SHM MAS SF EXP,SHALIMAR,PURATCHI THALAIVAR DR. MGR CTL,SUPERFAST,TRETA-SHAL-PURA-Z23-22825,23
22826,MAS SHM SF EXP,PURATCHI THALAIVAR DR. MGR CTL,SHALIMAR,SUPERFAST,TRETA-PURA-SHAL-Z23-22826,23
22827,PURI ST S F,PURI,SURAT,SUPERFAST,TRETA-PURI-SURA-Z17-22827,17
22828,SURAT PURI EXP,SURAT,PURI,SUPERFAST,TRETA-SURA-PURI-Z17-22828,17
22829,BHUJ SHM EXP,BHUJ,SHALIMAR,SUPERFAST,TRETA-BHUJ-SHAL-Z31-22829,31
22830,SHM BHUJ  SF EXP,SHALIMAR,BHUJ,SUPERFAST,TRETA-SHAL-BHUJ-Z31-22830,31
22831,HWH YPR SF EXP,HOWRAH JN,YESVANTPUR JN.,SUPERFAST,TRETA-HOWR-YESV-Z21-22831,21
22832,YPR HWH SF EXP,YESVANTPUR JN.,HOWRAH JN,SUPERFAST,TRETA-YESV-HOWR-Z23-22832,23
22833,HUMSAFAR EXPRES,BHUBANESWAR,SMVT BENGALURU,SUPERFAST,TRETA-BHUB-SMVT-Z19-22833,19
22834,BBS HUMSAFAR,SMVT BENGALURU,BHUBANESWAR,SUPERFAST,TRETA-SMVT-BHUB-Z19-22834,19
22835,SHM PURI SF EXP,SHALIMAR,PURI,SUPERFAST,TRETA-SHAL-PURI-Z10-22835,10
22836,PURI SHM SF,PURI,SHALIMAR,SUPERFAST,TRETA-PURI-SHAL-Z10-22836,10
22837,DHARTI ABBA EXP,HATIA,ERNAKULAM JN,SUPERFAST,TRETA-HATI-ERNA-Z30-22837,30
22838,DHARTI AABA EXP,ERNAKULAM JN,HATIA,SUPERFAST,TRETA-ERNA-HATI-Z30-22838,30
22839,INTERCITY EXP,ROURKELA,BHUBANESWAR,SUPERFAST,TRETA-ROUR-BHUB-Z15-22839,15
22840,INTERCITY SF EX,BHUBANESWAR,ROURKELA,SUPERFAST,TRETA-BHUB-ROUR-Z14-22840,14
22841,SRC TBM ANTYODAYA EXPRESS,SANTRAGACHI JN,TAMBARAM,SUPERFAST,TRETA-SANT-TAMB-Z28-22841,28
22842,TBM SRC ANTYODAYA EXPRESS,TAMBARAM,SANTRAGACHI JN,SUPERFAST,TRETA-TAMB-SANT-Z28-22842,28
22843,BSP BXR SF EXP,BILASPUR JN.,BUXAR,SUPERFAST,TRETA-BILA-BUXA-Z28-22843,28
22844,BXR BSP SF EXP,BUXAR,BILASPUR JN.,SUPERFAST,TRETA-BUXA-BILA-Z28-22844,28
22845,PUNE HATIA EXP,PUNE JN,HATIA,SUPERFAST,TRETA-PUNE-HATI-Z19-22845,19
22846,HTE PUNE SF EXP,HATIA,PUNE JN,SUPERFAST,TRETA-HATI-PUNE-Z19-22846,19
22847,VSKP LTT S F,VISAKHAPATNAM,LOKMANYATILAK,SUPERFAST,TRETA-VISA-LOKM-Z23-22847,23
22848,LTT VSKP EXPRESS,LOKMANYATILAK,VISAKHAPATNAM,SUPERFAST,TRETA-LOKM-VISA-Z23-22848,23
22849,SHM SC SUF EXP,SHALIMAR,SECUNDERABAD JN,SUPERFAST,TRETA-SHAL-SECU-Z19-22849,19
22850,SC SHM WKLY SF,SECUNDERABAD JN,SHALIMAR,SUPERFAST,TRETA-SECU-SHAL-Z20-22850,20
22851,MAQ VIVEK SF EXP,SANTRAGACHI JN,MANGALORE CENTRAL,SUPERFAST,TRETA-SANT-MANG-Z39-22851,39
22852,SRC VIVEK SF EX,MANGALORE CENTRAL,SANTRAGACHI JN,SUPERFAST,TRETA-MANG-SANT-Z39-22852,39
22853,SHM VSKP SF EXP,SHALIMAR,VISAKHAPATNAM,SUPERFAST,TRETA-SHAL-VISA-Z15-22853,15
22854,VSKP SHM S F,VISAKHAPATNAM,SHALIMAR,SUPERFAST,TRETA-VISA-SHAL-Z15-22854,15
22855,SRC TPTY SF EXP,SANTRAGACHI JN,TIRUPATI,SUPERFAST,TRETA-SANT-TIRU-Z17-22855,17
22856,TPTY SRC SF EXP,TIRUPATI,SANTRAGACHI JN,SUPERFAST,TRETA-TIRU-SANT-Z18-22856,18
22857,SRC ANVT SF EXP,SANTRAGACHI JN,ANAND VIHAR TERMINAL,SUPERFAST,TRETA-SANT-ANAN-Z11-22857,11
22858,ANVT SRC SF EXP,ANAND VIHAR TERMINAL,SANTRAGACHI JN,SUPERFAST,TRETA-ANAN-SANT-Z11-22858,11
22859,PURI MAS S F,PURI,PURATCHI THALAIVAR DR. MGR CTL,SUPERFAST,TRETA-PURI-PURA-Z20-22859,20
22860,MAS PURI SF EXP,PURATCHI THALAIVAR DR. MGR CTL,PURI,SUPERFAST,TRETA-PURA-PURI-Z20-22860,20
22861,KBJ ISPAT EXP,HOWRAH JN,KANTABANJI,SUPERFAST,TRETA-HOWR-KANT-Z27-22861,27
22862,KBJ ISPAT EXP,KANTABANJI,HOWRAH JN,SUPERFAST,TRETA-KANT-HOWR-Z27-22862,27
22863,SMVB SF AC EXP,HOWRAH JN,SMVT BENGALURU,SUPERFAST,TRETA-HOWR-SMVT-Z11-22863,11
22864,SMVB HWH AC EXP,SMVT BENGALURU,HOWRAH JN,SUPERFAST,TRETA-SMVT-HOWR-Z11-22864,11
22865,LTT PURI EXPRESS,LOKMANYATILAK,PURI,SUPERFAST,TRETA-LOKM-PURI-Z18-22865,18
22866,PURI LTT S F,PURI,LOKMANYATILAK,SUPERFAST,TRETA-PURI-LOKM-Z18-22866,18
22867,NZM HUMSAFAR EXP,DURG,HAZRAT NIZAMUDDIN JN,SUPERFAST,TRETA-DURG-HAZR-Z15-22867,15
22868,DURG HUMSFAR,HAZRAT NIZAMUDDIN JN,DURG,SUPERFAST,TRETA-HAZR-DURG-Z15-22868,15
22869,VSKP MAS S F,VISAKHAPATNAM,PURATCHI THALAIVAR DR. MGR CTL,SUPERFAST,TRETA-VISA-PURA-Z12-22869,12
22870,MAS VSKP SF EXP,PURATCHI THALAIVAR DR. MGR CTL,VISAKHAPATNAM,SUPERFAST,TRETA-PURA-VISA-Z12-22870,12
22871,BBS TPTY S F,BHUBANESWAR,TIRUPATI,SUPERFAST,TRETA-BHUB-TIRU-Z18-22871,18
22872,TPTY BBS SF EXP,TIRUPATI,BHUBANESWAR,SUPERFAST,TRETA-TIRU-BHUB-Z18-22872,18
22873,DGHA VSKP SF EX,DIGHA,VISAKHAPATNAM,SUPERFAST,TRETA-DIGH-VISA-Z15-22873,15
22874,VSKP DGHA SF,VISAKHAPATNAM,DIGHA,SUPERFAST,TRETA-VISA-DIGH-Z15-22874,15
22875,UDAY EXPRESS,VISAKHAPATNAM,GUNTUR JN,SUPERFAST,TRETA-VISA-GUNT-Z09-22875,9
22876,VSKP UDAY DD EXP,GUNTUR JN,VISAKHAPATNAM,SUPERFAST,TRETA-GUNT-VISA-Z09-22876,9
22877,HWH-ERS ANTYODAYA EXPRESS,HOWRAH JN,ERNAKULAM JN,SUPERFAST,TRETA-HOWR-ERNA-Z24-22877,24
22878,ERS-HWH ANTYODAYA EXP,ERNAKULAM JN,HOWRAH JN,SUPERFAST,TRETA-ERNA-HOWR-Z24-22878,24
22879,BBS TPTY SF,BHUBANESWAR,TIRUPATI,SUPERFAST,TRETA-BHUB-TIRU-Z20-22879,20
22880,TPTY BBS SF EXP,TIRUPATI,BHUBANESWAR,SUPERFAST,TRETA-TIRU-BHUB-Z20-22880,20
22881,PUNE BBS SF EXP,PUNE JN,BHUBANESWAR,SUPERFAST,TRETA-PUNE-BHUB-Z14-22881,14
22882,BBS PUNE SF EXP,BHUBANESWAR,PUNE JN,SUPERFAST,TRETA-BHUB-PUNE-Z13-22882,13
22883,YPR GARIB RATH,PURI,YESVANTPUR JN.,GARIB RATH,TRETA-PURI-YESV-Z24-22883,24
22884,GARIBRATH EXP,YESVANTPUR JN.,PURI,GARIB RATH,TRETA-YESV-PURI-Z24-22884,24
22887,SMVB HUMSAFAR,HOWRAH JN,SMVT BENGALURU,SUPERFAST,TRETA-HOWR-SMVT-Z17-22887,17
22888,HWH HUMSAFAR,SMVT BENGALURU,HOWRAH JN,SUPERFAST,TRETA-SMVT-HOWR-Z18-22888,18
22889,DGHA PURI EXP,DIGHA,PURI,SUPERFAST,TRETA-DIGH-PURI-Z12-22889,12
22890,PURI DGHA SUP EX,PURI,DIGHA,SUPERFAST,TRETA-PURI-DIGH-Z25-22890,25
22891,HWH RNC SUF EXP,HOWRAH JN,RANCHI,SUPERFAST,TRETA-HOWR-RANC-Z12-22891,12
22892,RNC HWH SUF EXP,RANCHI,HOWRAH JN,SUPERFAST,TRETA-RANC-HOWR-Z12-22892,12
22893,SNSI HOWRAH EXP,SAINAGAR SHIRDI,HOWRAH JN,SUPERFAST,TRETA-SAIN-HOWR-Z16-22893,16
22894,HWH SNSI SF EXP,HOWRAH JN,SAINAGAR SHIRDI,SUPERFAST,TRETA-HOWR-SAIN-Z16-22894,16
22895,VANDE BHARAT EXP,HOWRAH JN,PURI,VANDE BHARAT,TRETA-HOWR-PURI-Z17-22895,17
22896,VANDE BHARAT EXP,PURI,HOWRAH JN,VANDE BHARAT,TRETA-PURI-HOWR-Z17-22896,17
22897,KANDARI EXPRESS,HOWRAH JN,DIGHA,SUPERFAST,TRETA-HOWR-DIGH-Z15-22897,15
22898,KANDARI EXPRESS,DIGHA,HOWRAH JN,SUPERFAST,TRETA-DIGH-HOWR-Z15-22898,15
22901,BDTS UDZ SF EXP,BANDRA TERMINUS,UDAIPUR CITY,SUPERFAST,TRETA-BAND-UDAI-Z15-22901,15
22902,UDZ BDTS SF EXP,UDAIPUR CITY,BANDRA TERMINUS,SUPERFAST,TRETA-UDAI-BAND-Z15-22902,15
22903,BHUJ AC SF EXP,BANDRA TERMINUS,BHUJ,SUPERFAST,TRETA-BAND-BHUJ-Z08-22903,8
22904,BDTS SF AC EXP,BHUJ,BANDRA TERMINUS,SUPERFAST,TRETA-BHUJ-BAND-Z08-22904,8
22905,OKHA SHM SF EXP,OKHA,SHALIMAR,SUPERFAST,TRETA-OKHA-SHAL-Z32-22905,32
22906,SHM OKHA SF EXP,SHALIMAR,OKHA,SUPERFAST,TRETA-SHAL-OKHA-Z31-22906,31
22907,MAO HAPA SF EXP,MADGAON JUNCTION,HAPA,SUPERFAST,TRETA-MADG-HAPA-Z17-22907,17
22908,HAPA MAO SF EXP,HAPA,MADGAON JUNCTION,SUPERFAST,TRETA-HAPA-MADG-Z17-22908,17
22909,BL PURI SF EXP,VALSAD,PURI,SUPERFAST,TRETA-VALS-PURI-Z25-22909,25
22910,PURI BL SF,PURI,VALSAD,SUPERFAST,TRETA-PURI-VALS-Z25-22910,25
22911,HWH SHIPRA EXP,INDORE JN,HOWRAH JN,SUPERFAST,TRETA-INDO-HOWR-Z36-22911,36
22912,SHIPRA EXPRESS,HOWRAH JN,INDORE JN,SUPERFAST,TRETA-HOWR-INDO-Z36-22912,36
22913,SHC HAMSAFAR EX,BANDRA TERMINUS,SAHARSA JN,SUPERFAST,TRETA-BAND-SAHA-Z16-22913,16
22914,BDTS HUMSAFAR EX,SAHARSA JN,BANDRA TERMINUS,SUPERFAST,TRETA-SAHA-BAND-Z16-22914,16
22915,BDTS HSR SF EXP,BANDRA TERMINUS,HISAR,SUPERFAST,TRETA-BAND-HISA-Z30-22915,30
22916,HSR BDTS SF EXP,HISAR,BANDRA TERMINUS,SUPERFAST,TRETA-HISA-BAND-Z30-22916,30
22917,BDTS HW SF EXP,BANDRA TERMINUS,HARIDWAR JN,SUPERFAST,TRETA-BAND-HARI-Z25-22917,25
22918,HW BDTS SF EXP,HARIDWAR JN,BANDRA TERMINUS,SUPERFAST,TRETA-HARI-BAND-Z24-22918,24
22919,ADI HUMSAFAR,PURATCHI THALAIVAR DR. MGR CTL,AHMEDABAD JN,SUPERFAST,TRETA-PURA-AHME-Z14-22919,14
22920,ADI MAS HUMSAFAR,AHMEDABAD JN,PURATCHI THALAIVAR DR. MGR CTL,SUPERFAST,TRETA-AHME-PURA-Z14-22920,14
22921,BDTS GKP ANTYODAYA,BANDRA TERMINUS,GORAKHPUR JN,SUPERFAST,TRETA-BAND-GORA-Z20-22921,20
22922,GKP BDTS ANTYODAYA SPL,GORAKHPUR JN,BANDRA TERMINUS,SUPERFAST,TRETA-GORA-BAND-Z21-22922,21
22923,JAM HUMSAFAR,BANDRA TERMINUS,JAMNAGAR,SUPERFAST,TRETA-BAND-JAMN-Z13-22923,13
22924,BDTS HUMSAFAR,JAMNAGAR,BANDRA TERMINUS,SUPERFAST,TRETA-JAMN-BAND-Z13-22924,13
22925,OKHA VANDEBHARAT,SABARMATI JN,OKHA,VANDE BHARAT,TRETA-SABA-OKHA-Z09-22925,9
22926,SBT VANDE BHARAT,OKHA,SABARMATI JN,VANDE BHARAT,TRETA-OKHA-SABA-Z09-22926,9
22927,LOKSHAKTI EXP,BANDRA TERMINUS,VADNAGAR,MAIL EXPRESS,TRETA-BAND-VADN-Z23-22927,23
22928,LOKSHAKTI EXP,VADNAGAR,BANDRA TERMINUS,MAIL EXPRESS,TRETA-VADN-BAND-Z19-22928,19
22929,DRD BRC SFAST,DAHANU ROAD,VADODARA JN,SUPERFAST,TRETA-DAHA-VADO-Z15-22929,15
22930,BRC DRD SFAST,VADODARA JN,DAHANU ROAD,SUPERFAST,TRETA-VADO-DAHA-Z15-22930,15
22931,BDTS JSM SFAST,BANDRA TERMINUS,JAISALMER,SUPERFAST,TRETA-BAND-JAIS-Z29-22931,29
22932,JSM BDTS SF EXP,JAISALMER,BANDRA TERMINUS,SUPERFAST,TRETA-JAIS-BAND-Z29-22932,29
22933,JAIPUR SF EXP,BANDRA TERMINUS,JAIPUR JN.,SUPERFAST,TRETA-BAND-JAIP-Z14-22933,14
22934,JP BDTS SF EXP,JAIPUR JN.,BANDRA TERMINUS,SUPERFAST,TRETA-JAIP-BAND-Z14-22934,14
22935,BDTS PIT SFAST,BANDRA TERMINUS,PALITANA,SUPERFAST,TRETA-BAND-PALI-Z11-22935,11
22936,PIT BDTS SFAST,PALITANA,BANDRA TERMINUS,SUPERFAST,TRETA-PALI-BAND-Z11-22936,11
22937,RAJKOT REWA SF,RAJKOT,REWA,SUPERFAST,TRETA-RAJK-REWA-Z23-22937,23
22938,REWA RJT SUP EXP,REWA,RAJKOT,SUPERFAST,TRETA-REWA-RAJK-Z23-22938,23
22939,OKHA BSP SF EXP,OKHA,BILASPUR JN.,SUPERFAST,TRETA-OKHA-BILA-Z26-22939,26
22940,BSP OKHA SF EXP,BILASPUR JN.,OKHA,SUPERFAST,TRETA-BILA-OKHA-Z26-22940,26
22941,INDB MCTM EXP,INDORE JN,MARTYR CAPTAIN TUSHAR MAHAJAN,SUPERFAST,TRETA-INDO-MART-Z18-22941,18
22942,INDB SF EXP,MARTYR CAPTAIN TUSHAR MAHAJAN,INDORE JN,SUPERFAST,TRETA-MART-INDO-Z18-22942,18
22943,DAUND INDORE EXP,DAUND JN,INDORE JN,SUPERFAST,TRETA-DAUN-INDO-Z18-22943,18
22944,INDB DAUND EXP,INDORE JN,DAUND JN,SUPERFAST,TRETA-INDO-DAUN-Z18-22944,18
22945,SAURASHTRA MAIL,MUMBAI CENTRAL,OKHA,SUPERFAST,TRETA-MUMB-OKHA-Z29-22945,29
22946,SAURASHTRA MAIL,OKHA,MUMBAI CENTRAL,SUPERFAST,TRETA-OKHA-MUMB-Z30-22946,30
22947,ST BGP SFAST,SURAT,BHAGALPUR,SUPERFAST,TRETA-SURA-BHAG-Z36-22947,36
22948,BGP SURAT EXP,BHAGALPUR,SURAT,SUPERFAST,TRETA-BHAG-SURA-Z36-22948,36
22949,BDTS DEE SFAST,BANDRA TERMINUS,DELHI SARAI ROHILLA,SUPERFAST,TRETA-BAND-DELH-Z25-22949,25
22950,DEE BDTS SF EXP,DELHI SARAI ROHILLA,BANDRA TERMINUS,SUPERFAST,TRETA-DELH-BAND-Z25-22950,25
22951,BDTS GIMB SFAST,BANDRA TERMINUS,GANDHIDHAM BG,SUPERFAST,TRETA-BAND-GAND-Z13-22951,13
22952,GIMB BDTS SFAST,GANDHIDHAM BG,BANDRA TERMINUS,SUPERFAST,TRETA-GAND-BAND-Z13-22952,13
22953,GUJRAT SF EXP,MUMBAI CENTRAL,AHMEDABAD JN,SUPERFAST,TRETA-MUMB-AHME-Z25-22953,25
22954,GUJARAT SF EXP,AHMEDABAD JN,MUMBAI CENTRAL,SUPERFAST,TRETA-AHME-MUMB-Z25-22954,25
22955,KUTCH EXPRESS,BANDRA TERMINUS,BHUJ,SUPERFAST,TRETA-BAND-BHUJ-Z21-22955,21
22956,KUTCH EXPRESS,BHUJ,BANDRA TERMINUS,SUPERFAST,TRETA-BHUJ-BAND-Z21-22956,21
22957,SOMNATH EXPRESS,GANDHINAGAR CAPITAL,VERAVAL,SUPERFAST,TRETA-GAND-VERA-Z16-22957,16
22958,SOMNATH EXPRESS,VERAVAL,GANDHINAGAR CAPITAL,SUPERFAST,TRETA-VERA-GAND-Z16-22958,16
22959,INTERCITY EXP,VADODARA JN,JAMNAGAR,SUPERFAST,TRETA-VADO-JAMN-Z14-22959,14
22960,INTERCITY EXP,JAMNAGAR,VADODARA JN,SUPERFAST,TRETA-JAMN-VADO-Z14-22960,14
22961,VANDE BHARAT EXP,MUMBAI CENTRAL,AHMEDABAD JN,VANDE BHARAT,TRETA-MUMB-AHME-Z05-22961,5
22962,VANDE BHARAT EXP,AHMEDABAD JN,MUMBAI CENTRAL,VANDE BHARAT,TRETA-AHME-MUMB-Z05-22962,5
22963,BDTS BVC SFAST,BANDRA TERMINUS,BHAVNAGAR TERMINUS,SUPERFAST,TRETA-BAND-BHAV-Z17-22963,17
22964,BVC BDTS SFAST,BHAVNAGAR TERMINUS,BANDRA TERMINUS,SUPERFAST,TRETA-BHAV-BAND-Z17-22964,17
22965,BDTS BGKT EXP,BANDRA TERMINUS,BHAGAT KI KOTHI,SUPERFAST,TRETA-BAND-BHAG-Z10-22965,10
22966,BGKT BDTS EXP,BHAGAT KI KOTHI,BANDRA TERMINUS,SUPERFAST,TRETA-BHAG-BAND-Z10-22966,10
22967,ADI PRYJ SFAST,AHMEDABAD JN,PRAYAGRAJ JN,SUPERFAST,TRETA-AHME-PRAY-Z20-22967,20
22968,PRYJ ADI SF EXP,PRAYAGRAJ JN,AHMEDABAD JN,SUPERFAST,TRETA-PRAY-AHME-Z20-22968,20
22969,OKHA BSBS SF EXP,OKHA,BANARAS,SUPERFAST,TRETA-OKHA-BANA-Z22-22969,22
22970,BNRS OKHA SF EX,BANARAS,OKHA,SUPERFAST,TRETA-BANA-OKHA-Z22-22970,22
22971,BDTS PATNA SFAST,BANDRA TERMINUS,PATNA JN,SUPERFAST,TRETA-BAND-PATN-Z15-22971,15
22972,PNBE BDTS SF EX,PATNA JN,BANDRA TERMINUS,SUPERFAST,TRETA-PATN-BAND-Z14-22972,14
22973,GIMB PURI SUP,GANDHIDHAM BG,PURI,SUPERFAST,TRETA-GAND-PURI-Z39-22973,39
22974,PURI GIMB S F,PURI,GANDHIDHAM BG,SUPERFAST,TRETA-PURI-GAND-Z36-22974,36
22975,BDTS RMR SFAST,BANDRA TERMINUS,RAMNAGAR,SUPERFAST,TRETA-BAND-RAMN-Z29-22975,29
22976,RMR BDTS EXP,RAMNAGAR,BANDRA TERMINUS,SUPERFAST,TRETA-RAMN-BAND-Z29-22976,29
22977,JP JU EXP,JAIPUR JN.,JODHPUR JN,SUPERFAST,TRETA-JAIP-JODH-Z12-22977,12
22978,JU JP EXP,JODHPUR JN,JAIPUR JN.,SUPERFAST,TRETA-JODH-JAIP-Z12-22978,12
22979,HSR KK SUPERFAST,HISAR,KHADKI,SUPERFAST,TRETA-HISA-KHAD-Z23-22979,23
22980,KK HISAR SF EXP,KHADKI,HISAR,SUPERFAST,TRETA-KHAD-HISA-Z23-22980,23
22981,KOTA SGNR EXP,KOTA JN,SHRI GANGANAGAR,SUPERFAST,TRETA-KOTA-SHRI-Z26-22981,26
22982,SGNR KOTA SF,SHRI GANGANAGAR,KOTA JN,SUPERFAST,TRETA-SHRI-KOTA-Z26-22982,26
22983,KOTA INDB SF EX,KOTA JN,INDORE JN,SUPERFAST,TRETA-KOTA-INDO-Z14-22983,14
22984,INDB KOTA SF EX,INDORE JN,KOTA JN,SUPERFAST,TRETA-INDO-KOTA-Z14-22984,14
22985,RAJ HUMSAFAR EXP,UDAIPUR CITY,DELHI SARAI ROHILLA,SUPERFAST,TRETA-UDAI-DELH-Z09-22985,9
22986,RAJ HAMSAFAR EXP,DELHI SARAI ROHILLA,UDAIPUR CITY,SUPERFAST,TRETA-DELH-UDAI-Z09-22986,9
22987,AII AF EXP,AJMER JN,AGRA FORT,SUPERFAST,TRETA-AJME-AGRA-Z14-22987,14
22988,AF AII SF EXP,AGRA FORT,AJMER JN,SUPERFAST,TRETA-AGRA-AJME-Z14-22988,14
22989,BDTS MHV EXP,BANDRA TERMINUS,MAHUVA JN,SUPERFAST,TRETA-BAND-MAHU-Z15-22989,15
22990,MHV BDTS EXP,MAHUVA JN,BANDRA TERMINUS,SUPERFAST,TRETA-MAHU-BAND-Z15-22990,15
22991,BL BGKT SUP,VALSAD,BHAGAT KI KOTHI,SUPERFAST,TRETA-VALS-BHAG-Z17-22991,17
22992,BGKT BL EXP,BHAGAT KI KOTHI,VALSAD,SUPERFAST,TRETA-BHAG-VALS-Z17-22992,17
22997,JLWC SGNR EXP,JHALAWAR CITY,SHRI GANGANAGAR,SUPERFAST,TRETA-JHAL-SHRI-Z32-22997,32
22998,SGNR JLWC EXP,SHRI GANGANAGAR,JHALAWAR CITY,SUPERFAST,TRETA-SHRI-JHAL-Z32-22998,32
24203,LKO INTERCITY,VARANASI,LUCKNOW JN.,SUPERFAST,TRETA-VARA-LUCK-Z14-24203,14
24204,BSB INTERCITY,LUCKNOW JN.,VARANASI,SUPERFAST,TRETA-LUCK-VARA-Z14-24204,14
25013,CORBETT PARK LINK EXP,MORADABAD,RAMNAGAR,MAIL EXPRESS,TRETA-MORA-RAMN-Z02-25013,2
25014,CORBET PRK LINK,RAMNAGAR,MORADABAD,MAIL EXPRESS,TRETA-RAMN-MORA-Z02-25014,2
25035,DLI-RMR LINK EXP,MORADABAD,RAMNAGAR,MAIL EXPRESS,TRETA-MORA-RAMN-Z03-25035,3
25036,RMR DLI LINK EX,RAMNAGAR,MORADABAD,MAIL EXPRESS,TRETA-RAMN-MORA-Z03-25036,3
26101,AJNI VANDEBHARAT,PUNE JN,AJNI,VANDE BHARAT,TRETA-PUNE-AJNI-Z11-26101,11
26102,PUNE VANDEBHARAT,AJNI,PUNE JN,VANDE BHARAT,TRETA-AJNI-PUNE-Z11-26102,11
26301,VANDE BHARAT EXP,JOGBANI,DANAPUR,VANDE BHARAT,TRETA-JOGB-DANA-Z13-26301,13
26302,VANDE BHARAT EXP,DANAPUR,JOGBANI,VANDE BHARAT,TRETA-DANA-JOGB-Z13-26302,13
26401,VANDE BHARAT EXP,JAMMUTAVI,SRI NAGAR,VANDE BHARAT,TRETA-JAMM-SRI_-Z05-26401,5
26402,VANDE BHARAT EXP,SRI NAGAR,JAMMUTAVI,VANDE BHARAT,TRETA-SRI_-JAMM-Z05-26402,5
26403,VANDE BHARAT EXP,JAMMUTAVI,SRI NAGAR,VANDE BHARAT,TRETA-JAMM-SRI_-Z04-26403,4
26404,VANDE BHARAT EXP,SRI NAGAR,JAMMUTAVI,VANDE BHARAT,TRETA-SRI_-JAMM-Z04-26404,4
26405,VANDE BHARAT EXP,AMRITSAR,SHRI MATA VAISHNO DEVI KATRA,VANDE BHARAT,TRETA-AMRI-SHRI-Z05-26405,5
26406,VANDE BHARAT EXP,SHRI MATA VAISHNO DEVI KATRA,AMRITSAR,VANDE BHARAT,TRETA-SHRI-AMRI-Z05-26406,5
26461,VANDE BHARAT EXP,DELHI JN.,FIROZPUR CANT,VANDE BHARAT,TRETA-DELH-FIRO-Z09-26461,9
26462,VANDE BHARAT EX,FIROZPUR CANT,DELHI JN.,VANDE BHARAT,TRETA-FIRO-DELH-Z09-26462,9
26471,DEC VANDE BHARAT,BIKANER JN,DELHI CANTT,VANDE BHARAT,TRETA-BIKA-DELH-Z08-26471,8
26472,VANDE BHARAT EXP,DELHI CANTT,BIKANER JN,VANDE BHARAT,TRETA-DELH-BIKA-Z08-26472,8
26481,DEC VANDEBHARAT,JODHPUR JN,DELHI CANTT,VANDE BHARAT,TRETA-JODH-DELH-Z10-26481,10
26482,VANDE BHARAT EXP,DELHI CANTT,JODHPUR JN,VANDE BHARAT,TRETA-DELH-JODH-Z10-26482,10
26501,VANDE BHARAT EXP,PATLIPUTRA,GORAKHPUR JN,VANDE BHARAT,TRETA-PATL-GORA-Z09-26501,9
26502,VANDE BHARAT EXP,GORAKHPUR JN,PATLIPUTRA,VANDE BHARAT,TRETA-GORA-PATL-Z09-26502,9
26503,VANDE BHARAT EXP,SAHARANPUR JN.,GOMTI NAGAR,VANDE BHARAT,TRETA-SAHA-GOMT-Z08-26503,8
26504,VANDE BHARAT EXP,GOMTI NAGAR,SAHARANPUR JN.,VANDE BHARAT,TRETA-GOMT-SAHA-Z08-26504,8
26505,VANDE BHARAT EXP,KHAJURAHO,BANARAS,VANDE BHARAT,TRETA-KHAJ-BANA-Z06-26505,6
26506,VANDE BHARAT EXP,BANARAS,KHAJURAHO,VANDE BHARAT,TRETA-BANA-KHAJ-Z06-26506,6
26651,ERS VANDEBHARAT,KSR BENGALURU,ERNAKULAM JN,VANDE BHARAT,TRETA-KSR_-ERNA-Z08-26651,8
26652,SBC VANDE BHARAT,ERNAKULAM JN,KSR BENGALURU,VANDE BHARAT,TRETA-ERNA-KSR_-Z08-26652,8
26751,SBC VANDE BHARAT,BELAGAVI,KSR BENGALURU,VANDE BHARAT,TRETA-BELA-KSR_-Z07-26751,7
26752,BGM VANDE BHARAT,KSR BENGALURU,BELAGAVI,VANDE BHARAT,TRETA-KSR_-BELA-Z07-26752,7
26901,VRL VANDEBHARAT,SABARMATI BG,VERAVAL,VANDE BHARAT,TRETA-SABA-VERA-Z09-26901,9
26902,SBIB VANDEBHARAT,VERAVAL,SABARMATI BG,VANDE BHARAT,TRETA-VERA-SABA-Z08-26902,8
26963,UDZ ASV VB EXP,UDAIPUR CITY,ASARVA JN,VANDE BHARAT,TRETA-UDAI-ASAR-Z05-26963,5
26964,ASV UDZ VB EXP,ASARVA JN,UDAIPUR CITY,VANDE BHARAT,TRETA-ASAR-UDAI-Z05-26964,5
27575,VANDE BHARAT SL,HOWRAH JN,KAMAKHYA,VANDE BHARAT SLEEPER,TRETA-HOWR-KAMA-Z14-27575,14
27576,VANDE BHARAT SL,KAMAKHYA,HOWRAH JN,VANDE BHARAT SLEEPER,TRETA-KAMA-HOWR-Z14-27576,14
28181,TATA KIR EXP,TATANAGAR JN,KATIHAR JN,MAIL EXPRESS,TRETA-TATA-KATI-Z30-28181,30
28182,KIR TATA EXP,KATIHAR JN,TATANAGAR JN,MAIL EXPRESS,TRETA-KATI-TATA-Z29-28182,29
30111,BLN- BP  LOCAL,BALLYGUNGE JN.,BARRACKPORE,SUBURBAN,TRETA-BALL-BARR-Z22-30111,22
30112,BP - BLN LOCAL,BARRACKPORE,BALLYGUNGE JN.,SUBURBAN,TRETA-BARR-BALL-Z10-30112,10
30113,BBDB - KYI LOCAL,BENOY BADAL DINESH BAG,KALYANI,SUBURBAN,TRETA-BENO-KALY-Z22-30113,22
30116,BP-BBDB LOCAL,BARRACKPORE,BENOY BADAL DINESH BAG,SUBURBAN,TRETA-BARR-BENO-Z13-30116,13
30121,MJT-NH LOCAL,MAJERHAT,NAIHATI JN,SUBURBAN,TRETA-MAJE-NAIH-Z24-30121,24
30122,NH-BLN VIA MJT LOCAL,NAIHATI JN,BALLYGUNGE JN.,SUBURBAN,TRETA-NAIH-BALL-Z28-30122,28
30123,MJT - NH LOCAL,MAJERHAT,NAIHATI JN,SUBURBAN,TRETA-MAJE-NAIH-Z24-30123,24
30128,KLYM - MJT LOCAL,KALYANI SIMANTA,MAJERHAT,SUBURBAN,TRETA-KALY-MAJE-Z30-30128,30
30135,MJT-RHA LOCAL,MAJERHAT,RANAGHAT JN,SUBURBAN,TRETA-MAJE-RANA-Z33-30135,33
30142,GEDE - MJT LOCAL,GEDE,MAJERHAT,SUBURBAN,TRETA-GEDE-MAJE-Z42-30142,42
30144,GEDE-MJT EMU SPL,GEDE,MAJERHAT,SUBURBAN,TRETA-GEDE-MAJE-Z42-30144,42
30145,BBD-KNJ,BENOY BADAL DINESH BAG,KRISHNGR CTY JN,SUBURBAN,TRETA-BENO-KRIS-Z33-30145,33
30152,NH - MJT LOCAL,NAIHATI JN,MAJERHAT,SUBURBAN,TRETA-NAIH-MAJE-Z20-30152,20
30311,MJT - BT LOCAL,MAJERHAT,BARASAT,SUBURBAN,TRETA-MAJE-BARA-Z20-30311,20
30312,BT -MJT LOCAL,BARASAT,MAJERHAT,SUBURBAN,TRETA-BARA-MAJE-Z20-30312,20
30313,MJT-BT LOCAL,MAJERHAT,BARASAT,SUBURBAN,TRETA-MAJE-BARA-Z20-30313,20
30314,DTK-MJT LOCAL,DATTAPUKUR,MAJERHAT,SUBURBAN,TRETA-DATT-MAJE-Z22-30314,22
30317,MJT-DTK LOCAL,MAJERHAT,DATTAPUKUR,SUBURBAN,TRETA-MAJE-DATT-Z22-30317,22
30321,MJT - HNB LOCAL,MAJERHAT,HASANABAD,SUBURBAN,TRETA-MAJE-HASA-Z35-30321,35
30322,HNB-BBDB LOCAL VIA TALA,HASANABAD,BENOY BADAL DINESH BAG,SUBURBAN,TRETA-HASA-BENO-Z34-30322,34
30324,HNB-MJT LOCAL,HASANABAD,MAJERHAT,SUBURBAN,TRETA-HASA-MAJE-Z39-30324,39
30331,MJT- HB LOCAL,MAJERHAT,HABRA,SUBURBAN,TRETA-MAJE-HABR-Z26-30331,26
30332,HB - MJT LOCAL,HABRA,MAJERHAT,SUBURBAN,TRETA-HABR-MAJE-Z26-30332,26
30333,MJT-HB  LOCAL VIA TALA,MAJERHAT,HABRA,SUBURBAN,TRETA-MAJE-HABR-Z26-30333,26
30342,BNJ - MJT LOCAL,BANGAON JN,MAJERHAT,SUBURBAN,TRETA-BANG-MAJE-Z27-30342,27
30344,BNJ - MJT LOCAL,BANGAON JN,MAJERHAT,SUBURBAN,TRETA-BANG-MAJE-Z33-30344,33
30346,BNJ-BBD LOCAL,BANGAON JN,MAJERHAT,SUBURBAN,TRETA-BANG-MAJE-Z33-30346,33
30351,MJT - BT LOCAL,MAJERHAT,BARASAT,SUBURBAN,TRETA-MAJE-BARA-Z20-30351,20
30353,MJT-DTK LOCAL,MAJERHAT,DATTAPUKUR,SUBURBAN,TRETA-MAJE-DATT-Z22-30353,22
30357,MJT-MMG LOCAL,MAJERHAT,MADHYAMGRAM,SUBURBAN,TRETA-MAJE-MADH-Z14-30357,14
30358,MMG-MJT LOCAL,MADHYAMGRAM,MAJERHAT,SUBURBAN,TRETA-MADH-MAJE-Z14-30358,14
30361,MJT - HNB LOCAL,MAJERHAT,HASANABAD,SUBURBAN,TRETA-MAJE-HASA-Z31-30361,31
30411,BBDB - SDAH LOCAL,BENOY BADAL DINESH BAG,SEALDAH,SUBURBAN,TRETA-BENO-SEAL-Z11-30411,11
30412,SDAH - BBDB LOCAL,SEALDAH,BENOY BADAL DINESH BAG,SUBURBAN,TRETA-SEAL-BENO-Z11-30412,11
30416,SDAH - BBDB LOCAL,SEALDAH,BENOY BADAL DINESH BAG,SUBURBAN,TRETA-SEAL-BENO-Z11-30416,11
30451,BBDB-BRP LOCAL,BENOY BADAL DINESH BAG,BARUIPUR JN.,SUBURBAN,TRETA-BENO-BARU-Z19-30451,19
30511,CHT - MJT LOCAL,CHAMPAHATI,MAJERHAT,SUBURBAN,TRETA-CHAM-MAJE-Z14-30511,14
30552,BLN - CG LOCAL,BALLYGUNGE JN.,CANNING,SUBURBAN,TRETA-BALL-CANN-Z17-30552,17
30711,LKPR - MJT LOCAL,LAKSHMIKANTPUR,MAJERHAT,SUBURBAN,TRETA-LAKS-MAJE-Z26-30711,26
30712,MJT - LKPR,MAJERHAT,LAKSHMIKANTPUR,SUBURBAN,TRETA-MAJE-LAKS-Z26-30712,26
31051,KBGB-NH LOCAL,KOMAGATA MARU BUDGE BUDGE,NAIHATI JN,SUBURBAN,TRETA-KOMA-NAIH-Z25-31051,25
31053,KBGB-NH LOCAL,KOMAGATA MARU BUDGE BUDGE,NAIHATI JN,SUBURBAN,TRETA-KOMA-NAIH-Z25-31053,25
31055,KBGB-NH LOCAL,KOMAGATA MARU BUDGE BUDGE,NAIHATI JN,SUBURBAN,TRETA-KOMA-NAIH-Z25-31055,25
31111,SDAH-KWAE LOCAL,SEALDAH,KATWA,SUBURBAN,TRETA-SEAL-KATW-Z39-31111,39
31112,KWAE-SDAH LOCAL,KATWA,SEALDAH,SUBURBAN,TRETA-KATW-SEAL-Z37-31112,37
31151,SDAH - BWN LOCAL,SEALDAH,BARDHAMAN,SUBURBAN,TRETA-SEAL-BARD-Z34-31151,34
31152,BWN-SDAH LOCAL,BARDHAMAN,SEALDAH,SUBURBAN,TRETA-BARD-SEAL-Z34-31152,34
31191,NH-KLYM LOCAL,NAIHATI JN,KALYANI SIMANTA,SUBURBAN,TRETA-NAIH-KALY-Z06-31191,6
31192,KLYM - NH LOCAL,KALYANI SIMANTA,NAIHATI JN,SUBURBAN,TRETA-KALY-NAIH-Z06-31192,6
31213,SDAH-BP LOCAL,SEALDAH,BARRACKPORE,SUBURBAN,TRETA-SEAL-BARR-Z03-31213,3
31214,BP-SDAH LOCAL,BARRACKPORE,SEALDAH,SUBURBAN,TRETA-BARR-SEAL-Z04-31214,4
31215,SDAH-BP LOCAL,SEALDAH,BARRACKPORE,SUBURBAN,TRETA-SEAL-BARR-Z04-31215,4
31216,BP - SDAH LOCAL,BARRACKPORE,SEALDAH,SUBURBAN,TRETA-BARR-SEAL-Z08-31216,8
31217,SDAH - BP LOCAL,SEALDAH,BARRACKPORE,SUBURBAN,TRETA-SEAL-BARR-Z08-31217,8
31218,BP-SDAH LOCAL,BARRACKPORE,SEALDAH,SUBURBAN,TRETA-BARR-SEAL-Z06-31218,6
31219,SDAH - BP LOCAL,SEALDAH,BARRACKPORE,SUBURBAN,TRETA-SEAL-BARR-Z08-31219,8
31220,BP-SDAH LOCAL,BARRACKPORE,SEALDAH,SUBURBAN,TRETA-BARR-SEAL-Z08-31220,8
31221,SDAH - BP LOCAL,SEALDAH,BARRACKPORE,SUBURBAN,TRETA-SEAL-BARR-Z08-31221,8
31222,BP-SDAH LOCAL,BARRACKPORE,SEALDAH,SUBURBAN,TRETA-BARR-SEAL-Z08-31222,8
31223,SDAH - BP LOCAL,SEALDAH,BARRACKPORE,SUBURBAN,TRETA-SEAL-BARR-Z08-31223,8
31224,BP-SDAH LOCAL,BARRACKPORE,SEALDAH,SUBURBAN,TRETA-BARR-SEAL-Z08-31224,8
31225,SDAH-BPLOCAL,SEALDAH,BARRACKPORE,SUBURBAN,TRETA-SEAL-BARR-Z08-31225,8
31228,BP-SDAH LOCAL,BARRACKPORE,SEALDAH,SUBURBAN,TRETA-BARR-SEAL-Z08-31228,8
31229,SDAH - BP LOCAL,SEALDAH,BARRACKPORE,SUBURBAN,TRETA-SEAL-BARR-Z08-31229,8
31230,BP-SDAH LOCAL,BARRACKPORE,SEALDAH,SUBURBAN,TRETA-BARR-SEAL-Z08-31230,8
31231,SDAH-BPLOCAL,SEALDAH,BARRACKPORE,SUBURBAN,TRETA-SEAL-BARR-Z08-31231,8
31232,BP -SDAH LOCAL,BARRACKPORE,SEALDAH,SUBURBAN,TRETA-BARR-SEAL-Z08-31232,8
31233,SDAH-BP LOCAL,SEALDAH,BARRACKPORE,SUBURBAN,TRETA-SEAL-BARR-Z08-31233,8
31236,BP-SDAH LOCAL,BARRACKPORE,SEALDAH,SUBURBAN,TRETA-BARR-SEAL-Z08-31236,8
31237,SDAH BP LOCAL,SEALDAH,BARRACKPORE,SUBURBAN,TRETA-SEAL-BARR-Z08-31237,8
31238,BP-SDAH LOCAL,BARRACKPORE,SEALDAH,SUBURBAN,TRETA-BARR-SEAL-Z08-31238,8
31239,SDAH-BP LOCAL,SEALDAH,BARRACKPORE,SUBURBAN,TRETA-SEAL-BARR-Z08-31239,8
31240,BP-SDAH,BARRACKPORE,SEALDAH,SUBURBAN,TRETA-BARR-SEAL-Z08-31240,8
31261,BNXR - BP LOCAL,KANKURGACHHI ROAD JN,BARRACKPORE,SUBURBAN,TRETA-KANK-BARR-Z08-31261,8
31311,SDAH - KLYM LOCAL,SEALDAH,KALYANI SIMANTA,SUBURBAN,TRETA-SEAL-KALY-Z20-31311,20
31312,KLYM-SDAH LOCAL,KALYANI SIMANTA,SEALDAH,SUBURBAN,TRETA-KALY-SEAL-Z20-31312,20
31313,SDAH - KLYM LOCAL,SEALDAH,KALYANI SIMANTA,SUBURBAN,TRETA-SEAL-KALY-Z20-31313,20
31314,KLYM-SDAH LOCAL,KALYANI SIMANTA,SEALDAH,SUBURBAN,TRETA-KALY-SEAL-Z20-31314,20
31315,SDAH-KLYM LOCAL,SEALDAH,KALYANI SIMANTA,SUBURBAN,TRETA-SEAL-KALY-Z20-31315,20
31316,KLYM - SDAH LOCAL,KALYANI SIMANTA,SEALDAH,SUBURBAN,TRETA-KALY-SEAL-Z20-31316,20
31317,SDAH - KLYM LOCAL,SEALDAH,KALYANI SIMANTA,SUBURBAN,TRETA-SEAL-KALY-Z20-31317,20
31318,KLYM-SDAH LOCAL,KALYANI SIMANTA,SEALDAH,SUBURBAN,TRETA-KALY-SEAL-Z20-31318,20
31319,SDAH - KLYM LOCAL,SEALDAH,KALYANI SIMANTA,SUBURBAN,TRETA-SEAL-KALY-Z20-31319,20
31320,KLYM-SDAH LOCAL,KALYANI SIMANTA,SEALDAH,SUBURBAN,TRETA-KALY-SEAL-Z11-31320,11
31321,SDAH - KLYM LOCAL,SEALDAH,KALYANI SIMANTA,SUBURBAN,TRETA-SEAL-KALY-Z20-31321,20
31322,KLYM-SDAH LOCAL,KALYANI SIMANTA,SEALDAH,SUBURBAN,TRETA-KALY-SEAL-Z20-31322,20
31323,SDAH - KLYM LOCAL,SEALDAH,KALYANI SIMANTA,SUBURBAN,TRETA-SEAL-KALY-Z20-31323,20
31324,KLYM-SDAH LOCAL,KALYANI SIMANTA,SEALDAH,SUBURBAN,TRETA-KALY-SEAL-Z20-31324,20
31325,SDAH - KLYM LOCAL,SEALDAH,KALYANI SIMANTA,SUBURBAN,TRETA-SEAL-KALY-Z20-31325,20
31328,KLYM-SDAH LOCAL,KALYANI SIMANTA,SEALDAH,SUBURBAN,TRETA-KALY-SEAL-Z20-31328,20
31329,SDAH - KLYM LOCAL,SEALDAH,KALYANI SIMANTA,SUBURBAN,TRETA-SEAL-KALY-Z20-31329,20
31330,KLYM-SDAH LOCAL,KALYANI SIMANTA,SEALDAH,SUBURBAN,TRETA-KALY-SEAL-Z20-31330,20
31331,SDAH - KLYM LOCAL,SEALDAH,KALYANI SIMANTA,SUBURBAN,TRETA-SEAL-KALY-Z20-31331,20
31332,KLYM-SDAH LOCAL,KALYANI SIMANTA,SEALDAH,SUBURBAN,TRETA-KALY-SEAL-Z20-31332,20
31333,SDAH - KLYM LOCAL,SEALDAH,KALYANI SIMANTA,SUBURBAN,TRETA-SEAL-KALY-Z20-31333,20
31334,KLYM-SDAH LOCAL,KALYANI SIMANTA,SEALDAH,SUBURBAN,TRETA-KALY-SEAL-Z20-31334,20
31335,SDAH - KLYM LOCAL,SEALDAH,KALYANI SIMANTA,SUBURBAN,TRETA-SEAL-KALY-Z20-31335,20
31336,KLYM-SDAH LOCAL,KALYANI SIMANTA,SEALDAH,SUBURBAN,TRETA-KALY-SEAL-Z20-31336,20
31337,SDAH - KLYM LOCAL,SEALDAH,KALYANI SIMANTA,SUBURBAN,TRETA-SEAL-KALY-Z13-31337,13
31338,KLYM-SDAH EMU LOCAL,KALYANI SIMANTA,SEALDAH,SUBURBAN,TRETA-KALY-SEAL-Z20-31338,20
31339,SDAH - KLYM LOCAL,SEALDAH,KALYANI SIMANTA,SUBURBAN,TRETA-SEAL-KALY-Z20-31339,20
31340,KYI-SDAH EMU LOCAL,KALYANI,SEALDAH,SUBURBAN,TRETA-KALY-SEAL-Z17-31340,17
31341,SDAH-KLYM EMU LOCAL,SEALDAH,KALYANI SIMANTA,SUBURBAN,TRETA-SEAL-KALY-Z20-31341,20
31342,KYI-SDAH  LOCAL,KALYANI,SEALDAH,SUBURBAN,TRETA-KALY-SEAL-Z17-31342,17
31343,BNXR-KYI EMU LOCAL,BIDHAN NAGAR,KALYANI,SUBURBAN,TRETA-BIDH-KALY-Z16-31343,16
31344,KYI-SDAH AC EMU LOCAL,KALYANI,SEALDAH,SUBURBAN,TRETA-KALY-SEAL-Z10-31344,10
31347,SDAH - KYI AC EMU LOCAL,SEALDAH,KALYANI,SUBURBAN,TRETA-SEAL-KALY-Z10-31347,10
31411,SDAH -NH  LOCAL,SEALDAH,NAIHATI JN,SUBURBAN,TRETA-SEAL-NAIH-Z08-31411,8
31412,NH-SDAH LOCAL,NAIHATI JN,SEALDAH,SUBURBAN,TRETA-NAIH-SEAL-Z14-31412,14
31413,SDAH-NH LOCAL,SEALDAH,NAIHATI JN,SUBURBAN,TRETA-SEAL-NAIH-Z14-31413,14
31414,NH - SDAH LOCAL,NAIHATI JN,SEALDAH,SUBURBAN,TRETA-NAIH-SEAL-Z14-31414,14
31415,SDAH NH LOCAL,SEALDAH,NAIHATI JN,SUBURBAN,TRETA-SEAL-NAIH-Z14-31415,14
31416,NH-SDAH LOCAL,NAIHATI JN,SEALDAH,SUBURBAN,TRETA-NAIH-SEAL-Z14-31416,14
31417,SDAH - NH LOCAL,SEALDAH,NAIHATI JN,SUBURBAN,TRETA-SEAL-NAIH-Z14-31417,14
31418,NH - SDAH LOCAL,NAIHATI JN,SEALDAH,SUBURBAN,TRETA-NAIH-SEAL-Z14-31418,14
31419,SDAH-NH LOCAL,SEALDAH,NAIHATI JN,SUBURBAN,TRETA-SEAL-NAIH-Z14-31419,14
31420,NH - SDAH LOCAL,NAIHATI JN,SEALDAH,SUBURBAN,TRETA-NAIH-SEAL-Z14-31420,14
31422,NH - SDAH LOCAL,NAIHATI JN,SEALDAH,SUBURBAN,TRETA-NAIH-SEAL-Z14-31422,14
31423,SDAH - NH LOCAL,SEALDAH,NAIHATI JN,SUBURBAN,TRETA-SEAL-NAIH-Z14-31423,14
31424,NH - SDAH LOCAL,NAIHATI JN,SEALDAH,SUBURBAN,TRETA-NAIH-SEAL-Z14-31424,14
31425,SDAH-NH LOCAL,SEALDAH,NAIHATI JN,SUBURBAN,TRETA-SEAL-NAIH-Z14-31425,14
31426,NH - SDAH LOCAL,NAIHATI JN,SEALDAH,SUBURBAN,TRETA-NAIH-SEAL-Z14-31426,14
31427,SDAH-NH LOCAL,SEALDAH,NAIHATI JN,SUBURBAN,TRETA-SEAL-NAIH-Z14-31427,14
31429,SDAH - NH LOCAL,SEALDAH,NAIHATI JN,SUBURBAN,TRETA-SEAL-NAIH-Z14-31429,14
31430,NH - SDAH LOCAL,NAIHATI JN,SEALDAH,SUBURBAN,TRETA-NAIH-SEAL-Z14-31430,14
31432,NH-SDAH LOCAL,NAIHATI JN,SEALDAH,SUBURBAN,TRETA-NAIH-SEAL-Z14-31432,14
31433,SDAH - NH LOCAL,SEALDAH,NAIHATI JN,SUBURBAN,TRETA-SEAL-NAIH-Z14-31433,14
31434,NH - SDAH LOCAL,NAIHATI JN,SEALDAH,SUBURBAN,TRETA-NAIH-SEAL-Z14-31434,14
31435,SDAH - NH LOCAL,SEALDAH,NAIHATI JN,SUBURBAN,TRETA-SEAL-NAIH-Z14-31435,14
31436,NH - SDAH LOCAL,NAIHATI JN,SEALDAH,SUBURBAN,TRETA-NAIH-SEAL-Z14-31436,14
31437,SDAH - NH LOCAL,SEALDAH,NAIHATI JN,SUBURBAN,TRETA-SEAL-NAIH-Z14-31437,14
31438,NH - SDAH LOCAL,NAIHATI JN,SEALDAH,SUBURBAN,TRETA-NAIH-SEAL-Z14-31438,14
31439,SDAH - NH LOCAL,SEALDAH,NAIHATI JN,SUBURBAN,TRETA-SEAL-NAIH-Z14-31439,14
31440,NH - SDAH LOCAL,NAIHATI JN,SEALDAH,SUBURBAN,TRETA-NAIH-SEAL-Z14-31440,14
31442,NH - SDAH LOCAL,NAIHATI JN,SEALDAH,SUBURBAN,TRETA-NAIH-SEAL-Z14-31442,14
31443,SDAH - NH LOCAL,SEALDAH,NAIHATI JN,SUBURBAN,TRETA-SEAL-NAIH-Z14-31443,14
31444,NH - SDAH LOCAL,NAIHATI JN,SEALDAH,SUBURBAN,TRETA-NAIH-SEAL-Z14-31444,14
31445,SDAH - NH LOCAL,SEALDAH,NAIHATI JN,SUBURBAN,TRETA-SEAL-NAIH-Z14-31445,14
31446,NH - SDAH LOCAL,NAIHATI JN,SEALDAH,SUBURBAN,TRETA-NAIH-SEAL-Z14-31446,14
31447,SDAH-NH LOCAL,SEALDAH,NAIHATI JN,SUBURBAN,TRETA-SEAL-NAIH-Z14-31447,14
31450,NH - SDAH LOCAL,NAIHATI JN,SEALDAH,SUBURBAN,TRETA-NAIH-SEAL-Z14-31450,14
31471,BNXR - NH LOCAL,KANKURGACHHI ROAD JN,NAIHATI JN,SUBURBAN,TRETA-KANK-NAIH-Z14-31471,14
31511,SDAH-STB LOCAL,SEALDAH,SHANTIPUR,SUBURBAN,TRETA-SEAL-SHAN-Z28-31511,28
31512,STB - SDAH LOCAL,SHANTIPUR,SEALDAH,SUBURBAN,TRETA-SHAN-SEAL-Z27-31512,27
31513,SDAH-STB LOCAL,SEALDAH,SHANTIPUR,SUBURBAN,TRETA-SEAL-SHAN-Z28-31513,28
31514,STB - SDAH LOCAL,SHANTIPUR,SEALDAH,SUBURBAN,TRETA-SHAN-SEAL-Z28-31514,28
31515,SDAH- STB LOCAL,SEALDAH,SHANTIPUR,SUBURBAN,TRETA-SEAL-SHAN-Z28-31515,28
31516,STB - SDAH LOCAL,SHANTIPUR,SEALDAH,SUBURBAN,TRETA-SHAN-SEAL-Z28-31516,28
31517,SDAH- STB LOCAL,SEALDAH,SHANTIPUR,SUBURBAN,TRETA-SEAL-SHAN-Z28-31517,28
31518,STB - SDAH LOCAL,SHANTIPUR,SEALDAH,SUBURBAN,TRETA-SHAN-SEAL-Z25-31518,25
31519,SDAH- STB LOCAL,SEALDAH,SHANTIPUR,SUBURBAN,TRETA-SEAL-SHAN-Z27-31519,27
31520,STB - SDAH LOCAL,SHANTIPUR,SEALDAH,SUBURBAN,TRETA-SHAN-SEAL-Z27-31520,27
31521,SDAH- STB LOCAL,SEALDAH,SHANTIPUR,SUBURBAN,TRETA-SEAL-SHAN-Z28-31521,28
31522,STB - SDAH LOCAL,SHANTIPUR,SEALDAH,SUBURBAN,TRETA-SHAN-SEAL-Z28-31522,28
31523,SDAH- STB LOCAL,SEALDAH,SHANTIPUR,SUBURBAN,TRETA-SEAL-SHAN-Z26-31523,26
31524,STB - SDAH LOCAL,SHANTIPUR,SEALDAH,SUBURBAN,TRETA-SHAN-SEAL-Z27-31524,27
31525,SDAH- STB LOCAL,SEALDAH,SHANTIPUR,SUBURBAN,TRETA-SEAL-SHAN-Z28-31525,28
31526,STB - SDAH LOCAL,SHANTIPUR,SEALDAH,SUBURBAN,TRETA-SHAN-SEAL-Z28-31526,28
31527,SDAH-STB LOCAL,SEALDAH,SHANTIPUR,SUBURBAN,TRETA-SEAL-SHAN-Z28-31527,28
31528,STB - SDAH LOCAL,SHANTIPUR,SEALDAH,SUBURBAN,TRETA-SHAN-SEAL-Z26-31528,26
31529,SDAH-STB LOCAL,SEALDAH,SHANTIPUR,SUBURBAN,TRETA-SEAL-SHAN-Z28-31529,28
31530,STB - SDAH LOCAL,SHANTIPUR,SEALDAH,SUBURBAN,TRETA-SHAN-SEAL-Z28-31530,28
31531,SDAH- STB LOCAL,SEALDAH,SHANTIPUR,SUBURBAN,TRETA-SEAL-SHAN-Z22-31531,22
31532,STB - SDAH LOCAL,SHANTIPUR,SEALDAH,SUBURBAN,TRETA-SHAN-SEAL-Z28-31532,28
31533,SDAH- STB LOCAL,SEALDAH,SHANTIPUR,SUBURBAN,TRETA-SEAL-SHAN-Z26-31533,26
31534,STB - SDAH LOCAL,SHANTIPUR,SEALDAH,SUBURBAN,TRETA-SHAN-SEAL-Z23-31534,23
31535,SDAH- STB LOCAL,SEALDAH,SHANTIPUR,SUBURBAN,TRETA-SEAL-SHAN-Z26-31535,26
31536,STB - SDAH LOCAL,SHANTIPUR,SEALDAH,SUBURBAN,TRETA-SHAN-SEAL-Z26-31536,26
31537,SDAH- STB LOCAL,SEALDAH,SHANTIPUR,SUBURBAN,TRETA-SEAL-SHAN-Z27-31537,27
31538,STB-SDAH LOCAL,SHANTIPUR,SEALDAH,SUBURBAN,TRETA-SHAN-SEAL-Z27-31538,27
31539,SDAH- STB LOCAL,SEALDAH,SHANTIPUR,SUBURBAN,TRETA-SEAL-SHAN-Z27-31539,27
31540,STB - SDAH LOCAL,SHANTIPUR,SEALDAH,SUBURBAN,TRETA-SHAN-SEAL-Z26-31540,26
31541,SDAH- STB LOCAL,SEALDAH,SHANTIPUR,SUBURBAN,TRETA-SEAL-SHAN-Z27-31541,27
31542,STB - SDAH LOCAL,SHANTIPUR,SEALDAH,SUBURBAN,TRETA-SHAN-SEAL-Z26-31542,26
31543,SDAH-STB LOCAL,SEALDAH,SHANTIPUR,SUBURBAN,TRETA-SEAL-SHAN-Z28-31543,28
31544,STB - SDAH LOCAL,SHANTIPUR,SEALDAH,SUBURBAN,TRETA-SHAN-SEAL-Z11-31544,11
31585,RHA - STB-KNJ LOCAL,RANAGHAT JN,KRISHNGR CTY JN,SUBURBAN,TRETA-RANA-KRIS-Z06-31585,6
31586,KNJ - STB LOCAL,KRISHNGR CTY JN,SHANTIPUR,SUBURBAN,TRETA-KRIS-SHAN-Z02-31586,2
31601,SDAH-RHA LOCAL,SEALDAH,RANAGHAT JN,SUBURBAN,TRETA-SEAL-RANA-Z23-31601,23
31602,RHA - SDAH LOCAL,RANAGHAT JN,SEALDAH,SUBURBAN,TRETA-RANA-SEAL-Z23-31602,23
31611,SDAH-RHA  LOCAL,SEALDAH,RANAGHAT JN,SUBURBAN,TRETA-SEAL-RANA-Z22-31611,22
31612,RHA - SDAH LOCAL,RANAGHAT JN,SEALDAH,SUBURBAN,TRETA-RANA-SEAL-Z23-31612,23
31613,SDAH-RHA  LOCAL,SEALDAH,RANAGHAT JN,SUBURBAN,TRETA-SEAL-RANA-Z23-31613,23
31614,RHA -SDAH LOCAL,RANAGHAT JN,SEALDAH,SUBURBAN,TRETA-RANA-SEAL-Z23-31614,23
31615,SDAH-RHA LOCAL,SEALDAH,RANAGHAT JN,SUBURBAN,TRETA-SEAL-RANA-Z23-31615,23
31616,RHA -SDAH LOCAL,RANAGHAT JN,SEALDAH,SUBURBAN,TRETA-RANA-SEAL-Z23-31616,23
31617,SDAH-RHA LOCAL,SEALDAH,RANAGHAT JN,SUBURBAN,TRETA-SEAL-RANA-Z23-31617,23
31620,RHA - SDAH LOCAL,RANAGHAT JN,SEALDAH,SUBURBAN,TRETA-RANA-SEAL-Z19-31620,19
31621,SDAH-RHA LOCAL,SEALDAH,RANAGHAT JN,SUBURBAN,TRETA-SEAL-RANA-Z23-31621,23
31622,RHA - SDAH LOCAL,RANAGHAT JN,SEALDAH,SUBURBAN,TRETA-RANA-SEAL-Z23-31622,23
31623,SDAH - RHA LOCAL,SEALDAH,RANAGHAT JN,SUBURBAN,TRETA-SEAL-RANA-Z22-31623,22
31624,RHA - SDAH LOCAL,RANAGHAT JN,SEALDAH,SUBURBAN,TRETA-RANA-SEAL-Z23-31624,23
31625,SDAH-RHA LOCAL,SEALDAH,RANAGHAT JN,SUBURBAN,TRETA-SEAL-RANA-Z16-31625,16
31627,SDAH-RHA LOCAL,SEALDAH,RANAGHAT JN,SUBURBAN,TRETA-SEAL-RANA-Z23-31627,23
31628,RHA - SDAH LOCAL,RANAGHAT JN,SEALDAH,SUBURBAN,TRETA-RANA-SEAL-Z20-31628,20
31629,SDAH-RHA LOCAL,SEALDAH,RANAGHAT JN,SUBURBAN,TRETA-SEAL-RANA-Z23-31629,23
31630,RHA - SDAH LOCAL,RANAGHAT JN,SEALDAH,SUBURBAN,TRETA-RANA-SEAL-Z22-31630,22
31631,SDAH-RHA LOCAL,SEALDAH,RANAGHAT JN,SUBURBAN,TRETA-SEAL-RANA-Z23-31631,23
31632,RHA-SDAH LOCAL,RANAGHAT JN,SEALDAH,SUBURBAN,TRETA-RANA-SEAL-Z23-31632,23
31634,RHA-SDAH LOCAL,RANAGHAT JN,SEALDAH,SUBURBAN,TRETA-RANA-SEAL-Z23-31634,23
31636,RHA-SDAH LOCAL,RANAGHAT JN,SEALDAH,SUBURBAN,TRETA-RANA-SEAL-Z22-31636,22
31637,SDAH-RHA AC EMU LOCAL,SEALDAH,RANAGHAT JN,SUBURBAN,TRETA-SEAL-RANA-Z12-31637,12
31638,RHA-SDAH AC LOCAL,RANAGHAT JN,SEALDAH,SUBURBAN,TRETA-RANA-SEAL-Z12-31638,12
31721,RHA - KNJ LOCAL,RANAGHAT JN,KRISHNGR CTY JN,SUBURBAN,TRETA-RANA-KRIS-Z05-31721,5
31722,KNJ -RHA LOCAL,KRISHNGR CTY JN,RANAGHAT JN,SUBURBAN,TRETA-KRIS-RANA-Z06-31722,6
31723,RHA-KNJ LOCAL,RANAGHAT JN,KRISHNGR CTY JN,SUBURBAN,TRETA-RANA-KRIS-Z06-31723,6
31724,KNJ-RHALOCAL,KRISHNGR CTY JN,RANAGHAT JN,SUBURBAN,TRETA-KRIS-RANA-Z04-31724,4
31725,RHA - KNJ,RANAGHAT JN,KRISHNGR CTY JN,SUBURBAN,TRETA-RANA-KRIS-Z06-31725,6
31726,KNJ-RHA LOCAL,KRISHNGR CTY JN,RANAGHAT JN,SUBURBAN,TRETA-KRIS-RANA-Z06-31726,6
31728,KNJ -RHA LOCAL,KRISHNGR CTY JN,RANAGHAT JN,SUBURBAN,TRETA-KRIS-RANA-Z06-31728,6
31741,RHA - GEDE LOCAL,RANAGHAT JN,GEDE,SUBURBAN,TRETA-RANA-GEDE-Z12-31741,12
31742,GEDE-RHA LOCAL,GEDE,RANAGHAT JN,SUBURBAN,TRETA-GEDE-RANA-Z12-31742,12
31743,RHA - GEDE LOCAL,RANAGHAT JN,GEDE,SUBURBAN,TRETA-RANA-GEDE-Z10-31743,10
31744,GEDE-RHA LOCAL,GEDE,RANAGHAT JN,SUBURBAN,TRETA-GEDE-RANA-Z13-31744,13
31745,RHA - GEDE LOCAL,RANAGHAT JN,GEDE,SUBURBAN,TRETA-RANA-GEDE-Z13-31745,13
31746,GEDE-RHA LOCAL,GEDE,RANAGHAT JN,SUBURBAN,TRETA-GEDE-RANA-Z12-31746,12
31747,RHA-GEDE LOCAL,RANAGHAT JN,GEDE,SUBURBAN,TRETA-RANA-GEDE-Z12-31747,12
31748,GEDE-RHA LOCAL,GEDE,RANAGHAT JN,SUBURBAN,TRETA-GEDE-RANA-Z12-31748,12
31749,RHA -GEDE LOCAL,RANAGHAT JN,GEDE,SUBURBAN,TRETA-RANA-GEDE-Z12-31749,12
31751,RHA -GEDE LOCAL,RANAGHAT JN,GEDE,SUBURBAN,TRETA-RANA-GEDE-Z13-31751,13
31752,GEDE-RHA LOCAL,GEDE,RANAGHAT JN,SUBURBAN,TRETA-GEDE-RANA-Z12-31752,12
31753,RHA -GEDE LOCAL,RANAGHAT JN,GEDE,SUBURBAN,TRETA-RANA-GEDE-Z12-31753,12
31754,GEDE-RHA LOCAL,GEDE,RANAGHAT JN,SUBURBAN,TRETA-GEDE-RANA-Z12-31754,12
31755,RHA-GEDE LOCAL,RANAGHAT JN,GEDE,SUBURBAN,TRETA-RANA-GEDE-Z12-31755,12
31756,GEDE-RHA LOCAL,GEDE,RANAGHAT JN,SUBURBAN,TRETA-GEDE-RANA-Z12-31756,12
31757,RHA-GEDE LOCAL,RANAGHAT JN,GEDE,SUBURBAN,TRETA-RANA-GEDE-Z12-31757,12
31758,GEDE-RHA LOCAL,GEDE,RANAGHAT JN,SUBURBAN,TRETA-GEDE-RANA-Z12-31758,12
31759,RHA GEDE LOCAL,RANAGHAT JN,GEDE,SUBURBAN,TRETA-RANA-GEDE-Z13-31759,13
31760,GEDE RHA LOCAL,GEDE,RANAGHAT JN,SUBURBAN,TRETA-GEDE-RANA-Z13-31760,13
31761,RHA-GEDE EMU SPL,RANAGHAT JN,GEDE,SUBURBAN,TRETA-RANA-GEDE-Z12-31761,12
31762,GEDE-RHA SPL,GEDE,RANAGHAT JN,SUBURBAN,TRETA-GEDE-RANA-Z12-31762,12
31764,GEDE-RHA EMU SPL,GEDE,RANAGHAT JN,SUBURBAN,TRETA-GEDE-RANA-Z13-31764,13
31765,RHA-LGL EMU PASS,RANAGHAT JN,LALGOLA,SUBURBAN,TRETA-RANA-LALG-Z25-31765,25
31768,LGL - RHA PASSENGER,LALGOLA,RANAGHAT JN,SUBURBAN,TRETA-LALG-RANA-Z25-31768,25
31769,RHA - LGL EMU PASS,RANAGHAT JN,LALGOLA,SUBURBAN,TRETA-RANA-LALG-Z28-31769,28
31770,LGL-RHA EMU PGR,LALGOLA,RANAGHAT JN,SUBURBAN,TRETA-LALG-RANA-Z28-31770,28
31771,RHA -LGL EMU PASS,RANAGHAT JN,LALGOLA,SUBURBAN,TRETA-RANA-LALG-Z27-31771,27
31772,LGL - RHA EMU PGR,LALGOLA,RANAGHAT JN,SUBURBAN,TRETA-LALG-RANA-Z28-31772,28
31773,RHA LGL PASS,RANAGHAT JN,LALGOLA,SUBURBAN,TRETA-RANA-LALG-Z29-31773,29
31774,LGL RHA LOCAL,LALGOLA,RANAGHAT JN,SUBURBAN,TRETA-LALG-RANA-Z29-31774,29
31776,KRP-BPC EMU PGR,KRISHNAPUR,BERHAMPORE CRT,SUBURBAN,TRETA-KRIS-BERH-Z07-31776,7
31777,BPC LGL EMU SPL,BERHAMPORE CRT,LALGOLA,SUBURBAN,TRETA-BERH-LALG-Z08-31777,8
31781,RHA-STB LOCAL,RANAGHAT JN,SHANTIPUR,SUBURBAN,TRETA-RANA-SHAN-Z05-31781,5
31782,STB-RHA LOCAL,SHANTIPUR,RANAGHAT JN,SUBURBAN,TRETA-SHAN-RANA-Z05-31782,5
31783,RHA-STB LOCAL,RANAGHAT JN,SHANTIPUR,SUBURBAN,TRETA-RANA-SHAN-Z04-31783,4
31784,STB-RHA LOCAL,SHANTIPUR,RANAGHAT JN,SUBURBAN,TRETA-SHAN-RANA-Z05-31784,5
31785,RHA-STB EMU LOCAL,RANAGHAT JN,SHANTIPUR,SUBURBAN,TRETA-RANA-SHAN-Z05-31785,5
31786,STB-RHA LOCAL,SHANTIPUR,RANAGHAT JN,SUBURBAN,TRETA-SHAN-RANA-Z04-31786,4
31787,RHA-STB LOCAL,RANAGHAT JN,SHANTIPUR,SUBURBAN,TRETA-RANA-SHAN-Z05-31787,5
31788,STB-RHA EMU LOCAL,SHANTIPUR,RANAGHAT JN,SUBURBAN,TRETA-SHAN-RANA-Z05-31788,5
31790,STB-RHA LOCAL,SHANTIPUR,RANAGHAT JN,SUBURBAN,TRETA-SHAN-RANA-Z05-31790,5
31801,SDAH-KNJ LOCAL,SEALDAH,KRISHNGR CTY JN,SUBURBAN,TRETA-SEAL-KRIS-Z28-31801,28
31802,KNJ-SDAH LOCAL,KRISHNGR CTY JN,SEALDAH,SUBURBAN,TRETA-KRIS-SEAL-Z28-31802,28
31811,SDAH-KNJ LOCAL,SEALDAH,KRISHNGR CTY JN,SUBURBAN,TRETA-SEAL-KRIS-Z28-31811,28
31812,KNJ - SDAJ LOCAL,KRISHNGR CTY JN,SEALDAH,SUBURBAN,TRETA-KRIS-SEAL-Z28-31812,28
31813,SDAH-KNJ LOCAL,SEALDAH,KRISHNGR CTY JN,SUBURBAN,TRETA-SEAL-KRIS-Z29-31813,29
31814,KNJ - SDAH  LOCAL,KRISHNGR CTY JN,SEALDAH,SUBURBAN,TRETA-KRIS-SEAL-Z22-31814,22
31815,SDAH-KNJ LOCAL,SEALDAH,KRISHNGR CTY JN,SUBURBAN,TRETA-SEAL-KRIS-Z28-31815,28
31816,KNJ - SDAH LOCAL,KRISHNGR CTY JN,SEALDAH,SUBURBAN,TRETA-KRIS-SEAL-Z29-31816,29
31817,SDAH-KNJ LOCAL,SEALDAH,KRISHNGR CTY JN,SUBURBAN,TRETA-SEAL-KRIS-Z29-31817,29
31818,KNJ - SDAH  LOCAL,KRISHNGR CTY JN,SEALDAH,SUBURBAN,TRETA-KRIS-SEAL-Z24-31818,24
31819,SDAH-KNJ LOCAL,SEALDAH,KRISHNGR CTY JN,SUBURBAN,TRETA-SEAL-KRIS-Z18-31819,18
31820,KNJ - SDAH  LOCAL,KRISHNGR CTY JN,SEALDAH,SUBURBAN,TRETA-KRIS-SEAL-Z29-31820,29
31821,SDAH-KNJ LOCAL,SEALDAH,KRISHNGR CTY JN,SUBURBAN,TRETA-SEAL-KRIS-Z20-31821,20
31822,KNJ - SDAH  LOCAL,KRISHNGR CTY JN,SEALDAH,SUBURBAN,TRETA-KRIS-SEAL-Z28-31822,28
31824,KNJ - SDAH  LOCAL,KRISHNGR CTY JN,SEALDAH,SUBURBAN,TRETA-KRIS-SEAL-Z28-31824,28
31825,SDAH-KNJ LOCAL,SEALDAH,KRISHNGR CTY JN,SUBURBAN,TRETA-SEAL-KRIS-Z28-31825,28
31827,SDAH - KNJ LOCAL,SEALDAH,KRISHNGR CTY JN,SUBURBAN,TRETA-SEAL-KRIS-Z28-31827,28
31828,KNJ - SDAH  LOCAL,KRISHNGR CTY JN,SEALDAH,SUBURBAN,TRETA-KRIS-SEAL-Z12-31828,12
31829,SDAH-KNJ LOCAL,SEALDAH,KRISHNGR CTY JN,SUBURBAN,TRETA-SEAL-KRIS-Z29-31829,29
31830,KNJ - SDAH  LOCAL,KRISHNGR CTY JN,SEALDAH,SUBURBAN,TRETA-KRIS-SEAL-Z28-31830,28
31831,SDAH-KNJ LOCAL,SEALDAH,KRISHNGR CTY JN,SUBURBAN,TRETA-SEAL-KRIS-Z29-31831,29
31832,KNJ - SDAH  LOCAL,KRISHNGR CTY JN,SEALDAH,SUBURBAN,TRETA-KRIS-SEAL-Z25-31832,25
31833,SDAH-KNJ LOCAL,SEALDAH,KRISHNGR CTY JN,SUBURBAN,TRETA-SEAL-KRIS-Z23-31833,23
31834,KNJ - SDAH  LOCAL,KRISHNGR CTY JN,SEALDAH,SUBURBAN,TRETA-KRIS-SEAL-Z27-31834,27
31835,SDAH-KNJ LOCAL,SEALDAH,KRISHNGR CTY JN,SUBURBAN,TRETA-SEAL-KRIS-Z16-31835,16
31836,KNJ - SDAH LOCAL,KRISHNGR CTY JN,SEALDAH,SUBURBAN,TRETA-KRIS-SEAL-Z25-31836,25
31837,SDAH-KNJ LOCAL,SEALDAH,KRISHNGR CTY JN,SUBURBAN,TRETA-SEAL-KRIS-Z22-31837,22
31838,KNJ-SDAH LOCAL,KRISHNGR CTY JN,SEALDAH,SUBURBAN,TRETA-KRIS-SEAL-Z29-31838,29
31840,KNJ-SDAH LOCAL,KRISHNGR CTY JN,SEALDAH,SUBURBAN,TRETA-KRIS-SEAL-Z15-31840,15
31841,SDAH-KNJ LOCAL,SEALDAH,KRISHNGR CTY JN,SUBURBAN,TRETA-SEAL-KRIS-Z28-31841,28
31843,SDAH-KNJ LOCAL,SEALDAH,KRISHNGR CTY JN,SUBURBAN,TRETA-SEAL-KRIS-Z28-31843,28
31844,KNJ-SDAH LOCAL,KRISHNGR CTY JN,SEALDAH,SUBURBAN,TRETA-KRIS-SEAL-Z29-31844,29
31845,SDAH-KNJ AC LOCAL,SEALDAH,KRISHNGR CTY JN,SUBURBAN,TRETA-SEAL-KRIS-Z13-31845,13
31846,KNJ-SDAH AC LOCAL,KRISHNGR CTY JN,SEALDAH,SUBURBAN,TRETA-KRIS-SEAL-Z13-31846,13
31847,SDAH-KNJ AC EMU LOCAL,SEALDAH,KRISHNGR CTY JN,SUBURBAN,TRETA-SEAL-KRIS-Z13-31847,13
31848,KNJ-SDAH AC EMU LOCAL,KRISHNGR CTY JN,SEALDAH,SUBURBAN,TRETA-KRIS-SEAL-Z13-31848,13
31861,KNJ LGL EMU PASSENGER,KRISHNGR CTY JN,LALGOLA,SUBURBAN,TRETA-KRIS-LALG-Z22-31861,22
31864,LGL KNJ EMU PASSENGER,LALGOLA,KRISHNGR CTY JN,SUBURBAN,TRETA-LALG-KRIS-Z23-31864,23
31881,KNJ-AHT LOCAL,KRISHNGR CTY JN,AMGHATA,SUBURBAN,TRETA-KRIS-AMGH-Z01-31881,1
31882,AHT-KNJ LOCAL,AMGHATA,KRISHNGR CTY JN,SUBURBAN,TRETA-AMGH-KRIS-Z01-31882,1
31883,KNJ-AHT LOCAL,KRISHNGR CTY JN,AMGHATA,SUBURBAN,TRETA-KRIS-AMGH-Z01-31883,1
31884,AHT-KNJ LOCAL,AMGHATA,KRISHNGR CTY JN,SUBURBAN,TRETA-AMGH-KRIS-Z01-31884,1
31885,KNJ-AHT LOCAL,KRISHNGR CTY JN,AMGHATA,SUBURBAN,TRETA-KRIS-AMGH-Z01-31885,1
31886,AHT-KNJ LOCAL,AMGHATA,KRISHNGR CTY JN,SUBURBAN,TRETA-AMGH-KRIS-Z01-31886,1
31887,KNJ-AHT LOCAL,KRISHNGR CTY JN,AMGHATA,SUBURBAN,TRETA-KRIS-AMGH-Z01-31887,1
31888,AHT-KNJ LOCAL,AMGHATA,KRISHNGR CTY JN,SUBURBAN,TRETA-AMGH-KRIS-Z01-31888,1
31889,KNJ-AHT LOCAL,KRISHNGR CTY JN,AMGHATA,SUBURBAN,TRETA-KRIS-AMGH-Z01-31889,1
31890,AHT-KNJ LOCAL,AMGHATA,KRISHNGR CTY JN,SUBURBAN,TRETA-AMGH-KRIS-Z01-31890,1
31911,SDAH-GEDE LOCAL,SEALDAH,GEDE,SUBURBAN,TRETA-SEAL-GEDE-Z35-31911,35
31912,GEDE - SDAH LOCAL,GEDE,SEALDAH,SUBURBAN,TRETA-GEDE-SEAL-Z35-31912,35
31913,SDAH-GEDE LOCAL,SEALDAH,GEDE,SUBURBAN,TRETA-SEAL-GEDE-Z36-31913,36
31914,GEDE - SDAH LOCAL,GEDE,SEALDAH,SUBURBAN,TRETA-GEDE-SEAL-Z35-31914,35
31915,SDAH-GEDE LOCAL,SEALDAH,GEDE,SUBURBAN,TRETA-SEAL-GEDE-Z35-31915,35
31916,GEDE - SDAH LOCAL,GEDE,SEALDAH,SUBURBAN,TRETA-GEDE-SEAL-Z30-31916,30
31917,SDAH-GEDE LOCAL,SEALDAH,GEDE,SUBURBAN,TRETA-SEAL-GEDE-Z35-31917,35
31918,GEDE - SDAH LOCALD,GEDE,SEALDAH,SUBURBAN,TRETA-GEDE-SEAL-Z36-31918,36
31919,SDAH-GEDE LOCAL,SEALDAH,GEDE,SUBURBAN,TRETA-SEAL-GEDE-Z35-31919,35
31920,GEDE- SDAH LOCAL,GEDE,SEALDAH,SUBURBAN,TRETA-GEDE-SEAL-Z34-31920,34
31921,SDAH - GEDE LOCAL,SEALDAH,GEDE,SUBURBAN,TRETA-SEAL-GEDE-Z35-31921,35
31922,GEDE - SDAH LOCAL,GEDE,SEALDAH,SUBURBAN,TRETA-GEDE-SEAL-Z36-31922,36
31923,SDAH-GEDE LOCAL,SEALDAH,GEDE,SUBURBAN,TRETA-SEAL-GEDE-Z35-31923,35
31924,GEDE - SDAH LOCAL,GEDE,SEALDAH,SUBURBAN,TRETA-GEDE-SEAL-Z34-31924,34
31925,SDAH-GEDE LOCAL,SEALDAH,GEDE,SUBURBAN,TRETA-SEAL-GEDE-Z35-31925,35
31926,GEDE - SDAH LOCAL,GEDE,SEALDAH,SUBURBAN,TRETA-GEDE-SEAL-Z35-31926,35
31927,SDAH-GEDE LOCAL,SEALDAH,GEDE,SUBURBAN,TRETA-SEAL-GEDE-Z36-31927,36
31928,GEDE - SDAH LOCAL,GEDE,SEALDAH,SUBURBAN,TRETA-GEDE-SEAL-Z30-31928,30
31929,SDAH-GEDE LOCAL,SEALDAH,GEDE,SUBURBAN,TRETA-SEAL-GEDE-Z35-31929,35
31930,GEDE -SDAH EMU SPL,GEDE,SEALDAH,SUBURBAN,TRETA-GEDE-SEAL-Z26-31930,26
31931,SDAH - GEDE EMU SPL,SEALDAH,GEDE,SUBURBAN,TRETA-SEAL-GEDE-Z26-31931,26
31933,SDAH - GEDE EMU SPL,SEALDAH,GEDE,SUBURBAN,TRETA-SEAL-GEDE-Z36-31933,36
32211,SDAH-DKAE LOCAL,SEALDAH,DANKUNI,SUBURBAN,TRETA-SEAL-DANK-Z17-32211,17
32212,DKAE-SDAH LOCAL,DANKUNI,SEALDAH,SUBURBAN,TRETA-DANK-SEAL-Z17-32212,17
32213,SDAH-DKAE LOCAL,SEALDAH,DANKUNI,SUBURBAN,TRETA-SEAL-DANK-Z08-32213,8
32214,DKAE-SDAH LOCAL,DANKUNI,SEALDAH,SUBURBAN,TRETA-DANK-SEAL-Z08-32214,8
32215,SDAH-DKAE LOCAL,SEALDAH,DANKUNI,SUBURBAN,TRETA-SEAL-DANK-Z17-32215,17
32216,DKAE-SDAH LOCAL,DANKUNI,SEALDAH,SUBURBAN,TRETA-DANK-SEAL-Z17-32216,17
32217,SDAH-DKAE LOCAL,SEALDAH,DANKUNI,SUBURBAN,TRETA-SEAL-DANK-Z17-32217,17
32218,DKAE-SDAH LOCAL,DANKUNI,SEALDAH,SUBURBAN,TRETA-DANK-SEAL-Z15-32218,15
32219,SDAH-DKAE LOCAL,SEALDAH,DANKUNI,SUBURBAN,TRETA-SEAL-DANK-Z08-32219,8
32220,DKAE-SDAH LOCAL,DANKUNI,SEALDAH,SUBURBAN,TRETA-DANK-SEAL-Z08-32220,8
32221,SDAH-DKAE LOCAL,SEALDAH,DANKUNI,SUBURBAN,TRETA-SEAL-DANK-Z08-32221,8
32222,DKAE-SDAH LOCAL,DANKUNI,SEALDAH,SUBURBAN,TRETA-DANK-SEAL-Z08-32222,8
32223,SDAH-DKAE LOCAL,SEALDAH,DANKUNI,SUBURBAN,TRETA-SEAL-DANK-Z08-32223,8
32224,DKAE-SDAH LOCAL,DANKUNI,SEALDAH,SUBURBAN,TRETA-DANK-SEAL-Z08-32224,8
32225,SDAH-DKAE LOCAL,SEALDAH,DANKUNI,SUBURBAN,TRETA-SEAL-DANK-Z08-32225,8
32226,DKAE-SDAH LOCAL,DANKUNI,SEALDAH,SUBURBAN,TRETA-DANK-SEAL-Z08-32226,8
32227,SDAH-DKAE LOCAL,SEALDAH,DANKUNI,SUBURBAN,TRETA-SEAL-DANK-Z08-32227,8
32228,DKAE-SDAH LOCAL,DANKUNI,SEALDAH,SUBURBAN,TRETA-DANK-SEAL-Z08-32228,8
32229,SDAH-DKAE LOCAL,SEALDAH,DANKUNI,SUBURBAN,TRETA-SEAL-DANK-Z08-32229,8
32230,DKAE-SDAH LOCAL,DANKUNI,SEALDAH,SUBURBAN,TRETA-DANK-SEAL-Z08-32230,8
32231,SDAH-DKAE LOCAL,SEALDAH,DANKUNI,SUBURBAN,TRETA-SEAL-DANK-Z08-32231,8
32232,DKAE-SDAH LOCAL,DANKUNI,SEALDAH,SUBURBAN,TRETA-DANK-SEAL-Z08-32232,8
32233,SDAH-DKAE LOCAL,SEALDAH,DANKUNI,SUBURBAN,TRETA-SEAL-DANK-Z08-32233,8
32234,DKAE-SDAH LOCAL,DANKUNI,SEALDAH,SUBURBAN,TRETA-DANK-SEAL-Z08-32234,8
32235,SDAH-DKAE LOCAL,SEALDAH,DANKUNI,SUBURBAN,TRETA-SEAL-DANK-Z08-32235,8
32236,DKAE-SDAH LOCAL,DANKUNI,SEALDAH,SUBURBAN,TRETA-DANK-SEAL-Z08-32236,8
32237,SDAH-DKAE LOCAL,SEALDAH,DANKUNI,SUBURBAN,TRETA-SEAL-DANK-Z08-32237,8
32238,DKAE-SDAH LOCAL,DANKUNI,SEALDAH,SUBURBAN,TRETA-DANK-SEAL-Z08-32238,8
32239,SDAH-DKAE LOCAL,SEALDAH,DANKUNI,SUBURBAN,TRETA-SEAL-DANK-Z08-32239,8
32240,DKAE-SDAH LOCAL,DANKUNI,SEALDAH,SUBURBAN,TRETA-DANK-SEAL-Z08-32240,8
32241,SDAH-DKAE LOCAL,SEALDAH,DANKUNI,SUBURBAN,TRETA-SEAL-DANK-Z08-32241,8
32242,DKAE-SDAH LOCAL,DANKUNI,SEALDAH,SUBURBAN,TRETA-DANK-SEAL-Z08-32242,8
32243,SDAH-DKAE LOCAL,SEALDAH,DANKUNI,SUBURBAN,TRETA-SEAL-DANK-Z08-32243,8
32245,SDAH-DKAE LOCAL,SEALDAH,DANKUNI,SUBURBAN,TRETA-SEAL-DANK-Z08-32245,8
32246,DKAE-SDAH LOCAL,DANKUNI,SEALDAH,SUBURBAN,TRETA-DANK-SEAL-Z08-32246,8
32247,SEALDAH-DKAE LOCAL,SEALDAH,DANKUNI,SUBURBAN,TRETA-SEAL-DANK-Z08-32247,8
32248,DKAE-SDAH LOCAL,DANKUNI,SEALDAH,SUBURBAN,TRETA-DANK-SEAL-Z08-32248,8
32249,SDAH-DKAE LOCAL,SEALDAH,DANKUNI,SUBURBAN,TRETA-SEAL-DANK-Z08-32249,8
32250,DKAE-SDAH LOCAL,DANKUNI,SEALDAH,SUBURBAN,TRETA-DANK-SEAL-Z08-32250,8
32252,DKAE-SDAH LOCAL,DANKUNI,SEALDAH,SUBURBAN,TRETA-DANK-SEAL-Z08-32252,8
32411,SDAH-BRPA LOCAL,SEALDAH,BARUIPARA,SUBURBAN,TRETA-SEAL-BARU-Z12-32411,12
32412,BRPA - SDAH LOCAL,BARUIPARA,SEALDAH,SUBURBAN,TRETA-BARU-SEAL-Z12-32412,12
32413,SDAH-BRPA  LOCAL,SEALDAH,BARUIPARA,SUBURBAN,TRETA-SEAL-BARU-Z12-32413,12
32414,BRPA-SDAH LOCAL,BARUIPARA,SEALDAH,SUBURBAN,TRETA-BARU-SEAL-Z12-32414,12
33061,CG - BT LOCAL,CANNING,BARASAT,SUBURBAN,TRETA-CANN-BARA-Z28-33061,28
33231,DDJ- BP LOCAL,DUM DUM,BARRACKPORE,SUBURBAN,TRETA-DUM_-BARR-Z06-33231,6
33232,BP-DDJ LOCAL,BARRACKPORE,DUM DUM,SUBURBAN,TRETA-BARR-DUM_-Z06-33232,6
33271,DDJ - BNJ LOCAL,DUM DUM,BANGAON JN,SUBURBAN,TRETA-DUM_-BANG-Z21-33271,21
33282,HNB-DDJ LOCAL,HASANABAD,DUM DUM,SUBURBAN,TRETA-HASA-DUM_-Z27-33282,27
33311,BT-HNB LOCAL,BARASAT,HASANABAD,SUBURBAN,TRETA-BARA-HASA-Z19-33311,19
33312,HNB-BT LOCAL,HASANABAD,BARASAT,SUBURBAN,TRETA-HASA-BARA-Z19-33312,19
33313,BT-HNB LOCAL,BARASAT,HASANABAD,SUBURBAN,TRETA-BARA-HASA-Z19-33313,19
33314,HNB BT LOCAL,HASANABAD,BARASAT,SUBURBAN,TRETA-HASA-BARA-Z19-33314,19
33315,BT-HNB LOCAL,BARASAT,HASANABAD,SUBURBAN,TRETA-BARA-HASA-Z19-33315,19
33316,HNB-BT LOCAL,HASANABAD,BARASAT,SUBURBAN,TRETA-HASA-BARA-Z19-33316,19
33317,BT - HNB LOCAL,BARASAT,HASANABAD,SUBURBAN,TRETA-BARA-HASA-Z19-33317,19
33318,HNB BT LOCAL,HASANABAD,BARASAT,SUBURBAN,TRETA-HASA-BARA-Z19-33318,19
33319,DDC - HNB LOCAL,DUM DUM CANT,HASANABAD,SUBURBAN,TRETA-DUM_-HASA-Z26-33319,26
33320,HNB BT LOCAL,HASANABAD,BARASAT,SUBURBAN,TRETA-HASA-BARA-Z19-33320,19
33321,BT - HNB LOCAL,BARASAT,HASANABAD,SUBURBAN,TRETA-BARA-HASA-Z19-33321,19
33322,HNB DDC LOCAL,HASANABAD,DUM DUM CANT,SUBURBAN,TRETA-HASA-DUM_-Z26-33322,26
33323,BT-HNB LOCAL,BARASAT,HASANABAD,SUBURBAN,TRETA-BARA-HASA-Z19-33323,19
33324,BSHT-BT LOCAL,BASIRHAT,BARASAT,SUBURBAN,TRETA-BASI-BARA-Z14-33324,14
33325,BT HNB LOCAL,BARASAT,HASANABAD,SUBURBAN,TRETA-BARA-HASA-Z19-33325,19
33326,HNB-BT LOCAL,HASANABAD,BARASAT,SUBURBAN,TRETA-HASA-BARA-Z19-33326,19
33327,BT HNB LOCAL,BARASAT,HASANABAD,SUBURBAN,TRETA-BARA-HASA-Z19-33327,19
33328,HNB BT LOCAL,HASANABAD,BARASAT,SUBURBAN,TRETA-HASA-BARA-Z19-33328,19
33329,BT-BSHT LOCAL,BARASAT,BASIRHAT,SUBURBAN,TRETA-BARA-BASI-Z14-33329,14
33331,BT HNB LOCAL,BARASAT,HASANABAD,SUBURBAN,TRETA-BARA-HASA-Z19-33331,19
33351,BT - HB LOCAL,BARASAT,HABRA,SUBURBAN,TRETA-BARA-HABR-Z06-33351,6
33357,BT-DTK LOCAL,BARASAT,DATTAPUKUR,SUBURBAN,TRETA-BARA-DATT-Z02-33357,2
33361,BT-BNJ LOCAL,BARASAT,BANGAON JN,SUBURBAN,TRETA-BARA-BANG-Z13-33361,13
33362,BNJ- BT LOCAL,BANGAON JN,BARASAT,SUBURBAN,TRETA-BANG-BARA-Z11-33362,11
33363,BT -BNJ LOCAL,BARASAT,BANGAON JN,SUBURBAN,TRETA-BARA-BANG-Z11-33363,11
33364,BNJ- BT LOCAL,BANGAON JN,BARASAT,SUBURBAN,TRETA-BANG-BARA-Z11-33364,11
33365,BT-BNJ LOCAL,BARASAT,BANGAON JN,SUBURBAN,TRETA-BARA-BANG-Z11-33365,11
33366,BNJ-BT LOCAL,BANGAON JN,BARASAT,SUBURBAN,TRETA-BANG-BARA-Z11-33366,11
33367,BT-BNJ LOCAL,BARASAT,BANGAON JN,SUBURBAN,TRETA-BARA-BANG-Z12-33367,12
33368,BNJ - DDC LOCAL,BANGAON JN,DUM DUM CANT,SUBURBAN,TRETA-BANG-DUM_-Z20-33368,20
33369,BT - BNJ LOCAL,BARASAT,BANGAON JN,SUBURBAN,TRETA-BARA-BANG-Z13-33369,13
33370,BNJ - BT LOCAL,BANGAON JN,BARASAT,SUBURBAN,TRETA-BANG-BARA-Z13-33370,13
33372,BNJ-BT LOCAL,BANGAON JN,BARASAT,SUBURBAN,TRETA-BANG-BARA-Z13-33372,13
33382,BNJ-BT LOCAL,BANGAON JN,BARASAT,SUBURBAN,TRETA-BANG-BARA-Z13-33382,13
33401,SDAH-BT MATRIBHOOMI LOCAL,SEALDAH,BARASAT,SUBURBAN,TRETA-SEAL-BARA-Z10-33401,10
33402,BT-SDAH MATRIBHOOMI LOCA,BARASAT,SEALDAH,SUBURBAN,TRETA-BARA-SEAL-Z10-33402,10
33411,SDAH-DDC LOCAL,SEALDAH,DUM DUM CANT,SUBURBAN,TRETA-SEAL-DUM_-Z07-33411,7
33412,DDC-SDAH LOCAL,DUM DUM CANT,SEALDAH,SUBURBAN,TRETA-DUM_-SEAL-Z03-33412,3
33421,SDAH-MMG LOCAL,SEALDAH,MADHYAMGRAM,SUBURBAN,TRETA-SEAL-MADH-Z08-33421,8
33422,MMG - SDAH LOCAL,MADHYAMGRAM,SEALDAH,SUBURBAN,TRETA-MADH-SEAL-Z08-33422,8
33431,SDAH - HNB LOCAL,SEALDAH,HASANABAD,SUBURBAN,TRETA-SEAL-HASA-Z29-33431,29
33432,BT-SDAH LOCAL,BARASAT,SEALDAH,SUBURBAN,TRETA-BARA-SEAL-Z10-33432,10
33433,SDAH - BT LOCAL,SEALDAH,BARASAT,SUBURBAN,TRETA-SEAL-BARA-Z10-33433,10
33434,BT - SDAH LOCAL,BARASAT,SEALDAH,SUBURBAN,TRETA-BARA-SEAL-Z10-33434,10
33435,SDAH - BT LOCAL,SEALDAH,BARASAT,SUBURBAN,TRETA-SEAL-BARA-Z10-33435,10
33436,BT -SDAH LOCAL,BARASAT,SEALDAH,SUBURBAN,TRETA-BARA-SEAL-Z10-33436,10
33437,SDAH - BT LOCAL,SEALDAH,BARASAT,SUBURBAN,TRETA-SEAL-BARA-Z10-33437,10
33438,BT -SDAH LOCAL,BARASAT,SEALDAH,SUBURBAN,TRETA-BARA-SEAL-Z10-33438,10
33439,SDAH - BT LOCAL,SEALDAH,BARASAT,SUBURBAN,TRETA-SEAL-BARA-Z10-33439,10
33440,BT -SDAH LOCAL,BARASAT,SEALDAH,SUBURBAN,TRETA-BARA-SEAL-Z10-33440,10
33442,BNJ - SDAH AC LOCAL,BANGAON JN,SEALDAH,SUBURBAN,TRETA-BANG-SEAL-Z16-33442,16
33443,SDAH - BT LOCAL,SEALDAH,BARASAT,SUBURBAN,TRETA-SEAL-BARA-Z10-33443,10
33445,SDAH - BT LOCAL,SEALDAH,BARASAT,SUBURBAN,TRETA-SEAL-BARA-Z10-33445,10
33447,SDAH - BT LOCAL,SEALDAH,BARASAT,SUBURBAN,TRETA-SEAL-BARA-Z10-33447,10
33449,SDAH - BNJ AC LOCAL,SEALDAH,BANGAON JN,SUBURBAN,TRETA-SEAL-BANG-Z16-33449,16
33471,DDC - BT LOCAL,DUM DUM CANT,BARASAT,SUBURBAN,TRETA-DUM_-BARA-Z07-33471,7
33472,BT - DDC LOCAL,BARASAT,DUM DUM CANT,SUBURBAN,TRETA-BARA-DUM_-Z07-33472,7
33474,BT - DDC LOCAL,BARASAT,DUM DUM CANT,SUBURBAN,TRETA-BARA-DUM_-Z07-33474,7
33511,SDAH-HNB LOCAL,SEALDAH,HASANABAD,SUBURBAN,TRETA-SEAL-HASA-Z29-33511,29
33512,HNB-SDAH LOCAL,HASANABAD,SEALDAH,SUBURBAN,TRETA-HASA-SEAL-Z29-33512,29
33513,SDAH - HNB LOCAL,SEALDAH,HASANABAD,SUBURBAN,TRETA-SEAL-HASA-Z29-33513,29
33514,HNB-SDAH LOCAL,HASANABAD,SEALDAH,SUBURBAN,TRETA-HASA-SEAL-Z29-33514,29
33515,SDAH - HNB LOCAL,SEALDAH,HASANABAD,SUBURBAN,TRETA-SEAL-HASA-Z29-33515,29
33516,HNB-SDAH LOCAL,HASANABAD,SEALDAH,SUBURBAN,TRETA-HASA-SEAL-Z25-33516,25
33517,SDAH - HNB LOCAL,SEALDAH,HASANABAD,SUBURBAN,TRETA-SEAL-HASA-Z29-33517,29
33518,HNB-SDAH LOCAL,HASANABAD,SEALDAH,SUBURBAN,TRETA-HASA-SEAL-Z26-33518,26
33519,SDAH - HNB LOCAL,SEALDAH,HASANABAD,SUBURBAN,TRETA-SEAL-HASA-Z29-33519,29
33520,HNB-SDAH LOCAL,HASANABAD,SEALDAH,SUBURBAN,TRETA-HASA-SEAL-Z29-33520,29
33521,SDAH - HNB LOCAL,SEALDAH,HASANABAD,SUBURBAN,TRETA-SEAL-HASA-Z29-33521,29
33522,HNB-SDAH LOCAL,HASANABAD,SEALDAH,SUBURBAN,TRETA-HASA-SEAL-Z29-33522,29
33523,SDAH - HNB LOCAL,SEALDAH,HASANABAD,SUBURBAN,TRETA-SEAL-HASA-Z29-33523,29
33524,HNB-SDAH LOCAL,HASANABAD,SEALDAH,SUBURBAN,TRETA-HASA-SEAL-Z24-33524,24
33525,SDAH - HNB LOCAL,SEALDAH,HASANABAD,SUBURBAN,TRETA-SEAL-HASA-Z29-33525,29
33526,HNB-SDAH LOCAL,HASANABAD,SEALDAH,SUBURBAN,TRETA-HASA-SEAL-Z29-33526,29
33527,SDAH-HNB  LOCAL,SEALDAH,HASANABAD,SUBURBAN,TRETA-SEAL-HASA-Z25-33527,25
33528,HNB-SDAH LOCAL,HASANABAD,SEALDAH,SUBURBAN,TRETA-HASA-SEAL-Z24-33528,24
33529,SDAH-HNB LOCAL,SEALDAH,HASANABAD,SUBURBAN,TRETA-SEAL-HASA-Z25-33529,25
33530,HNB-SDAH LOCAL,HASANABAD,SEALDAH,SUBURBAN,TRETA-HASA-SEAL-Z29-33530,29
33531,SDAH-HNB LOCAL,SEALDAH,HASANABAD,SUBURBAN,TRETA-SEAL-HASA-Z25-33531,25
33532,HNB-SDAH LOCAL,HASANABAD,SEALDAH,SUBURBAN,TRETA-HASA-SEAL-Z29-33532,29
33533,SDAH-HNB LOCAL,SEALDAH,HASANABAD,SUBURBAN,TRETA-SEAL-HASA-Z29-33533,29
33534,HNB-SDAH LOCAL,HASANABAD,SEALDAH,SUBURBAN,TRETA-HASA-SEAL-Z25-33534,25
33536,HNB-SDAH LOCAL,HASANABAD,SEALDAH,SUBURBAN,TRETA-HASA-SEAL-Z29-33536,29
33538,HNB-SDAH LOCAL,HASANABAD,SEALDAH,SUBURBAN,TRETA-HASA-SEAL-Z24-33538,24
33612,DTK-SDAH LOCAL,DATTAPUKUR,SEALDAH,SUBURBAN,TRETA-DATT-SEAL-Z12-33612,12
33613,SDAH-DTK LOCAL,SEALDAH,DATTAPUKUR,SUBURBAN,TRETA-SEAL-DATT-Z12-33613,12
33615,SDAH - DTK LOCAL,SEALDAH,DATTAPUKUR,SUBURBAN,TRETA-SEAL-DATT-Z12-33615,12
33616,DTK - SDAH LOCAL,DATTAPUKUR,SEALDAH,SUBURBAN,TRETA-DATT-SEAL-Z12-33616,12
33617,SDAH - BNJ LOCAL,SEALDAH,BANGAON JN,SUBURBAN,TRETA-SEAL-BANG-Z21-33617,21
33618,DTK-SDAH LOCAL,DATTAPUKUR,SEALDAH,SUBURBAN,TRETA-DATT-SEAL-Z12-33618,12
33619,SDAH - DTK LOCAL,SEALDAH,DATTAPUKUR,SUBURBAN,TRETA-SEAL-DATT-Z12-33619,12
33620,DTK-SDAH LOCAL,DATTAPUKUR,SEALDAH,SUBURBAN,TRETA-DATT-SEAL-Z12-33620,12
33621,SDAH-DTK LOCAL,SEALDAH,DATTAPUKUR,SUBURBAN,TRETA-SEAL-DATT-Z12-33621,12
33622,BNJ-SDAH LOCAL,BANGAON JN,SEALDAH,SUBURBAN,TRETA-BANG-SEAL-Z21-33622,21
33623,SDAH - DTK LOCAL,SEALDAH,DATTAPUKUR,SUBURBAN,TRETA-SEAL-DATT-Z12-33623,12
33624,DTK-SDAH LOCAL,DATTAPUKUR,SEALDAH,SUBURBAN,TRETA-DATT-SEAL-Z12-33624,12
33626,DTK-SDAH LOCAL,DATTAPUKUR,SEALDAH,SUBURBAN,TRETA-DATT-SEAL-Z12-33626,12
33628,DTK-SDAH LOCAL,DATTAPUKUR,SEALDAH,SUBURBAN,TRETA-DATT-SEAL-Z12-33628,12
33630,DTK-SDAH LOCAL,DATTAPUKUR,SEALDAH,SUBURBAN,TRETA-DATT-SEAL-Z12-33630,12
33651,SDAH-HB LOCAL,SEALDAH,HABRA,SUBURBAN,TRETA-SEAL-HABR-Z16-33651,16
33652,HB - SDAH LOCAL,HABRA,SEALDAH,SUBURBAN,TRETA-HABR-SEAL-Z16-33652,16
33653,SDAH-HB LOCAL,SEALDAH,HABRA,SUBURBAN,TRETA-SEAL-HABR-Z16-33653,16
33654,HB - SDAH LOCAL,HABRA,SEALDAH,SUBURBAN,TRETA-HABR-SEAL-Z16-33654,16
33655,SDAH-HB LOCAL,SEALDAH,HABRA,SUBURBAN,TRETA-SEAL-HABR-Z16-33655,16
33656,HB - SDAH LOCAL,HABRA,SEALDAH,SUBURBAN,TRETA-HABR-SEAL-Z16-33656,16
33657,SDAH-HB LOCAL,SEALDAH,HABRA,SUBURBAN,TRETA-SEAL-HABR-Z16-33657,16
33658,HB - SDAH LOCAL,HABRA,SEALDAH,SUBURBAN,TRETA-HABR-SEAL-Z16-33658,16
33659,SDAH-HB LOCAL,SEALDAH,HABRA,SUBURBAN,TRETA-SEAL-HABR-Z16-33659,16
33660,HB - SDAH LOCAL,HABRA,SEALDAH,SUBURBAN,TRETA-HABR-SEAL-Z16-33660,16
33662,HB-SDAH LOCAL,HABRA,SEALDAH,SUBURBAN,TRETA-HABR-SEAL-Z16-33662,16
33664,HB - SDAH LOCAL,HABRA,SEALDAH,SUBURBAN,TRETA-HABR-SEAL-Z16-33664,16
33681,SDAH - GBG  LOCAL,SEALDAH,GOBARDANGA,SUBURBAN,TRETA-SEAL-GOBA-Z19-33681,19
33682,GBG - SDAH LOCAL,GOBARDANGA,SEALDAH,SUBURBAN,TRETA-GOBA-SEAL-Z19-33682,19
33685,SDAH - BNJ  LOCAL,SEALDAH,BANGAON JN,SUBURBAN,TRETA-SEAL-BANG-Z23-33685,23
33686,BNJ - SDAH LOCAL,BANGAON JN,SEALDAH,SUBURBAN,TRETA-BANG-SEAL-Z22-33686,22
33711,RHA - BNJ LOCAL,RANAGHAT JN,BANGAON JN,SUBURBAN,TRETA-RANA-BANG-Z07-33711,7
33712,BNJ - RHA LOCAL,BANGAON JN,RANAGHAT JN,SUBURBAN,TRETA-BANG-RANA-Z07-33712,7
33713,RHA - BNJ LOCAL,RANAGHAT JN,BANGAON JN,SUBURBAN,TRETA-RANA-BANG-Z08-33713,8
33714,BNJ - RHA LOCAL,BANGAON JN,RANAGHAT JN,SUBURBAN,TRETA-BANG-RANA-Z08-33714,8
33715,RHA - BNJ LOCAL,RANAGHAT JN,BANGAON JN,SUBURBAN,TRETA-RANA-BANG-Z07-33715,7
33716,BNJ - RHA LOCAL,BANGAON JN,RANAGHAT JN,SUBURBAN,TRETA-BANG-RANA-Z07-33716,7
33717,RHA - BNJ LOCAL,RANAGHAT JN,BANGAON JN,SUBURBAN,TRETA-RANA-BANG-Z07-33717,7
33718,BNJ - RHA LOCAL,BANGAON JN,RANAGHAT JN,SUBURBAN,TRETA-BANG-RANA-Z08-33718,8
33719,RHA - BNJ LOCAL,RANAGHAT JN,BANGAON JN,SUBURBAN,TRETA-RANA-BANG-Z07-33719,7
33720,BNJ - RHA LOCAL,BANGAON JN,RANAGHAT JN,SUBURBAN,TRETA-BANG-RANA-Z07-33720,7
33721,RHA - BNJ LOCAL,RANAGHAT JN,BANGAON JN,SUBURBAN,TRETA-RANA-BANG-Z08-33721,8
33722,BNJ - RHA LOCAL,BANGAON JN,RANAGHAT JN,SUBURBAN,TRETA-BANG-RANA-Z07-33722,7
33723,RHA - BNJ LOCAL,RANAGHAT JN,BANGAON JN,SUBURBAN,TRETA-RANA-BANG-Z07-33723,7
33724,BNJ - RHA LOCAL,BANGAON JN,RANAGHAT JN,SUBURBAN,TRETA-BANG-RANA-Z07-33724,7
33725,RHA - BNJ LOCAL,RANAGHAT JN,BANGAON JN,SUBURBAN,TRETA-RANA-BANG-Z07-33725,7
33726,BNJ - RHA LOCAL,BANGAON JN,RANAGHAT JN,SUBURBAN,TRETA-BANG-RANA-Z08-33726,8
33727,RHA - BNJ LOCAL,RANAGHAT JN,BANGAON JN,SUBURBAN,TRETA-RANA-BANG-Z07-33727,7
33728,BNJ - RHA LOCAL,BANGAON JN,RANAGHAT JN,SUBURBAN,TRETA-BANG-RANA-Z07-33728,7
33729,RHA - BNJ LOCAL,RANAGHAT JN,BANGAON JN,SUBURBAN,TRETA-RANA-BANG-Z08-33729,8
33730,BNJ  RHA LOCAL,BANGAON JN,RANAGHAT JN,SUBURBAN,TRETA-BANG-RANA-Z08-33730,8
33731,RHA - BNJ LOCAL,RANAGHAT JN,BANGAON JN,SUBURBAN,TRETA-RANA-BANG-Z07-33731,7
33732,BNJ - RHA LOCAL,BANGAON JN,RANAGHAT JN,SUBURBAN,TRETA-BANG-RANA-Z07-33732,7
33733,RHA - BNJ LOCAL,RANAGHAT JN,BANGAON JN,SUBURBAN,TRETA-RANA-BANG-Z08-33733,8
33734,BNJ - RHA LOCAL,BANGAON JN,RANAGHAT JN,SUBURBAN,TRETA-BANG-RANA-Z07-33734,7
33735,RHA - BNJ LOCAL,RANAGHAT JN,BANGAON JN,SUBURBAN,TRETA-RANA-BANG-Z08-33735,8
33736,BNJ - RHA LOCAL,BANGAON JN,RANAGHAT JN,SUBURBAN,TRETA-BANG-RANA-Z08-33736,8
33737,RHA-BNJ LOCAL,RANAGHAT JN,BANGAON JN,SUBURBAN,TRETA-RANA-BANG-Z07-33737,7
33738,BNJ-RHA LOCAL,BANGAON JN,RANAGHAT JN,SUBURBAN,TRETA-BANG-RANA-Z07-33738,7
33739,RHA-BNJ  LOCAL,RANAGHAT JN,BANGAON JN,SUBURBAN,TRETA-RANA-BANG-Z08-33739,8
33740,BNJRHA LOCAL,BANGAON JN,RANAGHAT JN,SUBURBAN,TRETA-BANG-RANA-Z08-33740,8
33741,RHA BNJ LOCAL,RANAGHAT JN,BANGAON JN,SUBURBAN,TRETA-RANA-BANG-Z08-33741,8
33742,BNJ-RHA EMU LOCAL,BANGAON JN,RANAGHAT JN,SUBURBAN,TRETA-BANG-RANA-Z08-33742,8
33743,RHA-BNJ EMU LOCAL,RANAGHAT JN,BANGAON JN,SUBURBAN,TRETA-RANA-BANG-Z08-33743,8
33751,STB-BNJ LOCAL,SHANTIPUR,BANGAON JN,SUBURBAN,TRETA-SHAN-BANG-Z11-33751,11
33752,BNJ-STB LOCAL,BANGAON JN,SHANTIPUR,SUBURBAN,TRETA-BANG-SHAN-Z11-33752,11
33761,SDAH-BNJ-RHA AC LOCAL,SEALDAH,RANAGHAT JN,SUBURBAN,TRETA-SEAL-RANA-Z17-33761,17
33762,RHA-BNJ-SDAH AC LOCAL,RANAGHAT JN,SEALDAH,SUBURBAN,TRETA-RANA-SEAL-Z17-33762,17
33801,SDAH - BNJ LOCAL,SEALDAH,BANGAON JN,SUBURBAN,TRETA-SEAL-BANG-Z23-33801,23
33802,BNJ - SDAH LOCAL,BANGAON JN,SEALDAH,SUBURBAN,TRETA-BANG-SEAL-Z23-33802,23
33811,SDAH-BNJ LOCAL,SEALDAH,BANGAON JN,SUBURBAN,TRETA-SEAL-BANG-Z16-33811,16
33812,BNJ-SDAH LOCAL,BANGAON JN,SEALDAH,SUBURBAN,TRETA-BANG-SEAL-Z22-33812,22
33813,SDAH-BNJ LOCAL,SEALDAH,BANGAON JN,SUBURBAN,TRETA-SEAL-BANG-Z21-33813,21
33814,BNJ-SDAH LOCAL,BANGAON JN,SEALDAH,SUBURBAN,TRETA-BANG-SEAL-Z22-33814,22
33815,SDAH-BNJ LOCAL,SEALDAH,BANGAON JN,SUBURBAN,TRETA-SEAL-BANG-Z23-33815,23
33816,BNJ - SDAH LOCAL,BANGAON JN,SEALDAH,SUBURBAN,TRETA-BANG-SEAL-Z23-33816,23
33817,SDAH - BNJ LOCAL,SEALDAH,BANGAON JN,SUBURBAN,TRETA-SEAL-BANG-Z22-33817,22
33818,BNJ - SDAH LOCAL,BANGAON JN,SEALDAH,SUBURBAN,TRETA-BANG-SEAL-Z23-33818,23
33819,SDAH - BNJ LOCAL,SEALDAH,BANGAON JN,SUBURBAN,TRETA-SEAL-BANG-Z22-33819,22
33820,BNJ - SDAH LOCAL,BANGAON JN,SEALDAH,SUBURBAN,TRETA-BANG-SEAL-Z23-33820,23
33821,SDAH - BNJ LOCAL,SEALDAH,BANGAON JN,SUBURBAN,TRETA-SEAL-BANG-Z23-33821,23
33822,BNJ - SDAH LOCAL,BANGAON JN,SEALDAH,SUBURBAN,TRETA-BANG-SEAL-Z23-33822,23
33823,SDAH - BNJ LOCAL,SEALDAH,BANGAON JN,SUBURBAN,TRETA-SEAL-BANG-Z23-33823,23
33824,BNJ - SDAH LOCAL,BANGAON JN,SEALDAH,SUBURBAN,TRETA-BANG-SEAL-Z23-33824,23
33825,SDAH - BNJ LOCAL,SEALDAH,BANGAON JN,SUBURBAN,TRETA-SEAL-BANG-Z22-33825,22
33826,BNJ - SDAH LOCAL,BANGAON JN,SEALDAH,SUBURBAN,TRETA-BANG-SEAL-Z23-33826,23
33827,SDAH - BNJ LOCAL,SEALDAH,BANGAON JN,SUBURBAN,TRETA-SEAL-BANG-Z23-33827,23
33828,BNJ - SDAH LOCAL,BANGAON JN,SEALDAH,SUBURBAN,TRETA-BANG-SEAL-Z23-33828,23
33830,BNJ - SDAH LOCAL,BANGAON JN,SEALDAH,SUBURBAN,TRETA-BANG-SEAL-Z23-33830,23
33831,SDAH - BNJ LOCAL,SEALDAH,BANGAON JN,SUBURBAN,TRETA-SEAL-BANG-Z23-33831,23
33832,BNJ - SDAH LOCAL,BANGAON JN,SEALDAH,SUBURBAN,TRETA-BANG-SEAL-Z22-33832,22
33833,SDAH - BNJ LOCAL,SEALDAH,BANGAON JN,SUBURBAN,TRETA-SEAL-BANG-Z22-33833,22
33834,BNJ - SDAH LOCAL,BANGAON JN,SEALDAH,SUBURBAN,TRETA-BANG-SEAL-Z23-33834,23
33835,SDAH-BNJ LOCAL,SEALDAH,BANGAON JN,SUBURBAN,TRETA-SEAL-BANG-Z23-33835,23
33836,BNJ - SDAH LOCAL,BANGAON JN,SEALDAH,SUBURBAN,TRETA-BANG-SEAL-Z22-33836,22
33837,SDAH-BNJ LOCAL,SEALDAH,BANGAON JN,SUBURBAN,TRETA-SEAL-BANG-Z23-33837,23
33839,SDAH-BNJ LOCAL,SEALDAH,BANGAON JN,SUBURBAN,TRETA-SEAL-BANG-Z23-33839,23
33840,BNJ - SDAH LOCAL,BANGAON JN,SEALDAH,SUBURBAN,TRETA-BANG-SEAL-Z23-33840,23
33841,SDAH - BNJ LOCAL,SEALDAH,BANGAON JN,SUBURBAN,TRETA-SEAL-BANG-Z23-33841,23
33842,BNJ - SDAH LOCAL,BANGAON JN,SEALDAH,SUBURBAN,TRETA-BANG-SEAL-Z23-33842,23
33843,SDAH - BNJ LOCAL,SEALDAH,BANGAON JN,SUBURBAN,TRETA-SEAL-BANG-Z23-33843,23
33844,BNJ - SDAH LOCAL,BANGAON JN,SEALDAH,SUBURBAN,TRETA-BANG-SEAL-Z23-33844,23
33845,SDAH - BNJ LOCAL,SEALDAH,BANGAON JN,SUBURBAN,TRETA-SEAL-BANG-Z23-33845,23
33846,BNJ - SDAH LOCAL,BANGAON JN,SEALDAH,SUBURBAN,TRETA-BANG-SEAL-Z22-33846,22
33847,SDAH - BNJ LOCAL,SEALDAH,BANGAON JN,SUBURBAN,TRETA-SEAL-BANG-Z23-33847,23
33848,BNJ - SDAH LOCAL,BANGAON JN,SEALDAH,SUBURBAN,TRETA-BANG-SEAL-Z23-33848,23
33849,SDAH - BNJ LOCAL,SEALDAH,BANGAON JN,SUBURBAN,TRETA-SEAL-BANG-Z22-33849,22
33850,BNJ - SDAH LOCAL,BANGAON JN,SEALDAH,SUBURBAN,TRETA-BANG-SEAL-Z22-33850,22
33851,SDAH - BNJ LOCAL,SEALDAH,BANGAON JN,SUBURBAN,TRETA-SEAL-BANG-Z23-33851,23
33852,BNJ - SDAH LOCAL,BANGAON JN,SEALDAH,SUBURBAN,TRETA-BANG-SEAL-Z23-33852,23
33853,SDAH - BNJ LOCAL,SEALDAH,BANGAON JN,SUBURBAN,TRETA-SEAL-BANG-Z23-33853,23
33854,BNJ - SDAH LOCAL,BANGAON JN,SEALDAH,SUBURBAN,TRETA-BANG-SEAL-Z22-33854,22
33855,SDAH - BNJ LOCAL,SEALDAH,BANGAON JN,SUBURBAN,TRETA-SEAL-BANG-Z23-33855,23
33856,BNJ - SDAH LOCAL,BANGAON JN,SEALDAH,SUBURBAN,TRETA-BANG-SEAL-Z21-33856,21
33857,SDAH - BNJ LOCAL,SEALDAH,BANGAON JN,SUBURBAN,TRETA-SEAL-BANG-Z22-33857,22
33858,BNJ-SDAH LOCAL,BANGAON JN,SEALDAH,SUBURBAN,TRETA-BANG-SEAL-Z16-33858,16
33859,SDAH - BNJ LOCAL,SEALDAH,BANGAON JN,SUBURBAN,TRETA-SEAL-BANG-Z22-33859,22
33860,BNJ - SDAH LOCAL,BANGAON JN,SEALDAH,SUBURBAN,TRETA-BANG-SEAL-Z22-33860,22
33861,SDAH - BNJ LOCAL,SEALDAH,BANGAON JN,SUBURBAN,TRETA-SEAL-BANG-Z21-33861,21
33862,BNJ - SDAH LOCAL,BANGAON JN,SEALDAH,SUBURBAN,TRETA-BANG-SEAL-Z18-33862,18
33863,SDAH - BNJ  LOCAL,SEALDAH,BANGAON JN,SUBURBAN,TRETA-SEAL-BANG-Z22-33863,22
33865,SDAH-BNJ LOCAL,SEALDAH,BANGAON JN,SUBURBAN,TRETA-SEAL-BANG-Z17-33865,17
33891,DDC - BNJ LOCAL,DUM DUM CANT,BANGAON JN,SUBURBAN,TRETA-DUM_-BANG-Z20-33891,20
33893,DDC - BNJ LOCAL,DUM DUM CANT,BANGAON JN,SUBURBAN,TRETA-DUM_-BANG-Z20-33893,20
34052,NH - KBGB LOCAL,NAIHATI JN,KOMAGATA MARU BUDGE BUDGE,SUBURBAN,TRETA-NAIH-KOMA-Z25-34052,25
34054,NH -KBGB LOCAL,NAIHATI JN,KOMAGATA MARU BUDGE BUDGE,SUBURBAN,TRETA-NAIH-KOMA-Z25-34054,25
34056,KLYM - KBGB LOCAL,KALYANI SIMANTA,KOMAGATA MARU BUDGE BUDGE,SUBURBAN,TRETA-KALY-KOMA-Z31-34056,31
34062,BNJ - CG LOCAL,BANGAON JN,CANNING,SUBURBAN,TRETA-BANG-CANN-Z41-34062,41
34111,KBGB - SDAH LOCAL,KOMAGATA MARU BUDGE BUDGE,SEALDAH,SUBURBAN,TRETA-KOMA-SEAL-Z10-34111,10
34112,SDAH-KBGB LOCAL,SEALDAH,KOMAGATA MARU BUDGE BUDGE,SUBURBAN,TRETA-SEAL-KOMA-Z10-34112,10
34113,KBGB - SDAH LOCAL,KOMAGATA MARU BUDGE BUDGE,SEALDAH,SUBURBAN,TRETA-KOMA-SEAL-Z11-34113,11
34114,SDAH-KBGB LOCAL,SEALDAH,KOMAGATA MARU BUDGE BUDGE,SUBURBAN,TRETA-SEAL-KOMA-Z11-34114,11
34115,KBGB - SDAH LOCAL,KOMAGATA MARU BUDGE BUDGE,SEALDAH,SUBURBAN,TRETA-KOMA-SEAL-Z11-34115,11
34116,SDAH-KBGB LOCAL,SEALDAH,KOMAGATA MARU BUDGE BUDGE,SUBURBAN,TRETA-SEAL-KOMA-Z11-34116,11
34117,KBGB - SDAH LOCAL,KOMAGATA MARU BUDGE BUDGE,SEALDAH,SUBURBAN,TRETA-KOMA-SEAL-Z11-34117,11
34118,SDAH-KBGB LOCAL,SEALDAH,KOMAGATA MARU BUDGE BUDGE,SUBURBAN,TRETA-SEAL-KOMA-Z11-34118,11
34119,KBGB - SDAH LOCAL,KOMAGATA MARU BUDGE BUDGE,SEALDAH,SUBURBAN,TRETA-KOMA-SEAL-Z11-34119,11
34120,SDAH-KBGB LOCAL,SEALDAH,KOMAGATA MARU BUDGE BUDGE,SUBURBAN,TRETA-SEAL-KOMA-Z11-34120,11
34121,KBGB - SDAH LOCAL,KOMAGATA MARU BUDGE BUDGE,SEALDAH,SUBURBAN,TRETA-KOMA-SEAL-Z11-34121,11
34122,SDAH-KBGB LOCAL,SEALDAH,KOMAGATA MARU BUDGE BUDGE,SUBURBAN,TRETA-SEAL-KOMA-Z10-34122,10
34123,KBGB - SDAH LOCAL,KOMAGATA MARU BUDGE BUDGE,SEALDAH,SUBURBAN,TRETA-KOMA-SEAL-Z11-34123,11
34124,SDAH-KBGB LOCAL,SEALDAH,KOMAGATA MARU BUDGE BUDGE,SUBURBAN,TRETA-SEAL-KOMA-Z11-34124,11
34125,KBGB - SDAH LOCAL,KOMAGATA MARU BUDGE BUDGE,SEALDAH,SUBURBAN,TRETA-KOMA-SEAL-Z11-34125,11
34126,SDAH-KBGB LOCAL,SEALDAH,KOMAGATA MARU BUDGE BUDGE,SUBURBAN,TRETA-SEAL-KOMA-Z11-34126,11
34127,KBGB - SDAH LOCAL,KOMAGATA MARU BUDGE BUDGE,SEALDAH,SUBURBAN,TRETA-KOMA-SEAL-Z11-34127,11
34128,SDAH-KBGB LOCAL,SEALDAH,KOMAGATA MARU BUDGE BUDGE,SUBURBAN,TRETA-SEAL-KOMA-Z11-34128,11
34129,KBGB - SDAH LOCAL,KOMAGATA MARU BUDGE BUDGE,SEALDAH,SUBURBAN,TRETA-KOMA-SEAL-Z11-34129,11
34130,SDAH-KBGB LOCAL,SEALDAH,KOMAGATA MARU BUDGE BUDGE,SUBURBAN,TRETA-SEAL-KOMA-Z11-34130,11
34132,SDAH-KBGB LOCAL,SEALDAH,KOMAGATA MARU BUDGE BUDGE,SUBURBAN,TRETA-SEAL-KOMA-Z11-34132,11
34133,KBGB - SDAH LOCAL,KOMAGATA MARU BUDGE BUDGE,SEALDAH,SUBURBAN,TRETA-KOMA-SEAL-Z11-34133,11
34136,SDAH-KBGB LOCAL,SEALDAH,KOMAGATA MARU BUDGE BUDGE,SUBURBAN,TRETA-SEAL-KOMA-Z11-34136,11
34137,KBGB - SDAH LOCAL,KOMAGATA MARU BUDGE BUDGE,SEALDAH,SUBURBAN,TRETA-KOMA-SEAL-Z11-34137,11
34140,SDAH-KBGB LOCAL,SEALDAH,KOMAGATA MARU BUDGE BUDGE,SUBURBAN,TRETA-SEAL-KOMA-Z11-34140,11
34141,KBGB - SDAH LOCAL,KOMAGATA MARU BUDGE BUDGE,SEALDAH,SUBURBAN,TRETA-KOMA-SEAL-Z11-34141,11
34145,KBGB - SDAH LOCAL,KOMAGATA MARU BUDGE BUDGE,SEALDAH,SUBURBAN,TRETA-KOMA-SEAL-Z11-34145,11
34146,SDAH-KBGB LOCAL,SEALDAH,KOMAGATA MARU BUDGE BUDGE,SUBURBAN,TRETA-SEAL-KOMA-Z11-34146,11
34147,KBGB - SDAH LOCAL,KOMAGATA MARU BUDGE BUDGE,SEALDAH,SUBURBAN,TRETA-KOMA-SEAL-Z11-34147,11
34148,SDAH-KBGB LOCAL,SEALDAH,KOMAGATA MARU BUDGE BUDGE,SUBURBAN,TRETA-SEAL-KOMA-Z11-34148,11
34149,KBGB - SDAH LOCAL,KOMAGATA MARU BUDGE BUDGE,SEALDAH,SUBURBAN,TRETA-KOMA-SEAL-Z11-34149,11
34150,SDAH-KBGB LOCAL,SEALDAH,KOMAGATA MARU BUDGE BUDGE,SUBURBAN,TRETA-SEAL-KOMA-Z11-34150,11
34151,KBGB - SDAH LOCAL,KOMAGATA MARU BUDGE BUDGE,SEALDAH,SUBURBAN,TRETA-KOMA-SEAL-Z11-34151,11
34152,SDAH-KBGB LOCAL,SEALDAH,KOMAGATA MARU BUDGE BUDGE,SUBURBAN,TRETA-SEAL-KOMA-Z11-34152,11
34153,KBGB - SDAH LOCAL,KOMAGATA MARU BUDGE BUDGE,SEALDAH,SUBURBAN,TRETA-KOMA-SEAL-Z11-34153,11
34154,SDAH-KBGB LOCAL,SEALDAH,KOMAGATA MARU BUDGE BUDGE,SUBURBAN,TRETA-SEAL-KOMA-Z11-34154,11
34155,KBGB - SDAH LOCAL,KOMAGATA MARU BUDGE BUDGE,SEALDAH,SUBURBAN,TRETA-KOMA-SEAL-Z11-34155,11
34156,SDAH-KBGB LOCAL,SEALDAH,KOMAGATA MARU BUDGE BUDGE,SUBURBAN,TRETA-SEAL-KOMA-Z11-34156,11
34157,KBGB - SDAH LOCAL,KOMAGATA MARU BUDGE BUDGE,SEALDAH,SUBURBAN,TRETA-KOMA-SEAL-Z11-34157,11
34158,SDAH-KBGB LOCAL,SEALDAH,KOMAGATA MARU BUDGE BUDGE,SUBURBAN,TRETA-SEAL-KOMA-Z11-34158,11
34159,KBGB - SDAH LOCAL,KOMAGATA MARU BUDGE BUDGE,SEALDAH,SUBURBAN,TRETA-KOMA-SEAL-Z11-34159,11
34160,SDAH-KBGB LOCAL,SEALDAH,KOMAGATA MARU BUDGE BUDGE,SUBURBAN,TRETA-SEAL-KOMA-Z11-34160,11
34161,KBGB - SDAH LOCAL,KOMAGATA MARU BUDGE BUDGE,SEALDAH,SUBURBAN,TRETA-KOMA-SEAL-Z11-34161,11
34162,SDAH-KBGB LOCAL,SEALDAH,KOMAGATA MARU BUDGE BUDGE,SUBURBAN,TRETA-SEAL-KOMA-Z11-34162,11
34163,KBGB - SDAH LOCAL,KOMAGATA MARU BUDGE BUDGE,SEALDAH,SUBURBAN,TRETA-KOMA-SEAL-Z10-34163,10
34164,SDAH-KBGB LOCAL,SEALDAH,KOMAGATA MARU BUDGE BUDGE,SUBURBAN,TRETA-SEAL-KOMA-Z11-34164,11
34167,KGBG - SDAH LOCAL,KOMAGATA MARU BUDGE BUDGE,SEALDAH,SUBURBAN,TRETA-KOMA-SEAL-Z11-34167,11
34168,SDAH - KBGB  LOCAL,SEALDAH,KOMAGATA MARU BUDGE BUDGE,SUBURBAN,TRETA-SEAL-KOMA-Z11-34168,11
34311,LKPR - SPR LOCAL,LAKSHMIKANTPUR,SONARPUR JN.,SUBURBAN,TRETA-LAKS-SONA-Z14-34311,14
34312,SPR - BRP LOCAL,SONARPUR JN.,BARUIPUR JN.,SUBURBAN,TRETA-SONA-BARU-Z03-34312,3
34313,BRP - SPR LOCAL,BARUIPUR JN.,SONARPUR JN.,SUBURBAN,TRETA-BARU-SONA-Z03-34313,3
34331,LAKHIKANTAPUR BARUIPUR LO,LAKSHMIKANTPUR,BARUIPUR JN.,SUBURBAN,TRETA-LAKS-BARU-Z12-34331,12
34332,BRP-LKPR LOCAL,BARUIPUR JN.,LAKSHMIKANTPUR,SUBURBAN,TRETA-BARU-LAKS-Z12-34332,12
34333,LKPR - SPR LOCAL,LAKSHMIKANTPUR,SONARPUR JN.,SUBURBAN,TRETA-LAKS-SONA-Z15-34333,15
34334,BRP - LKPR LOCAL,BARUIPUR JN.,LAKSHMIKANTPUR,SUBURBAN,TRETA-BARU-LAKS-Z12-34334,12
34336,BLN- SPR LOCAL,BALLYGUNGE JN.,SONARPUR JN.,SUBURBAN,TRETA-BALL-SONA-Z07-34336,7
34338,BLN- SPR LOCAL,BALLYGUNGE JN.,SONARPUR JN.,SUBURBAN,TRETA-BALL-SONA-Z07-34338,7
34352,SPR - CG LOCAL,SONARPUR JN.,CANNING,SUBURBAN,TRETA-SONA-CANN-Z09-34352,9
34353,CG - SPR LOCAL,CANNING,SONARPUR JN.,SUBURBAN,TRETA-CANN-SONA-Z08-34353,8
34354,SPR - CG LOCAL,SONARPUR JN.,CANNING,SUBURBAN,TRETA-SONA-CANN-Z08-34354,8
34355,CG- SPR  LOCAL,CANNING,SONARPUR JN.,SUBURBAN,TRETA-CANN-SONA-Z07-34355,7
34356,SPR - CG LOCAL,SONARPUR JN.,CANNING,SUBURBAN,TRETA-SONA-CANN-Z08-34356,8
34357,CG - SPR LOCAL,CANNING,SONARPUR JN.,SUBURBAN,TRETA-CANN-SONA-Z09-34357,9
34359,CG - SPR LOCAL,CANNING,SONARPUR JN.,SUBURBAN,TRETA-CANN-SONA-Z09-34359,9
34360,SPR-CG LOCAL,SONARPUR JN.,CANNING,SUBURBAN,TRETA-SONA-CANN-Z09-34360,9
34362,SPR CG - LOCAL,SONARPUR JN.,CANNING,SUBURBAN,TRETA-SONA-CANN-Z09-34362,9
34371,CG - BLN  LOCAL,CANNING,BALLYGUNGE JN.,SUBURBAN,TRETA-CANN-BALL-Z16-34371,16
34391,CG - SPR LOCAL,CANNING,SONARPUR JN.,SUBURBAN,TRETA-CANN-SONA-Z10-34391,10
34392,SPR CHT- LOCAL,SONARPUR JN.,CHAMPAHATI,SUBURBAN,TRETA-SONA-CHAM-Z03-34392,3
34411,SPR - SDAH LOCAL,SONARPUR JN.,SEALDAH,SUBURBAN,TRETA-SONA-SEAL-Z08-34411,8
34412,SDAH- SPR LOCAL,SEALDAH,SONARPUR JN.,SUBURBAN,TRETA-SEAL-SONA-Z08-34412,8
34413,SPR - SDAH LOCAL,SONARPUR JN.,SEALDAH,SUBURBAN,TRETA-SONA-SEAL-Z09-34413,9
34414,SDAH- SPR LOCAL,SEALDAH,SONARPUR JN.,SUBURBAN,TRETA-SEAL-SONA-Z09-34414,9
34415,SPR - SDAH LOCAL,SONARPUR JN.,SEALDAH,SUBURBAN,TRETA-SONA-SEAL-Z09-34415,9
34416,SDAH- SPR LOCAL,SEALDAH,SONARPUR JN.,SUBURBAN,TRETA-SEAL-SONA-Z09-34416,9
34417,SPR - SDAH LOCAL,SONARPUR JN.,SEALDAH,SUBURBAN,TRETA-SONA-SEAL-Z09-34417,9
34418,SDAH- SPR LOCAL,SEALDAH,SONARPUR JN.,SUBURBAN,TRETA-SEAL-SONA-Z09-34418,9
34419,SPR - SDAH LOCAL,SONARPUR JN.,SEALDAH,SUBURBAN,TRETA-SONA-SEAL-Z09-34419,9
34420,SDAH- CG LOCAL,SEALDAH,CANNING,SUBURBAN,TRETA-SEAL-CANN-Z18-34420,18
34423,SPR - SDAH LOCAL,SONARPUR JN.,SEALDAH,SUBURBAN,TRETA-SONA-SEAL-Z09-34423,9
34424,SDAH- SPR LOCAL,SEALDAH,SONARPUR JN.,SUBURBAN,TRETA-SEAL-SONA-Z09-34424,9
34425,SPR - SDAH LOCAL,SONARPUR JN.,SEALDAH,SUBURBAN,TRETA-SONA-SEAL-Z09-34425,9
34426,SDAH- SPR LOCAL,SEALDAH,SONARPUR JN.,SUBURBAN,TRETA-SEAL-SONA-Z09-34426,9
34427,SPR - SDAH LOCAL,SONARPUR JN.,SEALDAH,SUBURBAN,TRETA-SONA-SEAL-Z09-34427,9
34428,SDAH- SPR LOCAL,SEALDAH,SONARPUR JN.,SUBURBAN,TRETA-SEAL-SONA-Z09-34428,9
34429,SPR - SDAH LOCAL,SONARPUR JN.,SEALDAH,SUBURBAN,TRETA-SONA-SEAL-Z09-34429,9
34431,SPR-SDAH LOCAL,SONARPUR JN.,SEALDAH,SUBURBAN,TRETA-SONA-SEAL-Z09-34431,9
34432,SDAH- SPR LOCAL,SEALDAH,SONARPUR JN.,SUBURBAN,TRETA-SEAL-SONA-Z09-34432,9
34434,SDAH-SPR LOCAL,SEALDAH,SONARPUR JN.,SUBURBAN,TRETA-SEAL-SONA-Z09-34434,9
34436,SDAH-SPR LOCAL,SEALDAH,SONARPUR JN.,SUBURBAN,TRETA-SEAL-SONA-Z09-34436,9
34438,SDAH SPR LOCAL,SEALDAH,SONARPUR JN.,SUBURBAN,TRETA-SEAL-SONA-Z09-34438,9
34440,SDAH-SPR LOCAL,SEALDAH,SONARPUR JN.,SUBURBAN,TRETA-SEAL-SONA-Z09-34440,9
34501,CG - SDAH  LOCAL,CANNING,SEALDAH,SUBURBAN,TRETA-CANN-SEAL-Z18-34501,18
34502,SDAH - CG LOCAL,SEALDAH,CANNING,SUBURBAN,TRETA-SEAL-CANN-Z18-34502,18
34511,CG - SDAH  LOCAL,CANNING,SEALDAH,SUBURBAN,TRETA-CANN-SEAL-Z17-34511,17
34512,SDAH - CG LOCAL,SEALDAH,CANNING,SUBURBAN,TRETA-SEAL-CANN-Z16-34512,16
34513,CG - SDAH  LOCAL,CANNING,SEALDAH,SUBURBAN,TRETA-CANN-SEAL-Z17-34513,17
34514,SDAH - CG LOCAL,SEALDAH,CANNING,SUBURBAN,TRETA-SEAL-CANN-Z18-34514,18
34515,CG - SDAH  LOCAL,CANNING,SEALDAH,SUBURBAN,TRETA-CANN-SEAL-Z18-34515,18
34516,SDAH - CG LOCAL,SEALDAH,CANNING,SUBURBAN,TRETA-SEAL-CANN-Z17-34516,17
34517,CG - SDAH  LOCAL,CANNING,SEALDAH,SUBURBAN,TRETA-CANN-SEAL-Z19-34517,19
34518,SDAH - CG LOCAL,SEALDAH,CANNING,SUBURBAN,TRETA-SEAL-CANN-Z18-34518,18
34519,CG - SDAH  LOCAL,CANNING,SEALDAH,SUBURBAN,TRETA-CANN-SEAL-Z18-34519,18
34520,SDAH - CG LOCAL,SEALDAH,CANNING,SUBURBAN,TRETA-SEAL-CANN-Z19-34520,19
34521,CG - SDAH  LOCAL,CANNING,SEALDAH,SUBURBAN,TRETA-CANN-SEAL-Z19-34521,19
34522,SDAH - CG LOCAL,SEALDAH,CANNING,SUBURBAN,TRETA-SEAL-CANN-Z18-34522,18
34523,CG - SDAH  LOCAL,CANNING,SEALDAH,SUBURBAN,TRETA-CANN-SEAL-Z19-34523,19
34524,SDAH - CG LOCAL,SEALDAH,CANNING,SUBURBAN,TRETA-SEAL-CANN-Z18-34524,18
34525,CG - SDAH  LOCAL,CANNING,SEALDAH,SUBURBAN,TRETA-CANN-SEAL-Z19-34525,19
34526,SDAH - CG LOCAL,SEALDAH,CANNING,SUBURBAN,TRETA-SEAL-CANN-Z18-34526,18
34527,CG - SDAH  LOCAL,CANNING,SEALDAH,SUBURBAN,TRETA-CANN-SEAL-Z19-34527,19
34528,SDAH - CG LOCAL,SEALDAH,CANNING,SUBURBAN,TRETA-SEAL-CANN-Z18-34528,18
34529,CG - SDAH  LOCAL,CANNING,SEALDAH,SUBURBAN,TRETA-CANN-SEAL-Z18-34529,18
34530,SDAH - CG LOCAL,SEALDAH,CANNING,SUBURBAN,TRETA-SEAL-CANN-Z18-34530,18
34531,CG - SDAH  LOCAL,CANNING,SEALDAH,SUBURBAN,TRETA-CANN-SEAL-Z18-34531,18
34532,SDAH - CG LOCAL,SEALDAH,CANNING,SUBURBAN,TRETA-SEAL-CANN-Z18-34532,18
34533,CG - SDAH  LOCAL,CANNING,SEALDAH,SUBURBAN,TRETA-CANN-SEAL-Z18-34533,18
34534,SDAH - CG LOCAL,SEALDAH,CANNING,SUBURBAN,TRETA-SEAL-CANN-Z19-34534,19
34535,CG - SDAH  LOCAL,CANNING,SEALDAH,SUBURBAN,TRETA-CANN-SEAL-Z18-34535,18
34536,SDAH - CG LOCAL,SEALDAH,CANNING,SUBURBAN,TRETA-SEAL-CANN-Z19-34536,19
34537,CG - SDAH  LOCAL,CANNING,SEALDAH,SUBURBAN,TRETA-CANN-SEAL-Z17-34537,17
34538,SDAH - CG LOCAL,SEALDAH,CANNING,SUBURBAN,TRETA-SEAL-CANN-Z19-34538,19
34539,CG - SDAH  LOCAL,CANNING,SEALDAH,SUBURBAN,TRETA-CANN-SEAL-Z18-34539,18
34540,SDAH - CG LOCAL,SEALDAH,CANNING,SUBURBAN,TRETA-SEAL-CANN-Z18-34540,18
34541,CG - SDAH  LOCAL,CANNING,SEALDAH,SUBURBAN,TRETA-CANN-SEAL-Z18-34541,18
34542,SDAH - CG LOCAL,SEALDAH,CANNING,SUBURBAN,TRETA-SEAL-CANN-Z18-34542,18
34543,CG - SDAH  LOCAL,CANNING,SEALDAH,SUBURBAN,TRETA-CANN-SEAL-Z18-34543,18
34544,SDAH - CG LOCAL,SEALDAH,CANNING,SUBURBAN,TRETA-SEAL-CANN-Z18-34544,18
34545,CG - SDAH  LOCAL,CANNING,SEALDAH,SUBURBAN,TRETA-CANN-SEAL-Z18-34545,18
34546,SDAH - CG LOCAL,SEALDAH,CANNING,SUBURBAN,TRETA-SEAL-CANN-Z18-34546,18
34547,CG - SDAH  LOCAL,CANNING,SEALDAH,SUBURBAN,TRETA-CANN-SEAL-Z18-34547,18
34548,SDAH - CG LOCAL,SEALDAH,CANNING,SUBURBAN,TRETA-SEAL-CANN-Z19-34548,19
34549,CG - SDAH  LOCAL,CANNING,SEALDAH,SUBURBAN,TRETA-CANN-SEAL-Z19-34549,19
34550,SDAH - CG LOCAL,SEALDAH,CANNING,SUBURBAN,TRETA-SEAL-CANN-Z18-34550,18
34551,CG - SDAH  LOCAL,CANNING,SEALDAH,SUBURBAN,TRETA-CANN-SEAL-Z18-34551,18
34552,SDAH - CG LOCAL,SEALDAH,CANNING,SUBURBAN,TRETA-SEAL-CANN-Z18-34552,18
34553,CG - SDAH  LOCAL,CANNING,SEALDAH,SUBURBAN,TRETA-CANN-SEAL-Z18-34553,18
34554,SDAH-CG LOCAL,SEALDAH,CANNING,SUBURBAN,TRETA-SEAL-CANN-Z18-34554,18
34555,CG - SDAH  LOCAL,CANNING,SEALDAH,SUBURBAN,TRETA-CANN-SEAL-Z17-34555,17
34556,SDAH - CG LOCAL,SEALDAH,CANNING,SUBURBAN,TRETA-SEAL-CANN-Z18-34556,18
34557,CG-SDAH LOCAL,CANNING,SEALDAH,SUBURBAN,TRETA-CANN-SEAL-Z18-34557,18
34601,BRP - SDAH LOCAL,BARUIPUR JN.,SEALDAH,SUBURBAN,TRETA-BARU-SEAL-Z12-34601,12
34602,SDAH - BRP LOCAL,SEALDAH,BARUIPUR JN.,SUBURBAN,TRETA-SEAL-BARU-Z12-34602,12
34611,BRP - SDAH LOCAL,BARUIPUR JN.,SEALDAH,SUBURBAN,TRETA-BARU-SEAL-Z25-34611,25
34612,SDAH - BRP LOCAL,SEALDAH,BARUIPUR JN.,SUBURBAN,TRETA-SEAL-BARU-Z21-34612,21
34613,BRP - SDAH LOCAL,BARUIPUR JN.,SEALDAH,SUBURBAN,TRETA-BARU-SEAL-Z25-34613,25
34614,SDAH - BRP LOCAL,SEALDAH,BARUIPUR JN.,SUBURBAN,TRETA-SEAL-BARU-Z11-34614,11
34615,BRP - SDAH LOCAL,BARUIPUR JN.,SEALDAH,SUBURBAN,TRETA-BARU-SEAL-Z25-34615,25
34616,SDAH - BRP LOCAL,SEALDAH,BARUIPUR JN.,SUBURBAN,TRETA-SEAL-BARU-Z25-34616,25
34617,BRP - SDAH LOCAL,BARUIPUR JN.,SEALDAH,SUBURBAN,TRETA-BARU-SEAL-Z12-34617,12
34618,SDAH - BRP LOCAL,SEALDAH,BARUIPUR JN.,SUBURBAN,TRETA-SEAL-BARU-Z11-34618,11
34619,BRP - SDAH LOCAL,BARUIPUR JN.,SEALDAH,SUBURBAN,TRETA-BARU-SEAL-Z12-34619,12
34620,SDAH - BRP LOCAL,SEALDAH,BARUIPUR JN.,SUBURBAN,TRETA-SEAL-BARU-Z11-34620,11
34621,BRP - SDAH LOCAL,BARUIPUR JN.,SEALDAH,SUBURBAN,TRETA-BARU-SEAL-Z12-34621,12
34622,SDAH - BRP LOCAL,SEALDAH,BARUIPUR JN.,SUBURBAN,TRETA-SEAL-BARU-Z12-34622,12
34623,BRP - SDAH LOCAL,BARUIPUR JN.,SEALDAH,SUBURBAN,TRETA-BARU-SEAL-Z12-34623,12
34624,SDAH - BRP LOCAL,SEALDAH,BARUIPUR JN.,SUBURBAN,TRETA-SEAL-BARU-Z12-34624,12
34625,BRP - SDAH LOCAL,BARUIPUR JN.,SEALDAH,SUBURBAN,TRETA-BARU-SEAL-Z12-34625,12
34626,SDAH - BRP LOCAL,SEALDAH,BARUIPUR JN.,SUBURBAN,TRETA-SEAL-BARU-Z11-34626,11
34627,BRP - SDAH LOCAL,BARUIPUR JN.,SEALDAH,SUBURBAN,TRETA-BARU-SEAL-Z12-34627,12
34628,SDAH - BRP LOCAL,SEALDAH,BARUIPUR JN.,SUBURBAN,TRETA-SEAL-BARU-Z12-34628,12
34629,BRP - SDAH LOCAL,BARUIPUR JN.,SEALDAH,SUBURBAN,TRETA-BARU-SEAL-Z12-34629,12
34632,SDAH - BRP LOCAL,SEALDAH,BARUIPUR JN.,SUBURBAN,TRETA-SEAL-BARU-Z12-34632,12
34633,BRP - SDAH LOCAL,BARUIPUR JN.,SEALDAH,SUBURBAN,TRETA-BARU-SEAL-Z12-34633,12
34636,SDAH - BRP LOCAL,SEALDAH,BARUIPUR JN.,SUBURBAN,TRETA-SEAL-BARU-Z12-34636,12
34637,BRP - SDAH LOCAL,BARUIPUR JN.,SEALDAH,SUBURBAN,TRETA-BARU-SEAL-Z12-34637,12
34638,SDAH - BRP LOCAL,SEALDAH,BARUIPUR JN.,SUBURBAN,TRETA-SEAL-BARU-Z12-34638,12
34639,BRP - SDAH LOCAL,BARUIPUR JN.,SEALDAH,SUBURBAN,TRETA-BARU-SEAL-Z12-34639,12
34640,SDAH - BRP LOCAL,SEALDAH,BARUIPUR JN.,SUBURBAN,TRETA-SEAL-BARU-Z12-34640,12
34641,BRP - SDAH LOCAL,BARUIPUR JN.,SEALDAH,SUBURBAN,TRETA-BARU-SEAL-Z12-34641,12
34642,SDAH - BRP LOCAL,SEALDAH,BARUIPUR JN.,SUBURBAN,TRETA-SEAL-BARU-Z12-34642,12
34643,BRP - SDAH LOCAL,BARUIPUR JN.,SEALDAH,SUBURBAN,TRETA-BARU-SEAL-Z12-34643,12
34644,SDAH - BRP LOCAL,SEALDAH,BARUIPUR JN.,SUBURBAN,TRETA-SEAL-BARU-Z12-34644,12
34645,BRP - SDAH LOCAL,BARUIPUR JN.,SEALDAH,SUBURBAN,TRETA-BARU-SEAL-Z12-34645,12
34646,SDAH - LKPR LOCAL,SEALDAH,LAKSHMIKANTPUR,SUBURBAN,TRETA-SEAL-LAKS-Z23-34646,23
34647,BRP - SDAH LOCAL,BARUIPUR JN.,SEALDAH,SUBURBAN,TRETA-BARU-SEAL-Z12-34647,12
34648,SDAH - BRP LOCAL,SEALDAH,BARUIPUR JN.,SUBURBAN,TRETA-SEAL-BARU-Z12-34648,12
34649,BRP SDAH LOCAL,BARUIPUR JN.,SEALDAH,SUBURBAN,TRETA-BARU-SEAL-Z12-34649,12
34650,SDAH BRP LOCALL,SEALDAH,BARUIPUR JN.,SUBURBAN,TRETA-SEAL-BARU-Z12-34650,12
34651,BRP - SDAH LOCAL,BARUIPUR JN.,SEALDAH,SUBURBAN,TRETA-BARU-SEAL-Z12-34651,12
34652,SDAH BRP LOCAL,SEALDAH,BARUIPUR JN.,SUBURBAN,TRETA-SEAL-BARU-Z12-34652,12
34711,LKPR - SDAH LOCAL,LAKSHMIKANTPUR,SEALDAH,SUBURBAN,TRETA-LAKS-SEAL-Z20-34711,20
34712,SDAH-LKPR LOCAL,SEALDAH,LAKSHMIKANTPUR,SUBURBAN,TRETA-SEAL-LAKS-Z20-34712,20
34713,LKPR - SDAH LOCAL,LAKSHMIKANTPUR,SEALDAH,SUBURBAN,TRETA-LAKS-SEAL-Z21-34713,21
34714,SDAH-LKPR LOCAL,SEALDAH,LAKSHMIKANTPUR,SUBURBAN,TRETA-SEAL-LAKS-Z20-34714,20
34715,LKPR - SDAH LOCAL,LAKSHMIKANTPUR,SEALDAH,SUBURBAN,TRETA-LAKS-SEAL-Z23-34715,23
34716,SDAH-LKPR LOCAL,SEALDAH,LAKSHMIKANTPUR,SUBURBAN,TRETA-SEAL-LAKS-Z22-34716,22
34717,LKPR - SDAH LOCAL,LAKSHMIKANTPUR,SEALDAH,SUBURBAN,TRETA-LAKS-SEAL-Z22-34717,22
34718,SDAH-LKPR LOCAL,SEALDAH,LAKSHMIKANTPUR,SUBURBAN,TRETA-SEAL-LAKS-Z23-34718,23
34719,LKPR - SDAH LOCAL,LAKSHMIKANTPUR,SEALDAH,SUBURBAN,TRETA-LAKS-SEAL-Z23-34719,23
34720,SDAH-LKPR LOCAL,SEALDAH,LAKSHMIKANTPUR,SUBURBAN,TRETA-SEAL-LAKS-Z24-34720,24
34721,LKPR - SDAH LOCAL,LAKSHMIKANTPUR,SEALDAH,SUBURBAN,TRETA-LAKS-SEAL-Z24-34721,24
34722,SDAH-LKPR LOCAL,SEALDAH,LAKSHMIKANTPUR,SUBURBAN,TRETA-SEAL-LAKS-Z24-34722,24
34723,LKPR - SDAH LOCAL,LAKSHMIKANTPUR,SEALDAH,SUBURBAN,TRETA-LAKS-SEAL-Z24-34723,24
34724,SDAH-LKPR LOCAL,SEALDAH,LAKSHMIKANTPUR,SUBURBAN,TRETA-SEAL-LAKS-Z24-34724,24
34725,LKPR - SDAH LOCAL,LAKSHMIKANTPUR,SEALDAH,SUBURBAN,TRETA-LAKS-SEAL-Z23-34725,23
34726,SDAH-LKPR LOCAL,SEALDAH,LAKSHMIKANTPUR,SUBURBAN,TRETA-SEAL-LAKS-Z24-34726,24
34727,LKPR - SDAH LOCAL,LAKSHMIKANTPUR,SEALDAH,SUBURBAN,TRETA-LAKS-SEAL-Z24-34727,24
34728,SDAH-LKPR LOCAL,SEALDAH,LAKSHMIKANTPUR,SUBURBAN,TRETA-SEAL-LAKS-Z23-34728,23
34729,LKPR - SDAH LOCAL,LAKSHMIKANTPUR,SEALDAH,SUBURBAN,TRETA-LAKS-SEAL-Z24-34729,24
34730,SDAH-LKPR LOCAL,SEALDAH,LAKSHMIKANTPUR,SUBURBAN,TRETA-SEAL-LAKS-Z24-34730,24
34731,LKPR - SDAH LOCAL,LAKSHMIKANTPUR,SEALDAH,SUBURBAN,TRETA-LAKS-SEAL-Z24-34731,24
34732,SDAH-LKPR LOCAL,SEALDAH,LAKSHMIKANTPUR,SUBURBAN,TRETA-SEAL-LAKS-Z24-34732,24
34733,LKPR - SDAH LOCAL,LAKSHMIKANTPUR,SEALDAH,SUBURBAN,TRETA-LAKS-SEAL-Z21-34733,21
34734,SDAH-LKPR LOCAL,SEALDAH,LAKSHMIKANTPUR,SUBURBAN,TRETA-SEAL-LAKS-Z24-34734,24
34735,LKPR - SDAH LOCAL,LAKSHMIKANTPUR,SEALDAH,SUBURBAN,TRETA-LAKS-SEAL-Z23-34735,23
34736,SDAH-LKPR LOCAL,SEALDAH,LAKSHMIKANTPUR,SUBURBAN,TRETA-SEAL-LAKS-Z24-34736,24
34737,LKPR - SDAH LOCAL,LAKSHMIKANTPUR,SEALDAH,SUBURBAN,TRETA-LAKS-SEAL-Z24-34737,24
34738,SDAH-LKPR LOCAL,SEALDAH,LAKSHMIKANTPUR,SUBURBAN,TRETA-SEAL-LAKS-Z24-34738,24
34739,LKPR - SDAH LOCAL,LAKSHMIKANTPUR,SEALDAH,SUBURBAN,TRETA-LAKS-SEAL-Z23-34739,23
34740,SDAH-LKPR LOCAL,SEALDAH,LAKSHMIKANTPUR,SUBURBAN,TRETA-SEAL-LAKS-Z24-34740,24
34741,LKPR - SDAH LOCAL,LAKSHMIKANTPUR,SEALDAH,SUBURBAN,TRETA-LAKS-SEAL-Z24-34741,24
34742,SDAH-LKPR LOCAL,SEALDAH,LAKSHMIKANTPUR,SUBURBAN,TRETA-SEAL-LAKS-Z24-34742,24
34743,LKPR - SDAH LOCAL,LAKSHMIKANTPUR,SEALDAH,SUBURBAN,TRETA-LAKS-SEAL-Z24-34743,24
34744,SDAH-LKPR LOCAL,SEALDAH,LAKSHMIKANTPUR,SUBURBAN,TRETA-SEAL-LAKS-Z24-34744,24
34745,LKPR - SDAH LOCAL,LAKSHMIKANTPUR,SEALDAH,SUBURBAN,TRETA-LAKS-SEAL-Z24-34745,24
34746,SDAH-LKPR LOCAL,SEALDAH,LAKSHMIKANTPUR,SUBURBAN,TRETA-SEAL-LAKS-Z24-34746,24
34747,LKPR - SDAH LOCAL,LAKSHMIKANTPUR,SEALDAH,SUBURBAN,TRETA-LAKS-SEAL-Z23-34747,23
34748,SDAH-LKPR LOCAL,SEALDAH,LAKSHMIKANTPUR,SUBURBAN,TRETA-SEAL-LAKS-Z23-34748,23
34749,LKPR - SDAH LOCAL,LAKSHMIKANTPUR,SEALDAH,SUBURBAN,TRETA-LAKS-SEAL-Z24-34749,24
34750,SDAH-LKPR LOCAL,SEALDAH,LAKSHMIKANTPUR,SUBURBAN,TRETA-SEAL-LAKS-Z23-34750,23
34751,LKPR - SDAH LOCAL,LAKSHMIKANTPUR,SEALDAH,SUBURBAN,TRETA-LAKS-SEAL-Z23-34751,23
34752,SDAH-LKPR LOCAL,SEALDAH,LAKSHMIKANTPUR,SUBURBAN,TRETA-SEAL-LAKS-Z23-34752,23
34753,LKPR - SDAH LOCAL,LAKSHMIKANTPUR,SEALDAH,SUBURBAN,TRETA-LAKS-SEAL-Z23-34753,23
34754,SDAH-LKPR LOCAL,SEALDAH,LAKSHMIKANTPUR,SUBURBAN,TRETA-SEAL-LAKS-Z23-34754,23
34755,LKPR - SDAH LOCAL,LAKSHMIKANTPUR,SEALDAH,SUBURBAN,TRETA-LAKS-SEAL-Z22-34755,22
34756,SDAH - LKPR LOCAL,SEALDAH,LAKSHMIKANTPUR,SUBURBAN,TRETA-SEAL-LAKS-Z24-34756,24
34757,LKPR - SDAH LOCAL,LAKSHMIKANTPUR,SEALDAH,SUBURBAN,TRETA-LAKS-SEAL-Z22-34757,22
34782,SDAH - KAKDWIP LOCAL,SEALDAH,KWAKDWIP,SUBURBAN,TRETA-SEAL-KWAK-Z31-34782,31
34791,NMKA - SDAH LOCAL,NAMKHANA,SEALDAH,SUBURBAN,TRETA-NAMK-SEAL-Z25-34791,25
34792,SDAH - NMKA LOCAL,SEALDAH,NAMKHANA,SUBURBAN,TRETA-SEAL-NAMK-Z33-34792,33
34793,NMKA-SDAH LOCAL,NAMKHANA,SEALDAH,SUBURBAN,TRETA-NAMK-SEAL-Z34-34793,34
34794,SDAH-NAMKHANA LOCAL,SEALDAH,NAMKHANA,SUBURBAN,TRETA-SEAL-NAMK-Z25-34794,25
34795,NMKA-SDAH LOCAL,NAMKHANA,SEALDAH,SUBURBAN,TRETA-NAMK-SEAL-Z33-34795,33
34796,SPR - NMKA LOCAL,SONARPUR JN.,NAMKHANA,SUBURBAN,TRETA-SONA-NAMK-Z25-34796,25
34811,DH - SDAH LOCAL,DIAMOND HARBOUR,SEALDAH,SUBURBAN,TRETA-DIAM-SEAL-Z20-34811,20
34812,SDAH-DH LOCAL,SEALDAH,DIAMOND HARBOUR,SUBURBAN,TRETA-SEAL-DIAM-Z15-34812,15
34813,DH - SDAH LOCAL,DIAMOND HARBOUR,SEALDAH,SUBURBAN,TRETA-DIAM-SEAL-Z24-34813,24
34814,SDAH-DH LOCAL,SEALDAH,DIAMOND HARBOUR,SUBURBAN,TRETA-SEAL-DIAM-Z24-34814,24
34815,DH - SDAH LOCAL,DIAMOND HARBOUR,SEALDAH,SUBURBAN,TRETA-DIAM-SEAL-Z23-34815,23
34816,SDAH-DH LOCAL,SEALDAH,DIAMOND HARBOUR,SUBURBAN,TRETA-SEAL-DIAM-Z22-34816,22
34817,DH - SDAH LOCAL,DIAMOND HARBOUR,SEALDAH,SUBURBAN,TRETA-DIAM-SEAL-Z24-34817,24
34818,SDAH-DH LOCAL,SEALDAH,DIAMOND HARBOUR,SUBURBAN,TRETA-SEAL-DIAM-Z25-34818,25
34819,DH - SDAH LOCAL,DIAMOND HARBOUR,SEALDAH,SUBURBAN,TRETA-DIAM-SEAL-Z25-34819,25
34820,SDAH-DH LOCAL,SEALDAH,DIAMOND HARBOUR,SUBURBAN,TRETA-SEAL-DIAM-Z25-34820,25
34821,DH - SDAH LOCAL,DIAMOND HARBOUR,SEALDAH,SUBURBAN,TRETA-DIAM-SEAL-Z25-34821,25
34822,SDAH-DH LOCAL,SEALDAH,DIAMOND HARBOUR,SUBURBAN,TRETA-SEAL-DIAM-Z17-34822,17
34823,DH - SDAH LOCAL,DIAMOND HARBOUR,SEALDAH,SUBURBAN,TRETA-DIAM-SEAL-Z25-34823,25
34824,SDAH-DH LOCAL,SEALDAH,DIAMOND HARBOUR,SUBURBAN,TRETA-SEAL-DIAM-Z25-34824,25
34825,DH - SDAH LOCAL,DIAMOND HARBOUR,SEALDAH,SUBURBAN,TRETA-DIAM-SEAL-Z25-34825,25
34826,SDAH-DH LOCAL,SEALDAH,DIAMOND HARBOUR,SUBURBAN,TRETA-SEAL-DIAM-Z25-34826,25
34827,DH - SDAH LOCAL,DIAMOND HARBOUR,SEALDAH,SUBURBAN,TRETA-DIAM-SEAL-Z25-34827,25
34828,SDAH-DH LOCAL,SEALDAH,DIAMOND HARBOUR,SUBURBAN,TRETA-SEAL-DIAM-Z25-34828,25
34829,DH - SDAH LOCAL,DIAMOND HARBOUR,SEALDAH,SUBURBAN,TRETA-DIAM-SEAL-Z17-34829,17
34830,SDAH-DH LOCAL,SEALDAH,DIAMOND HARBOUR,SUBURBAN,TRETA-SEAL-DIAM-Z25-34830,25
34831,DH - SDAH LOCAL,DIAMOND HARBOUR,SEALDAH,SUBURBAN,TRETA-DIAM-SEAL-Z25-34831,25
34832,SDAH-DH LOCAL,SEALDAH,DIAMOND HARBOUR,SUBURBAN,TRETA-SEAL-DIAM-Z25-34832,25
34833,DH - SDAH LOCAL,DIAMOND HARBOUR,SEALDAH,SUBURBAN,TRETA-DIAM-SEAL-Z24-34833,24
34834,SDAH-DH LOCAL,SEALDAH,DIAMOND HARBOUR,SUBURBAN,TRETA-SEAL-DIAM-Z25-34834,25
34835,DH - SDAH LOCAL,DIAMOND HARBOUR,SEALDAH,SUBURBAN,TRETA-DIAM-SEAL-Z25-34835,25
34836,SDAH-DH LOCAL,SEALDAH,DIAMOND HARBOUR,SUBURBAN,TRETA-SEAL-DIAM-Z25-34836,25
34837,DH - SDAH LOCAL,DIAMOND HARBOUR,SEALDAH,SUBURBAN,TRETA-DIAM-SEAL-Z25-34837,25
34838,SDAH-DH LOCAL,SEALDAH,DIAMOND HARBOUR,SUBURBAN,TRETA-SEAL-DIAM-Z25-34838,25
34839,DH - SDAH LOCAL,DIAMOND HARBOUR,SEALDAH,SUBURBAN,TRETA-DIAM-SEAL-Z25-34839,25
34840,SDAH-DH LOCAL,SEALDAH,DIAMOND HARBOUR,SUBURBAN,TRETA-SEAL-DIAM-Z25-34840,25
34841,DH - SDAH LOCAL,DIAMOND HARBOUR,SEALDAH,SUBURBAN,TRETA-DIAM-SEAL-Z25-34841,25
34842,SDAH-DH LOCAL,SEALDAH,DIAMOND HARBOUR,SUBURBAN,TRETA-SEAL-DIAM-Z25-34842,25
34843,DH - SDAH LOCAL,DIAMOND HARBOUR,SEALDAH,SUBURBAN,TRETA-DIAM-SEAL-Z25-34843,25
34844,SDAH-DH LOCAL,SEALDAH,DIAMOND HARBOUR,SUBURBAN,TRETA-SEAL-DIAM-Z25-34844,25
34845,DH - SDAH LOCAL,DIAMOND HARBOUR,SEALDAH,SUBURBAN,TRETA-DIAM-SEAL-Z25-34845,25
34846,SDAH-DH LOCAL,SEALDAH,DIAMOND HARBOUR,SUBURBAN,TRETA-SEAL-DIAM-Z25-34846,25
34847,DH - SDAH LOCAL,DIAMOND HARBOUR,SEALDAH,SUBURBAN,TRETA-DIAM-SEAL-Z25-34847,25
34848,SDAH-DH LOCAL,SEALDAH,DIAMOND HARBOUR,SUBURBAN,TRETA-SEAL-DIAM-Z25-34848,25
34849,DH - SDAH LOCAL,DIAMOND HARBOUR,SEALDAH,SUBURBAN,TRETA-DIAM-SEAL-Z25-34849,25
34850,SDAH-DH LOCAL,SEALDAH,DIAMOND HARBOUR,SUBURBAN,TRETA-SEAL-DIAM-Z25-34850,25
34851,DH - SDAH LOCAL,DIAMOND HARBOUR,SEALDAH,SUBURBAN,TRETA-DIAM-SEAL-Z24-34851,24
34852,SDAH-DH LOCAL,SEALDAH,DIAMOND HARBOUR,SUBURBAN,TRETA-SEAL-DIAM-Z24-34852,24
34853,DH - SDAH LOCAL,DIAMOND HARBOUR,SEALDAH,SUBURBAN,TRETA-DIAM-SEAL-Z24-34853,24
34854,SDAH-DH LOCAL,SEALDAH,DIAMOND HARBOUR,SUBURBAN,TRETA-SEAL-DIAM-Z25-34854,25
34855,DH - SDAH LOCAL,DIAMOND HARBOUR,SEALDAH,SUBURBAN,TRETA-DIAM-SEAL-Z25-34855,25
34856,SDAH-DH LOCAL,SEALDAH,DIAMOND HARBOUR,SUBURBAN,TRETA-SEAL-DIAM-Z25-34856,25
34857,DH-SDAH LOCAL,DIAMOND HARBOUR,SEALDAH,SUBURBAN,TRETA-DIAM-SEAL-Z24-34857,24
34858,SDAH-DH LOCAL,SEALDAH,DIAMOND HARBOUR,SUBURBAN,TRETA-SEAL-DIAM-Z24-34858,24
34859,DH SDAH LOCAL,DIAMOND HARBOUR,SEALDAH,SUBURBAN,TRETA-DIAM-SEAL-Z23-34859,23
34860,SDAH DH LOCAL,SEALDAH,DIAMOND HARBOUR,SUBURBAN,TRETA-SEAL-DIAM-Z22-34860,22
34861,DH SDAH LOCAL,DIAMOND HARBOUR,SEALDAH,SUBURBAN,TRETA-DIAM-SEAL-Z25-34861,25
34862,SDAH-DH LOCAL,SEALDAH,DIAMOND HARBOUR,SUBURBAN,TRETA-SEAL-DIAM-Z25-34862,25
34863,DH - SDAH LOCAL,DIAMOND HARBOUR,SEALDAH,SUBURBAN,TRETA-DIAM-SEAL-Z24-34863,24
34881,DH SONARPUR LOCAL,DIAMOND HARBOUR,SONARPUR JN.,SUBURBAN,TRETA-DIAM-SONA-Z16-34881,16
34882,SPR DH LOCAL,SONARPUR JN.,DIAMOND HARBOUR,SUBURBAN,TRETA-SONA-DIAM-Z16-34882,16
34883,DH - BLN LOCAL,DIAMOND HARBOUR,BALLYGUNGE JN.,SUBURBAN,TRETA-DIAM-BALL-Z23-34883,23
34884,SPR DH LOCAL,SONARPUR JN.,DIAMOND HARBOUR,SUBURBAN,TRETA-SONA-DIAM-Z16-34884,16
34885,DH SONARPUR LOCAL,DIAMOND HARBOUR,SONARPUR JN.,SUBURBAN,TRETA-DIAM-SONA-Z16-34885,16
34886,SPR DH LOCAL,SONARPUR JN.,DIAMOND HARBOUR,SUBURBAN,TRETA-SONA-DIAM-Z16-34886,16
34888,SPR DH LOCAL,SONARPUR JN.,DIAMOND HARBOUR,SUBURBAN,TRETA-SONA-DIAM-Z16-34888,16
34891,DH BRP LOCAL,DIAMOND HARBOUR,BARUIPUR JN.,SUBURBAN,TRETA-DIAM-BARU-Z13-34891,13
34892,BARUIPUR DH EMU LOCAL,BARUIPUR JN.,DIAMOND HARBOUR,SUBURBAN,TRETA-BARU-DIAM-Z13-34892,13
34898,SDAH-DH LOCAL,SEALDAH,DIAMOND HARBOUR,SUBURBAN,TRETA-SEAL-DIAM-Z24-34898,24
34899,DH - SDAH LOCAL,DIAMOND HARBOUR,SEALDAH,SUBURBAN,TRETA-DIAM-SEAL-Z24-34899,24
34913,NMKA - LKPR LOCAL,NAMKHANA,LAKSHMIKANTPUR,SUBURBAN,TRETA-NAMK-LAKS-Z10-34913,10
34915,NMKA - LKPR LOCAL,NAMKHANA,LAKSHMIKANTPUR,SUBURBAN,TRETA-NAMK-LAKS-Z10-34915,10
34916,LKPR - NMKA LOCAL,LAKSHMIKANTPUR,NAMKHANA,SUBURBAN,TRETA-LAKS-NAMK-Z09-34916,9
34917,NMKA - LKPR LOCAL,NAMKHANA,LAKSHMIKANTPUR,SUBURBAN,TRETA-NAMK-LAKS-Z10-34917,10
34918,LKPR  NMKA LOCAL,LAKSHMIKANTPUR,NAMKHANA,SUBURBAN,TRETA-LAKS-NAMK-Z10-34918,10
34919,NMKA - LKPR LOCAL,NAMKHANA,LAKSHMIKANTPUR,SUBURBAN,TRETA-NAMK-LAKS-Z10-34919,10
34920,LKPR - NMKA LOCAL,LAKSHMIKANTPUR,NAMKHANA,SUBURBAN,TRETA-LAKS-NAMK-Z10-34920,10
34921,NMKA - LKPR LOCAL,NAMKHANA,LAKSHMIKANTPUR,SUBURBAN,TRETA-NAMK-LAKS-Z09-34921,9
34922,LKPR  NMKA LOCAL,LAKSHMIKANTPUR,NAMKHANA,SUBURBAN,TRETA-LAKS-NAMK-Z09-34922,9
34923,NMKA - LKPR LOCAL,NAMKHANA,LAKSHMIKANTPUR,SUBURBAN,TRETA-NAMK-LAKS-Z09-34923,9
34924,LKPR - NMKA LOCAL,LAKSHMIKANTPUR,NAMKHANA,SUBURBAN,TRETA-LAKS-NAMK-Z09-34924,9
34925,NMKA - LKPR LOCAL,NAMKHANA,LAKSHMIKANTPUR,SUBURBAN,TRETA-NAMK-LAKS-Z09-34925,9
34926,LKPR - NMKA LOCAL,LAKSHMIKANTPUR,NAMKHANA,SUBURBAN,TRETA-LAKS-NAMK-Z09-34926,9
34927,NMKA - LKPR LOCAL,NAMKHANA,LAKSHMIKANTPUR,SUBURBAN,TRETA-NAMK-LAKS-Z09-34927,9
34928,LKPR - NMKA LOCAL,LAKSHMIKANTPUR,NAMKHANA,SUBURBAN,TRETA-LAKS-NAMK-Z10-34928,10
34929,NMKA - LKPR LOCAL,NAMKHANA,LAKSHMIKANTPUR,SUBURBAN,TRETA-NAMK-LAKS-Z09-34929,9
34930,LKPR - NMKA LOCAL,LAKSHMIKANTPUR,NAMKHANA,SUBURBAN,TRETA-LAKS-NAMK-Z10-34930,10
34931,NMKA - LKPR LOCAL,NAMKHANA,LAKSHMIKANTPUR,SUBURBAN,TRETA-NAMK-LAKS-Z09-34931,9
34932,LKPR - NMKA LOCAL,LAKSHMIKANTPUR,NAMKHANA,SUBURBAN,TRETA-LAKS-NAMK-Z10-34932,10
34933,NMKA - LKPR LOCAL,NAMKHANA,LAKSHMIKANTPUR,SUBURBAN,TRETA-NAMK-LAKS-Z09-34933,9
34934,LKPR - NMKA LOCAL,LAKSHMIKANTPUR,NAMKHANA,SUBURBAN,TRETA-LAKS-NAMK-Z09-34934,9
34936,LKPR - NMKA LOCAL,LAKSHMIKANTPUR,NAMKHANA,SUBURBAN,TRETA-LAKS-NAMK-Z09-34936,9
34937,NMKA KWDP LOCAL,NAMKHANA,KWAKDWIP,SUBURBAN,TRETA-NAMK-KWAK-Z02-34937,2
34938,KWDP NMKA LOCAL,KWAKDWIP,NAMKHANA,SUBURBAN,TRETA-KWAK-NAMK-Z02-34938,2
34981,KWDP-LKPR LOCAL,KWAKDWIP,LAKSHMIKANTPUR,SUBURBAN,TRETA-KWAK-LAKS-Z07-34981,7
35011,BWN KWAE LOCAL,BARDHAMAN,KATWA,SUBURBAN,TRETA-BARD-KATW-Z15-35011,15
35012,KWAE BWN LOCAL,KATWA,BARDHAMAN,SUBURBAN,TRETA-KATW-BARD-Z15-35012,15
35013,BWN KWAE LOCAL,BARDHAMAN,KATWA,SUBURBAN,TRETA-BARD-KATW-Z15-35013,15
35014,KWAE BWN LOCAL,KATWA,BARDHAMAN,SUBURBAN,TRETA-KATW-BARD-Z15-35014,15
35015,BWN KWAE LOCAL,BARDHAMAN,KATWA,SUBURBAN,TRETA-BARD-KATW-Z15-35015,15
35016,KWAE BWN LOCAL,KATWA,BARDHAMAN,SUBURBAN,TRETA-KATW-BARD-Z15-35016,15
35017,BWN KWAE LOCAL,BARDHAMAN,KATWA,SUBURBAN,TRETA-BARD-KATW-Z15-35017,15
35018,KWAE - BWN LOCAL,KATWA,BARDHAMAN,SUBURBAN,TRETA-KATW-BARD-Z15-35018,15
35019,BWN BGNA LOCAL,BARDHAMAN,KATWA,SUBURBAN,TRETA-BARD-KATW-Z15-35019,15
35020,KWAE BWN LOCAL,KATWA,BARDHAMAN,SUBURBAN,TRETA-KATW-BARD-Z15-35020,15
35021,BWN KWAE LOCAL,BARDHAMAN,KATWA,SUBURBAN,TRETA-BARD-KATW-Z15-35021,15
35022,KWAE BWN LOCAL,KATWA,BARDHAMAN,SUBURBAN,TRETA-KATW-BARD-Z15-35022,15
35023,BWN KWAE EMU LOCAL,BARDHAMAN,KATWA,SUBURBAN,TRETA-BARD-KATW-Z15-35023,15
35024,KWAE BWN EMU LOCAL,KATWA,BARDHAMAN,SUBURBAN,TRETA-KATW-BARD-Z15-35024,15
35041,KWAE AMP EMU PGR,KATWA,AHAMADPUR JN.,SUBURBAN,TRETA-KATW-AHAM-Z13-35041,13
35042,AMP KWAE EMU PGR,AHAMADPUR JN.,KATWA,SUBURBAN,TRETA-AHAM-KATW-Z13-35042,13
35061,KWAE-AZ EMU PGR,KATWA,AZIMGANJ JN,SUBURBAN,TRETA-KATW-AZIM-Z19-35061,19
35062,AZ KWAE EMU PGR,AZIMGANJ JN,KATWA,SUBURBAN,TRETA-AZIM-KATW-Z19-35062,19
36011,HWH-BRPA LOCAL,HOWRAH JN,BARUIPARA,SUBURBAN,TRETA-HOWR-BARU-Z09-36011,9
36012,BRPA-HWH LOCAL,BARUIPARA,HOWRAH JN,SUBURBAN,TRETA-BARU-HOWR-Z09-36012,9
36031,HWH-CDAE LOCAL,HOWRAH JN,CHANDANPUR,SUBURBAN,TRETA-HOWR-CHAN-Z14-36031,14
36032,CDAE-HWH LOCAL,CHANDANPUR,HOWRAH JN,SUBURBAN,TRETA-CHAN-HOWR-Z14-36032,14
36033,HWH-CDAE LOCAL,HOWRAH JN,CHANDANPUR,SUBURBAN,TRETA-HOWR-CHAN-Z14-36033,14
36034,CDAE HWH LOCAL,CHANDANPUR,HOWRAH JN,SUBURBAN,TRETA-CHAN-HOWR-Z14-36034,14
36035,HWH-CDAE LOCAL,HOWRAH JN,CHANDANPUR,SUBURBAN,TRETA-HOWR-CHAN-Z14-36035,14
36036,CDAE-HWH LOCAL,CHANDANPUR,HOWRAH JN,SUBURBAN,TRETA-CHAN-HOWR-Z14-36036,14
36037,HWH-CDAE LOCAL,HOWRAH JN,CHANDANPUR,SUBURBAN,TRETA-HOWR-CHAN-Z14-36037,14
36038,CDAE HWH LOCAL,CHANDANPUR,HOWRAH JN,SUBURBAN,TRETA-CHAN-HOWR-Z14-36038,14
36071,HWH-GRAE LOCAL,HOWRAH JN,GURAP,SUBURBAN,TRETA-HOWR-GURA-Z19-36071,19
36072,HOWRAH-GURAP LOCAL,GURAP,HOWRAH JN,SUBURBAN,TRETA-GURA-HOWR-Z19-36072,19
36081,HWH-MSAE LOCAL,HOWRAH JN,MASAGRAM,SUBURBAN,TRETA-HOWR-MASA-Z23-36081,23
36082,MSAE-HWH LOCAL,MASAGRAM,HOWRAH JN,SUBURBAN,TRETA-MASA-HOWR-Z24-36082,24
36083,HWH-MSAE LOCAL,HOWRAH JN,MASAGRAM,SUBURBAN,TRETA-HOWR-MASA-Z24-36083,24
36084,MSAE-HWH LOCAL,MASAGRAM,HOWRAH JN,SUBURBAN,TRETA-MASA-HOWR-Z24-36084,24
36085,HWH-MSAE LOCAL,HOWRAH JN,MASAGRAM,SUBURBAN,TRETA-HOWR-MASA-Z24-36085,24
36086,MSAE HWH LOCAL,MASAGRAM,HOWRAH JN,SUBURBAN,TRETA-MASA-HOWR-Z24-36086,24
36087,HWH-MSAELOCAL,HOWRAH JN,MASAGRAM,SUBURBAN,TRETA-HOWR-MASA-Z24-36087,24
36088,MSAE-HWH LOCAL,MASAGRAM,HOWRAH JN,SUBURBAN,TRETA-MASA-HOWR-Z23-36088,23
36811,HWH-BWN LOCAL,HOWRAH JN,BARDHAMAN,SUBURBAN,TRETA-HOWR-BARD-Z29-36811,29
36812,BWN-HWH CHORD  LOCAL,BARDHAMAN,HOWRAH JN,SUBURBAN,TRETA-BARD-HOWR-Z26-36812,26
36813,HWH-BWN LOCAL,HOWRAH JN,BARDHAMAN,SUBURBAN,TRETA-HOWR-BARD-Z28-36813,28
36814,BWN-HWH CHORD  LOCAL,BARDHAMAN,HOWRAH JN,SUBURBAN,TRETA-BARD-HOWR-Z29-36814,29
36815,HWH-BWN LOCAL,HOWRAH JN,BARDHAMAN,SUBURBAN,TRETA-HOWR-BARD-Z29-36815,29
36816,BWN-HWH CHORD  LOCAL,BARDHAMAN,HOWRAH JN,SUBURBAN,TRETA-BARD-HOWR-Z28-36816,28
36817,HWH-BWN LOCAL,HOWRAH JN,BARDHAMAN,SUBURBAN,TRETA-HOWR-BARD-Z29-36817,29
36818,BWN-HWH CHORD  LOCAL,BARDHAMAN,HOWRAH JN,SUBURBAN,TRETA-BARD-HOWR-Z28-36818,28
36819,HWH- BWN LOCAL,HOWRAH JN,BARDHAMAN,SUBURBAN,TRETA-HOWR-BARD-Z29-36819,29
36820,BWN-HWH CHORD  LOCAL,BARDHAMAN,HOWRAH JN,SUBURBAN,TRETA-BARD-HOWR-Z29-36820,29
36821,HWH- BWN LOCAL,HOWRAH JN,BARDHAMAN,SUBURBAN,TRETA-HOWR-BARD-Z29-36821,29
36822,BWN-HWH CHORD  LOCAL,BARDHAMAN,HOWRAH JN,SUBURBAN,TRETA-BARD-HOWR-Z30-36822,30
36823,HWH- BWN LOCAL,HOWRAH JN,BARDHAMAN,SUBURBAN,TRETA-HOWR-BARD-Z29-36823,29
36824,BWN-HWH CHORD  LOCAL,BARDHAMAN,HOWRAH JN,SUBURBAN,TRETA-BARD-HOWR-Z28-36824,28
36825,HWH - BWN CHORD  LOCAL,HOWRAH JN,BARDHAMAN,SUBURBAN,TRETA-HOWR-BARD-Z27-36825,27
36826,BWN-HWH CHORD  LOCAL,BARDHAMAN,HOWRAH JN,SUBURBAN,TRETA-BARD-HOWR-Z29-36826,29
36827,HWH - BWN CHORD  LOCAL,HOWRAH JN,BARDHAMAN,SUBURBAN,TRETA-HOWR-BARD-Z29-36827,29
36828,BWN-HWH CHORD  LOCAL,BARDHAMAN,HOWRAH JN,SUBURBAN,TRETA-BARD-HOWR-Z29-36828,29
36829,HWH-BWN CHORD LOCAL,HOWRAH JN,BARDHAMAN,SUBURBAN,TRETA-HOWR-BARD-Z29-36829,29
36830,BWN-HWH CHORD  LOCAL,BARDHAMAN,HOWRAH JN,SUBURBAN,TRETA-BARD-HOWR-Z01-36830,1
36831,HWH - BWN  CHORD LOCAL,HOWRAH JN,BARDHAMAN,SUBURBAN,TRETA-HOWR-BARD-Z29-36831,29
36832,BWN-HWH CHORD  LOCAL,BARDHAMAN,HOWRAH JN,SUBURBAN,TRETA-BARD-HOWR-Z29-36832,29
36833,HWH - BWN  CHORD LOCAL,HOWRAH JN,BARDHAMAN,SUBURBAN,TRETA-HOWR-BARD-Z29-36833,29
36834,BWN-HWH CHORD  LOCAL,BARDHAMAN,HOWRAH JN,SUBURBAN,TRETA-BARD-HOWR-Z28-36834,28
36835,HWH - BWN  CHORD LOCAL,HOWRAH JN,BARDHAMAN,SUBURBAN,TRETA-HOWR-BARD-Z07-36835,7
36836,BWN-HWH CHORD  LOCAL,BARDHAMAN,HOWRAH JN,SUBURBAN,TRETA-BARD-HOWR-Z29-36836,29
36837,HWH - BWN  CHORD LOCAL,HOWRAH JN,BARDHAMAN,SUBURBAN,TRETA-HOWR-BARD-Z29-36837,29
36838,BWN-HWH CHORD  LOCAL,BARDHAMAN,HOWRAH JN,SUBURBAN,TRETA-BARD-HOWR-Z29-36838,29
36839,HWH - BWN  CHORD LOCAL,HOWRAH JN,BARDHAMAN,SUBURBAN,TRETA-HOWR-BARD-Z29-36839,29
36840,BWN-HWH CHORD  LOCAL,BARDHAMAN,HOWRAH JN,SUBURBAN,TRETA-BARD-HOWR-Z29-36840,29
36841,HWH - BWN  CHORD LOCAL,HOWRAH JN,BARDHAMAN,SUBURBAN,TRETA-HOWR-BARD-Z29-36841,29
36842,BWN-HWH CHORD  LOCAL,BARDHAMAN,HOWRAH JN,SUBURBAN,TRETA-BARD-HOWR-Z28-36842,28
36843,HWH - BWN  CHORD LOCAL,HOWRAH JN,BARDHAMAN,SUBURBAN,TRETA-HOWR-BARD-Z28-36843,28
36844,BWN-HWH CHORD  LOCAL,BARDHAMAN,HOWRAH JN,SUBURBAN,TRETA-BARD-HOWR-Z29-36844,29
36845,HWH - BWN  CHORD LOCAL,HOWRAH JN,BARDHAMAN,SUBURBAN,TRETA-HOWR-BARD-Z28-36845,28
36846,BWN-HWH CHORD  LOCAL,BARDHAMAN,HOWRAH JN,SUBURBAN,TRETA-BARD-HOWR-Z29-36846,29
36847,HWH - BWN  CHORD LOCAL,HOWRAH JN,BARDHAMAN,SUBURBAN,TRETA-HOWR-BARD-Z29-36847,29
36848,BWN-HWH CHORD  LOCAL,BARDHAMAN,HOWRAH JN,SUBURBAN,TRETA-BARD-HOWR-Z29-36848,29
36849,HWH - BWN  CHORD LOCAL,HOWRAH JN,BARDHAMAN,SUBURBAN,TRETA-HOWR-BARD-Z29-36849,29
36850,BWN HWH  CHORD  LOCAL,BARDHAMAN,HOWRAH JN,SUBURBAN,TRETA-BARD-HOWR-Z29-36850,29
36851,HWH - BWN  CHORD LOCAL,HOWRAH JN,BARDHAMAN,SUBURBAN,TRETA-HOWR-BARD-Z27-36851,27
36852,BWN-HWH CHORD  LOCAL,BARDHAMAN,HOWRAH JN,SUBURBAN,TRETA-BARD-HOWR-Z29-36852,29
36853,HWH - BWN  CHORD LOCAL,HOWRAH JN,BARDHAMAN,SUBURBAN,TRETA-HOWR-BARD-Z29-36853,29
36854,BWN HWH  CHORD  LOCAL,BARDHAMAN,HOWRAH JN,SUBURBAN,TRETA-BARD-HOWR-Z29-36854,29
36855,HWH - BWN  CHORD LOCAL,HOWRAH JN,BARDHAMAN,SUBURBAN,TRETA-HOWR-BARD-Z28-36855,28
36856,BWN-HWH CHORD  LOCAL,BARDHAMAN,HOWRAH JN,SUBURBAN,TRETA-BARD-HOWR-Z29-36856,29
36858,BWN HWH  CHORD  LOCAL,BARDHAMAN,HOWRAH JN,SUBURBAN,TRETA-BARD-HOWR-Z29-36858,29
36860,BWN-HWH CHORD  LOCAL,BARDHAMAN,HOWRAH JN,SUBURBAN,TRETA-BARD-HOWR-Z29-36860,29
37011,HWH-SRP LOCAL,HOWRAH JN,SERAMPORE,SUBURBAN,TRETA-HOWR-SERA-Z08-37011,8
37012,SRP-HWH LOCAL,SERAMPORE,HOWRAH JN,SUBURBAN,TRETA-SERA-HOWR-Z08-37012,8
37013,HWH-SRP LOCAL,HOWRAH JN,SERAMPORE,SUBURBAN,TRETA-HOWR-SERA-Z08-37013,8
37014,SRP-HWH LOCAL,SERAMPORE,HOWRAH JN,SUBURBAN,TRETA-SERA-HOWR-Z08-37014,8
37041,HWH-SHE LOCAL,HOWRAH JN,SEORAPHULI,SUBURBAN,TRETA-HOWR-SEOR-Z09-37041,9
37042,SHE-HWH LOCAL,SEORAPHULI,HOWRAH JN,SUBURBAN,TRETA-SEOR-HOWR-Z09-37042,9
37043,HWH-SHE LOCAL,HOWRAH JN,SEORAPHULI,SUBURBAN,TRETA-HOWR-SEOR-Z09-37043,9
37044,SHE HWH LOCAL,SEORAPHULI,HOWRAH JN,SUBURBAN,TRETA-SEOR-HOWR-Z09-37044,9
37045,SHE-HWH LOCAL,HOWRAH JN,SEORAPHULI,SUBURBAN,TRETA-HOWR-SEOR-Z09-37045,9
37046,SHE-HWH LOCAL,SEORAPHULI,HOWRAH JN,SUBURBAN,TRETA-SEOR-HOWR-Z09-37046,9
37047,HWH-SHE LOCAL,HOWRAH JN,SEORAPHULI,SUBURBAN,TRETA-HOWR-SEOR-Z09-37047,9
37048,SHE-HWH LOCAL,SEORAPHULI,HOWRAH JN,SUBURBAN,TRETA-SEOR-HOWR-Z09-37048,9
37049,HWH-SHE LOCAL,HOWRAH JN,SEORAPHULI,SUBURBAN,TRETA-HOWR-SEOR-Z09-37049,9
37050,SHE-HWH LOCAL,SEORAPHULI,HOWRAH JN,SUBURBAN,TRETA-SEOR-HOWR-Z09-37050,9
37051,HWH SHE LOCAL,HOWRAH JN,SEORAPHULI,SUBURBAN,TRETA-HOWR-SEOR-Z09-37051,9
37052,SHE HWH LOCAL,SEORAPHULI,HOWRAH JN,SUBURBAN,TRETA-SEOR-HOWR-Z09-37052,9
37055,HWH-SHE LOCAL,HOWRAH JN,SEORAPHULI,SUBURBAN,TRETA-HOWR-SEOR-Z09-37055,9
37056,SHE-HWH LOCAL,SEORAPHULI,HOWRAH JN,SUBURBAN,TRETA-SEOR-HOWR-Z09-37056,9
37057,HWH- SHE LOCAL,HOWRAH JN,SEORAPHULI,SUBURBAN,TRETA-HOWR-SEOR-Z09-37057,9
37058,SHE-HWH LOCAL,SEORAPHULI,HOWRAH JN,SUBURBAN,TRETA-SEOR-HOWR-Z09-37058,9
37059,HWH-SHE LOCAL,HOWRAH JN,SEORAPHULI,SUBURBAN,TRETA-HOWR-SEOR-Z09-37059,9
37060,SHEORAPHULI HOWRAH LOCAL,SEORAPHULI,HOWRAH JN,SUBURBAN,TRETA-SEOR-HOWR-Z09-37060,9
37061,HWH-SHE LOCAL,HOWRAH JN,SEORAPHULI,SUBURBAN,TRETA-HOWR-SEOR-Z09-37061,9
37062,SHE-HWH LOCAL,SEORAPHULI,HOWRAH JN,SUBURBAN,TRETA-SEOR-HOWR-Z09-37062,9
37063,HWH-SHE LOCAL,HOWRAH JN,SEORAPHULI,SUBURBAN,TRETA-HOWR-SEOR-Z09-37063,9
37064,SHE-HWH LOCAL,SEORAPHULI,HOWRAH JN,SUBURBAN,TRETA-SEOR-HOWR-Z09-37064,9
37111,HWH-BELURMATH LOCAL,HOWRAH JN,BELUR MATH,SUBURBAN,TRETA-HOWR-BELU-Z03-37111,3
37112,BRMH - HWH LOCAL,BELUR MATH,HOWRAH JN,SUBURBAN,TRETA-BELU-HOWR-Z02-37112,2
37117,HWH-BRMH LOCAL,HOWRAH JN,BELUR MATH,SUBURBAN,TRETA-HOWR-BELU-Z01-37117,1
37118,BRMH - HWH LOCAL,BELUR MATH,HOWRAH JN,SUBURBAN,TRETA-BELU-HOWR-Z02-37118,2
37201,MATRIBHUMI LOCAL,HOWRAH JN,BANDEL,SUBURBAN,TRETA-HOWR-BAND-Z16-37201,16
37202,BDC-HWH MATRIBHUMI LOCAL,BANDEL,HOWRAH JN,SUBURBAN,TRETA-BAND-HOWR-Z16-37202,16
37211,HWH-BDC LOCAL,HOWRAH JN,BANDEL,SUBURBAN,TRETA-HOWR-BAND-Z16-37211,16
37212,BDC-HWH LOCAL,BANDEL,HOWRAH JN,SUBURBAN,TRETA-BAND-HOWR-Z16-37212,16
37213,HWH-BDC LOCAL,HOWRAH JN,BANDEL,SUBURBAN,TRETA-HOWR-BAND-Z16-37213,16
37214,BDC-HWH LOCAL,BANDEL,HOWRAH JN,SUBURBAN,TRETA-BAND-HOWR-Z16-37214,16
37215,HWH-BDC LOCAL,HOWRAH JN,BANDEL,SUBURBAN,TRETA-HOWR-BAND-Z16-37215,16
37216,BDC-HWH LOCAL,BANDEL,HOWRAH JN,SUBURBAN,TRETA-BAND-HOWR-Z16-37216,16
37217,HWH - BDC LOCAL,HOWRAH JN,BANDEL,SUBURBAN,TRETA-HOWR-BAND-Z16-37217,16
37218,BDC-HWH LOCAL,BANDEL,HOWRAH JN,SUBURBAN,TRETA-BAND-HOWR-Z16-37218,16
37219,HWH-BDC LOCAL,HOWRAH JN,BANDEL,SUBURBAN,TRETA-HOWR-BAND-Z16-37219,16
37220,BDC-HWH LOCAL,BANDEL,HOWRAH JN,SUBURBAN,TRETA-BAND-HOWR-Z16-37220,16
37221,HWH-BDC LOCAL,HOWRAH JN,BANDEL,SUBURBAN,TRETA-HOWR-BAND-Z16-37221,16
37222,BDC-HWH LOCAL,BANDEL,HOWRAH JN,SUBURBAN,TRETA-BAND-HOWR-Z16-37222,16
37223,HWH-BDC LOCAL,HOWRAH JN,BANDEL,SUBURBAN,TRETA-HOWR-BAND-Z16-37223,16
37224,BDC-HWH LOCAL,BANDEL,HOWRAH JN,SUBURBAN,TRETA-BAND-HOWR-Z16-37224,16
37225,HWH-BDC LOCAL,HOWRAH JN,BANDEL,SUBURBAN,TRETA-HOWR-BAND-Z16-37225,16
37226,BDC-HWH LOCAL,BANDEL,HOWRAH JN,SUBURBAN,TRETA-BAND-HOWR-Z16-37226,16
37227,HWH-BDC LOCAL,HOWRAH JN,BANDEL,SUBURBAN,TRETA-HOWR-BAND-Z16-37227,16
37228,BDC-HWH LOCAL,BANDEL,HOWRAH JN,SUBURBAN,TRETA-BAND-HOWR-Z16-37228,16
37229,HWH - BDC LOCAL,HOWRAH JN,BANDEL,SUBURBAN,TRETA-HOWR-BAND-Z16-37229,16
37230,BDC-HWH LOCAL,BANDEL,HOWRAH JN,SUBURBAN,TRETA-BAND-HOWR-Z16-37230,16
37231,HWH-BDC LOCAL,HOWRAH JN,BANDEL,SUBURBAN,TRETA-HOWR-BAND-Z16-37231,16
37232,BDC-HWH LOCAL,BANDEL,HOWRAH JN,SUBURBAN,TRETA-BAND-HOWR-Z16-37232,16
37233,HWH-BDC LOCAL,HOWRAH JN,BANDEL,SUBURBAN,TRETA-HOWR-BAND-Z16-37233,16
37234,BDC-HWH LOCAL,BANDEL,HOWRAH JN,SUBURBAN,TRETA-BAND-HOWR-Z16-37234,16
37235,HWH-BDC LOCAL,HOWRAH JN,BANDEL,SUBURBAN,TRETA-HOWR-BAND-Z16-37235,16
37236,BDC-HWHLOCAL,BANDEL,HOWRAH JN,SUBURBAN,TRETA-BAND-HOWR-Z16-37236,16
37237,HWH-BDC LOCAL,HOWRAH JN,BANDEL,SUBURBAN,TRETA-HOWR-BAND-Z16-37237,16
37238,BDC-HWH LOCAL,BANDEL,HOWRAH JN,SUBURBAN,TRETA-BAND-HOWR-Z16-37238,16
37239,HWH-BDC LOCAL,HOWRAH JN,BANDEL,SUBURBAN,TRETA-HOWR-BAND-Z16-37239,16
37240,BDC-HWH LOCAL,BANDEL,HOWRAH JN,SUBURBAN,TRETA-BAND-HOWR-Z16-37240,16
37241,HWH - BDC LOCAL,HOWRAH JN,BANDEL,SUBURBAN,TRETA-HOWR-BAND-Z16-37241,16
37242,BDC-HWH LOCAL,BANDEL,HOWRAH JN,SUBURBAN,TRETA-BAND-HOWR-Z16-37242,16
37243,HWH-BDC LOCAL,HOWRAH JN,BANDEL,SUBURBAN,TRETA-HOWR-BAND-Z16-37243,16
37244,BDC-HWH LOCAL,BANDEL,HOWRAH JN,SUBURBAN,TRETA-BAND-HOWR-Z16-37244,16
37245,HWH-BDC LOCAL,HOWRAH JN,BANDEL,SUBURBAN,TRETA-HOWR-BAND-Z16-37245,16
37246,BDC-HWH LOCAL,BANDEL,HOWRAH JN,SUBURBAN,TRETA-BAND-HOWR-Z16-37246,16
37247,HWH-BDC LOCAL,HOWRAH JN,BANDEL,SUBURBAN,TRETA-HOWR-BAND-Z16-37247,16
37248,BDC-HWH LOCAL,BANDEL,HOWRAH JN,SUBURBAN,TRETA-BAND-HOWR-Z16-37248,16
37249,HWH-BDC LOCAL,HOWRAH JN,BANDEL,SUBURBAN,TRETA-HOWR-BAND-Z16-37249,16
37250,BDC-HWH LOCAL,BANDEL,HOWRAH JN,SUBURBAN,TRETA-BAND-HOWR-Z16-37250,16
37251,HWH-BDC LOCAL,HOWRAH JN,BANDEL,SUBURBAN,TRETA-HOWR-BAND-Z16-37251,16
37252,BDC-HWH LOCAL,BANDEL,HOWRAH JN,SUBURBAN,TRETA-BAND-HOWR-Z16-37252,16
37253,HWH-BDC LOCAL,HOWRAH JN,BANDEL,SUBURBAN,TRETA-HOWR-BAND-Z16-37253,16
37254,BDC-HWH LOCAL,BANDEL,HOWRAH JN,SUBURBAN,TRETA-BAND-HOWR-Z16-37254,16
37255,HWH-BDC LOCAL,HOWRAH JN,BANDEL,SUBURBAN,TRETA-HOWR-BAND-Z16-37255,16
37256,BDC-HWH LOCAL,BANDEL,HOWRAH JN,SUBURBAN,TRETA-BAND-HOWR-Z16-37256,16
37257,HWH-BDC LOCAL,HOWRAH JN,BANDEL,SUBURBAN,TRETA-HOWR-BAND-Z16-37257,16
37258,BDC-HWH LOCAL,BANDEL,HOWRAH JN,SUBURBAN,TRETA-BAND-HOWR-Z16-37258,16
37259,HWH-BDC LOCAL,HOWRAH JN,BANDEL,SUBURBAN,TRETA-HOWR-BAND-Z16-37259,16
37260,BDC-HWH LOCAL,BANDEL,HOWRAH JN,SUBURBAN,TRETA-BAND-HOWR-Z16-37260,16
37261,HWH-BDC LOCAL,HOWRAH JN,BANDEL,SUBURBAN,TRETA-HOWR-BAND-Z16-37261,16
37262,BDC-HWH LOCAL,BANDEL,HOWRAH JN,SUBURBAN,TRETA-BAND-HOWR-Z16-37262,16
37263,HWH-BDC LOCAL,HOWRAH JN,BANDEL,SUBURBAN,TRETA-HOWR-BAND-Z16-37263,16
37264,BDC-HWH LOCAL,BANDEL,HOWRAH JN,SUBURBAN,TRETA-BAND-HOWR-Z16-37264,16
37265,HWH BDC LOCAL,HOWRAH JN,BANDEL,SUBURBAN,TRETA-HOWR-BAND-Z16-37265,16
37266,BDC-HWH LOCAL,BANDEL,HOWRAH JN,SUBURBAN,TRETA-BAND-HOWR-Z16-37266,16
37267,HWH-BDC LOCAL,HOWRAH JN,BANDEL,SUBURBAN,TRETA-HOWR-BAND-Z16-37267,16
37268,BDC-HWH LOCAL,BANDEL,HOWRAH JN,SUBURBAN,TRETA-BAND-HOWR-Z16-37268,16
37269,HWH-BDC LOCAL,HOWRAH JN,BANDEL,SUBURBAN,TRETA-HOWR-BAND-Z16-37269,16
37270,BDC-HWH LOCAL,BANDEL,HOWRAH JN,SUBURBAN,TRETA-BAND-HOWR-Z16-37270,16
37271,HWH - BDC LOCAL,HOWRAH JN,BANDEL,SUBURBAN,TRETA-HOWR-BAND-Z16-37271,16
37272,BDC-HWH LOCAL,BANDEL,HOWRAH JN,SUBURBAN,TRETA-BAND-HOWR-Z16-37272,16
37273,HWH - BDC LOCAL,HOWRAH JN,BANDEL,SUBURBAN,TRETA-HOWR-BAND-Z16-37273,16
37274,BDC-HWH LOCAL,BANDEL,HOWRAH JN,SUBURBAN,TRETA-BAND-HOWR-Z16-37274,16
37275,HWH - BDC LOCAL,HOWRAH JN,BANDEL,SUBURBAN,TRETA-HOWR-BAND-Z16-37275,16
37276,BDC-HWH LOCAL,BANDEL,HOWRAH JN,SUBURBAN,TRETA-BAND-HOWR-Z16-37276,16
37277,HWH-BDC LOCAL,HOWRAH JN,BANDEL,SUBURBAN,TRETA-HOWR-BAND-Z16-37277,16
37278,BDC-HWH LOCAL,BANDEL,HOWRAH JN,SUBURBAN,TRETA-BAND-HOWR-Z16-37278,16
37279,HWH - BDC LOCAL,HOWRAH JN,BANDEL,SUBURBAN,TRETA-HOWR-BAND-Z16-37279,16
37280,BDC-HWH LOCAL,BANDEL,HOWRAH JN,SUBURBAN,TRETA-BAND-HOWR-Z16-37280,16
37281,HWH - BDC LOCAL,HOWRAH JN,BANDEL,SUBURBAN,TRETA-HOWR-BAND-Z16-37281,16
37282,BDC-HWH LOCAL,BANDEL,HOWRAH JN,SUBURBAN,TRETA-BAND-HOWR-Z16-37282,16
37283,HWH - BDC LOCAL,HOWRAH JN,BANDEL,SUBURBAN,TRETA-HOWR-BAND-Z16-37283,16
37284,BDC-HWH LOCAL,BANDEL,HOWRAH JN,SUBURBAN,TRETA-BAND-HOWR-Z16-37284,16
37285,HWH-BDC LOCAL,HOWRAH JN,BANDEL,SUBURBAN,TRETA-HOWR-BAND-Z16-37285,16
37286,BDC-HWH LOCAL,BANDEL,HOWRAH JN,SUBURBAN,TRETA-BAND-HOWR-Z16-37286,16
37287,HWH-BDC LOCAL,HOWRAH JN,BANDEL,SUBURBAN,TRETA-HOWR-BAND-Z16-37287,16
37288,BDC-HWH LOCAL,BANDEL,HOWRAH JN,SUBURBAN,TRETA-BAND-HOWR-Z16-37288,16
37289,HWH-BDC LOCAL,HOWRAH JN,BANDEL,SUBURBAN,TRETA-HOWR-BAND-Z16-37289,16
37290,BDC LOCAL,BANDEL,HOWRAH JN,SUBURBAN,TRETA-BAND-HOWR-Z16-37290,16
37291,HWH-BDC LOCAL,HOWRAH JN,BANDEL,SUBURBAN,TRETA-HOWR-BAND-Z16-37291,16
37301,HWH - HPL LOCAL,HOWRAH JN,HARIPAL,SUBURBAN,TRETA-HOWR-HARI-Z16-37301,16
37302,HPL-HWH LOCAL,HARIPAL,HOWRAH JN,SUBURBAN,TRETA-HARI-HOWR-Z16-37302,16
37303,HWH HPL ANDOLAN LOCAL,HOWRAH JN,HARIPAL,SUBURBAN,TRETA-HOWR-HARI-Z16-37303,16
37304,HPL-HWH LOCAL,HARIPAL,HOWRAH JN,SUBURBAN,TRETA-HARI-HOWR-Z16-37304,16
37311,HWH-TAK LOCAL,HOWRAH JN,TARAKESWAR,SUBURBAN,TRETA-HOWR-TARA-Z20-37311,20
37312,TAK-HWH LOCAL,TARAKESWAR,HOWRAH JN,SUBURBAN,TRETA-TARA-HOWR-Z20-37312,20
37313,HWH-TAK LOCAL,HOWRAH JN,TARAKESWAR,SUBURBAN,TRETA-HOWR-TARA-Z20-37313,20
37314,TAK-HWH LOCAL,TARAKESWAR,HOWRAH JN,SUBURBAN,TRETA-TARA-HOWR-Z20-37314,20
37315,HWH - TAK LOCAL,HOWRAH JN,TARAKESWAR,SUBURBAN,TRETA-HOWR-TARA-Z20-37315,20
37316,TAK-HWH LOCAL,TARAKESWAR,HOWRAH JN,SUBURBAN,TRETA-TARA-HOWR-Z20-37316,20
37317,HWH-TAK LOCAL,HOWRAH JN,TARAKESWAR,SUBURBAN,TRETA-HOWR-TARA-Z20-37317,20
37318,TAK-HWH LOCAL,TARAKESWAR,HOWRAH JN,SUBURBAN,TRETA-TARA-HOWR-Z20-37318,20
37319,HWH-TAK LOCAL,HOWRAH JN,TARAKESWAR,SUBURBAN,TRETA-HOWR-TARA-Z20-37319,20
37320,TAK-HWH LOCAL,TARAKESWAR,HOWRAH JN,SUBURBAN,TRETA-TARA-HOWR-Z20-37320,20
37321,HWH-TAK LOCAL,HOWRAH JN,TARAKESWAR,SUBURBAN,TRETA-HOWR-TARA-Z20-37321,20
37322,TAK - HWH ANDOLAN LOCAL,TARAKESWAR,HOWRAH JN,SUBURBAN,TRETA-TARA-HOWR-Z20-37322,20
37323,HWH-TAK LOCAL,HOWRAH JN,TARAKESWAR,SUBURBAN,TRETA-HOWR-TARA-Z20-37323,20
37324,TAK-HWH LOCAL,TARAKESWAR,HOWRAH JN,SUBURBAN,TRETA-TARA-HOWR-Z17-37324,17
37325,HWH-TAK LOCAL,HOWRAH JN,TARAKESWAR,SUBURBAN,TRETA-HOWR-TARA-Z20-37325,20
37326,TAK - HWH LOCAL,TARAKESWAR,HOWRAH JN,SUBURBAN,TRETA-TARA-HOWR-Z20-37326,20
37327,HWH - TAK LOCAL,HOWRAH JN,TARAKESWAR,SUBURBAN,TRETA-HOWR-TARA-Z20-37327,20
37328,TAK-HWH LOCAL,TARAKESWAR,HOWRAH JN,SUBURBAN,TRETA-TARA-HOWR-Z20-37328,20
37329,HWH-TAK LOCAL,HOWRAH JN,TARAKESWAR,SUBURBAN,TRETA-HOWR-TARA-Z20-37329,20
37330,TAK-HWH LOCAL,TARAKESWAR,HOWRAH JN,SUBURBAN,TRETA-TARA-HOWR-Z20-37330,20
37331,HWH-TAK LOCAL,HOWRAH JN,TARAKESWAR,SUBURBAN,TRETA-HOWR-TARA-Z20-37331,20
37332,TAK-HWH LOCAL,TARAKESWAR,HOWRAH JN,SUBURBAN,TRETA-TARA-HOWR-Z20-37332,20
37333,HWH-TAK LOCAL,HOWRAH JN,TARAKESWAR,SUBURBAN,TRETA-HOWR-TARA-Z20-37333,20
37334,TAK-HWH LOCAL,TARAKESWAR,HOWRAH JN,SUBURBAN,TRETA-TARA-HOWR-Z20-37334,20
37335,HWH-TAK LOCAL,HOWRAH JN,TARAKESWAR,SUBURBAN,TRETA-HOWR-TARA-Z20-37335,20
37336,TAK-HWH LOCAL,TARAKESWAR,HOWRAH JN,SUBURBAN,TRETA-TARA-HOWR-Z20-37336,20
37337,HWH-TAK LOCAL,HOWRAH JN,TARAKESWAR,SUBURBAN,TRETA-HOWR-TARA-Z20-37337,20
37338,TAK-HWH LOCAL,TARAKESWAR,HOWRAH JN,SUBURBAN,TRETA-TARA-HOWR-Z20-37338,20
37339,HWH - TAK LOCAL,HOWRAH JN,TARAKESWAR,SUBURBAN,TRETA-HOWR-TARA-Z20-37339,20
37340,TAK-HWH LOCAL,TARAKESWAR,HOWRAH JN,SUBURBAN,TRETA-TARA-HOWR-Z20-37340,20
37341,HWH - TAK LOCAL,HOWRAH JN,TARAKESWAR,SUBURBAN,TRETA-HOWR-TARA-Z20-37341,20
37342,TAK-HWH LOCAL,TARAKESWAR,HOWRAH JN,SUBURBAN,TRETA-TARA-HOWR-Z20-37342,20
37343,HWH-TAK LOCAL,HOWRAH JN,TARAKESWAR,SUBURBAN,TRETA-HOWR-TARA-Z20-37343,20
37344,TAK-HWH LOCAL,TARAKESWAR,HOWRAH JN,SUBURBAN,TRETA-TARA-HOWR-Z20-37344,20
37345,HWH-TAK LOCAL,HOWRAH JN,TARAKESWAR,SUBURBAN,TRETA-HOWR-TARA-Z20-37345,20
37346,TAK-HWH LOCAL,TARAKESWAR,HOWRAH JN,SUBURBAN,TRETA-TARA-HOWR-Z20-37346,20
37347,HWH-TAK LOCAL,HOWRAH JN,TARAKESWAR,SUBURBAN,TRETA-HOWR-TARA-Z20-37347,20
37348,TAK HWH LOCAL,TARAKESWAR,HOWRAH JN,SUBURBAN,TRETA-TARA-HOWR-Z20-37348,20
37349,HWH-TAK LOCAL,HOWRAH JN,TARAKESWAR,SUBURBAN,TRETA-HOWR-TARA-Z20-37349,20
37350,TAK-HWH LOCAL,TARAKESWAR,HOWRAH JN,SUBURBAN,TRETA-TARA-HOWR-Z20-37350,20
37351,HWH-TAK LOCAL,HOWRAH JN,TARAKESWAR,SUBURBAN,TRETA-HOWR-TARA-Z20-37351,20
37352,TAK-HWH LOCAL,TARAKESWAR,HOWRAH JN,SUBURBAN,TRETA-TARA-HOWR-Z20-37352,20
37354,TAK-HWH LOCAL,TARAKESWAR,HOWRAH JN,SUBURBAN,TRETA-TARA-HOWR-Z20-37354,20
37356,TAK-HWH LOCAL,TARAKESWAR,HOWRAH JN,SUBURBAN,TRETA-TARA-HOWR-Z20-37356,20
37358,TAK-HWH LOCAL,TARAKESWAR,HOWRAH JN,SUBURBAN,TRETA-TARA-HOWR-Z20-37358,20
37361,HWH-ARAMBAGH LOCAL,HOWRAH JN,ARAMBAG,SUBURBAN,TRETA-HOWR-ARAM-Z24-37361,24
37362,ARAMBAGH-HWH LOCAL,ARAMBAG,HOWRAH JN,SUBURBAN,TRETA-ARAM-HOWR-Z24-37362,24
37363,HWH-ARAMBAGH LOCAL,HOWRAH JN,ARAMBAG,SUBURBAN,TRETA-HOWR-ARAM-Z24-37363,24
37364,ARAMBAGH-HWH LOCAL,ARAMBAG,HOWRAH JN,SUBURBAN,TRETA-ARAM-HOWR-Z24-37364,24
37371,HWH-GOGT LOCAL,HOWRAH JN,GOGHAT,SUBURBAN,TRETA-HOWR-GOGH-Z25-37371,25
37372,GOGHAT-HWH LOCAL,GOGHAT,HOWRAH JN,SUBURBAN,TRETA-GOGH-HOWR-Z25-37372,25
37373,HWH - GOGHAT LOCAL,HOWRAH JN,GOGHAT,SUBURBAN,TRETA-HOWR-GOGH-Z51-37373,51
37374,GOGT HWH LOCAL,GOGHAT,HOWRAH JN,SUBURBAN,TRETA-GOGH-HOWR-Z51-37374,51
37375,HWH-GOGT LOCAL,HOWRAH JN,GOGHAT,SUBURBAN,TRETA-HOWR-GOGH-Z51-37375,51
37376,GOGT-HWH LOCAL,GOGHAT,HOWRAH JN,SUBURBAN,TRETA-GOGH-HOWR-Z51-37376,51
37377,HWH-GOGT LOCAL,HOWRAH JN,GOGHAT,SUBURBAN,TRETA-HOWR-GOGH-Z51-37377,51
37378,GOGT-HWH LOCAL,GOGHAT,HOWRAH JN,SUBURBAN,TRETA-GOGH-HOWR-Z25-37378,25
37379,HWH-GOGT LOCAL,HOWRAH JN,GOGHAT,SUBURBAN,TRETA-HOWR-GOGH-Z25-37379,25
37380,GOGT-HWH LOCAL,GOGHAT,HOWRAH JN,SUBURBAN,TRETA-GOGH-HOWR-Z25-37380,25
37381,HWH GOGT LOCAL,HOWRAH JN,GOGHAT,SUBURBAN,TRETA-HOWR-GOGH-Z25-37381,25
37382,GOGT-HWH LOCAL,GOGHAT,HOWRAH JN,SUBURBAN,TRETA-GOGH-HOWR-Z25-37382,25
37383,HWH GOGT LOCAL,HOWRAH JN,GOGHAT,SUBURBAN,TRETA-HOWR-GOGH-Z25-37383,25
37384,GOGT-HWH LOCAL,GOGHAT,HOWRAH JN,SUBURBAN,TRETA-GOGH-HOWR-Z25-37384,25
37385,HWH GOGT LOCAL,HOWRAH JN,GOGHAT,SUBURBAN,TRETA-HOWR-GOGH-Z25-37385,25
37387,HWH-GOGT LOCAL,HOWRAH JN,GOGHAT,SUBURBAN,TRETA-HOWR-GOGH-Z25-37387,25
37389,HWH-GOGT LOCAL,HOWRAH JN,GOGHAT,SUBURBAN,TRETA-HOWR-GOGH-Z25-37389,25
37401,TAK-GOGT LOCAL,TARAKESWAR,GOGHAT,SUBURBAN,TRETA-TARA-GOGH-Z05-37401,5
37402,GOGT-TAK LOCAL,GOGHAT,TARAKESWAR,SUBURBAN,TRETA-GOGH-TARA-Z05-37402,5
37403,TAK GOGT LOCAL,TARAKESWAR,GOGHAT,SUBURBAN,TRETA-TARA-GOGH-Z05-37403,5
37404,GOGHAT-TARAKESWAR LOCAL,GOGHAT,TARAKESWAR,SUBURBAN,TRETA-GOGH-TARA-Z05-37404,5
37405,TAK-GOGT LOCAL,TARAKESWAR,GOGHAT,SUBURBAN,TRETA-TARA-GOGH-Z05-37405,5
37406,GOGHAT-TAK LOCAL,GOGHAT,TARAKESWAR,SUBURBAN,TRETA-GOGH-TARA-Z05-37406,5
37408,GOGT- TAK LOCAL,GOGHAT,TARAKESWAR,SUBURBAN,TRETA-GOGH-TARA-Z05-37408,5
37410,GOGHAT-TARAKESWAR LOCAL,GOGHAT,TARAKESWAR,SUBURBAN,TRETA-GOGH-TARA-Z05-37410,5
37412,GOGT TAK LOCAL,GOGHAT,TARAKESWAR,SUBURBAN,TRETA-GOGH-TARA-Z05-37412,5
37413,SHE-TAK LOCAL,SEORAPHULI,TARAKESWAR,SUBURBAN,TRETA-SEOR-TARA-Z11-37413,11
37414,TAK-SHE LOCAL,TARAKESWAR,SEORAPHULI,SUBURBAN,TRETA-TARA-SEOR-Z11-37414,11
37415,SHE TAK LOCAL,SEORAPHULI,TARAKESWAR,SUBURBAN,TRETA-SEOR-TARA-Z11-37415,11
37416,TAK SHE LOCAL,TARAKESWAR,SEORAPHULI,SUBURBAN,TRETA-TARA-SEOR-Z11-37416,11
37417,SHE-TAK EMU SPL,SEORAPHULI,TARAKESWAR,SUBURBAN,TRETA-SEOR-TARA-Z11-37417,11
37418,TAK-SHE EMU SPL,TARAKESWAR,SEORAPHULI,SUBURBAN,TRETA-TARA-SEOR-Z11-37418,11
37421,TAK AMBG LOCAL,TARAKESWAR,ARAMBAG,SUBURBAN,TRETA-TARA-ARAM-Z04-37421,4
37422,AMBG TAK LOCAL,ARAMBAG,TARAKESWAR,SUBURBAN,TRETA-ARAM-TARA-Z04-37422,4
37423,TAK AMBG LOCAL,TARAKESWAR,ARAMBAG,SUBURBAN,TRETA-TARA-ARAM-Z04-37423,4
37424,AMBG TAK LOCAL,ARAMBAG,TARAKESWAR,SUBURBAN,TRETA-ARAM-TARA-Z04-37424,4
37511,BALLY-BDC LOCAL,BALLY,BANDEL,SUBURBAN,TRETA-BALL-BAND-Z13-37511,13
37512,BDC BLY LOCAL,BANDEL,BALLY,SUBURBAN,TRETA-BAND-BALL-Z13-37512,13
37521,NH-BDC LOCAL,NAIHATI JN,BANDEL,SUBURBAN,TRETA-NAIH-BAND-Z03-37521,3
37522,BDC-NH LOCAL,BANDEL,NAIHATI JN,SUBURBAN,TRETA-BAND-NAIH-Z03-37522,3
37523,NH-BDC LOCAL,NAIHATI JN,BANDEL,SUBURBAN,TRETA-NAIH-BAND-Z03-37523,3
37524,BDC-NH LOCAL,BANDEL,NAIHATI JN,SUBURBAN,TRETA-BAND-NAIH-Z03-37524,3
37525,NH - BDC LOCAL,NAIHATI JN,BANDEL,SUBURBAN,TRETA-NAIH-BAND-Z03-37525,3
37526,BDC-NH LOCAL,BANDEL,NAIHATI JN,SUBURBAN,TRETA-BAND-NAIH-Z03-37526,3
37527,NH - BDC LOCAL,NAIHATI JN,BANDEL,SUBURBAN,TRETA-NAIH-BAND-Z03-37527,3
37528,BDC-NH LOCAL,BANDEL,NAIHATI JN,SUBURBAN,TRETA-BAND-NAIH-Z03-37528,3
37529,NH - BDC LOCAL,NAIHATI JN,BANDEL,SUBURBAN,TRETA-NAIH-BAND-Z03-37529,3
37530,BDC-NH LOCAL,BANDEL,NAIHATI JN,SUBURBAN,TRETA-BAND-NAIH-Z03-37530,3
37531,NH - BDC LOCAL,NAIHATI JN,BANDEL,SUBURBAN,TRETA-NAIH-BAND-Z03-37531,3
37532,BDC-NH LOCAL,BANDEL,NAIHATI JN,SUBURBAN,TRETA-BAND-NAIH-Z03-37532,3
37533,NH - BDC LOCAL,NAIHATI JN,BANDEL,SUBURBAN,TRETA-NAIH-BAND-Z03-37533,3
37534,BDC-NH LOCAL,BANDEL,NAIHATI JN,SUBURBAN,TRETA-BAND-NAIH-Z03-37534,3
37535,NH - BDC LOCAL,NAIHATI JN,BANDEL,SUBURBAN,TRETA-NAIH-BAND-Z03-37535,3
37536,BDC-NH LOCAL,BANDEL,NAIHATI JN,SUBURBAN,TRETA-BAND-NAIH-Z03-37536,3
37537,NH - BDC LOCAL,NAIHATI JN,BANDEL,SUBURBAN,TRETA-NAIH-BAND-Z03-37537,3
37538,BDC-NH LOCAL,BANDEL,NAIHATI JN,SUBURBAN,TRETA-BAND-NAIH-Z03-37538,3
37539,NH - BDC LOCAL,NAIHATI JN,BANDEL,SUBURBAN,TRETA-NAIH-BAND-Z03-37539,3
37540,BDC-NH LOCAL,BANDEL,NAIHATI JN,SUBURBAN,TRETA-BAND-NAIH-Z03-37540,3
37541,NH - BDC LOCAL,NAIHATI JN,BANDEL,SUBURBAN,TRETA-NAIH-BAND-Z03-37541,3
37542,BDC-NH LOCAL,BANDEL,NAIHATI JN,SUBURBAN,TRETA-BAND-NAIH-Z03-37542,3
37543,NH - BDC LOCAL,NAIHATI JN,BANDEL,SUBURBAN,TRETA-NAIH-BAND-Z03-37543,3
37544,BDC-NH LOCAL,BANDEL,NAIHATI JN,SUBURBAN,TRETA-BAND-NAIH-Z03-37544,3
37545,NH - BDC LOCAL,NAIHATI JN,BANDEL,SUBURBAN,TRETA-NAIH-BAND-Z03-37545,3
37546,BDC-NH LOCAL,BANDEL,NAIHATI JN,SUBURBAN,TRETA-BAND-NAIH-Z03-37546,3
37547,NH - BDC LOCAL,NAIHATI JN,BANDEL,SUBURBAN,TRETA-NAIH-BAND-Z03-37547,3
37548,BDC-NH LOCAL,BANDEL,NAIHATI JN,SUBURBAN,TRETA-BAND-NAIH-Z03-37548,3
37549,NH - BDC LOCAL,NAIHATI JN,BANDEL,SUBURBAN,TRETA-NAIH-BAND-Z03-37549,3
37550,BDC-NH LOCAL,BANDEL,NAIHATI JN,SUBURBAN,TRETA-BAND-NAIH-Z03-37550,3
37551,NH - BDC LOCAL,NAIHATI JN,BANDEL,SUBURBAN,TRETA-NAIH-BAND-Z03-37551,3
37552,BDC-NH LOCAL,BANDEL,NAIHATI JN,SUBURBAN,TRETA-BAND-NAIH-Z03-37552,3
37553,NH - BDC LOCAL,NAIHATI JN,BANDEL,SUBURBAN,TRETA-NAIH-BAND-Z03-37553,3
37554,BDC-NH LOCAL,BANDEL,NAIHATI JN,SUBURBAN,TRETA-BAND-NAIH-Z03-37554,3
37555,NH - BDC LOCAL,NAIHATI JN,BANDEL,SUBURBAN,TRETA-NAIH-BAND-Z03-37555,3
37556,BDC-NH LOCAL,BANDEL,NAIHATI JN,SUBURBAN,TRETA-BAND-NAIH-Z03-37556,3
37557,NH-BDC LOCAL,NAIHATI JN,BANDEL,SUBURBAN,TRETA-NAIH-BAND-Z03-37557,3
37558,BDC-NH LOCAL,BANDEL,NAIHATI JN,SUBURBAN,TRETA-BAND-NAIH-Z03-37558,3
37611,HWH-PDA LOCAL,HOWRAH JN,PUNDOOAH,SUBURBAN,TRETA-HOWR-PUND-Z19-37611,19
37612,PDA-HWH LOCAL,PUNDOOAH,HOWRAH JN,SUBURBAN,TRETA-PUND-HOWR-Z14-37612,14
37614,PDA-HWH LOCAL,PUNDOOAH,HOWRAH JN,SUBURBAN,TRETA-PUND-HOWR-Z19-37614,19
37651,HWH-MYM LOCAL,HOWRAH JN,MEMARI,SUBURBAN,TRETA-HOWR-MEMA-Z17-37651,17
37652,MYM-HWH LOCAL,MEMARI,HOWRAH JN,SUBURBAN,TRETA-MEMA-HOWR-Z17-37652,17
37655,HWH - MYM LOCAL,HOWRAH JN,MEMARI,SUBURBAN,TRETA-HOWR-MEMA-Z27-37655,27
37656,MYM-HWH LOCAL,MEMARI,HOWRAH JN,SUBURBAN,TRETA-MEMA-HOWR-Z27-37656,27
37657,HWH-MYM LOCAL,HOWRAH JN,MEMARI,SUBURBAN,TRETA-HOWR-MEMA-Z27-37657,27
37658,MYM-HWH LOCAL,MEMARI,HOWRAH JN,SUBURBAN,TRETA-MEMA-HOWR-Z27-37658,27
37711,BDC-PDA LOCAL,BANDEL,PUNDOOAH,SUBURBAN,TRETA-BAND-PUND-Z05-37711,5
37731,BDC-MYM LOCAL,BANDEL,MEMARI,SUBURBAN,TRETA-BAND-MEMA-Z11-37731,11
37732,MYM-BDC LOCAL,MEMARI,BANDEL,SUBURBAN,TRETA-MEMA-BAND-Z11-37732,11
37741,BDC-KWAE LOCAL,BANDEL,KATWA,SUBURBAN,TRETA-BAND-KATW-Z28-37741,28
37742,KWAE-BDC LOCAL,KATWA,BANDEL,SUBURBAN,TRETA-KATW-BAND-Z29-37742,29
37743,BDC-KWAE LOCAL,BANDEL,KATWA,SUBURBAN,TRETA-BAND-KATW-Z29-37743,29
37744,KWAE-BDC LOCAL,KATWA,BANDEL,SUBURBAN,TRETA-KATW-BAND-Z28-37744,28
37745,BDC - KWAE LOCAL,BANDEL,KATWA,SUBURBAN,TRETA-BAND-KATW-Z29-37745,29
37746,KWAE-BDC LOCAL,KATWA,BANDEL,SUBURBAN,TRETA-KATW-BAND-Z29-37746,29
37747,BDC - KWAE LOCAL,BANDEL,KATWA,SUBURBAN,TRETA-BAND-KATW-Z29-37747,29
37748,KWAE-BDC LOCAL,KATWA,BANDEL,SUBURBAN,TRETA-KATW-BAND-Z29-37748,29
37749,BDC - KWAE LOCAL,BANDEL,KATWA,SUBURBAN,TRETA-BAND-KATW-Z29-37749,29
37750,KWAE-BDC LOCAL,KATWA,BANDEL,SUBURBAN,TRETA-KATW-BAND-Z29-37750,29
37751,BDC - KWAE LOCAL,BANDEL,KATWA,SUBURBAN,TRETA-BAND-KATW-Z29-37751,29
37752,KWAE-BDC LOCAL,KATWA,BANDEL,SUBURBAN,TRETA-KATW-BAND-Z28-37752,28
37753,BDC - KWAE LOCAL,BANDEL,KATWA,SUBURBAN,TRETA-BAND-KATW-Z29-37753,29
37754,KWAE-BDC LOCAL,KATWA,BANDEL,SUBURBAN,TRETA-KATW-BAND-Z28-37754,28
37755,BDC - KWAE LOCAL,BANDEL,KATWA,SUBURBAN,TRETA-BAND-KATW-Z28-37755,28
37756,KWAE BDC LOCAL,KATWA,BANDEL,SUBURBAN,TRETA-KATW-BAND-Z28-37756,28
37757,BDC KWAE LOCAL,BANDEL,KATWA,SUBURBAN,TRETA-BAND-KATW-Z29-37757,29
37758,KWAE-BDC LOCAL,KATWA,BANDEL,SUBURBAN,TRETA-KATW-BAND-Z28-37758,28
37781,BDC-BWN LOCAL,BANDEL,BARDHAMAN,SUBURBAN,TRETA-BAND-BARD-Z17-37781,17
37782,BWN-BDC LOCAL,BARDHAMAN,BANDEL,SUBURBAN,TRETA-BARD-BAND-Z17-37782,17
37783,BDC-BWN LOCAL,BANDEL,BARDHAMAN,SUBURBAN,TRETA-BAND-BARD-Z17-37783,17
37784,BWN-BDC LOCAL,BARDHAMAN,BANDEL,SUBURBAN,TRETA-BARD-BAND-Z17-37784,17
37785,BDC-BWN  LOCAL,BANDEL,BARDHAMAN,SUBURBAN,TRETA-BAND-BARD-Z17-37785,17
37786,BWN-BDC LOCAL,BARDHAMAN,BANDEL,SUBURBAN,TRETA-BARD-BAND-Z17-37786,17
37811,HWH- BWN M LOCAL,HOWRAH JN,BARDHAMAN,SUBURBAN,TRETA-HOWR-BARD-Z33-37811,33
37812,BWN-HWH LOCAL,BARDHAMAN,HOWRAH JN,SUBURBAN,TRETA-BARD-HOWR-Z31-37812,31
37813,HWH-BWN LOCAL,HOWRAH JN,BARDHAMAN,SUBURBAN,TRETA-HOWR-BARD-Z33-37813,33
37814,BWN-HWH LOCAL,BARDHAMAN,HOWRAH JN,SUBURBAN,TRETA-BARD-HOWR-Z33-37814,33
37815,HWH- BWN M LOCAL,HOWRAH JN,BARDHAMAN,SUBURBAN,TRETA-HOWR-BARD-Z26-37815,26
37816,BWN-HWH LOCAL,BARDHAMAN,HOWRAH JN,SUBURBAN,TRETA-BARD-HOWR-Z33-37816,33
37817,HWH-BWN LOCAL,HOWRAH JN,BARDHAMAN,SUBURBAN,TRETA-HOWR-BARD-Z33-37817,33
37818,BWN-HWH LOCAL,BARDHAMAN,HOWRAH JN,SUBURBAN,TRETA-BARD-HOWR-Z33-37818,33
37819,HWH-BWN LOCAL,HOWRAH JN,BARDHAMAN,SUBURBAN,TRETA-HOWR-BARD-Z33-37819,33
37820,BWN-HWH LOCAL,BARDHAMAN,HOWRAH JN,SUBURBAN,TRETA-BARD-HOWR-Z33-37820,33
37821,HWH - BWN LOCAL,HOWRAH JN,BARDHAMAN,SUBURBAN,TRETA-HOWR-BARD-Z33-37821,33
37822,BWN-HWH LOCAL,BARDHAMAN,HOWRAH JN,SUBURBAN,TRETA-BARD-HOWR-Z06-37822,6
37823,HWH - BWN LOCAL,HOWRAH JN,BARDHAMAN,SUBURBAN,TRETA-HOWR-BARD-Z33-37823,33
37824,BWN-HWH LOCAL,BARDHAMAN,HOWRAH JN,SUBURBAN,TRETA-BARD-HOWR-Z27-37824,27
37825,HWH-BWN LOCAL,HOWRAH JN,BARDHAMAN,SUBURBAN,TRETA-HOWR-BARD-Z33-37825,33
37826,BWN-HWH LOCAL,BARDHAMAN,HOWRAH JN,SUBURBAN,TRETA-BARD-HOWR-Z22-37826,22
37827,HWH - BWN LOCAL,HOWRAH JN,BARDHAMAN,SUBURBAN,TRETA-HOWR-BARD-Z33-37827,33
37828,BWN-HWH LOCAL,BARDHAMAN,HOWRAH JN,SUBURBAN,TRETA-BARD-HOWR-Z26-37828,26
37829,HWH - BWN LOCAL,HOWRAH JN,BARDHAMAN,SUBURBAN,TRETA-HOWR-BARD-Z33-37829,33
37830,BWN-HWH LOCAL,BARDHAMAN,HOWRAH JN,SUBURBAN,TRETA-BARD-HOWR-Z26-37830,26
37831,HWH - BWN LOCAL,HOWRAH JN,BARDHAMAN,SUBURBAN,TRETA-HOWR-BARD-Z30-37831,30
37832,BWN-HWH LOCAL,BARDHAMAN,HOWRAH JN,SUBURBAN,TRETA-BARD-HOWR-Z33-37832,33
37833,HWH - BWN LOCAL  SAO,HOWRAH JN,BARDHAMAN,SUBURBAN,TRETA-HOWR-BARD-Z32-37833,32
37834,BWN - HWH LOCAL,BARDHAMAN,HOWRAH JN,SUBURBAN,TRETA-BARD-HOWR-Z33-37834,33
37835,HWH - BWN LOCAL,HOWRAH JN,BARDHAMAN,SUBURBAN,TRETA-HOWR-BARD-Z21-37835,21
37836,BWN-HWH LOCAL,BARDHAMAN,HOWRAH JN,SUBURBAN,TRETA-BARD-HOWR-Z33-37836,33
37837,HWH-BWN LOCAL,HOWRAH JN,BARDHAMAN,SUBURBAN,TRETA-HOWR-BARD-Z26-37837,26
37838,BWN - HWH LOCAL,BARDHAMAN,HOWRAH JN,SUBURBAN,TRETA-BARD-HOWR-Z33-37838,33
37839,HWH - BWN LOCAL,HOWRAH JN,BARDHAMAN,SUBURBAN,TRETA-HOWR-BARD-Z28-37839,28
37840,BWN - HWH LOCAL,BARDHAMAN,HOWRAH JN,SUBURBAN,TRETA-BARD-HOWR-Z33-37840,33
37841,HWH-BWN LOCAL,HOWRAH JN,BARDHAMAN,SUBURBAN,TRETA-HOWR-BARD-Z21-37841,21
37842,BWN - HWH LOCAL,BARDHAMAN,HOWRAH JN,SUBURBAN,TRETA-BARD-HOWR-Z33-37842,33
37843,HWH - BWN LOCAL,HOWRAH JN,BARDHAMAN,SUBURBAN,TRETA-HOWR-BARD-Z06-37843,6
37844,BWN - HWH LOCAL,BARDHAMAN,HOWRAH JN,SUBURBAN,TRETA-BARD-HOWR-Z21-37844,21
37845,HWH - BWN LOCAL,HOWRAH JN,BARDHAMAN,SUBURBAN,TRETA-HOWR-BARD-Z29-37845,29
37846,BWN - HWH LOCAL,BARDHAMAN,HOWRAH JN,SUBURBAN,TRETA-BARD-HOWR-Z32-37846,32
37847,HWH - BWN LOCAL,HOWRAH JN,BARDHAMAN,SUBURBAN,TRETA-HOWR-BARD-Z26-37847,26
37848,BWN-HWH LOCAL,BARDHAMAN,HOWRAH JN,SUBURBAN,TRETA-BARD-HOWR-Z33-37848,33
37849,HWH - BWN LOCAL,HOWRAH JN,BARDHAMAN,SUBURBAN,TRETA-HOWR-BARD-Z10-37849,10
37850,BWN - HWH LOCAL,BARDHAMAN,HOWRAH JN,SUBURBAN,TRETA-BARD-HOWR-Z33-37850,33
37851,HWH-BWN LOCAL,HOWRAH JN,BARDHAMAN,SUBURBAN,TRETA-HOWR-BARD-Z33-37851,33
37852,BWN-HWH MAIN LOCAL,BARDHAMAN,HOWRAH JN,SUBURBAN,TRETA-BARD-HOWR-Z33-37852,33
37853,HWH-BWN LOCAL,HOWRAH JN,BARDHAMAN,SUBURBAN,TRETA-HOWR-BARD-Z33-37853,33
37854,BWN-HWH NON - STOP LOCAL,BARDHAMAN,HOWRAH JN,SUBURBAN,TRETA-BARD-HOWR-Z33-37854,33
37855,HWH-BWN MAIN LOCAL,HOWRAH JN,BARDHAMAN,SUBURBAN,TRETA-HOWR-BARD-Z33-37855,33
37857,HWH - BWN NON -STOP LOCAL,HOWRAH JN,BARDHAMAN,SUBURBAN,TRETA-HOWR-BARD-Z33-37857,33
37911,HWH-KWAE LOCAL,HOWRAH JN,KATWA,SUBURBAN,TRETA-HOWR-KATW-Z43-37911,43
37912,KWAE-HWH LOCAL,KATWA,HOWRAH JN,SUBURBAN,TRETA-KATW-HOWR-Z41-37912,41
37913,HWH - KWAE LOCAL,HOWRAH JN,KATWA,SUBURBAN,TRETA-HOWR-KATW-Z43-37913,43
37914,KWAE-HWH LOCAL,KATWA,HOWRAH JN,SUBURBAN,TRETA-KATW-HOWR-Z30-37914,30
37915,HWH - KWAE LOCAL,HOWRAH JN,KATWA,SUBURBAN,TRETA-HOWR-KATW-Z43-37915,43
37916,KWAE-HWH LOCAL,KATWA,HOWRAH JN,SUBURBAN,TRETA-KATW-HOWR-Z32-37916,32
37917,HWH - KATWA LOCAL,HOWRAH JN,KATWA,SUBURBAN,TRETA-HOWR-KATW-Z43-37917,43
37918,KWAE-HWH LOCAL,KATWA,HOWRAH JN,SUBURBAN,TRETA-KATW-HOWR-Z44-37918,44
37919,HWH - KATWA LOCAL,HOWRAH JN,KATWA,SUBURBAN,TRETA-HOWR-KATW-Z32-37919,32
37920,KWAE-HWH LOCAL,KATWA,HOWRAH JN,SUBURBAN,TRETA-KATW-HOWR-Z30-37920,30
37921,HWH - KATWA LOCAL,HOWRAH JN,KATWA,SUBURBAN,TRETA-HOWR-KATW-Z41-37921,41
37922,KWAE-HWH LOCAL,KATWA,HOWRAH JN,SUBURBAN,TRETA-KATW-HOWR-Z43-37922,43
37923,HWH - KATWA LOCAL,HOWRAH JN,KATWA,SUBURBAN,TRETA-HOWR-KATW-Z33-37923,33
37924,KWAE-HWH LOCAL,KATWA,HOWRAH JN,SUBURBAN,TRETA-KATW-HOWR-Z30-37924,30
37925,HWH - KATWA LOCAL,HOWRAH JN,KATWA,SUBURBAN,TRETA-HOWR-KATW-Z29-37925,29
37926,KWAE-HWH LOCAL,KATWA,HOWRAH JN,SUBURBAN,TRETA-KATW-HOWR-Z44-37926,44
37927,HWH - KATWA LOCAL,HOWRAH JN,KATWA,SUBURBAN,TRETA-HOWR-KATW-Z41-37927,41
37928,KWAE-HWH LOCAL,KATWA,HOWRAH JN,SUBURBAN,TRETA-KATW-HOWR-Z42-37928,42
38032,SRC SHM LOCAL,SANTRAGACHI JN,SHALIMAR,SUBURBAN,TRETA-SANT-SHAL-Z02-38032,2
38033,SHM SRC LOCAL,SHALIMAR,SANTRAGACHI JN,SUBURBAN,TRETA-SHAL-SANT-Z02-38033,2
38034,SRC SHM LOCAL,SANTRAGACHI JN,SHALIMAR,SUBURBAN,TRETA-SANT-SHAL-Z02-38034,2
38051,HWH HLZ LOCAL,HOWRAH JN,HALDIA,SUBURBAN,TRETA-HOWR-HALD-Z37-38051,37
38052,HLZ HWH LOCAL,HALDIA,HOWRAH JN,SUBURBAN,TRETA-HALD-HOWR-Z27-38052,27
38053,HWH HLZ LOCAL,HOWRAH JN,HALDIA,SUBURBAN,TRETA-HOWR-HALD-Z20-38053,20
38054,HLZ PKU LOCAL,HALDIA,PANSKURA,SUBURBAN,TRETA-HALD-PANS-Z13-38054,13
38055,PKU HLZ LOCAL,PANSKURA,HALDIA,SUBURBAN,TRETA-PANS-HALD-Z13-38055,13
38056,HLZ HWH LOCAL,HALDIA,HOWRAH JN,SUBURBAN,TRETA-HALD-HOWR-Z20-38056,20
38057,HWH HLZ LOCAL,HOWRAH JN,HALDIA,SUBURBAN,TRETA-HOWR-HALD-Z37-38057,37
38058,HLZ HWH LOCAL,HALDIA,HOWRAH JN,SUBURBAN,TRETA-HALD-HOWR-Z30-38058,30
38103,HWH ULB LOCAL,HOWRAH JN,ULUBARIA,SUBURBAN,TRETA-HOWR-ULUB-Z13-38103,13
38104,ULB HWH LOCAL,ULUBARIA,HOWRAH JN,SUBURBAN,TRETA-ULUB-HOWR-Z13-38104,13
38105,HWH ULB LOCAL,HOWRAH JN,ULUBARIA,SUBURBAN,TRETA-HOWR-ULUB-Z13-38105,13
38106,ULB HWH LOCAL,ULUBARIA,HOWRAH JN,SUBURBAN,TRETA-ULUB-HOWR-Z13-38106,13
38202,BZN - HWH LOCAL,BAGNAN,HOWRAH JN,SUBURBAN,TRETA-BAGN-HOWR-Z16-38202,16
38204,BZN HWH LOCAL,BAGNAN,HOWRAH JN,SUBURBAN,TRETA-BAGN-HOWR-Z16-38204,16
38301,SRC - MCA LOCAL,SANTRAGACHI JN,MECHEDA,SUBURBAN,TRETA-SANT-MECH-Z33-38301,33
38302,MCA-HWH LOCAL,MECHEDA,HOWRAH JN,SUBURBAN,TRETA-MECH-HOWR-Z41-38302,41
38303,HWH MCA LOCAL,HOWRAH JN,MECHEDA,SUBURBAN,TRETA-HOWR-MECH-Z41-38303,41
38304,MCA HWH LOCAL,MECHEDA,HOWRAH JN,SUBURBAN,TRETA-MECH-HOWR-Z41-38304,41
38305,SHM MCA LOCAL,SHALIMAR,MECHEDA,SUBURBAN,TRETA-SHAL-MECH-Z37-38305,37
38306,MCA - HWH LOCAL,MECHEDA,HOWRAH JN,SUBURBAN,TRETA-MECH-HOWR-Z41-38306,41
38308,MCA-HWH LOCAL,MECHEDA,HOWRAH JN,SUBURBAN,TRETA-MECH-HOWR-Z41-38308,41
38309,SRC-MCA  LOCAL,SANTRAGACHI JN,MECHEDA,SUBURBAN,TRETA-SANT-MECH-Z16-38309,16
38310,MCA SHM LOCAL,MECHEDA,SANTRAGACHI JN,SUBURBAN,TRETA-MECH-SANT-Z15-38310,15
38311,HWH MCA LOCAL,HOWRAH JN,MECHEDA,SUBURBAN,TRETA-HOWR-MECH-Z20-38311,20
38312,MCA HWH LOCAL,MECHEDA,HOWRAH JN,SUBURBAN,TRETA-MECH-HOWR-Z20-38312,20
38313,HWH MCA LOCAL,HOWRAH JN,MECHEDA,SUBURBAN,TRETA-HOWR-MECH-Z20-38313,20
38314,MCA HWH LOCAL,MECHEDA,HOWRAH JN,SUBURBAN,TRETA-MECH-HOWR-Z20-38314,20
38315,HWH MCA LOCAL,HOWRAH JN,MECHEDA,SUBURBAN,TRETA-HOWR-MECH-Z20-38315,20
38316,MCA SRC LOCAL,MECHEDA,SANTRAGACHI JN,SUBURBAN,TRETA-MECH-SANT-Z15-38316,15
38317,HWH MCA LOCAL,HOWRAH JN,MECHEDA,SUBURBAN,TRETA-HOWR-MECH-Z20-38317,20
38319,HWH MCA LOCAL,HOWRAH JN,MECHEDA,SUBURBAN,TRETA-HOWR-MECH-Z20-38319,20
38321,HWH-MCA LOCAL,HOWRAH JN,MECHEDA,SUBURBAN,TRETA-HOWR-MECH-Z20-38321,20
38402,PKU HWH LOCAL,PANSKURA,HOWRAH JN,SUBURBAN,TRETA-PANS-HOWR-Z24-38402,24
38403,HWH PKU LOCAL,HOWRAH JN,PANSKURA,SUBURBAN,TRETA-HOWR-PANS-Z24-38403,24
38404,PKU HWH LOCAL,PANSKURA,HOWRAH JN,SUBURBAN,TRETA-PANS-HOWR-Z24-38404,24
38405,HWH PKU LOCAL,HOWRAH JN,PANSKURA,SUBURBAN,TRETA-HOWR-PANS-Z24-38405,24
38406,PKU HWH LOCAL,PANSKURA,HOWRAH JN,SUBURBAN,TRETA-PANS-HOWR-Z24-38406,24
38408,PKU HWH LOCAL,PANSKURA,HOWRAH JN,SUBURBAN,TRETA-PANS-HOWR-Z24-38408,24
38409,HWH PKU LOCAL,HOWRAH JN,PANSKURA,SUBURBAN,TRETA-HOWR-PANS-Z24-38409,24
38410,PKU SRC LOCAL,PANSKURA,SANTRAGACHI JN,SUBURBAN,TRETA-PANS-SANT-Z19-38410,19
38411,SRC PKU LOCAL,SANTRAGACHI JN,PANSKURA,SUBURBAN,TRETA-SANT-PANS-Z20-38411,20
38412,PKU HWH LOCAL,PANSKURA,HOWRAH JN,SUBURBAN,TRETA-PANS-HOWR-Z24-38412,24
38413,HWH-PKU LOCAL,HOWRAH JN,PANSKURA,SUBURBAN,TRETA-HOWR-PANS-Z24-38413,24
38414,PKU HWH LOCAL,PANSKURA,HOWRAH JN,SUBURBAN,TRETA-PANS-HOWR-Z24-38414,24
38415,HWH PKU LOCAL,HOWRAH JN,PANSKURA,SUBURBAN,TRETA-HOWR-PANS-Z24-38415,24
38417,HWH PKU LOCAL,HOWRAH JN,PANSKURA,SUBURBAN,TRETA-HOWR-PANS-Z24-38417,24
38418,PKU SRC LOCAL,PANSKURA,SANTRAGACHI JN,SUBURBAN,TRETA-PANS-SANT-Z13-38418,13
38419,HWH-PKU LOCAL,HOWRAH JN,PANSKURA,SUBURBAN,TRETA-HOWR-PANS-Z24-38419,24
38420,PKU HWH LOCAL,PANSKURA,HOWRAH JN,SUBURBAN,TRETA-PANS-HOWR-Z24-38420,24
38421,HWH PKU LOCAL,HOWRAH JN,PANSKURA,SUBURBAN,TRETA-HOWR-PANS-Z24-38421,24
38422,PKU HWH LOCAL,PANSKURA,HOWRAH JN,SUBURBAN,TRETA-PANS-HOWR-Z24-38422,24
38423,HWH PKU LOCAL,HOWRAH JN,PANSKURA,SUBURBAN,TRETA-HOWR-PANS-Z24-38423,24
38425,HWH PKU LOCAL,HOWRAH JN,PANSKURA,SUBURBAN,TRETA-HOWR-PANS-Z24-38425,24
38426,PKU HWH LOCAL,PANSKURA,HOWRAH JN,SUBURBAN,TRETA-PANS-HOWR-Z24-38426,24
38428,PKU HWH LOCAL,PANSKURA,HOWRAH JN,SUBURBAN,TRETA-PANS-HOWR-Z24-38428,24
38429,HWH PKU LOCAL,HOWRAH JN,PANSKURA,SUBURBAN,TRETA-HOWR-PANS-Z24-38429,24
38430,PKU HWH LOCAL,PANSKURA,HOWRAH JN,SUBURBAN,TRETA-PANS-HOWR-Z24-38430,24
38431,HWH PKU LOCAL,HOWRAH JN,PANSKURA,SUBURBAN,TRETA-HOWR-PANS-Z24-38431,24
38432,PKU HWH LOCAL,PANSKURA,HOWRAH JN,SUBURBAN,TRETA-PANS-HOWR-Z24-38432,24
38433,HWH PKU LOCAL,HOWRAH JN,PANSKURA,SUBURBAN,TRETA-HOWR-PANS-Z24-38433,24
38434,PKU - SRC  LOCAL,PANSKURA,SANTRAGACHI JN,SUBURBAN,TRETA-PANS-SANT-Z19-38434,19
38435,HWH PKU LOCAL,HOWRAH JN,PANSKURA,SUBURBAN,TRETA-HOWR-PANS-Z24-38435,24
38436,PKU HWH LOCAL,PANSKURA,HOWRAH JN,SUBURBAN,TRETA-PANS-HOWR-Z24-38436,24
38437,HWH PKU LOCAL,HOWRAH JN,PANSKURA,SUBURBAN,TRETA-HOWR-PANS-Z24-38437,24
38438,PKU HWH LOCAL,PANSKURA,HOWRAH JN,SUBURBAN,TRETA-PANS-HOWR-Z24-38438,24
38439,SRC PKU LOCAL,SANTRAGACHI JN,PANSKURA,SUBURBAN,TRETA-SANT-PANS-Z05-38439,5
38440,PKU HWH LOCAL,PANSKURA,HOWRAH JN,SUBURBAN,TRETA-PANS-HOWR-Z24-38440,24
38441,HWH PKU LOCAL,HOWRAH JN,PANSKURA,SUBURBAN,TRETA-HOWR-PANS-Z24-38441,24
38442,PKU HWH LOCAL,PANSKURA,HOWRAH JN,SUBURBAN,TRETA-PANS-HOWR-Z24-38442,24
38443,HWH PKU LOCAL,HOWRAH JN,PANSKURA,SUBURBAN,TRETA-HOWR-PANS-Z24-38443,24
38444,PKU HWH LOCAL,PANSKURA,HOWRAH JN,SUBURBAN,TRETA-PANS-HOWR-Z24-38444,24
38445,HWH PKU LOCAL,HOWRAH JN,PANSKURA,SUBURBAN,TRETA-HOWR-PANS-Z24-38445,24
38448,PKU HWH LOCAL,PANSKURA,HOWRAH JN,SUBURBAN,TRETA-PANS-HOWR-Z24-38448,24
38449,HWH PKU LOCAL,HOWRAH JN,PANSKURA,SUBURBAN,TRETA-HOWR-PANS-Z24-38449,24
38450,PKU HWH LOCAL,PANSKURA,HOWRAH JN,SUBURBAN,TRETA-PANS-HOWR-Z24-38450,24
38451,HWH PKU LOCAL,HOWRAH JN,PANSKURA,SUBURBAN,TRETA-HOWR-PANS-Z24-38451,24
38453,HWH PKU LOCAL,HOWRAH JN,PANSKURA,SUBURBAN,TRETA-HOWR-PANS-Z24-38453,24
38454,PKU HWH LOCAL,PANSKURA,HOWRAH JN,SUBURBAN,TRETA-PANS-HOWR-Z24-38454,24
38455,HWH-PKU LOCAL,HOWRAH JN,PANSKURA,SUBURBAN,TRETA-HOWR-PANS-Z24-38455,24
38456,PKU HWH LOCAL,PANSKURA,HOWRAH JN,SUBURBAN,TRETA-PANS-HOWR-Z24-38456,24
38501,HWH BCK LOCAL,HOWRAH JN,BALICHAK,SUBURBAN,TRETA-HOWR-BALI-Z29-38501,29
38502,BCK HWH LOCAL,BALICHAK,HOWRAH JN,SUBURBAN,TRETA-BALI-HOWR-Z29-38502,29
38702,KGP HWH MEMU,KHARAGPUR JN,HOWRAH JN,SUBURBAN,TRETA-KHAR-HOWR-Z33-38702,33
38703,HWH-KGP LOCAL,HOWRAH JN,KHARAGPUR JN,SUBURBAN,TRETA-HOWR-KHAR-Z33-38703,33
38704,KGP HWH LOCAL,KHARAGPUR JN,HOWRAH JN,SUBURBAN,TRETA-KHAR-HOWR-Z33-38704,33
38705,HWH-KGP LOCAL,HOWRAH JN,KHARAGPUR JN,SUBURBAN,TRETA-HOWR-KHAR-Z33-38705,33
38706,KGP HWH LOCAL,KHARAGPUR JN,HOWRAH JN,SUBURBAN,TRETA-KHAR-HOWR-Z33-38706,33
38707,HWH KGP LOCAL,HOWRAH JN,KHARAGPUR JN,SUBURBAN,TRETA-HOWR-KHAR-Z33-38707,33
38708,KGP HWH LOCAL,KHARAGPUR JN,HOWRAH JN,SUBURBAN,TRETA-KHAR-HOWR-Z31-38708,31
38711,HWH KGP LOCAL,HOWRAH JN,KHARAGPUR JN,SUBURBAN,TRETA-HOWR-KHAR-Z33-38711,33
38713,HWH KGP LOCAL,HOWRAH JN,KHARAGPUR JN,SUBURBAN,TRETA-HOWR-KHAR-Z33-38713,33
38714,KGP-HWH LOCAL,KHARAGPUR JN,HOWRAH JN,SUBURBAN,TRETA-KHAR-HOWR-Z14-38714,14
38716,KGP HWH LOCAL,KHARAGPUR JN,HOWRAH JN,SUBURBAN,TRETA-KHAR-HOWR-Z29-38716,29
38717,HWH KGP LOCAL,HOWRAH JN,KHARAGPUR JN,SUBURBAN,TRETA-HOWR-KHAR-Z33-38717,33
38719,HWH KGP LOCAL,HOWRAH JN,KHARAGPUR JN,SUBURBAN,TRETA-HOWR-KHAR-Z33-38719,33
38720,KGP HWH LOCAL,KHARAGPUR JN,HOWRAH JN,SUBURBAN,TRETA-KHAR-HOWR-Z32-38720,32
38721,HWH KGP  LOCAL,HOWRAH JN,KHARAGPUR JN,SUBURBAN,TRETA-HOWR-KHAR-Z33-38721,33
38722,KGP - HWH EMU,KHARAGPUR JN,HOWRAH JN,SUBURBAN,TRETA-KHAR-HOWR-Z33-38722,33
38724,KGP HWH LOCAL,KHARAGPUR JN,HOWRAH JN,SUBURBAN,TRETA-KHAR-HOWR-Z33-38724,33
38725,HWH KGP MEMU,HOWRAH JN,KHARAGPUR JN,SUBURBAN,TRETA-HOWR-KHAR-Z33-38725,33
38727,HWH KGP LOCAL,HOWRAH JN,KHARAGPUR JN,SUBURBAN,TRETA-HOWR-KHAR-Z33-38727,33
38728,KGP HWH LOCAL,KHARAGPUR JN,HOWRAH JN,SUBURBAN,TRETA-KHAR-HOWR-Z31-38728,31
38730,KGP HWH LOCAL,KHARAGPUR JN,HOWRAH JN,SUBURBAN,TRETA-KHAR-HOWR-Z31-38730,31
38801,HWH-MDN LOCAL,HOWRAH JN,MIDNAPORE,SUBURBAN,TRETA-HOWR-MIDN-Z30-38801,30
38802,MDN HWH LOCAL,MIDNAPORE,HOWRAH JN,SUBURBAN,TRETA-MIDN-HOWR-Z36-38802,36
38803,HWH MDN LOCAL,HOWRAH JN,MIDNAPORE,SUBURBAN,TRETA-HOWR-MIDN-Z36-38803,36
38804,MDN HWH LOCAL,MIDNAPORE,HOWRAH JN,SUBURBAN,TRETA-MIDN-HOWR-Z36-38804,36
38805,HWH MDN OCAL,HOWRAH JN,MIDNAPORE,SUBURBAN,TRETA-HOWR-MIDN-Z36-38805,36
38806,MDN HWH LOCAL,MIDNAPORE,HOWRAH JN,SUBURBAN,TRETA-MIDN-HOWR-Z14-38806,14
38807,HWH MDN LOCAL,HOWRAH JN,MIDNAPORE,SUBURBAN,TRETA-HOWR-MIDN-Z36-38807,36
38808,MDN HWH LOCAL,MIDNAPORE,HOWRAH JN,SUBURBAN,TRETA-MIDN-HOWR-Z23-38808,23
38809,HWH MDN LOCAL,HOWRAH JN,MIDNAPORE,SUBURBAN,TRETA-HOWR-MIDN-Z36-38809,36
38810,MDN HWH LOCAL,MIDNAPORE,HOWRAH JN,SUBURBAN,TRETA-MIDN-HOWR-Z32-38810,32
38811,HWH MDN LOCAL,HOWRAH JN,MIDNAPORE,SUBURBAN,TRETA-HOWR-MIDN-Z36-38811,36
38812,MDN HWH LOCAL,MIDNAPORE,HOWRAH JN,SUBURBAN,TRETA-MIDN-HOWR-Z36-38812,36
38813,HWH MDN LOCAL,HOWRAH JN,MIDNAPORE,SUBURBAN,TRETA-HOWR-MIDN-Z36-38813,36
38814,MDN HWH LOCAL,MIDNAPORE,HOWRAH JN,SUBURBAN,TRETA-MIDN-HOWR-Z36-38814,36
38815,HWH MDN LOCAL,HOWRAH JN,MIDNAPORE,SUBURBAN,TRETA-HOWR-MIDN-Z34-38815,34
38816,MDN HWH LOCAL,MIDNAPORE,HOWRAH JN,SUBURBAN,TRETA-MIDN-HOWR-Z35-38816,35
38817,HWH MDN LOCAL,HOWRAH JN,MIDNAPORE,SUBURBAN,TRETA-HOWR-MIDN-Z36-38817,36
38818,MDN HWH LOCAL,MIDNAPORE,HOWRAH JN,SUBURBAN,TRETA-MIDN-HOWR-Z36-38818,36
38819,HWH MDN LOCAL,HOWRAH JN,MIDNAPORE,SUBURBAN,TRETA-HOWR-MIDN-Z36-38819,36
38820,MDN HWH LOCAL,MIDNAPORE,HOWRAH JN,SUBURBAN,TRETA-MIDN-HOWR-Z36-38820,36
38821,HWH MDN LOCAL,HOWRAH JN,MIDNAPORE,SUBURBAN,TRETA-HOWR-MIDN-Z18-38821,18
38822,MDN HWH LOCAL,MIDNAPORE,HOWRAH JN,SUBURBAN,TRETA-MIDN-HOWR-Z30-38822,30
38823,HWH MDN LOCAL,HOWRAH JN,MIDNAPORE,SUBURBAN,TRETA-HOWR-MIDN-Z28-38823,28
38824,MDN HWH LOCAL,MIDNAPORE,HOWRAH JN,SUBURBAN,TRETA-MIDN-HOWR-Z28-38824,28
38825,HWH MDN LOCAL,HOWRAH JN,MIDNAPORE,SUBURBAN,TRETA-HOWR-MIDN-Z17-38825,17
38826,MDN HWH LOCAL,MIDNAPORE,HOWRAH JN,SUBURBAN,TRETA-MIDN-HOWR-Z36-38826,36
38827,HWH MDN LOCAL,HOWRAH JN,MIDNAPORE,SUBURBAN,TRETA-HOWR-MIDN-Z23-38827,23
38828,MDN HWH LOCAL,MIDNAPORE,HOWRAH JN,SUBURBAN,TRETA-MIDN-HOWR-Z36-38828,36
38829,HWH MDN LOCAL,HOWRAH JN,MIDNAPORE,SUBURBAN,TRETA-HOWR-MIDN-Z26-38829,26
38830,MDN HWH LOCAL,MIDNAPORE,HOWRAH JN,SUBURBAN,TRETA-MIDN-HOWR-Z36-38830,36
38831,HWH MDN LOCAL,HOWRAH JN,MIDNAPORE,SUBURBAN,TRETA-HOWR-MIDN-Z34-38831,34
38832,MDN KGP LOCAL,MIDNAPORE,KHARAGPUR JN,SUBURBAN,TRETA-MIDN-KHAR-Z03-38832,3
38903,HWH AMZ LOCAL,HOWRAH JN,AMTA,SUBURBAN,TRETA-HOWR-AMTA-Z20-38903,20
38904,AMZ HWH LOCAL,AMTA,HOWRAH JN,SUBURBAN,TRETA-AMTA-HOWR-Z20-38904,20
38905,HWH - AMTA LOCAL,HOWRAH JN,AMTA,SUBURBAN,TRETA-HOWR-AMTA-Z20-38905,20
38906,AMTA HWH LOCAL,AMTA,HOWRAH JN,SUBURBAN,TRETA-AMTA-HOWR-Z20-38906,20
38907,HWH AMZ LOCAL,HOWRAH JN,AMTA,SUBURBAN,TRETA-HOWR-AMTA-Z20-38907,20
38908,AMZ HWH LOCAL,AMTA,HOWRAH JN,SUBURBAN,TRETA-AMTA-HOWR-Z20-38908,20
38909,HWH AMZ LOCAL,HOWRAH JN,AMTA,SUBURBAN,TRETA-HOWR-AMTA-Z20-38909,20
38910,AMTA HWH LOCAL,AMTA,HOWRAH JN,SUBURBAN,TRETA-AMTA-HOWR-Z20-38910,20
38911,SRC AMZ LOCAL,SANTRAGACHI JN,AMTA,SUBURBAN,TRETA-SANT-AMTA-Z16-38911,16
38912,AMTA HWH LOCAL,AMTA,HOWRAH JN,SUBURBAN,TRETA-AMTA-HOWR-Z20-38912,20
38913,HWH AMZ LOCAL,HOWRAH JN,AMTA,SUBURBAN,TRETA-HOWR-AMTA-Z20-38913,20
38914,AMZ -HWH LOCAL,AMTA,HOWRAH JN,SUBURBAN,TRETA-AMTA-HOWR-Z20-38914,20
38915,HWH AMZ LOCAL,HOWRAH JN,AMTA,SUBURBAN,TRETA-HOWR-AMTA-Z20-38915,20
38916,AMZ HWH LOCAL,AMTA,HOWRAH JN,SUBURBAN,TRETA-AMTA-HOWR-Z20-38916,20
38917,HWH AMTA LOCAL,HOWRAH JN,AMTA,SUBURBAN,TRETA-HOWR-AMTA-Z20-38917,20
38918,AMZ HWH LOCAL,AMTA,HOWRAH JN,SUBURBAN,TRETA-AMTA-HOWR-Z20-38918,20
38919,HWH AMZ LOCAL,HOWRAH JN,AMTA,SUBURBAN,TRETA-HOWR-AMTA-Z20-38919,20
38920,AMZ HWH LOCAL,AMTA,HOWRAH JN,SUBURBAN,TRETA-AMTA-HOWR-Z20-38920,20
38921,HWH AMZ LOCAL,HOWRAH JN,AMTA,SUBURBAN,TRETA-HOWR-AMTA-Z20-38921,20
38922,AMZ HWH LOCAL,AMTA,HOWRAH JN,SUBURBAN,TRETA-AMTA-HOWR-Z20-38922,20
38923,HWH-AMZ LOCAL,HOWRAH JN,AMTA,SUBURBAN,TRETA-HOWR-AMTA-Z20-38923,20
38924,AMZ HWH LOCAL,AMTA,HOWRAH JN,SUBURBAN,TRETA-AMTA-HOWR-Z20-38924,20
40001,MSB-TBM EMU LOCAL,CHENNAI BEACH,TAMBARAM,SUBURBAN,TRETA-CHEN-TAMB-Z17-40001,17
40002,TBM-MSB EMU LOCAL,TAMBARAM,CHENNAI BEACH,SUBURBAN,TRETA-TAMB-CHEN-Z17-40002,17
40003,MSB-TBM EMU LOCAL,CHENNAI BEACH,TAMBARAM,SUBURBAN,TRETA-CHEN-TAMB-Z17-40003,17
40004,TBM-MSB EMU LOCAL,TAMBARAM,CHENNAI BEACH,SUBURBAN,TRETA-TAMB-CHEN-Z17-40004,17
40005,MSB-TBM EMU LOCAL,CHENNAI BEACH,TAMBARAM,SUBURBAN,TRETA-CHEN-TAMB-Z17-40005,17
40006,TBM-MSB EMU LOCAL,TAMBARAM,CHENNAI BEACH,SUBURBAN,TRETA-TAMB-CHEN-Z17-40006,17
40007,MSB-TBM EMU LOCAL,CHENNAI BEACH,TAMBARAM,SUBURBAN,TRETA-CHEN-TAMB-Z17-40007,17
40008,TBM-MSB EMU LOCAL,TAMBARAM,CHENNAI BEACH,SUBURBAN,TRETA-TAMB-CHEN-Z17-40008,17
40009,MSB-TBM EMU LOCAL,CHENNAI BEACH,TAMBARAM,SUBURBAN,TRETA-CHEN-TAMB-Z17-40009,17
40010,TBM-MSB EMU LOCAL,TAMBARAM,CHENNAI BEACH,SUBURBAN,TRETA-TAMB-CHEN-Z17-40010,17
40011,MSB-TBM EMU LOCAL,CHENNAI BEACH,TAMBARAM,SUBURBAN,TRETA-CHEN-TAMB-Z17-40011,17
40012,TBM-MSB EMU LOCAL,TAMBARAM,CHENNAI BEACH,SUBURBAN,TRETA-TAMB-CHEN-Z17-40012,17
40013,MSB-TBM EMU LOCAL,CHENNAI BEACH,TAMBARAM,SUBURBAN,TRETA-CHEN-TAMB-Z17-40013,17
40014,TBM-MSB EMU LOCAL,TAMBARAM,CHENNAI BEACH,SUBURBAN,TRETA-TAMB-CHEN-Z17-40014,17
40015,MSB-TBM EMU LOCAL,CHENNAI BEACH,TAMBARAM,SUBURBAN,TRETA-CHEN-TAMB-Z17-40015,17
40016,TBM-MSB EMU LOCAL,TAMBARAM,CHENNAI BEACH,SUBURBAN,TRETA-TAMB-CHEN-Z17-40016,17
40017,MSB-TBM EMU LOCAL,CHENNAI BEACH,TAMBARAM,SUBURBAN,TRETA-CHEN-TAMB-Z17-40017,17
40018,TBM-MSB EMU LOCAL,TAMBARAM,CHENNAI BEACH,SUBURBAN,TRETA-TAMB-CHEN-Z17-40018,17
40019,MSB-TBM EMU LOCAL,CHENNAI BEACH,TAMBARAM,SUBURBAN,TRETA-CHEN-TAMB-Z17-40019,17
40020,TBM-MSB LS-GL EMU LOCAL,TAMBARAM,CHENNAI BEACH,SUBURBAN,TRETA-TAMB-CHEN-Z17-40020,17
40021,MSB-TBM EMU LOCAL,CHENNAI BEACH,TAMBARAM,SUBURBAN,TRETA-CHEN-TAMB-Z17-40021,17
40022,TBM-MSB EMU LOCAL,TAMBARAM,CHENNAI BEACH,SUBURBAN,TRETA-TAMB-CHEN-Z17-40022,17
40023,MSB-TBM EMU LOCAL,CHENNAI BEACH,TAMBARAM,SUBURBAN,TRETA-CHEN-TAMB-Z17-40023,17
40024,TBM-MSB LS-GL EMU LOCAL,TAMBARAM,CHENNAI BEACH,SUBURBAN,TRETA-TAMB-CHEN-Z17-40024,17
40025,MSB-TBM EMU LOCAL,CHENNAI BEACH,TAMBARAM,SUBURBAN,TRETA-CHEN-TAMB-Z17-40025,17
40026,TBM-MSB EMU LOCAL,TAMBARAM,CHENNAI BEACH,SUBURBAN,TRETA-TAMB-CHEN-Z17-40026,17
40027,MSB-TBM EMU LOCAL,CHENNAI BEACH,TAMBARAM,SUBURBAN,TRETA-CHEN-TAMB-Z17-40027,17
40028,TBM-MSB EMU LOCAL,TAMBARAM,CHENNAI BEACH,SUBURBAN,TRETA-TAMB-CHEN-Z17-40028,17
40029,MSB-TBM EMU LOCAL,CHENNAI BEACH,TAMBARAM,SUBURBAN,TRETA-CHEN-TAMB-Z17-40029,17
40030,TBM-MSB EMU LOCAL,TAMBARAM,CHENNAI BEACH,SUBURBAN,TRETA-TAMB-CHEN-Z17-40030,17
40031,MSB-TBM EMU LOCAL,CHENNAI BEACH,TAMBARAM,SUBURBAN,TRETA-CHEN-TAMB-Z17-40031,17
40032,TBM-MSB EMU LOCAL,TAMBARAM,CHENNAI BEACH,SUBURBAN,TRETA-TAMB-CHEN-Z17-40032,17
40033,MSB-TBM EMU LOCAL,CHENNAI BEACH,TAMBARAM,SUBURBAN,TRETA-CHEN-TAMB-Z17-40033,17
40034,TBM-MSB EMU LOCAL,TAMBARAM,CHENNAI BEACH,SUBURBAN,TRETA-TAMB-CHEN-Z17-40034,17
40035,MSB-TBM EMU LOCAL,CHENNAI BEACH,TAMBARAM,SUBURBAN,TRETA-CHEN-TAMB-Z17-40035,17
40036,TBM-MSB EMU LOCAL,TAMBARAM,CHENNAI BEACH,SUBURBAN,TRETA-TAMB-CHEN-Z17-40036,17
40037,MSB-TBM EMU LOCAL,CHENNAI BEACH,TAMBARAM,SUBURBAN,TRETA-CHEN-TAMB-Z17-40037,17
40038,TBM-MSB EMU LOCAL,TAMBARAM,CHENNAI BEACH,SUBURBAN,TRETA-TAMB-CHEN-Z17-40038,17
40039,MSB-TBM EMU LOCAL,CHENNAI BEACH,TAMBARAM,SUBURBAN,TRETA-CHEN-TAMB-Z35-40039,35
40040,TBM-MSB EMU LOCAL,TAMBARAM,CHENNAI BEACH,SUBURBAN,TRETA-TAMB-CHEN-Z17-40040,17
40041,MSB-TBM EMU LOCAL,CHENNAI BEACH,TAMBARAM,SUBURBAN,TRETA-CHEN-TAMB-Z35-40041,35
40042,TBM-MSB EMU LOCAL,TAMBARAM,CHENNAI BEACH,SUBURBAN,TRETA-TAMB-CHEN-Z35-40042,35
40043,MSB-TBM EMU LOCAL,CHENNAI BEACH,TAMBARAM,SUBURBAN,TRETA-CHEN-TAMB-Z17-40043,17
40044,TBM-MSB EMU LOCAL,TAMBARAM,CHENNAI BEACH,SUBURBAN,TRETA-TAMB-CHEN-Z35-40044,35
40045,MSB-TBM EMU LOCAL,CHENNAI BEACH,TAMBARAM,SUBURBAN,TRETA-CHEN-TAMB-Z17-40045,17
40046,TBM-MSB EMU LOCAL,TAMBARAM,CHENNAI BEACH,SUBURBAN,TRETA-TAMB-CHEN-Z35-40046,35
40047,MSB-TBM EMU LOCAL,CHENNAI BEACH,TAMBARAM,SUBURBAN,TRETA-CHEN-TAMB-Z35-40047,35
40048,TBM-MSB EMU LOCAL,TAMBARAM,CHENNAI BEACH,SUBURBAN,TRETA-TAMB-CHEN-Z35-40048,35
40049,MSB-TBM EMU LOCAL,CHENNAI BEACH,TAMBARAM,SUBURBAN,TRETA-CHEN-TAMB-Z35-40049,35
40050,TBM-MSB EMU LOCAL,TAMBARAM,CHENNAI BEACH,SUBURBAN,TRETA-TAMB-CHEN-Z17-40050,17
40051,MSB-TBM EMU LOCAL,CHENNAI BEACH,TAMBARAM,SUBURBAN,TRETA-CHEN-TAMB-Z17-40051,17
40052,TBM-MSB EMU LOCAL,TAMBARAM,CHENNAI BEACH,SUBURBAN,TRETA-TAMB-CHEN-Z17-40052,17
40053,MSB-TBM EMU LOCAL,CHENNAI BEACH,TAMBARAM,SUBURBAN,TRETA-CHEN-TAMB-Z17-40053,17
40054,TBM-MSB EMU LOCAL,TAMBARAM,CHENNAI BEACH,SUBURBAN,TRETA-TAMB-CHEN-Z17-40054,17
40055,MSB-TBM EMU LOCAL,CHENNAI BEACH,TAMBARAM,SUBURBAN,TRETA-CHEN-TAMB-Z17-40055,17
40056,TBM-MSB EMU LOCAL,TAMBARAM,CHENNAI BEACH,SUBURBAN,TRETA-TAMB-CHEN-Z17-40056,17
40057,MSB-TBM EMU LOCAL,CHENNAI BEACH,TAMBARAM,SUBURBAN,TRETA-CHEN-TAMB-Z17-40057,17
40058,TBM-MSB EMU LOCAL,TAMBARAM,CHENNAI BEACH,SUBURBAN,TRETA-TAMB-CHEN-Z17-40058,17
40059,MSB-TBM EMU LOCAL,CHENNAI BEACH,TAMBARAM,SUBURBAN,TRETA-CHEN-TAMB-Z17-40059,17
40060,TBM-MSB EMU LOCAL,TAMBARAM,CHENNAI BEACH,SUBURBAN,TRETA-TAMB-CHEN-Z17-40060,17
40061,MSB-TBM EMU LOCAL,CHENNAI BEACH,TAMBARAM,SUBURBAN,TRETA-CHEN-TAMB-Z17-40061,17
40062,TBM-MSB EMU LOCAL,TAMBARAM,CHENNAI BEACH,SUBURBAN,TRETA-TAMB-CHEN-Z17-40062,17
40063,MSB-TBM EMU LOCAL,CHENNAI BEACH,TAMBARAM,SUBURBAN,TRETA-CHEN-TAMB-Z17-40063,17
40064,TBM-MSB EMU LOCAL,TAMBARAM,CHENNAI BEACH,SUBURBAN,TRETA-TAMB-CHEN-Z17-40064,17
40065,MSB-TBM EMU LOCAL,CHENNAI BEACH,TAMBARAM,SUBURBAN,TRETA-CHEN-TAMB-Z17-40065,17
40066,TBM-MSB EMU LOCAL,TAMBARAM,CHENNAI BEACH,SUBURBAN,TRETA-TAMB-CHEN-Z17-40066,17
40067,MSB-TBM EMU LOCAL,CHENNAI BEACH,TAMBARAM,SUBURBAN,TRETA-CHEN-TAMB-Z17-40067,17
40068,TBM-MSB EMU LOCAL,TAMBARAM,CHENNAI BEACH,SUBURBAN,TRETA-TAMB-CHEN-Z17-40068,17
40069,MSB-TBM EMU LOCAL,CHENNAI BEACH,TAMBARAM,SUBURBAN,TRETA-CHEN-TAMB-Z17-40069,17
40070,TBM-MSB EMU LOCAL,TAMBARAM,CHENNAI BEACH,SUBURBAN,TRETA-TAMB-CHEN-Z17-40070,17
40071,MSB-TBM EMU LOCAL,CHENNAI BEACH,TAMBARAM,SUBURBAN,TRETA-CHEN-TAMB-Z17-40071,17
40072,TBM-MSB EMU LOCAL,TAMBARAM,CHENNAI BEACH,SUBURBAN,TRETA-TAMB-CHEN-Z17-40072,17
40073,MSB-TBM EMU LOCAL,CHENNAI BEACH,TAMBARAM,SUBURBAN,TRETA-CHEN-TAMB-Z17-40073,17
40074,TBM-MSB EMU LOCAL,TAMBARAM,CHENNAI BEACH,SUBURBAN,TRETA-TAMB-CHEN-Z17-40074,17
40075,MSB-TBM EMU LOCAL,CHENNAI BEACH,TAMBARAM,SUBURBAN,TRETA-CHEN-TAMB-Z17-40075,17
40076,TBM-MSB EMU LOCAL,TAMBARAM,CHENNAI BEACH,SUBURBAN,TRETA-TAMB-CHEN-Z17-40076,17
40077,MSB-TBM EMU LOCAL,CHENNAI BEACH,TAMBARAM,SUBURBAN,TRETA-CHEN-TAMB-Z17-40077,17
40078,TBM-MSB EMU LOCAL,TAMBARAM,CHENNAI BEACH,SUBURBAN,TRETA-TAMB-CHEN-Z17-40078,17
40079,MSB-TBM EMU LOCAL,CHENNAI BEACH,TAMBARAM,SUBURBAN,TRETA-CHEN-TAMB-Z17-40079,17
40080,TBM-MSB EMU LOCAL,TAMBARAM,CHENNAI BEACH,SUBURBAN,TRETA-TAMB-CHEN-Z17-40080,17
40081,MSB-TBM EMU LOCAL,CHENNAI BEACH,TAMBARAM,SUBURBAN,TRETA-CHEN-TAMB-Z17-40081,17
40082,TBM-MSB EMU LOCAL,TAMBARAM,CHENNAI BEACH,SUBURBAN,TRETA-TAMB-CHEN-Z17-40082,17
40083,MSB-TBM EMU LOCAL,CHENNAI BEACH,TAMBARAM,SUBURBAN,TRETA-CHEN-TAMB-Z17-40083,17
40084,TBM-MSB EMU LOCAL,TAMBARAM,CHENNAI BEACH,SUBURBAN,TRETA-TAMB-CHEN-Z17-40084,17
40085,MSB-TBM EMU LOCAL,CHENNAI BEACH,TAMBARAM,SUBURBAN,TRETA-CHEN-TAMB-Z17-40085,17
40086,TBM-MSB EMU LOCAL,TAMBARAM,CHENNAI BEACH,SUBURBAN,TRETA-TAMB-CHEN-Z17-40086,17
40087,MSB-TBM EMU LOCAL,CHENNAI BEACH,TAMBARAM,SUBURBAN,TRETA-CHEN-TAMB-Z17-40087,17
40088,TBM-MSB EMU LOCAL,TAMBARAM,CHENNAI BEACH,SUBURBAN,TRETA-TAMB-CHEN-Z17-40088,17
40089,MSB-TBM EMU LOCAL,CHENNAI BEACH,TAMBARAM,SUBURBAN,TRETA-CHEN-TAMB-Z17-40089,17
40090,TBM-MSB EMU LOCAL,TAMBARAM,CHENNAI BEACH,SUBURBAN,TRETA-TAMB-CHEN-Z17-40090,17
40091,MSB-TBM EMU LOCAL,CHENNAI BEACH,TAMBARAM,SUBURBAN,TRETA-CHEN-TAMB-Z17-40091,17
40092,TBM-MSB EMU LOCAL,TAMBARAM,CHENNAI BEACH,SUBURBAN,TRETA-TAMB-CHEN-Z17-40092,17
40094,TBM-MSB EMU LOCAL,TAMBARAM,CHENNAI BEACH,SUBURBAN,TRETA-TAMB-CHEN-Z17-40094,17
40096,TBM-MSB EMU LOCAL,TAMBARAM,CHENNAI BEACH,SUBURBAN,TRETA-TAMB-CHEN-Z17-40096,17
40201,MSB-GI EMU LOCAL,CHENNAI BEACH,GUDUVANCHERI,SUBURBAN,TRETA-CHEN-GUDU-Z21-40201,21
40202,GI-MSB EMU LOCAL,GUDUVANCHERI,CHENNAI BEACH,SUBURBAN,TRETA-GUDU-CHEN-Z21-40202,21
40203,MSB-GI EMU LOCAL,CHENNAI BEACH,GUDUVANCHERI,SUBURBAN,TRETA-CHEN-GUDU-Z21-40203,21
40204,GI-MSB EMU LOCAL,GUDUVANCHERI,CHENNAI BEACH,SUBURBAN,TRETA-GUDU-CHEN-Z21-40204,21
40205,MSB-GI EMU LOCAL,CHENNAI BEACH,GUDUVANCHERI,SUBURBAN,TRETA-CHEN-GUDU-Z21-40205,21
40206,GI-MSB EMU LOCAL,GUDUVANCHERI,CHENNAI BEACH,SUBURBAN,TRETA-GUDU-CHEN-Z21-40206,21
40207,MSB-GI EMU LOCAL,CHENNAI BEACH,GUDUVANCHERI,SUBURBAN,TRETA-CHEN-GUDU-Z21-40207,21
40208,GI-MSB EMU LOCAL,GUDUVANCHERI,CHENNAI BEACH,SUBURBAN,TRETA-GUDU-CHEN-Z21-40208,21
40209,MSB-GI EMU LOCAL,CHENNAI BEACH,GUDUVANCHERI,SUBURBAN,TRETA-CHEN-GUDU-Z21-40209,21
40251,MSB-GI EMU LOCAL,CHENNAI BEACH,GUDUVANCHERI,SUBURBAN,TRETA-CHEN-GUDU-Z21-40251,21
40252,GI-TBM EMU LOCAL,GUDUVANCHERI,TAMBARAM,SUBURBAN,TRETA-GUDU-TAMB-Z04-40252,4
40253,MSB-GI EMU LOCAL,CHENNAI BEACH,GUDUVANCHERI,SUBURBAN,TRETA-CHEN-GUDU-Z21-40253,21
40254,GI-TBM EMU LOCAL,GUDUVANCHERI,TAMBARAM,SUBURBAN,TRETA-GUDU-TAMB-Z04-40254,4
40255,MSB-GI EMU LOCAL,CHENNAI BEACH,GUDUVANCHERI,SUBURBAN,TRETA-CHEN-GUDU-Z21-40255,21
40256,GI-TBM EMU LOCAL,GUDUVANCHERI,TAMBARAM,SUBURBAN,TRETA-GUDU-TAMB-Z04-40256,4
40257,MSB-GI EMU LOCAL,CHENNAI BEACH,GUDUVANCHERI,SUBURBAN,TRETA-CHEN-GUDU-Z21-40257,21
40258,GI-TBM EMU LOCAL,GUDUVANCHERI,TAMBARAM,SUBURBAN,TRETA-GUDU-TAMB-Z04-40258,4
40259,MSB-GI EMU LOCAL,CHENNAI BEACH,GUDUVANCHERI,SUBURBAN,TRETA-CHEN-GUDU-Z21-40259,21
40260,GI-TBM EMU LOCAL,GUDUVANCHERI,TAMBARAM,SUBURBAN,TRETA-GUDU-TAMB-Z04-40260,4
40301,MSB-TBM EMU LOCAL,CHENNAI BEACH,TAMBARAM,SUBURBAN,TRETA-CHEN-TAMB-Z17-40301,17
40302,TBM-MSB EMU LOCAL,TAMBARAM,CHENNAI BEACH,SUBURBAN,TRETA-TAMB-CHEN-Z17-40302,17
40303,MSB-TBM EMU LOCAL,CHENNAI BEACH,TAMBARAM,SUBURBAN,TRETA-CHEN-TAMB-Z17-40303,17
40304,TBM-MSB EMU LOCAL,TAMBARAM,CHENNAI BEACH,SUBURBAN,TRETA-TAMB-CHEN-Z17-40304,17
40305,MSB-TBM EMU LOCAL,CHENNAI BEACH,TAMBARAM,SUBURBAN,TRETA-CHEN-TAMB-Z17-40305,17
40306,TBM-MSB EMU LOCAL,TAMBARAM,CHENNAI BEACH,SUBURBAN,TRETA-TAMB-CHEN-Z17-40306,17
40307,MSB-TBM EMU LOCAL,CHENNAI BEACH,TAMBARAM,SUBURBAN,TRETA-CHEN-TAMB-Z17-40307,17
40308,TBM-MSB EMU LOCAL,TAMBARAM,CHENNAI BEACH,SUBURBAN,TRETA-TAMB-CHEN-Z17-40308,17
40309,MSB-TBM EMU LOCAL,CHENNAI BEACH,TAMBARAM,SUBURBAN,TRETA-CHEN-TAMB-Z17-40309,17
40310,TBM-MSB EMU LOCAL,TAMBARAM,CHENNAI BEACH,SUBURBAN,TRETA-TAMB-CHEN-Z17-40310,17
40311,MSB-TBM EMU LOCAL,CHENNAI BEACH,TAMBARAM,SUBURBAN,TRETA-CHEN-TAMB-Z17-40311,17
40312,TBM-MSB EMU LOCAL,TAMBARAM,CHENNAI BEACH,SUBURBAN,TRETA-TAMB-CHEN-Z17-40312,17
40313,MSB-TBM EMU LOCAL,CHENNAI BEACH,TAMBARAM,SUBURBAN,TRETA-CHEN-TAMB-Z17-40313,17
40314,TBM-MSB EMU LOCAL,TAMBARAM,CHENNAI BEACH,SUBURBAN,TRETA-TAMB-CHEN-Z17-40314,17
40315,MSB-TBM EMU LOCAL,CHENNAI BEACH,TAMBARAM,SUBURBAN,TRETA-CHEN-TAMB-Z17-40315,17
40316,TBM-MSB EMU LOCAL,TAMBARAM,CHENNAI BEACH,SUBURBAN,TRETA-TAMB-CHEN-Z17-40316,17
40317,MSB-TBM EMU LOCAL,CHENNAI BEACH,TAMBARAM,SUBURBAN,TRETA-CHEN-TAMB-Z17-40317,17
40318,TBM-MSB EMU LOCAL,TAMBARAM,CHENNAI BEACH,SUBURBAN,TRETA-TAMB-CHEN-Z17-40318,17
40319,MSB-TBM EMU LOCAL,CHENNAI BEACH,TAMBARAM,SUBURBAN,TRETA-CHEN-TAMB-Z17-40319,17
40320,TBM-MSB EMU LOCAL,TAMBARAM,CHENNAI BEACH,SUBURBAN,TRETA-TAMB-CHEN-Z17-40320,17
40321,MSB-TBM EMU LOCAL,CHENNAI BEACH,TAMBARAM,SUBURBAN,TRETA-CHEN-TAMB-Z17-40321,17
40322,TBM-MSB EMU LOCAL,TAMBARAM,CHENNAI BEACH,SUBURBAN,TRETA-TAMB-CHEN-Z17-40322,17
40323,MSB-TBM EMU LOCAL,CHENNAI BEACH,TAMBARAM,SUBURBAN,TRETA-CHEN-TAMB-Z17-40323,17
40324,TBM-MSB EMU LOCAL,TAMBARAM,CHENNAI BEACH,SUBURBAN,TRETA-TAMB-CHEN-Z17-40324,17
40325,MSB-TBM EMU LOCAL,CHENNAI BEACH,TAMBARAM,SUBURBAN,TRETA-CHEN-TAMB-Z17-40325,17
40326,TBM-MSB EMU LOCAL,TAMBARAM,CHENNAI BEACH,SUBURBAN,TRETA-TAMB-CHEN-Z17-40326,17
40327,MSB-TBM EMU LOCAL,CHENNAI BEACH,TAMBARAM,SUBURBAN,TRETA-CHEN-TAMB-Z17-40327,17
40328,TBM-MSB EMU LOCAL,TAMBARAM,CHENNAI BEACH,SUBURBAN,TRETA-TAMB-CHEN-Z17-40328,17
40329,MSB-TBM EMU LOCAL,CHENNAI BEACH,TAMBARAM,SUBURBAN,TRETA-CHEN-TAMB-Z17-40329,17
40330,TBM-MSB EMU LOCAL,TAMBARAM,CHENNAI BEACH,SUBURBAN,TRETA-TAMB-CHEN-Z17-40330,17
40331,MSB-TBM EMU LOCAL,CHENNAI BEACH,TAMBARAM,SUBURBAN,TRETA-CHEN-TAMB-Z17-40331,17
40332,TBM-MSB EMU LOCAL,TAMBARAM,CHENNAI BEACH,SUBURBAN,TRETA-TAMB-CHEN-Z17-40332,17
40333,MSB-TBM EMU LOCAL,CHENNAI BEACH,TAMBARAM,SUBURBAN,TRETA-CHEN-TAMB-Z17-40333,17
40334,TBM-MSB EMU LOCAL,TAMBARAM,CHENNAI BEACH,SUBURBAN,TRETA-TAMB-CHEN-Z17-40334,17
40335,MSB-TBM EMU LOCAL,CHENNAI BEACH,TAMBARAM,SUBURBAN,TRETA-CHEN-TAMB-Z17-40335,17
40336,TBM-MSB EMU LOCAL,TAMBARAM,CHENNAI BEACH,SUBURBAN,TRETA-TAMB-CHEN-Z17-40336,17
40337,MSB-TBM EMU LOCAL,CHENNAI BEACH,TAMBARAM,SUBURBAN,TRETA-CHEN-TAMB-Z17-40337,17
40338,TBM-MSB EMU LOCAL,TAMBARAM,CHENNAI BEACH,SUBURBAN,TRETA-TAMB-CHEN-Z17-40338,17
40339,MSB-TBM EMU LOCAL,CHENNAI BEACH,TAMBARAM,SUBURBAN,TRETA-CHEN-TAMB-Z17-40339,17
40340,TBM-MSB EMU LOCAL,TAMBARAM,CHENNAI BEACH,SUBURBAN,TRETA-TAMB-CHEN-Z17-40340,17
40341,MSB-TBM EMU LOCAL,CHENNAI BEACH,TAMBARAM,SUBURBAN,TRETA-CHEN-TAMB-Z17-40341,17
40342,TBM-MSB EMU LOCAL,TAMBARAM,CHENNAI BEACH,SUBURBAN,TRETA-TAMB-CHEN-Z17-40342,17
40343,MSB-TBM EMU LOCAL,CHENNAI BEACH,TAMBARAM,SUBURBAN,TRETA-CHEN-TAMB-Z17-40343,17
40344,TBM-MSB EMU LOCAL,TAMBARAM,CHENNAI BEACH,SUBURBAN,TRETA-TAMB-CHEN-Z17-40344,17
40345,MSB-TBM EMU LOCAL,CHENNAI BEACH,TAMBARAM,SUBURBAN,TRETA-CHEN-TAMB-Z17-40345,17
40346,TBM-MSB EMU LOCAL,TAMBARAM,CHENNAI BEACH,SUBURBAN,TRETA-TAMB-CHEN-Z17-40346,17
40347,MSB-TBM EMU LOCAL,CHENNAI BEACH,TAMBARAM,SUBURBAN,TRETA-CHEN-TAMB-Z17-40347,17
40348,TBM-MSB EMU LOCAL,TAMBARAM,CHENNAI BEACH,SUBURBAN,TRETA-TAMB-CHEN-Z17-40348,17
40349,MSB-TBM EMU LOCAL,CHENNAI BEACH,TAMBARAM,SUBURBAN,TRETA-CHEN-TAMB-Z17-40349,17
40350,TBM-MSB EMU LOCAL,TAMBARAM,CHENNAI BEACH,SUBURBAN,TRETA-TAMB-CHEN-Z17-40350,17
40351,MSB-TBM EMU LOCAL,CHENNAI BEACH,TAMBARAM,SUBURBAN,TRETA-CHEN-TAMB-Z17-40351,17
40352,TBM-MSB EMU LOCAL,TAMBARAM,CHENNAI BEACH,SUBURBAN,TRETA-TAMB-CHEN-Z17-40352,17
40353,MSB-TBM EMU LOCAL,CHENNAI BEACH,TAMBARAM,SUBURBAN,TRETA-CHEN-TAMB-Z17-40353,17
40354,TBM-MSB EMU LOCAL,TAMBARAM,CHENNAI BEACH,SUBURBAN,TRETA-TAMB-CHEN-Z17-40354,17
40355,MSB-TBM EMU LOCAL,CHENNAI BEACH,TAMBARAM,SUBURBAN,TRETA-CHEN-TAMB-Z17-40355,17
40356,TBM-MSB EMU LOCAL,TAMBARAM,CHENNAI BEACH,SUBURBAN,TRETA-TAMB-CHEN-Z17-40356,17
40357,MSB-TBM EMU LOCAL,CHENNAI BEACH,TAMBARAM,SUBURBAN,TRETA-CHEN-TAMB-Z17-40357,17
40358,TBM-MSB EMU LOCAL,TAMBARAM,CHENNAI BEACH,SUBURBAN,TRETA-TAMB-CHEN-Z17-40358,17
40359,MSB-TBM EMU LOCAL,CHENNAI BEACH,TAMBARAM,SUBURBAN,TRETA-CHEN-TAMB-Z17-40359,17
40360,TBM-MSB EMU LOCAL,TAMBARAM,CHENNAI BEACH,SUBURBAN,TRETA-TAMB-CHEN-Z17-40360,17
40361,MSB-TBM EMU LOCAL,CHENNAI BEACH,TAMBARAM,SUBURBAN,TRETA-CHEN-TAMB-Z17-40361,17
40362,TBM-MSB EMU LOCAL,TAMBARAM,CHENNAI BEACH,SUBURBAN,TRETA-TAMB-CHEN-Z17-40362,17
40363,MSB-TBM EMU LOCAL,CHENNAI BEACH,TAMBARAM,SUBURBAN,TRETA-CHEN-TAMB-Z17-40363,17
40364,TBM-MSB EMU LOCAL,TAMBARAM,CHENNAI BEACH,SUBURBAN,TRETA-TAMB-CHEN-Z17-40364,17
40365,MSB-TBM EMU LOCAL,CHENNAI BEACH,TAMBARAM,SUBURBAN,TRETA-CHEN-TAMB-Z17-40365,17
40366,TBM-MSB EMU LOCAL,TAMBARAM,CHENNAI BEACH,SUBURBAN,TRETA-TAMB-CHEN-Z17-40366,17
40367,MSB-TBM EMU LOCAL,CHENNAI BEACH,TAMBARAM,SUBURBAN,TRETA-CHEN-TAMB-Z17-40367,17
40368,TBM-MSB EMU LOCAL,TAMBARAM,CHENNAI BEACH,SUBURBAN,TRETA-TAMB-CHEN-Z17-40368,17
40369,MSB-TBM EMU LOCAL,CHENNAI BEACH,TAMBARAM,SUBURBAN,TRETA-CHEN-TAMB-Z17-40369,17
40370,TBM-MSB EMU LOCAL,TAMBARAM,CHENNAI BEACH,SUBURBAN,TRETA-TAMB-CHEN-Z17-40370,17
40371,MSB-TBM EMU LOCAL,CHENNAI BEACH,TAMBARAM,SUBURBAN,TRETA-CHEN-TAMB-Z17-40371,17
40372,TBM-MSB EMU LOCAL,TAMBARAM,CHENNAI BEACH,SUBURBAN,TRETA-TAMB-CHEN-Z17-40372,17
40373,MSB-TBM EMU LOCAL,CHENNAI BEACH,TAMBARAM,SUBURBAN,TRETA-CHEN-TAMB-Z17-40373,17
40374,TBM-MSB EMU LOCAL,TAMBARAM,CHENNAI BEACH,SUBURBAN,TRETA-TAMB-CHEN-Z17-40374,17
40375,MSB-TBM EMU LOCAL,CHENNAI BEACH,TAMBARAM,SUBURBAN,TRETA-CHEN-TAMB-Z17-40375,17
40376,TBM-MSB EMU LOCAL,TAMBARAM,CHENNAI BEACH,SUBURBAN,TRETA-TAMB-CHEN-Z17-40376,17
40377,MSB-TBM EMU LOCAL,CHENNAI BEACH,TAMBARAM,SUBURBAN,TRETA-CHEN-TAMB-Z17-40377,17
40378,TBM-MSB EMU LOCAL,TAMBARAM,CHENNAI BEACH,SUBURBAN,TRETA-TAMB-CHEN-Z17-40378,17
40379,MSB-TBM EMU LOCAL,CHENNAI BEACH,TAMBARAM,SUBURBAN,TRETA-CHEN-TAMB-Z17-40379,17
40380,TBM-MSB EMU LOCAL,TAMBARAM,CHENNAI BEACH,SUBURBAN,TRETA-TAMB-CHEN-Z17-40380,17
40381,MSB-TBM EMU LOCAL,CHENNAI BEACH,TAMBARAM,SUBURBAN,TRETA-CHEN-TAMB-Z17-40381,17
40382,TBM-MSB EMU LOCAL,TAMBARAM,CHENNAI BEACH,SUBURBAN,TRETA-TAMB-CHEN-Z17-40382,17
40383,MSB-TBM EMU LOCAL,CHENNAI BEACH,TAMBARAM,SUBURBAN,TRETA-CHEN-TAMB-Z17-40383,17
40384,TBM-MSB EMU LOCAL,TAMBARAM,CHENNAI BEACH,SUBURBAN,TRETA-TAMB-CHEN-Z17-40384,17
40385,MSB-TBM EMU LOCAL,CHENNAI BEACH,TAMBARAM,SUBURBAN,TRETA-CHEN-TAMB-Z17-40385,17
40386,TBM-MSB EMU LOCAL,TAMBARAM,CHENNAI BEACH,SUBURBAN,TRETA-TAMB-CHEN-Z17-40386,17
40388,TBM-MSB EMU LOCAL,TAMBARAM,CHENNAI BEACH,SUBURBAN,TRETA-TAMB-CHEN-Z17-40388,17
40390,TBM-MSB EMU LOCAL,TAMBARAM,CHENNAI BEACH,SUBURBAN,TRETA-TAMB-CHEN-Z17-40390,17
40392,TBM-MSB EMU LOCAL,TAMBARAM,CHENNAI BEACH,SUBURBAN,TRETA-TAMB-CHEN-Z17-40392,17
40393,MSB-TBM EMU LOCAL,CHENNAI BEACH,TAMBARAM,SUBURBAN,TRETA-CHEN-TAMB-Z17-40393,17
40394,TBM-MSB EMU LOCAL,TAMBARAM,CHENNAI BEACH,SUBURBAN,TRETA-TAMB-CHEN-Z17-40394,17
40396,TBM-MSB EMU LOCAL,TAMBARAM,CHENNAI BEACH,SUBURBAN,TRETA-TAMB-CHEN-Z17-40396,17
40397,MSB-TBM EMU LOCAL,CHENNAI BEACH,TAMBARAM,SUBURBAN,TRETA-CHEN-TAMB-Z17-40397,17
40399,MSB-TBM EMU LOCAL,CHENNAI BEACH,TAMBARAM,SUBURBAN,TRETA-CHEN-TAMB-Z17-40399,17
40501,MSB-CGL SUB LOCAL,CHENNAI BEACH,CHENGALPATTU JN.,SUBURBAN,TRETA-CHEN-CHEN-Z27-40501,27
40502,CGL-MSB EMU LOCAL,CHENGALPATTU JN.,CHENNAI BEACH,SUBURBAN,TRETA-CHEN-CHEN-Z27-40502,27
40503,MSB-CGL SUB LOCAL,CHENNAI BEACH,CHENGALPATTU JN.,SUBURBAN,TRETA-CHEN-CHEN-Z27-40503,27
40504,CGL-MSB EMU LOCAL,CHENGALPATTU JN.,CHENNAI BEACH,SUBURBAN,TRETA-CHEN-CHEN-Z27-40504,27
40505,MSB-CGL SUB LOCAL,CHENNAI BEACH,CHENGALPATTU JN.,SUBURBAN,TRETA-CHEN-CHEN-Z27-40505,27
40506,CGL-MSB EMU LOCAL,CHENGALPATTU JN.,CHENNAI BEACH,SUBURBAN,TRETA-CHEN-CHEN-Z27-40506,27
40507,MSB-CGL SUB LOCAL,CHENNAI BEACH,CHENGALPATTU JN.,SUBURBAN,TRETA-CHEN-CHEN-Z27-40507,27
40508,CGL-MSB EMU LOCAL,CHENGALPATTU JN.,CHENNAI BEACH,SUBURBAN,TRETA-CHEN-CHEN-Z27-40508,27
40509,MSB-CGL SUB LOCAL,CHENNAI BEACH,CHENGALPATTU JN.,SUBURBAN,TRETA-CHEN-CHEN-Z27-40509,27
40510,CGL-MSB EMU LOCAL,CHENGALPATTU JN.,CHENNAI BEACH,SUBURBAN,TRETA-CHEN-CHEN-Z27-40510,27
40511,MSB-CGL SUB LOCAL,CHENNAI BEACH,CHENGALPATTU JN.,SUBURBAN,TRETA-CHEN-CHEN-Z27-40511,27
40512,CGL-MSB EMU LOCAL,CHENGALPATTU JN.,CHENNAI BEACH,SUBURBAN,TRETA-CHEN-CHEN-Z27-40512,27
40513,MSB-CGL SUB LOCAL,CHENNAI BEACH,CHENGALPATTU JN.,SUBURBAN,TRETA-CHEN-CHEN-Z27-40513,27
40514,CGL-MSB EMU LOCAL,CHENGALPATTU JN.,CHENNAI BEACH,SUBURBAN,TRETA-CHEN-CHEN-Z27-40514,27
40515,MSB-CGL SUB LOCAL,CHENNAI BEACH,CHENGALPATTU JN.,SUBURBAN,TRETA-CHEN-CHEN-Z27-40515,27
40516,CGL-MSB EMU LOCAL,CHENGALPATTU JN.,CHENNAI BEACH,SUBURBAN,TRETA-CHEN-CHEN-Z27-40516,27
40517,MSB-CGL SUB LOCAL,CHENNAI BEACH,CHENGALPATTU JN.,SUBURBAN,TRETA-CHEN-CHEN-Z27-40517,27
40518,CGL-MSB SEMI FAST LOCAL,CHENGALPATTU JN.,CHENNAI BEACH,SUBURBAN,TRETA-CHEN-CHEN-Z17-40518,17
40519,MSB-CGL SUB LOCAL,CHENNAI BEACH,CHENGALPATTU JN.,SUBURBAN,TRETA-CHEN-CHEN-Z27-40519,27
40520,CGL-MSB SEMI FAST LOCAL,CHENGALPATTU JN.,CHENNAI BEACH,SUBURBAN,TRETA-CHEN-CHEN-Z17-40520,17
40521,MSB-CGL SUB LOCAL,CHENNAI BEACH,CHENGALPATTU JN.,SUBURBAN,TRETA-CHEN-CHEN-Z27-40521,27
40522,CGL-MSB EMU LOCAL,CHENGALPATTU JN.,CHENNAI BEACH,SUBURBAN,TRETA-CHEN-CHEN-Z27-40522,27
40523,MSB-CGL SUB LOCAL,CHENNAI BEACH,CHENGALPATTU JN.,SUBURBAN,TRETA-CHEN-CHEN-Z27-40523,27
40524,CGL-MSB EMU LOCAL,CHENGALPATTU JN.,CHENNAI BEACH,SUBURBAN,TRETA-CHEN-CHEN-Z27-40524,27
40525,MSB-CGL SUB LOCAL,CHENNAI BEACH,CHENGALPATTU JN.,SUBURBAN,TRETA-CHEN-CHEN-Z27-40525,27
40526,CGL-MSB SEMI FAST LOCAL,CHENGALPATTU JN.,CHENNAI BEACH,SUBURBAN,TRETA-CHEN-CHEN-Z17-40526,17
40527,MSB-CGL SUB LOCAL,CHENNAI BEACH,CHENGALPATTU JN.,SUBURBAN,TRETA-CHEN-CHEN-Z27-40527,27
40528,CGL-MSB EMU LOCAL,CHENGALPATTU JN.,CHENNAI BEACH,SUBURBAN,TRETA-CHEN-CHEN-Z27-40528,27
40529,MSB-CGL SUB LOCAL,CHENNAI BEACH,CHENGALPATTU JN.,SUBURBAN,TRETA-CHEN-CHEN-Z27-40529,27
40530,CGL-MSB EMU LOCAL,CHENGALPATTU JN.,CHENNAI BEACH,SUBURBAN,TRETA-CHEN-CHEN-Z27-40530,27
40531,MSB-CGL SUB LOCAL,CHENNAI BEACH,CHENGALPATTU JN.,SUBURBAN,TRETA-CHEN-CHEN-Z27-40531,27
40532,CGL-MSB EMU LOCAL,CHENGALPATTU JN.,CHENNAI BEACH,SUBURBAN,TRETA-CHEN-CHEN-Z27-40532,27
40533,MSB-CGL SUB LOCAL,CHENNAI BEACH,CHENGALPATTU JN.,SUBURBAN,TRETA-CHEN-CHEN-Z27-40533,27
40534,CGL-MSB EMU LOCAL,CHENGALPATTU JN.,CHENNAI BEACH,SUBURBAN,TRETA-CHEN-CHEN-Z27-40534,27
40535,MSB-CGL SUB LOCAL,CHENNAI BEACH,CHENGALPATTU JN.,SUBURBAN,TRETA-CHEN-CHEN-Z27-40535,27
40536,CGL-MSB EMU LOCAL,CHENGALPATTU JN.,CHENNAI BEACH,SUBURBAN,TRETA-CHEN-CHEN-Z27-40536,27
40537,MSB-CGL SUB LOCAL,CHENNAI BEACH,CHENGALPATTU JN.,SUBURBAN,TRETA-CHEN-CHEN-Z27-40537,27
40538,CGL-MSB EMU LOCAL,CHENGALPATTU JN.,CHENNAI BEACH,SUBURBAN,TRETA-CHEN-CHEN-Z27-40538,27
40539,MSB-CGL SUB LOCAL,CHENNAI BEACH,CHENGALPATTU JN.,SUBURBAN,TRETA-CHEN-CHEN-Z27-40539,27
40540,CGL-MSB EMU LOCAL,CHENGALPATTU JN.,CHENNAI BEACH,SUBURBAN,TRETA-CHEN-CHEN-Z27-40540,27
40541,MSB-CGL SUB LOCAL,CHENNAI BEACH,CHENGALPATTU JN.,SUBURBAN,TRETA-CHEN-CHEN-Z27-40541,27
40542,CGL-MSB EMU LOCAL,CHENGALPATTU JN.,CHENNAI BEACH,SUBURBAN,TRETA-CHEN-CHEN-Z27-40542,27
40543,MSB-CGL SUB LOCAL,CHENNAI BEACH,CHENGALPATTU JN.,SUBURBAN,TRETA-CHEN-CHEN-Z27-40543,27
40544,CGL-MSB EMU LOCAL,CHENGALPATTU JN.,CHENNAI BEACH,SUBURBAN,TRETA-CHEN-CHEN-Z27-40544,27
40545,MSB-CGL SUB LOCAL,CHENNAI BEACH,CHENGALPATTU JN.,SUBURBAN,TRETA-CHEN-CHEN-Z27-40545,27
40546,CGL-MSB EMU LOCAL,CHENGALPATTU JN.,CHENNAI BEACH,SUBURBAN,TRETA-CHEN-CHEN-Z27-40546,27
40547,MSB-CGL SUB LOCAL,CHENNAI BEACH,CHENGALPATTU JN.,SUBURBAN,TRETA-CHEN-CHEN-Z27-40547,27
40548,CGL-MSB EMU LOCAL,CHENGALPATTU JN.,CHENNAI BEACH,SUBURBAN,TRETA-CHEN-CHEN-Z27-40548,27
40549,MSB-CGL SUB LOCAL,CHENNAI BEACH,CHENGALPATTU JN.,SUBURBAN,TRETA-CHEN-CHEN-Z27-40549,27
40550,CGL-MSB EMU LOCAL,CHENGALPATTU JN.,CHENNAI BEACH,SUBURBAN,TRETA-CHEN-CHEN-Z27-40550,27
40551,MSB-CGL SUB LOCAL,CHENNAI BEACH,CHENGALPATTU JN.,SUBURBAN,TRETA-CHEN-CHEN-Z27-40551,27
40552,CGL-MSB EMU LOCAL,CHENGALPATTU JN.,CHENNAI BEACH,SUBURBAN,TRETA-CHEN-CHEN-Z27-40552,27
40553,MSB-CGL SUB LOCAL,CHENNAI BEACH,CHENGALPATTU JN.,SUBURBAN,TRETA-CHEN-CHEN-Z27-40553,27
40554,CGL-MSB EMU LOCAL,CHENGALPATTU JN.,CHENNAI BEACH,SUBURBAN,TRETA-CHEN-CHEN-Z27-40554,27
40555,MSB-CGL SUB LOCAL,CHENNAI BEACH,CHENGALPATTU JN.,SUBURBAN,TRETA-CHEN-CHEN-Z27-40555,27
40556,CGL-MSB EMU LOCAL,CHENGALPATTU JN.,CHENNAI BEACH,SUBURBAN,TRETA-CHEN-CHEN-Z27-40556,27
40557,MSB-CGL SUB LOCAL,CHENNAI BEACH,CHENGALPATTU JN.,SUBURBAN,TRETA-CHEN-CHEN-Z27-40557,27
40558,CGL-MSB EMU LOCAL,CHENGALPATTU JN.,CHENNAI BEACH,SUBURBAN,TRETA-CHEN-CHEN-Z27-40558,27
40559,MSB-CGL SUB LOCAL,CHENNAI BEACH,CHENGALPATTU JN.,SUBURBAN,TRETA-CHEN-CHEN-Z27-40559,27
40560,CGL-MSB EMU LOCAL,CHENGALPATTU JN.,CHENNAI BEACH,SUBURBAN,TRETA-CHEN-CHEN-Z27-40560,27
40561,MSB-CGL SUB LOCAL,CHENNAI BEACH,CHENGALPATTU JN.,SUBURBAN,TRETA-CHEN-CHEN-Z27-40561,27
40562,CGL-MSB EMU LOCAL,CHENGALPATTU JN.,CHENNAI BEACH,SUBURBAN,TRETA-CHEN-CHEN-Z27-40562,27
40563,MSB-CGL SUB LOCAL,CHENNAI BEACH,CHENGALPATTU JN.,SUBURBAN,TRETA-CHEN-CHEN-Z27-40563,27
40564,CGL-MSB EMU LOCAL,CHENGALPATTU JN.,CHENNAI BEACH,SUBURBAN,TRETA-CHEN-CHEN-Z27-40564,27
40565,MSB-CGL SUB LOCAL,CHENNAI BEACH,CHENGALPATTU JN.,SUBURBAN,TRETA-CHEN-CHEN-Z27-40565,27
40566,CGL-MSB EMU LOCAL,CHENGALPATTU JN.,CHENNAI BEACH,SUBURBAN,TRETA-CHEN-CHEN-Z27-40566,27
40567,MSB-CGL SUB LOCAL,CHENNAI BEACH,CHENGALPATTU JN.,SUBURBAN,TRETA-CHEN-CHEN-Z27-40567,27
40568,CGL-MSB EMU LOCAL,CHENGALPATTU JN.,CHENNAI BEACH,SUBURBAN,TRETA-CHEN-CHEN-Z27-40568,27
40569,MSB-CGL SUB LOCAL,CHENNAI BEACH,CHENGALPATTU JN.,SUBURBAN,TRETA-CHEN-CHEN-Z27-40569,27
40570,CGL-MSB EMU LOCAL,CHENGALPATTU JN.,CHENNAI BEACH,SUBURBAN,TRETA-CHEN-CHEN-Z27-40570,27
40571,MSB-CGL SUB LOCAL,CHENNAI BEACH,CHENGALPATTU JN.,SUBURBAN,TRETA-CHEN-CHEN-Z27-40571,27
40572,CGL-MSB EMU LOCAL,CHENGALPATTU JN.,CHENNAI BEACH,SUBURBAN,TRETA-CHEN-CHEN-Z27-40572,27
40581,TAMBARAM-CHENGALPATTU EMU,TAMBARAM,CHENGALPATTU JN.,SUBURBAN,TRETA-TAMB-CHEN-Z10-40581,10
40582,CHENGALPATTU-TAMBARAM EMU,CHENGALPATTU JN.,TAMBARAM,SUBURBAN,TRETA-CHEN-TAMB-Z10-40582,10
40592,GI-TBM EMU LOCAL,GUDUVANCHERI,TAMBARAM,SUBURBAN,TRETA-GUDU-TAMB-Z04-40592,4
40601,MSB-CGL EMU LOCAL,CHENNAI BEACH,CHENGALPATTU JN.,SUBURBAN,TRETA-CHEN-CHEN-Z27-40601,27
40602,CGL-MSB EMU LOCAL,CHENGALPATTU JN.,CHENNAI BEACH,SUBURBAN,TRETA-CHEN-CHEN-Z27-40602,27
40603,MSB-CGL EMU LOCAL,CHENNAI BEACH,CHENGALPATTU JN.,SUBURBAN,TRETA-CHEN-CHEN-Z27-40603,27
40604,CGL-MSB EMU LOCAL,CHENGALPATTU JN.,CHENNAI BEACH,SUBURBAN,TRETA-CHEN-CHEN-Z27-40604,27
40605,MSB-CGL EMU LOCAL,CHENNAI BEACH,CHENGALPATTU JN.,SUBURBAN,TRETA-CHEN-CHEN-Z27-40605,27
40606,CGL-MSB EMU LOCAL,CHENGALPATTU JN.,CHENNAI BEACH,SUBURBAN,TRETA-CHEN-CHEN-Z27-40606,27
40607,MSB-CGL EMU LOCAL,CHENNAI BEACH,CHENGALPATTU JN.,SUBURBAN,TRETA-CHEN-CHEN-Z27-40607,27
40608,CGL-MSB EMU LOCAL,CHENGALPATTU JN.,CHENNAI BEACH,SUBURBAN,TRETA-CHEN-CHEN-Z27-40608,27
40609,MSB-CGL EMU LOCAL,CHENNAI BEACH,CHENGALPATTU JN.,SUBURBAN,TRETA-CHEN-CHEN-Z27-40609,27
40610,CGL-MSB EMU LOCAL,CHENGALPATTU JN.,CHENNAI BEACH,SUBURBAN,TRETA-CHEN-CHEN-Z27-40610,27
40611,MSB-CGL EMU LOCAL,CHENNAI BEACH,CHENGALPATTU JN.,SUBURBAN,TRETA-CHEN-CHEN-Z27-40611,27
40612,CGL-MSB EMU LOCAL,CHENGALPATTU JN.,CHENNAI BEACH,SUBURBAN,TRETA-CHEN-CHEN-Z27-40612,27
40613,MSB-CGL EMU LOCAL,CHENNAI BEACH,CHENGALPATTU JN.,SUBURBAN,TRETA-CHEN-CHEN-Z27-40613,27
40614,CGL-MSB EMU LOCAL,CHENGALPATTU JN.,CHENNAI BEACH,SUBURBAN,TRETA-CHEN-CHEN-Z27-40614,27
40615,MSB-CGL EMU LOCAL,CHENNAI BEACH,CHENGALPATTU JN.,SUBURBAN,TRETA-CHEN-CHEN-Z27-40615,27
40616,CGL-MSB EMU LOCAL,CHENGALPATTU JN.,CHENNAI BEACH,SUBURBAN,TRETA-CHEN-CHEN-Z27-40616,27
40617,MSB-CGL EMU LOCAL,CHENNAI BEACH,CHENGALPATTU JN.,SUBURBAN,TRETA-CHEN-CHEN-Z27-40617,27
40618,CGL-MSB EMU LOCAL,CHENGALPATTU JN.,CHENNAI BEACH,SUBURBAN,TRETA-CHEN-CHEN-Z27-40618,27
40619,MSB-CGL EMU LOCAL,CHENNAI BEACH,CHENGALPATTU JN.,SUBURBAN,TRETA-CHEN-CHEN-Z27-40619,27
40620,CGL-MSB EMU LOCAL,CHENGALPATTU JN.,CHENNAI BEACH,SUBURBAN,TRETA-CHEN-CHEN-Z27-40620,27
40621,MSB-CGL EMU LOCAL,CHENNAI BEACH,CHENGALPATTU JN.,SUBURBAN,TRETA-CHEN-CHEN-Z27-40621,27
40622,CGL-MSB EMU LOCAL,CHENGALPATTU JN.,CHENNAI BEACH,SUBURBAN,TRETA-CHEN-CHEN-Z27-40622,27
40623,MSB-CGL EMU LOCAL,CHENNAI BEACH,CHENGALPATTU JN.,SUBURBAN,TRETA-CHEN-CHEN-Z27-40623,27
40624,CGL-MSB EMU LOCAL,CHENGALPATTU JN.,CHENNAI BEACH,SUBURBAN,TRETA-CHEN-CHEN-Z27-40624,27
40625,MSB-CGL EMU LOCAL,CHENNAI BEACH,CHENGALPATTU JN.,SUBURBAN,TRETA-CHEN-CHEN-Z27-40625,27
40626,CGL-MSB EMU LOCAL,CHENGALPATTU JN.,CHENNAI BEACH,SUBURBAN,TRETA-CHEN-CHEN-Z27-40626,27
40627,MSB-CGL EMU LOCAL,CHENNAI BEACH,CHENGALPATTU JN.,SUBURBAN,TRETA-CHEN-CHEN-Z27-40627,27
40628,CGL-MSB EMU LOCAL,CHENGALPATTU JN.,CHENNAI BEACH,SUBURBAN,TRETA-CHEN-CHEN-Z27-40628,27
40629,MSB-CGL EMU LOCAL,CHENNAI BEACH,CHENGALPATTU JN.,SUBURBAN,TRETA-CHEN-CHEN-Z27-40629,27
40630,CGL-MSB EMU LOCAL,CHENGALPATTU JN.,CHENNAI BEACH,SUBURBAN,TRETA-CHEN-CHEN-Z27-40630,27
40631,MSB-CGL EMU LOCAL,CHENNAI BEACH,CHENGALPATTU JN.,SUBURBAN,TRETA-CHEN-CHEN-Z27-40631,27
40632,CGL-MSB EMU LOCAL,CHENGALPATTU JN.,CHENNAI BEACH,SUBURBAN,TRETA-CHEN-CHEN-Z27-40632,27
40633,MSB-CGL EMU LOCAL,CHENNAI BEACH,CHENGALPATTU JN.,SUBURBAN,TRETA-CHEN-CHEN-Z27-40633,27
40634,CGL-MSB EMU LOCAL,CHENGALPATTU JN.,CHENNAI BEACH,SUBURBAN,TRETA-CHEN-CHEN-Z27-40634,27
40635,MSB-CGL EMU LOCAL,CHENNAI BEACH,CHENGALPATTU JN.,SUBURBAN,TRETA-CHEN-CHEN-Z27-40635,27
40636,CGL-MSB EMU LOCAL,CHENGALPATTU JN.,CHENNAI BEACH,SUBURBAN,TRETA-CHEN-CHEN-Z27-40636,27
40637,MSB-CGL EMU LOCAL,CHENNAI BEACH,CHENGALPATTU JN.,SUBURBAN,TRETA-CHEN-CHEN-Z27-40637,27
40638,CGL-MSB EMU LOCAL,CHENGALPATTU JN.,CHENNAI BEACH,SUBURBAN,TRETA-CHEN-CHEN-Z27-40638,27
40639,MSB-CGL EMU LOCAL,CHENNAI BEACH,CHENGALPATTU JN.,SUBURBAN,TRETA-CHEN-CHEN-Z27-40639,27
40640,CGL-MSB EMU LOCAL,CHENGALPATTU JN.,CHENNAI BEACH,SUBURBAN,TRETA-CHEN-CHEN-Z27-40640,27
40641,MSB-CGL EMU LOCAL,CHENNAI BEACH,CHENGALPATTU JN.,SUBURBAN,TRETA-CHEN-CHEN-Z27-40641,27
40642,CGL-MSB EMU LOCAL,CHENGALPATTU JN.,CHENNAI BEACH,SUBURBAN,TRETA-CHEN-CHEN-Z27-40642,27
40643,MSB-CGL EMU LOCAL,CHENNAI BEACH,CHENGALPATTU JN.,SUBURBAN,TRETA-CHEN-CHEN-Z27-40643,27
40644,CGL-MSB EMU LOCAL,CHENGALPATTU JN.,CHENNAI BEACH,SUBURBAN,TRETA-CHEN-CHEN-Z27-40644,27
40645,MSB-CGL EMU LOCAL,CHENNAI BEACH,CHENGALPATTU JN.,SUBURBAN,TRETA-CHEN-CHEN-Z27-40645,27
40646,CGL-MSB EMU LOCAL,CHENGALPATTU JN.,CHENNAI BEACH,SUBURBAN,TRETA-CHEN-CHEN-Z27-40646,27
40647,MSB-CGL EMU LOCAL,CHENNAI BEACH,CHENGALPATTU JN.,SUBURBAN,TRETA-CHEN-CHEN-Z27-40647,27
40648,CGL-MSB EMU LOCAL,CHENGALPATTU JN.,CHENNAI BEACH,SUBURBAN,TRETA-CHEN-CHEN-Z27-40648,27
40649,MSB-CGL EMU LOCAL,CHENNAI BEACH,CHENGALPATTU JN.,SUBURBAN,TRETA-CHEN-CHEN-Z27-40649,27
40650,CGL-MSB EMU LOCAL,CHENGALPATTU JN.,CHENNAI BEACH,SUBURBAN,TRETA-CHEN-CHEN-Z27-40650,27
40651,MSB-CGL EMU LOCAL,CHENNAI BEACH,CHENGALPATTU JN.,SUBURBAN,TRETA-CHEN-CHEN-Z27-40651,27
40652,CGL-MSB EMU LOCAL,CHENGALPATTU JN.,CHENNAI BEACH,SUBURBAN,TRETA-CHEN-CHEN-Z27-40652,27
40653,MSB-CGL EMU LOCAL,CHENNAI BEACH,CHENGALPATTU JN.,SUBURBAN,TRETA-CHEN-CHEN-Z27-40653,27
40654,CGL-MSB EMU LOCAL,CHENGALPATTU JN.,CHENNAI BEACH,SUBURBAN,TRETA-CHEN-CHEN-Z27-40654,27
40655,MSB-CGL EMU LOCAL,CHENNAI BEACH,CHENGALPATTU JN.,SUBURBAN,TRETA-CHEN-CHEN-Z27-40655,27
40656,CGL-MSB EMU LOCAL,CHENGALPATTU JN.,CHENNAI BEACH,SUBURBAN,TRETA-CHEN-CHEN-Z27-40656,27
40657,MSB-CGL EMU LOCAL,CHENNAI BEACH,CHENGALPATTU JN.,SUBURBAN,TRETA-CHEN-CHEN-Z27-40657,27
40658,CGL-MSB EMU LOCAL,CHENGALPATTU JN.,CHENNAI BEACH,SUBURBAN,TRETA-CHEN-CHEN-Z27-40658,27
40659,MSB-CGL EMU LOCAL,CHENNAI BEACH,CHENGALPATTU JN.,SUBURBAN,TRETA-CHEN-CHEN-Z27-40659,27
40660,CGL-MSB EMU LOCAL,CHENGALPATTU JN.,CHENNAI BEACH,SUBURBAN,TRETA-CHEN-CHEN-Z27-40660,27
40661,MSB-CGL EMU LOCAL,CHENNAI BEACH,CHENGALPATTU JN.,SUBURBAN,TRETA-CHEN-CHEN-Z27-40661,27
40662,CGL-MSB EMU LOCAL,CHENGALPATTU JN.,CHENNAI BEACH,SUBURBAN,TRETA-CHEN-CHEN-Z27-40662,27
40701,MSB-CJ SEMI FAST,CHENNAI BEACH,KANCHIPURAM,SUBURBAN,TRETA-CHEN-KANC-Z31-40701,31
40702,CJ-MSB EMU LOCAL,KANCHIPURAM,CHENNAI BEACH,SUBURBAN,TRETA-KANC-CHEN-Z35-40702,35
40703,MSB-CJ EMU LOCAL,CHENNAI BEACH,KANCHIPURAM,SUBURBAN,TRETA-CHEN-KANC-Z35-40703,35
40704,CJ-MSB EMU LOCAL,KANCHIPURAM,CHENNAI BEACH,SUBURBAN,TRETA-KANC-CHEN-Z35-40704,35
40751,MSB-CJ EMU,CHENNAI BEACH,KANCHIPURAM,SUBURBAN,TRETA-CHEN-KANC-Z35-40751,35
40752,CJ-MSB EMU LOCAL,KANCHIPURAM,CHENNAI BEACH,SUBURBAN,TRETA-KANC-CHEN-Z35-40752,35
40753,MSB-CJ EMU LOCAL,CHENNAI BEACH,KANCHIPURAM,SUBURBAN,TRETA-CHEN-KANC-Z35-40753,35
40754,CJ - MSB SEMI FAST,KANCHIPURAM,CHENNAI BEACH,SUBURBAN,TRETA-KANC-CHEN-Z35-40754,35
40801,MSB-TMLP EMU LOCAL,CHENNAI BEACH,TIRUMALPUR,SUBURBAN,TRETA-CHEN-TIRU-Z36-40801,36
40802,TMLP-MSB FAST,TIRUMALPUR,CHENNAI BEACH,SUBURBAN,TRETA-TIRU-CHEN-Z12-40802,12
40803,MSB-TMLP EMU LOCAL,CHENNAI BEACH,TIRUMALPUR,SUBURBAN,TRETA-CHEN-TIRU-Z36-40803,36
40804,TMLP-MSB EMU LOCAL,TIRUMALPUR,CHENNAI BEACH,SUBURBAN,TRETA-TIRU-CHEN-Z36-40804,36
40805,MSB-TMLP SEMI FAST,CHENNAI BEACH,TIRUMALPUR,SUBURBAN,TRETA-CHEN-TIRU-Z32-40805,32
40806,TMLP-MSB EMU LOCAL,TIRUMALPUR,CHENNAI BEACH,SUBURBAN,TRETA-TIRU-CHEN-Z36-40806,36
40851,MSB-TMLP EMU LOCAL,CHENNAI BEACH,TIRUMALPUR,SUBURBAN,TRETA-CHEN-TIRU-Z36-40851,36
40852,TMLP-MSB EMU LOCAL,TIRUMALPUR,CHENNAI BEACH,SUBURBAN,TRETA-TIRU-CHEN-Z36-40852,36
40853,MSB-TMLP EMU LOCAL,CHENNAI BEACH,TIRUMALPUR,SUBURBAN,TRETA-CHEN-TIRU-Z36-40853,36
40854,TMLP-MSB EMU LOCAL,TIRUMALPUR,CHENNAI BEACH,SUBURBAN,TRETA-TIRU-CHEN-Z36-40854,36
40855,MSB-TMLP EMU,CHENNAI BEACH,TIRUMALPUR,SUBURBAN,TRETA-CHEN-TIRU-Z36-40855,36
40856,TMLP-CGL-MSB EMU LOCAL,TIRUMALPUR,CHENNAI BEACH,SUBURBAN,TRETA-TIRU-CHEN-Z36-40856,36
40901,MSB-CGL-AJJ EMU,CHENNAI BEACH,ARAKKONAM JN.,SUBURBAN,TRETA-CHEN-ARAK-Z38-40901,38
40902,AJJ-CGL-MSB EMU LOCAL,ARAKKONAM JN.,CHENNAI BEACH,SUBURBAN,TRETA-ARAK-CHEN-Z38-40902,38
40903,MSB-CGL-AJJ EMU FAST,CHENNAI BEACH,ARAKKONAM JN.,SUBURBAN,TRETA-CHEN-ARAK-Z14-40903,14
40904,AJJ-CGL-MSB EMU FAST,ARAKKONAM JN.,CHENNAI BEACH,SUBURBAN,TRETA-ARAK-CHEN-Z17-40904,17
40905,MSB-CGL-AJJ EMU LOCAL,CHENNAI BEACH,ARAKKONAM JN.,SUBURBAN,TRETA-CHEN-ARAK-Z38-40905,38
40906,AJJ-CGL-MSB EMU LOCAL,ARAKKONAM JN.,CHENNAI BEACH,SUBURBAN,TRETA-ARAK-CHEN-Z38-40906,38
40951,MSB-CGL-AJJ EMU LOCAL,CHENNAI BEACH,ARAKKONAM JN.,SUBURBAN,TRETA-CHEN-ARAK-Z38-40951,38
40952,AJJ-CGL-MSB-EMU LOCAL,ARAKKONAM JN.,CHENNAI BEACH,SUBURBAN,TRETA-ARAK-CHEN-Z38-40952,38
40953,MSB-CGL-AJJ EMU,CHENNAI BEACH,ARAKKONAM JN.,SUBURBAN,TRETA-CHEN-ARAK-Z38-40953,38
40954,AJJ-CGL-MSB EMU,ARAKKONAM JN.,CHENNAI BEACH,SUBURBAN,TRETA-ARAK-CHEN-Z38-40954,38
40955,MSB-CGL-AJJ EMU,CHENNAI BEACH,ARAKKONAM JN.,SUBURBAN,TRETA-CHEN-ARAK-Z38-40955,38
40956,AJJ-CGL-MSB LOCAL,ARAKKONAM JN.,CHENNAI BEACH,SUBURBAN,TRETA-ARAK-CHEN-Z38-40956,38
41001,MSB-STMM  MRTS  SUB,CHENNAI BEACH,ST THOMAS MOUNT(MRTS),SUBURBAN,TRETA-CHEN-ST_T-Z19-41001,19
41002,STMM  MRTS -MSB SUB,ST THOMAS MOUNT(MRTS),CHENNAI BEACH,SUBURBAN,TRETA-ST_T-CHEN-Z19-41002,19
41003,MSB-STMM  MRTS  SUB,CHENNAI BEACH,ST THOMAS MOUNT(MRTS),SUBURBAN,TRETA-CHEN-ST_T-Z19-41003,19
41004,STMM  MRTS -MSB SUB,ST THOMAS MOUNT(MRTS),CHENNAI BEACH,SUBURBAN,TRETA-ST_T-CHEN-Z19-41004,19
41005,MSB-STMM  MRTS  SUB,CHENNAI BEACH,ST THOMAS MOUNT(MRTS),SUBURBAN,TRETA-CHEN-ST_T-Z19-41005,19
41006,STMM  MRTS -MSB SUB,ST THOMAS MOUNT(MRTS),CHENNAI BEACH,SUBURBAN,TRETA-ST_T-CHEN-Z19-41006,19
41007,MSB-STMM  MRTS  SUB,CHENNAI BEACH,ST THOMAS MOUNT(MRTS),SUBURBAN,TRETA-CHEN-ST_T-Z19-41007,19
41008,STMM  MRTS -MSB SUB,ST THOMAS MOUNT(MRTS),CHENNAI BEACH,SUBURBAN,TRETA-ST_T-CHEN-Z19-41008,19
41009,MSB- STMM  MRTS  SUB,CHENNAI BEACH,ST THOMAS MOUNT(MRTS),SUBURBAN,TRETA-CHEN-ST_T-Z19-41009,19
41010,STMM  MRTS -MSB SUB,ST THOMAS MOUNT(MRTS),CHENNAI BEACH,SUBURBAN,TRETA-ST_T-CHEN-Z19-41010,19
41011,MSB-STMM  MRTS  SUB,CHENNAI BEACH,ST THOMAS MOUNT(MRTS),SUBURBAN,TRETA-CHEN-ST_T-Z19-41011,19
41012,STMM  MRTS -MSB SUB,ST THOMAS MOUNT(MRTS),CHENNAI BEACH,SUBURBAN,TRETA-ST_T-CHEN-Z19-41012,19
41013,MSB-STMM  MRTS  SUB,CHENNAI BEACH,ST THOMAS MOUNT(MRTS),SUBURBAN,TRETA-CHEN-ST_T-Z19-41013,19
41014,STMM  MRTS -MSB SUB,ST THOMAS MOUNT(MRTS),CHENNAI BEACH,SUBURBAN,TRETA-ST_T-CHEN-Z19-41014,19
41015,MSB-STMM MRTS SUB,CHENNAI BEACH,ST THOMAS MOUNT(MRTS),SUBURBAN,TRETA-CHEN-ST_T-Z19-41015,19
41016,STMM  MRTS -MSB SUB,ST THOMAS MOUNT(MRTS),CHENNAI BEACH,SUBURBAN,TRETA-ST_T-CHEN-Z19-41016,19
41017,MSB-STMM  MRTS  SUB,CHENNAI BEACH,ST THOMAS MOUNT(MRTS),SUBURBAN,TRETA-CHEN-ST_T-Z19-41017,19
41018,STMM  MRTS -MSB SUB,ST THOMAS MOUNT(MRTS),CHENNAI BEACH,SUBURBAN,TRETA-ST_T-CHEN-Z19-41018,19
41019,MSB-STMM  MRTS  SUB,CHENNAI BEACH,ST THOMAS MOUNT(MRTS),SUBURBAN,TRETA-CHEN-ST_T-Z19-41019,19
41020,STMM  MRTS -MSB SUB,ST THOMAS MOUNT(MRTS),CHENNAI BEACH,SUBURBAN,TRETA-ST_T-CHEN-Z19-41020,19
41021,MSB- STMM  MRTS  SUB,CHENNAI BEACH,ST THOMAS MOUNT(MRTS),SUBURBAN,TRETA-CHEN-ST_T-Z19-41021,19
41022,STMM  MRTS -MSB SUB,ST THOMAS MOUNT(MRTS),CHENNAI BEACH,SUBURBAN,TRETA-ST_T-CHEN-Z19-41022,19
41023,MSB-STMM  MRTS  SUB,CHENNAI BEACH,ST THOMAS MOUNT(MRTS),SUBURBAN,TRETA-CHEN-ST_T-Z19-41023,19
41024,STMM  MRTS -MSB SUB,ST THOMAS MOUNT(MRTS),CHENNAI BEACH,SUBURBAN,TRETA-ST_T-CHEN-Z19-41024,19
41025,MSB-STMM  MRTS  SUB,CHENNAI BEACH,ST THOMAS MOUNT(MRTS),SUBURBAN,TRETA-CHEN-ST_T-Z19-41025,19
41026,STMM  MRTS -MSB SUB,ST THOMAS MOUNT(MRTS),CHENNAI BEACH,SUBURBAN,TRETA-ST_T-CHEN-Z19-41026,19
41027,MSB-STMM  MRTS  SUB,CHENNAI BEACH,ST THOMAS MOUNT(MRTS),SUBURBAN,TRETA-CHEN-ST_T-Z19-41027,19
41028,STMM  MRTS -MSB SUB,ST THOMAS MOUNT(MRTS),CHENNAI BEACH,SUBURBAN,TRETA-ST_T-CHEN-Z19-41028,19
41029,MSB-STMM  MRTS  SUB,CHENNAI BEACH,ST THOMAS MOUNT(MRTS),SUBURBAN,TRETA-CHEN-ST_T-Z19-41029,19
41030,STMM  MRTS -MSB SUB,ST THOMAS MOUNT(MRTS),CHENNAI BEACH,SUBURBAN,TRETA-ST_T-CHEN-Z19-41030,19
41031,MSB-STMM  MRTS  SUB,CHENNAI BEACH,ST THOMAS MOUNT(MRTS),SUBURBAN,TRETA-CHEN-ST_T-Z19-41031,19
41032,STMM  MRTS -MSB SUB,ST THOMAS MOUNT(MRTS),CHENNAI BEACH,SUBURBAN,TRETA-ST_T-CHEN-Z19-41032,19
41033,MSB-STMM  MRTS  SUB,CHENNAI BEACH,ST THOMAS MOUNT(MRTS),SUBURBAN,TRETA-CHEN-ST_T-Z19-41033,19
41034,STMM  MRTS -MSB SUB,ST THOMAS MOUNT(MRTS),CHENNAI BEACH,SUBURBAN,TRETA-ST_T-CHEN-Z19-41034,19
41035,MSB-STMM  MRTS  SUB,CHENNAI BEACH,ST THOMAS MOUNT(MRTS),SUBURBAN,TRETA-CHEN-ST_T-Z19-41035,19
41036,STMM  MRTS -MSB SUB,ST THOMAS MOUNT(MRTS),CHENNAI BEACH,SUBURBAN,TRETA-ST_T-CHEN-Z19-41036,19
41037,MSB-STMM  MRTS  SUB,CHENNAI BEACH,ST THOMAS MOUNT(MRTS),SUBURBAN,TRETA-CHEN-ST_T-Z19-41037,19
41038,STMM  MRTS -MSB SUB,ST THOMAS MOUNT(MRTS),CHENNAI BEACH,SUBURBAN,TRETA-ST_T-CHEN-Z19-41038,19
41039,MSB-STMM  MRTS  SUB,CHENNAI BEACH,ST THOMAS MOUNT(MRTS),SUBURBAN,TRETA-CHEN-ST_T-Z19-41039,19
41040,STMM  MRTS -MSB SUB,ST THOMAS MOUNT(MRTS),CHENNAI BEACH,SUBURBAN,TRETA-ST_T-CHEN-Z19-41040,19
41041,MSB-STMM  MRTS  SUB,CHENNAI BEACH,ST THOMAS MOUNT(MRTS),SUBURBAN,TRETA-CHEN-ST_T-Z19-41041,19
41042,STMM  MRTS -MSB SUB,ST THOMAS MOUNT(MRTS),CHENNAI BEACH,SUBURBAN,TRETA-ST_T-CHEN-Z19-41042,19
41043,MSB-STMM  MRTS  SUB,CHENNAI BEACH,ST THOMAS MOUNT(MRTS),SUBURBAN,TRETA-CHEN-ST_T-Z19-41043,19
41044,STMM  MRTS -MSB SUB,ST THOMAS MOUNT(MRTS),CHENNAI BEACH,SUBURBAN,TRETA-ST_T-CHEN-Z19-41044,19
41045,MSB-STMM  MRTS  SUB,CHENNAI BEACH,ST THOMAS MOUNT(MRTS),SUBURBAN,TRETA-CHEN-ST_T-Z19-41045,19
41046,STMM  MRTS -MSB SUB,ST THOMAS MOUNT(MRTS),CHENNAI BEACH,SUBURBAN,TRETA-ST_T-CHEN-Z19-41046,19
41047,MSB-STMM  MRTS  SUB,CHENNAI BEACH,ST THOMAS MOUNT(MRTS),SUBURBAN,TRETA-CHEN-ST_T-Z19-41047,19
41048,STMM  MRTS -MSB SUB,ST THOMAS MOUNT(MRTS),CHENNAI BEACH,SUBURBAN,TRETA-ST_T-CHEN-Z19-41048,19
41049,MSB-STMM  MRTS  SUB,CHENNAI BEACH,ST THOMAS MOUNT(MRTS),SUBURBAN,TRETA-CHEN-ST_T-Z19-41049,19
41050,STMM  MRTS -MSB SUB,ST THOMAS MOUNT(MRTS),CHENNAI BEACH,SUBURBAN,TRETA-ST_T-CHEN-Z19-41050,19
41051,MSB-STMM  MRTS  SUB,CHENNAI BEACH,ST THOMAS MOUNT(MRTS),SUBURBAN,TRETA-CHEN-ST_T-Z19-41051,19
41052,STMM  MRTS -MSB SUB,ST THOMAS MOUNT(MRTS),CHENNAI BEACH,SUBURBAN,TRETA-ST_T-CHEN-Z19-41052,19
41053,MSB-STMM  MRTS  SUB,CHENNAI BEACH,ST THOMAS MOUNT(MRTS),SUBURBAN,TRETA-CHEN-ST_T-Z19-41053,19
41054,STMM  MRTS -MSB SUB,ST THOMAS MOUNT(MRTS),CHENNAI BEACH,SUBURBAN,TRETA-ST_T-CHEN-Z19-41054,19
41055,MSB-STMM  MRTS  SUB,CHENNAI BEACH,ST THOMAS MOUNT(MRTS),SUBURBAN,TRETA-CHEN-ST_T-Z19-41055,19
41056,STMM  MRTS -MSB SUB,ST THOMAS MOUNT(MRTS),CHENNAI BEACH,SUBURBAN,TRETA-ST_T-CHEN-Z19-41056,19
41057,MSB-STMM  MRTS  SUB,CHENNAI BEACH,ST THOMAS MOUNT(MRTS),SUBURBAN,TRETA-CHEN-ST_T-Z19-41057,19
41058,STMM  MRTS -MSB SUB,ST THOMAS MOUNT(MRTS),CHENNAI BEACH,SUBURBAN,TRETA-ST_T-CHEN-Z19-41058,19
41059,MSB -STMM  MRTS  SUB,CHENNAI BEACH,ST THOMAS MOUNT(MRTS),SUBURBAN,TRETA-CHEN-ST_T-Z19-41059,19
41060,STMM  MRTS -MSB SUB,ST THOMAS MOUNT(MRTS),CHENNAI BEACH,SUBURBAN,TRETA-ST_T-CHEN-Z19-41060,19
41061,MSB -STMM  MRTS  SUB,CHENNAI BEACH,ST THOMAS MOUNT(MRTS),SUBURBAN,TRETA-CHEN-ST_T-Z19-41061,19
41062,STMM  MRTS -MSB SUB,ST THOMAS MOUNT(MRTS),CHENNAI BEACH,SUBURBAN,TRETA-ST_T-CHEN-Z19-41062,19
41063,MSB -STMM  MRTS  SUB,CHENNAI BEACH,ST THOMAS MOUNT(MRTS),SUBURBAN,TRETA-CHEN-ST_T-Z19-41063,19
41064,STMM  MRTS -MSB SUB,ST THOMAS MOUNT(MRTS),CHENNAI BEACH,SUBURBAN,TRETA-ST_T-CHEN-Z19-41064,19
41065,MSB -STMM  MRTS  SUB,CHENNAI BEACH,ST THOMAS MOUNT(MRTS),SUBURBAN,TRETA-CHEN-ST_T-Z19-41065,19
41066,STMM  MRTS -MSB SUB,ST THOMAS MOUNT(MRTS),CHENNAI BEACH,SUBURBAN,TRETA-ST_T-CHEN-Z19-41066,19
41067,MSB -STMM  MRTS  SUB,CHENNAI BEACH,ST THOMAS MOUNT(MRTS),SUBURBAN,TRETA-CHEN-ST_T-Z19-41067,19
41068,STMM  MRTS -MSB SUB,ST THOMAS MOUNT(MRTS),CHENNAI BEACH,SUBURBAN,TRETA-ST_T-CHEN-Z19-41068,19
41069,MSB -STMM  MRTS  SUB,CHENNAI BEACH,ST THOMAS MOUNT(MRTS),SUBURBAN,TRETA-CHEN-ST_T-Z19-41069,19
41070,STMM  MRTS -MSB SUB,ST THOMAS MOUNT(MRTS),CHENNAI BEACH,SUBURBAN,TRETA-ST_T-CHEN-Z19-41070,19
41071,MSB -STMM  MRTS  SUB,CHENNAI BEACH,ST THOMAS MOUNT(MRTS),SUBURBAN,TRETA-CHEN-ST_T-Z19-41071,19
41072,STMM  MRTS -MSB SUB,ST THOMAS MOUNT(MRTS),CHENNAI BEACH,SUBURBAN,TRETA-ST_T-CHEN-Z19-41072,19
41073,MSB -STMM  MRTS  SUB,CHENNAI BEACH,ST THOMAS MOUNT(MRTS),SUBURBAN,TRETA-CHEN-ST_T-Z19-41073,19
41074,STMM  MRTS -MSB SUB,ST THOMAS MOUNT(MRTS),CHENNAI BEACH,SUBURBAN,TRETA-ST_T-CHEN-Z19-41074,19
41075,MSB -STMM  MRTS  SUB,CHENNAI BEACH,ST THOMAS MOUNT(MRTS),SUBURBAN,TRETA-CHEN-ST_T-Z19-41075,19
41076,STMM  MRTS -MSB SUB,ST THOMAS MOUNT(MRTS),CHENNAI BEACH,SUBURBAN,TRETA-ST_T-CHEN-Z19-41076,19
41077,MSB -STMM  MRTS  SUB,CHENNAI BEACH,ST THOMAS MOUNT(MRTS),SUBURBAN,TRETA-CHEN-ST_T-Z19-41077,19
41078,STMM  MRTS -MSB SUB,ST THOMAS MOUNT(MRTS),CHENNAI BEACH,SUBURBAN,TRETA-ST_T-CHEN-Z19-41078,19
41079,MSB-STMM  MRTS  SUB,CHENNAI BEACH,ST THOMAS MOUNT(MRTS),SUBURBAN,TRETA-CHEN-ST_T-Z19-41079,19
41080,STMM  MRTS -MSB SUB,ST THOMAS MOUNT(MRTS),CHENNAI BEACH,SUBURBAN,TRETA-ST_T-CHEN-Z19-41080,19
41081,MSB-STMM  MRTS  SUB,CHENNAI BEACH,ST THOMAS MOUNT(MRTS),SUBURBAN,TRETA-CHEN-ST_T-Z19-41081,19
41082,STMM  MRTS -MSB SUB,ST THOMAS MOUNT(MRTS),CHENNAI BEACH,SUBURBAN,TRETA-ST_T-CHEN-Z19-41082,19
41083,MSB-STMM  MRTS  SUB,CHENNAI BEACH,ST THOMAS MOUNT(MRTS),SUBURBAN,TRETA-CHEN-ST_T-Z19-41083,19
41084,STMM  MRTS -MSB SUB,ST THOMAS MOUNT(MRTS),CHENNAI BEACH,SUBURBAN,TRETA-ST_T-CHEN-Z19-41084,19
41085,MSB-STMM  MRTS  SUB,CHENNAI BEACH,ST THOMAS MOUNT(MRTS),SUBURBAN,TRETA-CHEN-ST_T-Z19-41085,19
41086,STMM  MRTS -MSB SUB,ST THOMAS MOUNT(MRTS),CHENNAI BEACH,SUBURBAN,TRETA-ST_T-CHEN-Z19-41086,19
41201,MSB-VLCY SUB,CHENNAI BEACH,VELACHERRY,SUBURBAN,TRETA-CHEN-VELA-Z17-41201,17
41202,VLCY-MSB SUB,VELACHERRY,CHENNAI BEACH,SUBURBAN,TRETA-VELA-CHEN-Z17-41202,17
41203,MSB-VLCY SUB,CHENNAI BEACH,VELACHERRY,SUBURBAN,TRETA-CHEN-VELA-Z17-41203,17
41204,VLCY-MSB SUB,VELACHERRY,CHENNAI BEACH,SUBURBAN,TRETA-VELA-CHEN-Z17-41204,17
41205,MSB-VLCY SUB,CHENNAI BEACH,VELACHERRY,SUBURBAN,TRETA-CHEN-VELA-Z17-41205,17
41206,VLCY-MSB SUB,VELACHERRY,CHENNAI BEACH,SUBURBAN,TRETA-VELA-CHEN-Z17-41206,17
41301,VLCY-STMM  MRTS  SUB,VELACHERRY,ST THOMAS MOUNT(MRTS),SUBURBAN,TRETA-VELA-ST_T-Z02-41301,2
41302,STMM  MRTS -VLCY SUB,ST THOMAS MOUNT(MRTS),VELACHERRY,SUBURBAN,TRETA-ST_T-VELA-Z02-41302,2
41303,VLCY-STMM  MRTS  SUB,VELACHERRY,ST THOMAS MOUNT(MRTS),SUBURBAN,TRETA-VELA-ST_T-Z02-41303,2
41304,STMM  MRTS -VLCY SUB,ST THOMAS MOUNT(MRTS),VELACHERRY,SUBURBAN,TRETA-ST_T-VELA-Z02-41304,2
41305,VLCY- STMM  MRTS  SUB,VELACHERRY,ST THOMAS MOUNT(MRTS),SUBURBAN,TRETA-VELA-ST_T-Z02-41305,2
41306,STMM  MRTS -VLCY SUB,ST THOMAS MOUNT(MRTS),VELACHERRY,SUBURBAN,TRETA-ST_T-VELA-Z02-41306,2
42001,MASS-GPD EMU LOCAL,CHENNAI CENTRAL SUBURBAN STATION,GUMMIDIPUNDI,SUBURBAN,TRETA-CHEN-GUMM-Z16-42001,16
42002,GPD-MASS EMU LOCAL,GUMMIDIPUNDI,CHENNAI CENTRAL SUBURBAN STATION,SUBURBAN,TRETA-GUMM-CHEN-Z16-42002,16
42003,MASS-GPD EMU LOCAL,CHENNAI CENTRAL SUBURBAN STATION,GUMMIDIPUNDI,SUBURBAN,TRETA-CHEN-GUMM-Z16-42003,16
42004,GPD-MASS EMU LOCAL,GUMMIDIPUNDI,CHENNAI CENTRAL SUBURBAN STATION,SUBURBAN,TRETA-GUMM-CHEN-Z16-42004,16
42005,MASS-GPD EMU LOCAL,CHENNAI CENTRAL SUBURBAN STATION,GUMMIDIPUNDI,SUBURBAN,TRETA-CHEN-GUMM-Z16-42005,16
42006,GPD-MASS EMU LOCAL,GUMMIDIPUNDI,CHENNAI CENTRAL SUBURBAN STATION,SUBURBAN,TRETA-GUMM-CHEN-Z16-42006,16
42007,MASS-GPD EMU LOCAL,CHENNAI CENTRAL SUBURBAN STATION,GUMMIDIPUNDI,SUBURBAN,TRETA-CHEN-GUMM-Z16-42007,16
42008,GPD-MASS EMU LOCAL,GUMMIDIPUNDI,CHENNAI CENTRAL SUBURBAN STATION,SUBURBAN,TRETA-GUMM-CHEN-Z16-42008,16
42009,MASS-GPD EMU LOCAL,CHENNAI CENTRAL SUBURBAN STATION,GUMMIDIPUNDI,SUBURBAN,TRETA-CHEN-GUMM-Z16-42009,16
42010,GPD-MASS EMU LOCAL,GUMMIDIPUNDI,CHENNAI CENTRAL SUBURBAN STATION,SUBURBAN,TRETA-GUMM-CHEN-Z16-42010,16
42011,MASS-GPD EMU LOCAL,CHENNAI CENTRAL SUBURBAN STATION,GUMMIDIPUNDI,SUBURBAN,TRETA-CHEN-GUMM-Z16-42011,16
42012,GPD-MASS EMU LOCAL,GUMMIDIPUNDI,CHENNAI CENTRAL SUBURBAN STATION,SUBURBAN,TRETA-GUMM-CHEN-Z16-42012,16
42013,MASS-GPD EMU LOCAL,CHENNAI CENTRAL SUBURBAN STATION,GUMMIDIPUNDI,SUBURBAN,TRETA-CHEN-GUMM-Z16-42013,16
42014,GPD-MASS EMU LOCAL,GUMMIDIPUNDI,CHENNAI CENTRAL SUBURBAN STATION,SUBURBAN,TRETA-GUMM-CHEN-Z16-42014,16
42015,MASS-GPD EMU LOCAL,CHENNAI CENTRAL SUBURBAN STATION,GUMMIDIPUNDI,SUBURBAN,TRETA-CHEN-GUMM-Z16-42015,16
42016,GPD-MASS EMU LOCAL,GUMMIDIPUNDI,CHENNAI CENTRAL SUBURBAN STATION,SUBURBAN,TRETA-GUMM-CHEN-Z16-42016,16
42017,MASS-GPD EMU LOCAL,CHENNAI CENTRAL SUBURBAN STATION,GUMMIDIPUNDI,SUBURBAN,TRETA-CHEN-GUMM-Z16-42017,16
42018,GPD-MASS EMU LOCAL,GUMMIDIPUNDI,CHENNAI CENTRAL SUBURBAN STATION,SUBURBAN,TRETA-GUMM-CHEN-Z16-42018,16
42019,MASS-GPD EMU LOCAL,CHENNAI CENTRAL SUBURBAN STATION,GUMMIDIPUNDI,SUBURBAN,TRETA-CHEN-GUMM-Z16-42019,16
42020,GPD-MASS EMU LOCAL,GUMMIDIPUNDI,CHENNAI CENTRAL SUBURBAN STATION,SUBURBAN,TRETA-GUMM-CHEN-Z16-42020,16
42021,MASS-GPD EMU LOCAL,CHENNAI CENTRAL SUBURBAN STATION,GUMMIDIPUNDI,SUBURBAN,TRETA-CHEN-GUMM-Z16-42021,16
42022,GPD-MASS EMU LOCAL,GUMMIDIPUNDI,CHENNAI CENTRAL SUBURBAN STATION,SUBURBAN,TRETA-GUMM-CHEN-Z16-42022,16
42023,MASS-GPD EMU LOCAL,CHENNAI CENTRAL SUBURBAN STATION,GUMMIDIPUNDI,SUBURBAN,TRETA-CHEN-GUMM-Z16-42023,16
42024,GPD-MASS EMU LOCAL,GUMMIDIPUNDI,CHENNAI CENTRAL SUBURBAN STATION,SUBURBAN,TRETA-GUMM-CHEN-Z16-42024,16
42025,MASS-GPD EMU LOCAL,CHENNAI CENTRAL SUBURBAN STATION,GUMMIDIPUNDI,SUBURBAN,TRETA-CHEN-GUMM-Z16-42025,16
42026,GPD-MASS EMU LOCAL,GUMMIDIPUNDI,CHENNAI CENTRAL SUBURBAN STATION,SUBURBAN,TRETA-GUMM-CHEN-Z16-42026,16
42027,MASS-GPD EMU LOCAL,CHENNAI CENTRAL SUBURBAN STATION,GUMMIDIPUNDI,SUBURBAN,TRETA-CHEN-GUMM-Z16-42027,16
42028,GPD-MASS EMU LOCAL,GUMMIDIPUNDI,CHENNAI CENTRAL SUBURBAN STATION,SUBURBAN,TRETA-GUMM-CHEN-Z16-42028,16
42029,MASS-GPD EMU LOCAL,CHENNAI CENTRAL SUBURBAN STATION,GUMMIDIPUNDI,SUBURBAN,TRETA-CHEN-GUMM-Z16-42029,16
42030,GPD-MASS EMU LOCAL,GUMMIDIPUNDI,CHENNAI CENTRAL SUBURBAN STATION,SUBURBAN,TRETA-GUMM-CHEN-Z16-42030,16
42031,MASS-GPD EMU LOCAL,CHENNAI CENTRAL SUBURBAN STATION,GUMMIDIPUNDI,SUBURBAN,TRETA-CHEN-GUMM-Z16-42031,16
42032,GPD-MASS EMU LOCAL,GUMMIDIPUNDI,CHENNAI CENTRAL SUBURBAN STATION,SUBURBAN,TRETA-GUMM-CHEN-Z16-42032,16
42033,MASS-GPD EMU LOCAL,CHENNAI CENTRAL SUBURBAN STATION,GUMMIDIPUNDI,SUBURBAN,TRETA-CHEN-GUMM-Z16-42033,16
42034,GPD-MASS EMU LOCAL,GUMMIDIPUNDI,CHENNAI CENTRAL SUBURBAN STATION,SUBURBAN,TRETA-GUMM-CHEN-Z16-42034,16
42035,MASS-GPD EMU LOCAL,CHENNAI CENTRAL SUBURBAN STATION,GUMMIDIPUNDI,SUBURBAN,TRETA-CHEN-GUMM-Z16-42035,16
42036,GPD-MASS EMU LOCAL,GUMMIDIPUNDI,CHENNAI CENTRAL SUBURBAN STATION,SUBURBAN,TRETA-GUMM-CHEN-Z16-42036,16
42037,MASS-GPD EMU LOCAL,CHENNAI CENTRAL SUBURBAN STATION,GUMMIDIPUNDI,SUBURBAN,TRETA-CHEN-GUMM-Z16-42037,16
42038,GPD-MASS EMU LOCAL,GUMMIDIPUNDI,CHENNAI CENTRAL SUBURBAN STATION,SUBURBAN,TRETA-GUMM-CHEN-Z16-42038,16
42040,GPD-MASS EMU LOCAL,GUMMIDIPUNDI,CHENNAI CENTRAL SUBURBAN STATION,SUBURBAN,TRETA-GUMM-CHEN-Z16-42040,16
42042,GPD-MASS EMU LOCAL,GUMMIDIPUNDI,CHENNAI CENTRAL SUBURBAN STATION,SUBURBAN,TRETA-GUMM-CHEN-Z16-42042,16
42301,MASS-PON EMU LOCAL,CHENNAI CENTRAL SUBURBAN STATION,PONNERI,SUBURBAN,TRETA-CHEN-PONN-Z14-42301,14
42302,PON-MASS EMU LOCAL,PONNERI,CHENNAI CENTRAL SUBURBAN STATION,SUBURBAN,TRETA-PONN-CHEN-Z14-42302,14
42401,MASS-SPE EMU LOCAL,CHENNAI CENTRAL SUBURBAN STATION,SULLURUPETA,SUBURBAN,TRETA-CHEN-SULL-Z21-42401,21
42402,SPE-MASS EMU LOCAL,SULLURUPETA,CHENNAI CENTRAL SUBURBAN STATION,SUBURBAN,TRETA-SULL-CHEN-Z21-42402,21
42403,MASS-SPE EMU LOCAL,CHENNAI CENTRAL SUBURBAN STATION,SULLURUPETA,SUBURBAN,TRETA-CHEN-SULL-Z21-42403,21
42404,SPE-MASS EMU LOCAL,SULLURUPETA,CHENNAI CENTRAL SUBURBAN STATION,SUBURBAN,TRETA-SULL-CHEN-Z21-42404,21
42406,SPE-MASS EMU LOCAL,SULLURUPETA,CHENNAI CENTRAL SUBURBAN STATION,SUBURBAN,TRETA-SULL-CHEN-Z21-42406,21
42407,MASS-SPE EMU LOCAL,CHENNAI CENTRAL SUBURBAN STATION,SULLURUPETA,SUBURBAN,TRETA-CHEN-SULL-Z21-42407,21
42408,SPE-MASS EMU LOCAL,SULLURUPETA,CHENNAI CENTRAL SUBURBAN STATION,SUBURBAN,TRETA-SULL-CHEN-Z21-42408,21
42410,SPE-MASS EMU LOCAL,SULLURUPETA,CHENNAI CENTRAL SUBURBAN STATION,SUBURBAN,TRETA-SULL-CHEN-Z21-42410,21
42411,MASS-SPE EMU LOCAL,CHENNAI CENTRAL SUBURBAN STATION,SULLURUPETA,SUBURBAN,TRETA-CHEN-SULL-Z21-42411,21
42413,MASS-SPE EMU LOCAL,CHENNAI CENTRAL SUBURBAN STATION,SULLURUPETA,SUBURBAN,TRETA-CHEN-SULL-Z21-42413,21
42414,SPE-MASS EMU LOCAL,SULLURUPETA,CHENNAI CENTRAL SUBURBAN STATION,SUBURBAN,TRETA-SULL-CHEN-Z21-42414,21
42415,MASS-SPE EMU LOCAL,CHENNAI CENTRAL SUBURBAN STATION,SULLURUPETA,SUBURBAN,TRETA-CHEN-SULL-Z21-42415,21
42416,SPE-MASS EMU LOCAL,SULLURUPETA,CHENNAI CENTRAL SUBURBAN STATION,SUBURBAN,TRETA-SULL-CHEN-Z21-42416,21
42418,SPE-MASS EMU LOCAL,SULLURUPETA,CHENNAI CENTRAL SUBURBAN STATION,SUBURBAN,TRETA-SULL-CHEN-Z21-42418,21
42419,MASS-SPE EMU LOCAL,CHENNAI CENTRAL SUBURBAN STATION,SULLURUPETA,SUBURBAN,TRETA-CHEN-SULL-Z21-42419,21
42421,MASS-SPE EMU LOCAL,CHENNAI CENTRAL SUBURBAN STATION,SULLURUPETA,SUBURBAN,TRETA-CHEN-SULL-Z21-42421,21
42422,SPE-MMC EMU LOCAL,SULLURUPETA,CHENNAI CENTRAL SUBURBAN STATION,SUBURBAN,TRETA-SULL-CHEN-Z21-42422,21
42423,MASS-SPE EMU LOCAL,CHENNAI CENTRAL SUBURBAN STATION,SULLURUPETA,SUBURBAN,TRETA-CHEN-SULL-Z21-42423,21
42425,MASS-SPE EMU LOCAL,CHENNAI CENTRAL SUBURBAN STATION,SULLURUPETA,SUBURBAN,TRETA-CHEN-SULL-Z21-42425,21
42427,MASS-SPE EMU LOCAL,CHENNAI CENTRAL SUBURBAN STATION,SULLURUPETA,SUBURBAN,TRETA-CHEN-SULL-Z21-42427,21
42501,CGL-GPD EMU LOCAL,CHENGALPATTU JN.,GUMMIDIPUNDI,SUBURBAN,TRETA-CHEN-GUMM-Z44-42501,44
42502,GPD-CGL EMU LOCAL,GUMMIDIPUNDI,CHENGALPATTU JN.,SUBURBAN,TRETA-GUMM-CHEN-Z44-42502,44
42521,TBM-GPD EMU,TAMBARAM,GUMMIDIPUNDI,SUBURBAN,TRETA-TAMB-GUMM-Z34-42521,34
42522,GPD-TBM,GUMMIDIPUNDI,TAMBARAM,SUBURBAN,TRETA-GUMM-TAMB-Z34-42522,34
42601,MSB-GDP LOCAL,CHENNAI BEACH,GUMMIDIPUNDI,SUBURBAN,TRETA-CHEN-GUMM-Z17-42601,17
42602,GPD-MSB LOCAL,GUMMIDIPUNDI,CHENNAI BEACH,SUBURBAN,TRETA-GUMM-CHEN-Z17-42602,17
42603,MSB-GPD LOCAL,CHENNAI BEACH,GUMMIDIPUNDI,SUBURBAN,TRETA-CHEN-GUMM-Z17-42603,17
42604,GPD-MSB EMU,GUMMIDIPUNDI,CHENNAI BEACH,SUBURBAN,TRETA-GUMM-CHEN-Z17-42604,17
42605,MSB-GPD LOCAL,CHENNAI BEACH,GUMMIDIPUNDI,SUBURBAN,TRETA-CHEN-GUMM-Z17-42605,17
42606,GPD-MSB EMU LOCAL,GUMMIDIPUNDI,CHENNAI BEACH,SUBURBAN,TRETA-GUMM-CHEN-Z17-42606,17
42607,MSB-GPD LOCAL,CHENNAI BEACH,GUMMIDIPUNDI,SUBURBAN,TRETA-CHEN-GUMM-Z17-42607,17
42608,GPD-MSB EMU LOCAL,GUMMIDIPUNDI,CHENNAI BEACH,SUBURBAN,TRETA-GUMM-CHEN-Z17-42608,17
42609,MSB-GPD LOCAL,CHENNAI BEACH,GUMMIDIPUNDI,SUBURBAN,TRETA-CHEN-GUMM-Z17-42609,17
42610,GDP-MSB LOCAL,GUMMIDIPUNDI,CHENNAI BEACH,SUBURBAN,TRETA-GUMM-CHEN-Z17-42610,17
42611,MSB-GPD EMU LOCAL,CHENNAI BEACH,GUMMIDIPUNDI,SUBURBAN,TRETA-CHEN-GUMM-Z17-42611,17
42613,MSB - GPD EMU,CHENNAI BEACH,GUMMIDIPUNDI,SUBURBAN,TRETA-CHEN-GUMM-Z17-42613,17
42701,MSB-PON EMU LOCAL,CHENNAI BEACH,PONNERI,SUBURBAN,TRETA-CHEN-PONN-Z15-42701,15
42702,PON-MSB,PONNERI,CHENNAI BEACH,SUBURBAN,TRETA-PONN-CHEN-Z15-42702,15
42802,SPE-MSB LOCAL,SULLURUPETA,CHENNAI BEACH,SUBURBAN,TRETA-SULL-CHEN-Z22-42802,22
42804,SPE-MSB EMU LOCAL,SULLURUPETA,CHENNAI BEACH,SUBURBAN,TRETA-SULL-CHEN-Z22-42804,22
43001,MASS-AVD EMU LOCAL,CHENNAI CENTRAL SUBURBAN STATION,AVADI,SUBURBAN,TRETA-CHEN-AVAD-Z12-43001,12
43002,AVD-MASS EMU LOCAL,AVADI,CHENNAI CENTRAL SUBURBAN STATION,SUBURBAN,TRETA-AVAD-CHEN-Z12-43002,12
43003,MASS-AVD EMU LOCAL,CHENNAI CENTRAL SUBURBAN STATION,AVADI,SUBURBAN,TRETA-CHEN-AVAD-Z12-43003,12
43005,MASS-AVD EMU LOCAL,CHENNAI CENTRAL SUBURBAN STATION,AVADI,SUBURBAN,TRETA-CHEN-AVAD-Z12-43005,12
43006,AVD-MASS EMU LOCAL,AVADI,CHENNAI CENTRAL SUBURBAN STATION,SUBURBAN,TRETA-AVAD-CHEN-Z12-43006,12
43007,MASS-AVD EMU LOCAL,CHENNAI CENTRAL SUBURBAN STATION,AVADI,SUBURBAN,TRETA-CHEN-AVAD-Z12-43007,12
43009,MASS-AVD EMU LOCAL,CHENNAI CENTRAL SUBURBAN STATION,AVADI,SUBURBAN,TRETA-CHEN-AVAD-Z12-43009,12
43010,AVD-MASS EMU LOCAL,AVADI,CHENNAI CENTRAL SUBURBAN STATION,SUBURBAN,TRETA-AVAD-CHEN-Z12-43010,12
43011,MASS-AVD EMU LOCAL,CHENNAI CENTRAL SUBURBAN STATION,AVADI,SUBURBAN,TRETA-CHEN-AVAD-Z12-43011,12
43012,AVD - MASS EMU,AVADI,CHENNAI CENTRAL SUBURBAN STATION,SUBURBAN,TRETA-AVAD-CHEN-Z12-43012,12
43013,MASS-AVD EMU LOCAL,CHENNAI CENTRAL SUBURBAN STATION,AVADI,SUBURBAN,TRETA-CHEN-AVAD-Z12-43013,12
43014,AVD-MASS EMU LOCAL,AVADI,CHENNAI CENTRAL SUBURBAN STATION,SUBURBAN,TRETA-AVAD-CHEN-Z12-43014,12
43016,AVD-MASS EMU LOCAL,AVADI,CHENNAI CENTRAL SUBURBAN STATION,SUBURBAN,TRETA-AVAD-CHEN-Z12-43016,12
43101,MASS - E-DEPO EMU LOCAL,CHENNAI CENTRAL SUBURBAN STATION,PATTABIRAM E DEPOT,SUBURBAN,TRETA-CHEN-PATT-Z16-43101,16
43102,E-DEPO - MASS EMU LOCAL,PATTABIRAM E DEPOT,CHENNAI CENTRAL SUBURBAN STATION,SUBURBAN,TRETA-PATT-CHEN-Z16-43102,16
43103,MASS - E-DEPO EMU LOCAL,CHENNAI CENTRAL SUBURBAN STATION,PATTABIRAM E DEPOT,SUBURBAN,TRETA-CHEN-PATT-Z16-43103,16
43104,E-DEPO - MASS EMU LOCAL,PATTABIRAM E DEPOT,CHENNAI CENTRAL SUBURBAN STATION,SUBURBAN,TRETA-PATT-CHEN-Z16-43104,16
43105,MASS - E-DEPO EMU LOCAL,CHENNAI CENTRAL SUBURBAN STATION,PATTABIRAM E DEPOT,SUBURBAN,TRETA-CHEN-PATT-Z16-43105,16
43106,E-DEPO - MASS EMU LOCAL,PATTABIRAM E DEPOT,CHENNAI CENTRAL SUBURBAN STATION,SUBURBAN,TRETA-PATT-CHEN-Z16-43106,16
43107,MASS - E-DEPO EMU LOCAL,CHENNAI CENTRAL SUBURBAN STATION,PATTABIRAM E DEPOT,SUBURBAN,TRETA-CHEN-PATT-Z16-43107,16
43108,E-DEPO - MASS EMU LOCAL,PATTABIRAM E DEPOT,CHENNAI CENTRAL SUBURBAN STATION,SUBURBAN,TRETA-PATT-CHEN-Z16-43108,16
43109,MASS - E-DEPO EMU LOCAL,CHENNAI CENTRAL SUBURBAN STATION,PATTABIRAM E DEPOT,SUBURBAN,TRETA-CHEN-PATT-Z16-43109,16
43110,E-DEPO - MASS EMU LOCAL,PATTABIRAM E DEPOT,CHENNAI CENTRAL SUBURBAN STATION,SUBURBAN,TRETA-PATT-CHEN-Z16-43110,16
43111,MASS - E-DEPO EMU LOCAL,CHENNAI CENTRAL SUBURBAN STATION,PATTABIRAM E DEPOT,SUBURBAN,TRETA-CHEN-PATT-Z16-43111,16
43112,E-DEPO - MASS EMU LOCAL,PATTABIRAM E DEPOT,CHENNAI CENTRAL SUBURBAN STATION,SUBURBAN,TRETA-PATT-CHEN-Z16-43112,16
43113,MASS - E-DEPO EMU LOCAL,CHENNAI CENTRAL SUBURBAN STATION,PATTABIRAM E DEPOT,SUBURBAN,TRETA-CHEN-PATT-Z16-43113,16
43114,E-DEPO - MASS EMU LOCAL,PATTABIRAM E DEPOT,CHENNAI CENTRAL SUBURBAN STATION,SUBURBAN,TRETA-PATT-CHEN-Z16-43114,16
43115,MASS - E-DEPO EMU LOCAL,CHENNAI CENTRAL SUBURBAN STATION,PATTABIRAM E DEPOT,SUBURBAN,TRETA-CHEN-PATT-Z16-43115,16
43116,E-DEPO - MASS EMU LOCAL,PATTABIRAM E DEPOT,CHENNAI CENTRAL SUBURBAN STATION,SUBURBAN,TRETA-PATT-CHEN-Z16-43116,16
43117,MASS - E-DEPO EMU LOCAL,CHENNAI CENTRAL SUBURBAN STATION,PATTABIRAM E DEPOT,SUBURBAN,TRETA-CHEN-PATT-Z16-43117,16
43118,E-DEPO - MASS EMU LOCAL,PATTABIRAM E DEPOT,CHENNAI CENTRAL SUBURBAN STATION,SUBURBAN,TRETA-PATT-CHEN-Z16-43118,16
43119,MASS - E-DEPO EMU LOCAL,CHENNAI CENTRAL SUBURBAN STATION,PATTABIRAM E DEPOT,SUBURBAN,TRETA-CHEN-PATT-Z16-43119,16
43120,E-DEPO - MASS EMU LOCAL,PATTABIRAM E DEPOT,CHENNAI CENTRAL SUBURBAN STATION,SUBURBAN,TRETA-PATT-CHEN-Z16-43120,16
43121,MASS - E-DEPO EMU LOCAL,CHENNAI CENTRAL SUBURBAN STATION,PATTABIRAM E DEPOT,SUBURBAN,TRETA-CHEN-PATT-Z16-43121,16
43122,E-DEPO - MASS EMU LOCAL,PATTABIRAM E DEPOT,CHENNAI CENTRAL SUBURBAN STATION,SUBURBAN,TRETA-PATT-CHEN-Z16-43122,16
43123,MASS - E-DEPO EMU LOCAL,CHENNAI CENTRAL SUBURBAN STATION,PATTABIRAM E DEPOT,SUBURBAN,TRETA-CHEN-PATT-Z16-43123,16
43124,E-DEPO - MASS EMU LOCAL,PATTABIRAM E DEPOT,CHENNAI CENTRAL SUBURBAN STATION,SUBURBAN,TRETA-PATT-CHEN-Z16-43124,16
43126,E-DEPO - MASS EMU LOCAL,PATTABIRAM E DEPOT,CHENNAI CENTRAL SUBURBAN STATION,SUBURBAN,TRETA-PATT-CHEN-Z16-43126,16
43201,MMC-TRL EMU LOCAL,CHENNAI CENTRAL SUBURBAN STATION,TIRUVALLUR,SUBURBAN,TRETA-CHEN-TIRU-Z20-43201,20
43202,TRL-MASS EMU LOCAL,TIRUVALLUR,CHENNAI CENTRAL SUBURBAN STATION,SUBURBAN,TRETA-TIRU-CHEN-Z20-43202,20
43203,MMC-TRL EMU LOCAL,CHENNAI CENTRAL SUBURBAN STATION,TIRUVALLUR,SUBURBAN,TRETA-CHEN-TIRU-Z20-43203,20
43204,TRL-MASS EMU LOCAL,TIRUVALLUR,CHENNAI CENTRAL SUBURBAN STATION,SUBURBAN,TRETA-TIRU-CHEN-Z20-43204,20
43205,MASS-TRL EMU LOCAL,CHENNAI CENTRAL SUBURBAN STATION,TIRUVALLUR,SUBURBAN,TRETA-CHEN-TIRU-Z20-43205,20
43206,TRL-MASS EMU LOCAL,TIRUVALLUR,CHENNAI CENTRAL SUBURBAN STATION,SUBURBAN,TRETA-TIRU-CHEN-Z20-43206,20
43207,MASS-TRL EMU LOCAL,CHENNAI CENTRAL SUBURBAN STATION,TIRUVALLUR,SUBURBAN,TRETA-CHEN-TIRU-Z20-43207,20
43208,TRL-MASS EMU LOCAL,TIRUVALLUR,CHENNAI CENTRAL SUBURBAN STATION,SUBURBAN,TRETA-TIRU-CHEN-Z20-43208,20
43209,MASS-TRL EMU LOCAL,CHENNAI CENTRAL SUBURBAN STATION,TIRUVALLUR,SUBURBAN,TRETA-CHEN-TIRU-Z20-43209,20
43210,TRL-MASS EMU LOCAL,TIRUVALLUR,CHENNAI CENTRAL SUBURBAN STATION,SUBURBAN,TRETA-TIRU-CHEN-Z20-43210,20
43211,MASS-TRL EMU LOCAL,CHENNAI CENTRAL SUBURBAN STATION,TIRUVALLUR,SUBURBAN,TRETA-CHEN-TIRU-Z20-43211,20
43212,TRL-MASS EMU LOCAL,TIRUVALLUR,CHENNAI CENTRAL SUBURBAN STATION,SUBURBAN,TRETA-TIRU-CHEN-Z20-43212,20
43213,MASS-TRL EMU LOCAL,CHENNAI CENTRAL SUBURBAN STATION,TIRUVALLUR,SUBURBAN,TRETA-CHEN-TIRU-Z20-43213,20
43214,TRL-MASS EMU LOCAL,TIRUVALLUR,CHENNAI CENTRAL SUBURBAN STATION,SUBURBAN,TRETA-TIRU-CHEN-Z20-43214,20
43215,MASS-TRL EMU LOCAL,CHENNAI CENTRAL SUBURBAN STATION,TIRUVALLUR,SUBURBAN,TRETA-CHEN-TIRU-Z20-43215,20
43216,TRL-MASS EMU FAST,TIRUVALLUR,CHENNAI CENTRAL SUBURBAN STATION,SUBURBAN,TRETA-TIRU-CHEN-Z09-43216,9
43217,MASS-TRL EMU LOCAL,CHENNAI CENTRAL SUBURBAN STATION,TIRUVALLUR,SUBURBAN,TRETA-CHEN-TIRU-Z20-43217,20
43218,TRL-MASS EMU LOCAL,TIRUVALLUR,CHENNAI CENTRAL SUBURBAN STATION,SUBURBAN,TRETA-TIRU-CHEN-Z20-43218,20
43219,MASS-TRL EMU LOCAL,CHENNAI CENTRAL SUBURBAN STATION,TIRUVALLUR,SUBURBAN,TRETA-CHEN-TIRU-Z20-43219,20
43220,TRL-MASS EMU LOCAL,TIRUVALLUR,CHENNAI CENTRAL SUBURBAN STATION,SUBURBAN,TRETA-TIRU-CHEN-Z20-43220,20
43221,MASS-TRL EMU LOCAL,CHENNAI CENTRAL SUBURBAN STATION,TIRUVALLUR,SUBURBAN,TRETA-CHEN-TIRU-Z20-43221,20
43222,TRL-MASS EMU FAST,TIRUVALLUR,CHENNAI CENTRAL SUBURBAN STATION,SUBURBAN,TRETA-TIRU-CHEN-Z09-43222,9
43223,MASS-TRL EMU LOCAL,CHENNAI CENTRAL SUBURBAN STATION,TIRUVALLUR,SUBURBAN,TRETA-CHEN-TIRU-Z20-43223,20
43224,TRL-MASS EMU LOCAL,TIRUVALLUR,CHENNAI CENTRAL SUBURBAN STATION,SUBURBAN,TRETA-TIRU-CHEN-Z20-43224,20
43225,MASS-TRL EMU LOCAL,CHENNAI CENTRAL SUBURBAN STATION,TIRUVALLUR,SUBURBAN,TRETA-CHEN-TIRU-Z20-43225,20
43226,TRL-MASS EMU LOCAL,TIRUVALLUR,CHENNAI CENTRAL SUBURBAN STATION,SUBURBAN,TRETA-TIRU-CHEN-Z20-43226,20
43227,MASS-TRL EMU LOCAL,CHENNAI CENTRAL SUBURBAN STATION,TIRUVALLUR,SUBURBAN,TRETA-CHEN-TIRU-Z20-43227,20
43228,TRL-MASS EMU LOCAL,TIRUVALLUR,CHENNAI CENTRAL SUBURBAN STATION,SUBURBAN,TRETA-TIRU-CHEN-Z20-43228,20
43229,MASS-TRL EMU LOCAL,CHENNAI CENTRAL SUBURBAN STATION,TIRUVALLUR,SUBURBAN,TRETA-CHEN-TIRU-Z20-43229,20
43230,TRL-MASS EMU LOCAL,TIRUVALLUR,CHENNAI CENTRAL SUBURBAN STATION,SUBURBAN,TRETA-TIRU-CHEN-Z20-43230,20
43231,MASS-TRL EMU LOCAL,CHENNAI CENTRAL SUBURBAN STATION,TIRUVALLUR,SUBURBAN,TRETA-CHEN-TIRU-Z20-43231,20
43232,TRL-MASS EMU LOCAL,TIRUVALLUR,CHENNAI CENTRAL SUBURBAN STATION,SUBURBAN,TRETA-TIRU-CHEN-Z20-43232,20
43233,MASS-TRL EMU LOCAL,CHENNAI CENTRAL SUBURBAN STATION,TIRUVALLUR,SUBURBAN,TRETA-CHEN-TIRU-Z20-43233,20
43234,TRL-MASS EMU LOCAL,TIRUVALLUR,CHENNAI CENTRAL SUBURBAN STATION,SUBURBAN,TRETA-TIRU-CHEN-Z20-43234,20
43235,MASS-TRL EMU LOCAL,CHENNAI CENTRAL SUBURBAN STATION,TIRUVALLUR,SUBURBAN,TRETA-CHEN-TIRU-Z20-43235,20
43236,TRL-MASS EMU LOCAL,TIRUVALLUR,CHENNAI CENTRAL SUBURBAN STATION,SUBURBAN,TRETA-TIRU-CHEN-Z20-43236,20
43237,MASS-TRL EMU LOCAL,CHENNAI CENTRAL SUBURBAN STATION,TIRUVALLUR,SUBURBAN,TRETA-CHEN-TIRU-Z20-43237,20
43238,TRL-MASS EMU LOCAL,TIRUVALLUR,CHENNAI CENTRAL SUBURBAN STATION,SUBURBAN,TRETA-TIRU-CHEN-Z20-43238,20
43239,MASS-TRL EMU LOCAL,CHENNAI CENTRAL SUBURBAN STATION,TIRUVALLUR,SUBURBAN,TRETA-CHEN-TIRU-Z20-43239,20
43240,TRL-MASS EMU LOCAL,TIRUVALLUR,CHENNAI CENTRAL SUBURBAN STATION,SUBURBAN,TRETA-TIRU-CHEN-Z20-43240,20
43241,MASS-TRL EMU LOCAL,CHENNAI CENTRAL SUBURBAN STATION,TIRUVALLUR,SUBURBAN,TRETA-CHEN-TIRU-Z20-43241,20
43242,TRL-MASS EMU LOCAL,TIRUVALLUR,CHENNAI CENTRAL SUBURBAN STATION,SUBURBAN,TRETA-TIRU-CHEN-Z21-43242,21
43243,MASS-TRL EMU LOCAL,CHENNAI CENTRAL SUBURBAN STATION,TIRUVALLUR,SUBURBAN,TRETA-CHEN-TIRU-Z20-43243,20
43244,TRL-MASS EMU LOCAL,TIRUVALLUR,CHENNAI CENTRAL SUBURBAN STATION,SUBURBAN,TRETA-TIRU-CHEN-Z20-43244,20
43245,MASS-TRL EMU LOCAL,CHENNAI CENTRAL SUBURBAN STATION,TIRUVALLUR,SUBURBAN,TRETA-CHEN-TIRU-Z20-43245,20
43246,TRL-MASS EMU LOCAL,TIRUVALLUR,CHENNAI CENTRAL SUBURBAN STATION,SUBURBAN,TRETA-TIRU-CHEN-Z20-43246,20
43247,MASS-TRL EMU LOCAL,CHENNAI CENTRAL SUBURBAN STATION,TIRUVALLUR,SUBURBAN,TRETA-CHEN-TIRU-Z20-43247,20
43248,TRL-MASS EMU LOCAL,TIRUVALLUR,CHENNAI CENTRAL SUBURBAN STATION,SUBURBAN,TRETA-TIRU-CHEN-Z20-43248,20
43249,MASS-TRL EMU LOCAL,CHENNAI CENTRAL SUBURBAN STATION,TIRUVALLUR,SUBURBAN,TRETA-CHEN-TIRU-Z20-43249,20
43250,TRL-MASS EMU LOCAL,TIRUVALLUR,CHENNAI CENTRAL SUBURBAN STATION,SUBURBAN,TRETA-TIRU-CHEN-Z20-43250,20
43251,MASS-TRL EMU LOCAL,CHENNAI CENTRAL SUBURBAN STATION,TIRUVALLUR,SUBURBAN,TRETA-CHEN-TIRU-Z20-43251,20
43252,TRL-MASS EMU LOCAL,TIRUVALLUR,CHENNAI CENTRAL SUBURBAN STATION,SUBURBAN,TRETA-TIRU-CHEN-Z20-43252,20
43253,MASS-TRL EMU LOCAL,CHENNAI CENTRAL SUBURBAN STATION,TIRUVALLUR,SUBURBAN,TRETA-CHEN-TIRU-Z20-43253,20
43254,TRL-MASS EMU LOCAL,TIRUVALLUR,CHENNAI CENTRAL SUBURBAN STATION,SUBURBAN,TRETA-TIRU-CHEN-Z20-43254,20
43401,MASS-AJJ EMU FAST,CHENNAI CENTRAL SUBURBAN STATION,ARAKKONAM JN.,SUBURBAN,TRETA-CHEN-ARAK-Z09-43401,9
43402,AJJ-MASS EMU LOCAL,ARAKKONAM JN.,CHENNAI CENTRAL SUBURBAN STATION,SUBURBAN,TRETA-ARAK-CHEN-Z28-43402,28
43403,MASS-AJJ EMU LOCAL,CHENNAI CENTRAL SUBURBAN STATION,ARAKKONAM JN.,SUBURBAN,TRETA-CHEN-ARAK-Z28-43403,28
43404,AJJ-MASS EMU LOCAL,ARAKKONAM JN.,CHENNAI CENTRAL SUBURBAN STATION,SUBURBAN,TRETA-ARAK-CHEN-Z28-43404,28
43407,MASS-AJJ EMU LOCAL,CHENNAI CENTRAL SUBURBAN STATION,ARAKKONAM JN.,SUBURBAN,TRETA-CHEN-ARAK-Z28-43407,28
43408,AJJ-MASS EMU FAST LOCAL,ARAKKONAM JN.,CHENNAI CENTRAL SUBURBAN STATION,SUBURBAN,TRETA-ARAK-CHEN-Z17-43408,17
43409,MASS-AJJ EMU LOCAL,CHENNAI CENTRAL SUBURBAN STATION,ARAKKONAM JN.,SUBURBAN,TRETA-CHEN-ARAK-Z28-43409,28
43410,AJJ-MASS FAST LOCAL,ARAKKONAM JN.,CHENNAI CENTRAL SUBURBAN STATION,SUBURBAN,TRETA-ARAK-CHEN-Z18-43410,18
43411,MASS-AJJ EMU LOCAL,CHENNAI CENTRAL SUBURBAN STATION,ARAKKONAM JN.,SUBURBAN,TRETA-CHEN-ARAK-Z28-43411,28
43412,AJJ-MASS EMU LOCAL,ARAKKONAM JN.,CHENNAI CENTRAL SUBURBAN STATION,SUBURBAN,TRETA-ARAK-CHEN-Z28-43412,28
43413,MASS-AJJ EMU LOCAL,CHENNAI CENTRAL SUBURBAN STATION,ARAKKONAM JN.,SUBURBAN,TRETA-CHEN-ARAK-Z28-43413,28
43414,AJJ-MASS EMU LOCAL,ARAKKONAM JN.,CHENNAI CENTRAL SUBURBAN STATION,SUBURBAN,TRETA-ARAK-CHEN-Z28-43414,28
43415,MASS-AJJ EMU LOCAL,CHENNAI CENTRAL SUBURBAN STATION,ARAKKONAM JN.,SUBURBAN,TRETA-CHEN-ARAK-Z28-43415,28
43417,MASS-AJJ EMU,CHENNAI CENTRAL SUBURBAN STATION,ARAKKONAM JN.,SUBURBAN,TRETA-CHEN-ARAK-Z28-43417,28
43418,AJJ-MASS EMU LOCAL,ARAKKONAM JN.,CHENNAI CENTRAL SUBURBAN STATION,SUBURBAN,TRETA-ARAK-CHEN-Z28-43418,28
43420,AJJ-MASS EMU LOCAL,ARAKKONAM JN.,CHENNAI CENTRAL SUBURBAN STATION,SUBURBAN,TRETA-ARAK-CHEN-Z28-43420,28
43421,MASS-AJJ EMU LOCAL,CHENNAI CENTRAL SUBURBAN STATION,ARAKKONAM JN.,SUBURBAN,TRETA-CHEN-ARAK-Z28-43421,28
43422,AJJ-MASS EMU LOCAL,ARAKKONAM JN.,CHENNAI CENTRAL SUBURBAN STATION,SUBURBAN,TRETA-ARAK-CHEN-Z28-43422,28
43423,MASS-AJJ LOCAL,CHENNAI CENTRAL SUBURBAN STATION,ARAKKONAM JN.,SUBURBAN,TRETA-CHEN-ARAK-Z28-43423,28
43424,AJJ-MASS EMU LOCAL,ARAKKONAM JN.,CHENNAI CENTRAL SUBURBAN STATION,SUBURBAN,TRETA-ARAK-CHEN-Z28-43424,28
43425,MASS-AJJ FAST LOCAL,CHENNAI CENTRAL SUBURBAN STATION,ARAKKONAM JN.,SUBURBAN,TRETA-CHEN-ARAK-Z10-43425,10
43426,AJJ-MASS EMU LOCAL,ARAKKONAM JN.,CHENNAI CENTRAL SUBURBAN STATION,SUBURBAN,TRETA-ARAK-CHEN-Z28-43426,28
43427,MASS-AJJ EMU LOCAL,CHENNAI CENTRAL SUBURBAN STATION,ARAKKONAM JN.,SUBURBAN,TRETA-CHEN-ARAK-Z28-43427,28
43428,AJJ-MASS EMU LOCAL,ARAKKONAM JN.,CHENNAI CENTRAL SUBURBAN STATION,SUBURBAN,TRETA-ARAK-CHEN-Z28-43428,28
43429,MASS-AJJ EMU LOCAL,CHENNAI CENTRAL SUBURBAN STATION,ARAKKONAM JN.,SUBURBAN,TRETA-CHEN-ARAK-Z28-43429,28
43432,AJJ-MASS EMU LOCAL,ARAKKONAM JN.,CHENNAI CENTRAL SUBURBAN STATION,SUBURBAN,TRETA-ARAK-CHEN-Z28-43432,28
43433,MASS-AJJ EMU FAST LOCAL,CHENNAI CENTRAL SUBURBAN STATION,ARAKKONAM JN.,SUBURBAN,TRETA-CHEN-ARAK-Z09-43433,9
43434,AJJ-MASS EMU LOCAL,ARAKKONAM JN.,CHENNAI CENTRAL SUBURBAN STATION,SUBURBAN,TRETA-ARAK-CHEN-Z28-43434,28
43435,MASS-AJJ EMU,CHENNAI CENTRAL SUBURBAN STATION,ARAKKONAM JN.,SUBURBAN,TRETA-CHEN-ARAK-Z28-43435,28
43438,AJJ-MASS EMU,ARAKKONAM JN.,CHENNAI CENTRAL SUBURBAN STATION,SUBURBAN,TRETA-ARAK-CHEN-Z28-43438,28
43439,MASS-AJJ,CHENNAI CENTRAL SUBURBAN STATION,ARAKKONAM JN.,SUBURBAN,TRETA-CHEN-ARAK-Z28-43439,28
43440,AJJ-MASS EMU LOCAL,ARAKKONAM JN.,CHENNAI CENTRAL SUBURBAN STATION,SUBURBAN,TRETA-ARAK-CHEN-Z28-43440,28
43441,MASS-AJJ EMU LOCAL,CHENNAI CENTRAL SUBURBAN STATION,ARAKKONAM JN.,SUBURBAN,TRETA-CHEN-ARAK-Z28-43441,28
43442,AJJ-MASS EMU LOCAL,ARAKKONAM JN.,CHENNAI CENTRAL SUBURBAN STATION,SUBURBAN,TRETA-ARAK-CHEN-Z28-43442,28
43501,MAS-TRT EMU LOCAL,CHENNAI CENTRAL SUBURBAN STATION,TIRUTTANI,SUBURBAN,TRETA-CHEN-TIRU-Z29-43501,29
43502,TRT-MASS EMU LOCAL,TIRUTTANI,CHENNAI CENTRAL SUBURBAN STATION,SUBURBAN,TRETA-TIRU-CHEN-Z29-43502,29
43503,MASS-TRT EMU LOCAL,CHENNAI CENTRAL SUBURBAN STATION,TIRUTTANI,SUBURBAN,TRETA-CHEN-TIRU-Z29-43503,29
43504,TRT-MASS EMU LOCAL,TIRUTTANI,CHENNAI CENTRAL SUBURBAN STATION,SUBURBAN,TRETA-TIRU-CHEN-Z29-43504,29
43505,MASS-TRT EMU LOCAL,CHENNAI CENTRAL SUBURBAN STATION,TIRUTTANI,SUBURBAN,TRETA-CHEN-TIRU-Z29-43505,29
43506,TRT-MASS EMU LOCAL,TIRUTTANI,CHENNAI CENTRAL SUBURBAN STATION,SUBURBAN,TRETA-TIRU-CHEN-Z29-43506,29
43507,MASS-TRT EMU LOCAL,CHENNAI CENTRAL SUBURBAN STATION,TIRUTTANI,SUBURBAN,TRETA-CHEN-TIRU-Z29-43507,29
43509,MASS-TRT EMU LOCAL,CHENNAI CENTRAL SUBURBAN STATION,TIRUTTANI,SUBURBAN,TRETA-CHEN-TIRU-Z29-43509,29
43510,TRT-MASS EMU LOCAL,TIRUTTANI,CHENNAI CENTRAL SUBURBAN STATION,SUBURBAN,TRETA-TIRU-CHEN-Z29-43510,29
43511,MASS-TRT EMU LOCAL,CHENNAI CENTRAL SUBURBAN STATION,TIRUTTANI,SUBURBAN,TRETA-CHEN-TIRU-Z29-43511,29
43512,TRT-MASS EMU LOCAL,TIRUTTANI,CHENNAI CENTRAL SUBURBAN STATION,SUBURBAN,TRETA-TIRU-CHEN-Z29-43512,29
43513,MASS-TRT EMU LOCAL,CHENNAI CENTRAL SUBURBAN STATION,TIRUTTANI,SUBURBAN,TRETA-CHEN-TIRU-Z29-43513,29
43514,TRT-MASS EMU LOCAL,TIRUTTANI,CHENNAI CENTRAL SUBURBAN STATION,SUBURBAN,TRETA-TIRU-CHEN-Z29-43514,29
43515,MASS-TRT EMU LOCAL,CHENNAI CENTRAL SUBURBAN STATION,TIRUTTANI,SUBURBAN,TRETA-CHEN-TIRU-Z29-43515,29
43516,TRT-MASS EMU LOCAL,TIRUTTANI,CHENNAI CENTRAL SUBURBAN STATION,SUBURBAN,TRETA-TIRU-CHEN-Z29-43516,29
43517,MASS-TRT EMU LOCAL,CHENNAI CENTRAL SUBURBAN STATION,TIRUTTANI,SUBURBAN,TRETA-CHEN-TIRU-Z29-43517,29
43518,TRT-MASS EMU LOCAL,TIRUTTANI,CHENNAI CENTRAL SUBURBAN STATION,SUBURBAN,TRETA-TIRU-CHEN-Z29-43518,29
43519,MASS-TRT EMU LOCAL,CHENNAI CENTRAL SUBURBAN STATION,TIRUTTANI,SUBURBAN,TRETA-CHEN-TIRU-Z29-43519,29
43520,TRT-MASS EMU LOCAL,TIRUTTANI,CHENNAI CENTRAL SUBURBAN STATION,SUBURBAN,TRETA-TIRU-CHEN-Z29-43520,29
43522,TRT-MASS EMU LOCAL,TIRUTTANI,CHENNAI CENTRAL SUBURBAN STATION,SUBURBAN,TRETA-TIRU-CHEN-Z29-43522,29
43524,TRT-MASS EMU LOCAL,TIRUTTANI,CHENNAI CENTRAL SUBURBAN STATION,SUBURBAN,TRETA-TIRU-CHEN-Z29-43524,29
43551,AJJ-TRT EMU LOCAL,ARAKKONAM JN.,TIRUTTANI,SUBURBAN,TRETA-ARAK-TIRU-Z01-43551,1
43552,TRT-AJJ EMU LOCAL,TIRUTTANI,ARAKKONAM JN.,SUBURBAN,TRETA-TIRU-ARAK-Z01-43552,1
43553,AJJ-TRT EMU LOCAL,ARAKKONAM JN.,TIRUTTANI,SUBURBAN,TRETA-ARAK-TIRU-Z01-43553,1
43554,TRT-AJJ EMU LOCAL,TIRUTTANI,ARAKKONAM JN.,SUBURBAN,TRETA-TIRU-ARAK-Z01-43554,1
43601,MSB-AVD EMU LOCAL,CHENNAI BEACH,AVADI,SUBURBAN,TRETA-CHEN-AVAD-Z13-43601,13
43602,AVD-MSB LOCAL,AVADI,CHENNAI BEACH,SUBURBAN,TRETA-AVAD-CHEN-Z13-43602,13
43603,MSB-AVD EMU LOCAL,CHENNAI BEACH,AVADI,SUBURBAN,TRETA-CHEN-AVAD-Z13-43603,13
43604,AVD-MSB EMU LOCAL,AVADI,CHENNAI BEACH,SUBURBAN,TRETA-AVAD-CHEN-Z13-43604,13
43605,MSB-AVD EMU LOCAL,CHENNAI BEACH,AVADI,SUBURBAN,TRETA-CHEN-AVAD-Z13-43605,13
43606,AVD-MSB LOCAL,AVADI,CHENNAI BEACH,SUBURBAN,TRETA-AVAD-CHEN-Z13-43606,13
43607,MSB-AVD LOCAL,CHENNAI BEACH,AVADI,SUBURBAN,TRETA-CHEN-AVAD-Z13-43607,13
43608,AVD-MSB LOCAL,AVADI,CHENNAI BEACH,SUBURBAN,TRETA-AVAD-CHEN-Z13-43608,13
43609,MSB-AVD LOCAL,CHENNAI BEACH,AVADI,SUBURBAN,TRETA-CHEN-AVAD-Z13-43609,13
43610,AVD-MSB LOCAL,AVADI,CHENNAI BEACH,SUBURBAN,TRETA-AVAD-CHEN-Z13-43610,13
43611,MSB-AVD LOCAL,CHENNAI BEACH,AVADI,SUBURBAN,TRETA-CHEN-AVAD-Z13-43611,13
43612,AVD-MSB LOCAL,AVADI,CHENNAI BEACH,SUBURBAN,TRETA-AVAD-CHEN-Z13-43612,13
43613,MSB-AVD EMU LOCAL,CHENNAI BEACH,AVADI,SUBURBAN,TRETA-CHEN-AVAD-Z13-43613,13
43614,AVD-MSB LOCAL,AVADI,CHENNAI BEACH,SUBURBAN,TRETA-AVAD-CHEN-Z13-43614,13
43616,AVD-MSB EMU LOCAL,AVADI,CHENNAI BEACH,SUBURBAN,TRETA-AVAD-CHEN-Z13-43616,13
43618,AVD-MSB EMU LOCAL,AVADI,CHENNAI BEACH,SUBURBAN,TRETA-AVAD-CHEN-Z13-43618,13
43620,AVD-MSB LOCAL,AVADI,CHENNAI BEACH,SUBURBAN,TRETA-AVAD-CHEN-Z13-43620,13
43622,AVD-MSB LOCAL,AVADI,CHENNAI BEACH,SUBURBAN,TRETA-AVAD-CHEN-Z13-43622,13
43624,AVD-MSB EMU,AVADI,CHENNAI BEACH,SUBURBAN,TRETA-AVAD-CHEN-Z13-43624,13
43701,MSB-TRL EMU LOCAL,CHENNAI BEACH,TIRUVALLUR,SUBURBAN,TRETA-CHEN-TIRU-Z21-43701,21
43702,TRL-MSB LOCAL,TIRUVALLUR,CHENNAI BEACH,SUBURBAN,TRETA-TIRU-CHEN-Z21-43702,21
43703,MSB-TRL LOCAL,CHENNAI BEACH,TIRUVALLUR,SUBURBAN,TRETA-CHEN-TIRU-Z21-43703,21
43704,TRL-MSB EMU LOCAL,TIRUVALLUR,CHENNAI BEACH,SUBURBAN,TRETA-TIRU-CHEN-Z21-43704,21
43705,MSB -TRL EMU LOCAL,CHENNAI BEACH,TIRUVALLUR,SUBURBAN,TRETA-CHEN-TIRU-Z21-43705,21
43706,TRL-MSB LOCAL,TIRUVALLUR,CHENNAI BEACH,SUBURBAN,TRETA-TIRU-CHEN-Z21-43706,21
43707,MSB-TRL LOCAL,CHENNAI BEACH,TIRUVALLUR,SUBURBAN,TRETA-CHEN-TIRU-Z21-43707,21
43708,TRL-MSB EMU LOCAL,TIRUVALLUR,CHENNAI BEACH,SUBURBAN,TRETA-TIRU-CHEN-Z21-43708,21
43709,MSB-TRL LOCAL,CHENNAI BEACH,TIRUVALLUR,SUBURBAN,TRETA-CHEN-TIRU-Z21-43709,21
43710,TRL-MSB EMU LOCAL,TIRUVALLUR,CHENNAI BEACH,SUBURBAN,TRETA-TIRU-CHEN-Z21-43710,21
43711,MSB-TRL LOCAL,CHENNAI BEACH,TIRUVALLUR,SUBURBAN,TRETA-CHEN-TIRU-Z21-43711,21
43712,TRL-MSB EMU LOCAL,TIRUVALLUR,CHENNAI BEACH,SUBURBAN,TRETA-TIRU-CHEN-Z21-43712,21
43713,MSB-TRL EMU LOCAL,CHENNAI BEACH,TIRUVALLUR,SUBURBAN,TRETA-CHEN-TIRU-Z21-43713,21
43715,MSB-TRL EMU LOCAL,CHENNAI BEACH,TIRUVALLUR,SUBURBAN,TRETA-CHEN-TIRU-Z21-43715,21
43717,MSB-TRL LOCAL,CHENNAI BEACH,TIRUVALLUR,SUBURBAN,TRETA-CHEN-TIRU-Z21-43717,21
43719,MSB-TRL EMU LOCAL,CHENNAI BEACH,TIRUVALLUR,SUBURBAN,TRETA-CHEN-TIRU-Z21-43719,21
43751,MSB - E-DEPO EMU LOCAL,CHENNAI BEACH,PATTABIRAM E DEPOT,SUBURBAN,TRETA-CHEN-PATT-Z17-43751,17
43752,E-DEPO - MSB EMU LOCAL,PATTABIRAM E DEPOT,CHENNAI BEACH,SUBURBAN,TRETA-PATT-CHEN-Z17-43752,17
43753,MSB - E-DEPO EMU LOCAL,CHENNAI BEACH,PATTABIRAM E DEPOT,SUBURBAN,TRETA-CHEN-PATT-Z17-43753,17
43754,E-DEPO - MSB EMU LOCAL,PATTABIRAM E DEPOT,CHENNAI BEACH,SUBURBAN,TRETA-PATT-CHEN-Z17-43754,17
43755,MSB - E-DEPO EMU LOCAL,CHENNAI BEACH,PATTABIRAM E DEPOT,SUBURBAN,TRETA-CHEN-PATT-Z17-43755,17
43757,MSB - E-DEPO EMU LOCAL,CHENNAI BEACH,PATTABIRAM E DEPOT,SUBURBAN,TRETA-CHEN-PATT-Z17-43757,17
43801,MSB-AJJ EMU LOCAL,CHENNAI BEACH,ARAKKONAM JN.,SUBURBAN,TRETA-CHEN-ARAK-Z29-43801,29
43802,AJJ-MSB EMU LOCAL,ARAKKONAM JN.,CHENNAI BEACH,SUBURBAN,TRETA-ARAK-CHEN-Z29-43802,29
43803,MSB-AJJ EMU LOCAL,CHENNAI BEACH,ARAKKONAM JN.,SUBURBAN,TRETA-CHEN-ARAK-Z29-43803,29
43804,AJJ-MSB LS GL EMU,ARAKKONAM JN.,CHENNAI BEACH,SUBURBAN,TRETA-ARAK-CHEN-Z29-43804,29
43805,MSB-AJJ LS GL EMU,CHENNAI BEACH,ARAKKONAM JN.,SUBURBAN,TRETA-CHEN-ARAK-Z29-43805,29
43806,AJJ-MSB FAST LOCAL,ARAKKONAM JN.,CHENNAI BEACH,SUBURBAN,TRETA-ARAK-CHEN-Z10-43806,10
43808,AJJ-MSB  EMU LOCAL,ARAKKONAM JN.,CHENNAI BEACH,SUBURBAN,TRETA-ARAK-CHEN-Z29-43808,29
43820,TRT-MSB EMU LOCAL,TIRUTTANI,CHENNAI BEACH,SUBURBAN,TRETA-TIRU-CHEN-Z30-43820,30
43821,MSB-TRT EMU,CHENNAI BEACH,TIRUTTANI,SUBURBAN,TRETA-CHEN-TIRU-Z30-43821,30
43823,MSB-TRT FAST EMU,CHENNAI BEACH,TIRUTTANI,SUBURBAN,TRETA-CHEN-TIRU-Z18-43823,18
43832,TRL-AVD EMU LOCAL,TIRUVALLUR,AVADI,SUBURBAN,TRETA-TIRU-AVAD-Z08-43832,8
43834,TRL -AVD EMU,TIRUVALLUR,AVADI,SUBURBAN,TRETA-TIRU-AVAD-Z08-43834,8
43836,TRL -AVD EMU,TIRUVALLUR,AVADI,SUBURBAN,TRETA-TIRU-AVAD-Z08-43836,8
43841,AVD-AJJ EMU LOCAL,AVADI,ARAKKONAM JN.,SUBURBAN,TRETA-AVAD-ARAK-Z16-43841,16
43851,PON-TRL EMU LOCAL,PONNERI,TIRUVALLUR,SUBURBAN,TRETA-PONN-TIRU-Z31-43851,31
43852,TRL-PON EMU LOCAL,TIRUVALLUR,PONNERI,SUBURBAN,TRETA-TIRU-PONN-Z31-43852,31
43861,ENR-TRL EMU LOCAL,ENNORE,TIRUVALLUR,SUBURBAN,TRETA-ENNO-TIRU-Z25-43861,25
43862,AVD-ENR EMU,AVADI,ENNORE,SUBURBAN,TRETA-AVAD-ENNO-Z17-43862,17
43871,MASS-PAB EMU LOCAL,CHENNAI CENTRAL SUBURBAN STATION,PATTABIRAM,SUBURBAN,TRETA-CHEN-PATT-Z14-43871,14
43872,PAB-MASS EMU LOCAL,PATTABIRAM,CHENNAI CENTRAL SUBURBAN STATION,SUBURBAN,TRETA-PATT-CHEN-Z14-43872,14
43882,TI-MASS EMU LOCAL,TIRUNINRAVUR,CHENNAI CENTRAL SUBURBAN STATION,SUBURBAN,TRETA-TIRU-CHEN-Z16-43882,16
43892,E-DEPO - AVD EMU LOCAL,PATTABIRAM E DEPOT,AVADI,SUBURBAN,TRETA-PATT-AVAD-Z04-43892,4
43901,MASS-KBT EMU LOCAL,CHENNAI CENTRAL SUBURBAN STATION,KADAMBATTUR,SUBURBAN,TRETA-CHEN-KADA-Z22-43901,22
43902,KBT-MASS EMU LOCAL,KADAMBATTUR,CHENNAI CENTRAL SUBURBAN STATION,SUBURBAN,TRETA-KADA-CHEN-Z22-43902,22
43912,KBT-MSB LOCAL,KADAMBATTUR,CHENNAI BEACH,SUBURBAN,TRETA-KADA-CHEN-Z23-43912,23
43921,TRL-KBT EMU LOCAL,TIRUVALLUR,KADAMBATTUR,SUBURBAN,TRETA-TIRU-KADA-Z02-43921,2
44001,AJJ-CGL EMU,ARAKKONAM JN.,CHENGALPATTU JN.,SUBURBAN,TRETA-ARAK-CHEN-Z11-44001,11
44002,CGL -AJJ EMU,CHENGALPATTU JN.,ARAKKONAM JN.,SUBURBAN,TRETA-CHEN-ARAK-Z11-44002,11
44003,AJJ-CGL EMU,ARAKKONAM JN.,CHENGALPATTU JN.,SUBURBAN,TRETA-ARAK-CHEN-Z11-44003,11
44004,CGL-AJJ EMU,CHENGALPATTU JN.,ARAKKONAM JN.,SUBURBAN,TRETA-CHEN-ARAK-Z11-44004,11
47101,HYB-LPI,HYDERABAD,LINGAMPALLI,SUBURBAN,TRETA-HYDE-LING-Z12-47101,12
47102,HYB-LPI,HYDERABAD,LINGAMPALLI,SUBURBAN,TRETA-HYDE-LING-Z12-47102,12
47103,HYB-LPI,HYDERABAD,LINGAMPALLI,SUBURBAN,TRETA-HYDE-LING-Z12-47103,12
47104,HYB-LPI,HYDERABAD,LINGAMPALLI,SUBURBAN,TRETA-HYDE-LING-Z12-47104,12
47111,HYB-LPI,HYDERABAD,LINGAMPALLI,SUBURBAN,TRETA-HYDE-LING-Z12-47111,12
47119,HYB-LPI,HYDERABAD,LINGAMPALLI,SUBURBAN,TRETA-HYDE-LING-Z12-47119,12
47120,HYB-LPI,HYDERABAD,LINGAMPALLI,SUBURBAN,TRETA-HYDE-LING-Z12-47120,12
47121,HYB-LPI,HYDERABAD,LINGAMPALLI,SUBURBAN,TRETA-HYDE-LING-Z12-47121,12
47122,HYB-LPI,HYDERABAD,LINGAMPALLI,SUBURBAN,TRETA-HYDE-LING-Z12-47122,12
47125,HYB-LPI,HYDERABAD,LINGAMPALLI,SUBURBAN,TRETA-HYDE-LING-Z12-47125,12
47126,LPI-HYB,LINGAMPALLI,HYDERABAD,SUBURBAN,TRETA-LING-HYDE-Z12-47126,12
47128,LPI-HYB,LINGAMPALLI,HYDERABAD,SUBURBAN,TRETA-LING-HYDE-Z12-47128,12
47130,LPI-HYB,LINGAMPALLI,HYDERABAD,SUBURBAN,TRETA-LING-HYDE-Z12-47130,12
47140,LPI-HYB,LINGAMPALLI,HYDERABAD,SUBURBAN,TRETA-LING-HYDE-Z12-47140,12
47142,RCPT-HYB,RAMACHANDRAPURAM TS,HYDERABAD,SUBURBAN,TRETA-RAMA-HYDE-Z15-47142,15
47143,LPI-HYB,LINGAMPALLI,HYDERABAD,SUBURBAN,TRETA-LING-HYDE-Z12-47143,12
47145,LPI-HYB,LINGAMPALLI,HYDERABAD,SUBURBAN,TRETA-LING-HYDE-Z12-47145,12
47146,LPI-HYB,LINGAMPALLI,HYDERABAD,SUBURBAN,TRETA-LING-HYDE-Z12-47146,12
47150,SC-LPI,SECUNDERABAD JN,LINGAMPALLI,SUBURBAN,TRETA-SECU-LING-Z11-47150,11
47151,UR-LPI,UMDANAGAR,LINGAMPALLI,SUBURBAN,TRETA-UMDA-LING-Z24-47151,24
47153,UR-LPI,UMDANAGAR,LINGAMPALLI,SUBURBAN,TRETA-UMDA-LING-Z24-47153,24
47154,UR-TLPR,UMDANAGAR,TELAPUR,SUBURBAN,TRETA-UMDA-TELA-Z25-47154,25
47155,FM-RCPT,FALAKNUMA,RAMACHANDRAPURAM TS,SUBURBAN,TRETA-FALA-RAMA-Z24-47155,24
47156,FM-MED,FALAKNUMA,MEDCHAL,SUBURBAN,TRETA-FALA-MEDC-Z22-47156,22
47157,FM-LPI,FALAKNUMA,LINGAMPALLI,SUBURBAN,TRETA-FALA-LING-Z21-47157,21
47159,TLPR-UR,TELAPUR,UMDANAGAR,SUBURBAN,TRETA-TELA-UMDA-Z25-47159,25
47160,FM-LPI,FALAKNUMA,LINGAMPALLI,SUBURBAN,TRETA-FALA-LING-Z21-47160,21
47163,UR-LPI,UMDANAGAR,LINGAMPALLI,SUBURBAN,TRETA-UMDA-LING-Z24-47163,24
47164,UR-LPI,UMDANAGAR,LINGAMPALLI,SUBURBAN,TRETA-UMDA-LING-Z24-47164,24
47165,UR-TLPR,UMDANAGAR,TELAPUR,SUBURBAN,TRETA-UMDA-TELA-Z25-47165,25
47166,FM-LPI,FALAKNUMA,LINGAMPALLI,SUBURBAN,TRETA-FALA-LING-Z21-47166,21
47167,FM-LPI,FALAKNUMA,LINGAMPALLI,SUBURBAN,TRETA-FALA-LING-Z21-47167,21
47170,FM-LPI,FALAKNUMA,LINGAMPALLI,SUBURBAN,TRETA-FALA-LING-Z21-47170,21
47173,LPI-UR,LINGAMPALLI,UMDANAGAR,SUBURBAN,TRETA-LING-UMDA-Z24-47173,24
47175,LPI-FM,LINGAMPALLI,FALAKNUMA,SUBURBAN,TRETA-LING-FALA-Z21-47175,21
47176,LPI-UR,LINGAMPALLI,UMDANAGAR,SUBURBAN,TRETA-LING-UMDA-Z24-47176,24
47177,RCPT-FM,RAMACHANDRAPURAM TS,FALAKNUMA,SUBURBAN,TRETA-RAMA-FALA-Z24-47177,24
47178,TLPR-UR,TELAPUR,UMDANAGAR,SUBURBAN,TRETA-TELA-UMDA-Z25-47178,25
47179,LPI-FM,LINGAMPALLI,FALAKNUMA,SUBURBAN,TRETA-LING-FALA-Z21-47179,21
47184,TLPR-FM,TELAPUR,FALAKNUMA,SUBURBAN,TRETA-TELA-FALA-Z22-47184,22
47185,MED-FM,MEDCHAL,FALAKNUMA,SUBURBAN,TRETA-MEDC-FALA-Z22-47185,22
47187,LPI-FM,LINGAMPALLI,FALAKNUMA,SUBURBAN,TRETA-LING-FALA-Z21-47187,21
47188,LPI-FM,LINGAMPALLI,FALAKNUMA,SUBURBAN,TRETA-LING-FALA-Z21-47188,21
47190,LPI-FM,LINGAMPALLI,FALAKNUMA,SUBURBAN,TRETA-LING-FALA-Z21-47190,21
47191,LPI-FM,LINGAMPALLI,FALAKNUMA,SUBURBAN,TRETA-LING-FALA-Z21-47191,21
47192,LPI-FM,LINGAMPALLI,FALAKNUMA,SUBURBAN,TRETA-LING-FALA-Z21-47192,21
47193,LPI-SC,LINGAMPALLI,SECUNDERABAD JN,SUBURBAN,TRETA-LING-SECU-Z11-47193,11
47194,LPI-UR,LINGAMPALLI,UMDANAGAR,SUBURBAN,TRETA-LING-UMDA-Z24-47194,24
47195,LPI-SC,LINGAMPALLI,SECUNDERABAD JN,SUBURBAN,TRETA-LING-SECU-Z11-47195,11
47201,FM-HYB,FALAKNUMA,HYDERABAD,SUBURBAN,TRETA-FALA-HYDE-Z16-47201,16
47203,UR-LPI,UMDANAGAR,LINGAMPALLI,SUBURBAN,TRETA-UMDA-LING-Z24-47203,24
47206,SC-HYB,SECUNDERABAD JN,HYDERABAD,SUBURBAN,TRETA-SECU-HYDE-Z06-47206,6
47207,FM-TLPR,FALAKNUMA,TELAPUR,SUBURBAN,TRETA-FALA-TELA-Z22-47207,22
47210,LPI-UR,LINGAMPALLI,UMDANAGAR,SUBURBAN,TRETA-LING-UMDA-Z24-47210,24
47211,UR-TLPR,UMDANAGAR,TELAPUR,SUBURBAN,TRETA-UMDA-TELA-Z25-47211,25
47212,TLPR-FM,TELAPUR,FALAKNUMA,SUBURBAN,TRETA-TELA-FALA-Z22-47212,22
47213,LPI-UR,LINGAMPALLI,UMDANAGAR,SUBURBAN,TRETA-LING-UMDA-Z18-47213,18
47217,LPI-FM,LINGAMPALLI,FALAKNUMA,SUBURBAN,TRETA-LING-FALA-Z21-47217,21
47218,FM-RCPT,FALAKNUMA,RAMACHANDRAPURAM TS,SUBURBAN,TRETA-FALA-RAMA-Z24-47218,24
47220,FM-LPI,FALAKNUMA,LINGAMPALLI,SUBURBAN,TRETA-FALA-LING-Z21-47220,21
47222,MED-LPI,MEDCHAL,LINGAMPALLI,SUBURBAN,TRETA-MEDC-LING-Z24-47222,24
47225,LPI-MED,LINGAMPALLI,MEDCHAL,SUBURBAN,TRETA-LING-MEDC-Z24-47225,24
47226,MED-TLPR,MEDCHAL,TELAPUR,SUBURBAN,TRETA-MEDC-TELA-Z25-47226,25
47227,TLPR-MED,TELAPUR,MEDCHAL,SUBURBAN,TRETA-TELA-MEDC-Z25-47227,25
47228,MED-SC,MEDCHAL,SECUNDERABAD JN,SUBURBAN,TRETA-MEDC-SECU-Z13-47228,13
47229,SC-MED,SECUNDERABAD JN,MEDCHAL,SUBURBAN,TRETA-SECU-MEDC-Z13-47229,13
47231,MED-SC,MEDCHAL,SECUNDERABAD JN,SUBURBAN,TRETA-MEDC-SECU-Z13-47231,13
47232,SC-MED,SECUNDERABAD JN,MEDCHAL,SUBURBAN,TRETA-SECU-MEDC-Z13-47232,13
47233,MED-HYB,MEDCHAL,HYDERABAD,SUBURBAN,TRETA-MEDC-HYDE-Z19-47233,19
47234,HYB-MED,HYDERABAD,MEDCHAL,SUBURBAN,TRETA-HYDE-MEDC-Z19-47234,19
47235,GT-SNF,GHATKESAR,SANATNAGAR,SUBURBAN,TRETA-GHAT-SANA-Z07-47235,7
47236,SNF-GT,SANATNAGAR,GHATKESAR,SUBURBAN,TRETA-SANA-GHAT-Z07-47236,7
47237,MED-SC,MEDCHAL,SECUNDERABAD JN,SUBURBAN,TRETA-MEDC-SECU-Z13-47237,13
47238,SC-MED,SECUNDERABAD JN,MEDCHAL,SUBURBAN,TRETA-SECU-MEDC-Z13-47238,13
47241,MED-FM,MEDCHAL,FALAKNUMA,SUBURBAN,TRETA-MEDC-FALA-Z22-47241,22
47242,MED-SC,MEDCHAL,SECUNDERABAD JN,SUBURBAN,TRETA-MEDC-SECU-Z13-47242,13
47243,SC-MED,SECUNDERABAD JN,MEDCHAL,SUBURBAN,TRETA-SECU-MEDC-Z13-47243,13
47244,FM-MED,FALAKNUMA,MEDCHAL,SUBURBAN,TRETA-FALA-MEDC-Z22-47244,22
47245,SC-MED,SECUNDERABAD JN,MEDCHAL,SUBURBAN,TRETA-SECU-MEDC-Z13-47245,13
47246,FM-SC,FALAKNUMA,SECUNDERABAD JN,SUBURBAN,TRETA-FALA-SECU-Z10-47246,10
47247,SC-UR,SECUNDERABAD JN,UMDANAGAR,SUBURBAN,TRETA-SECU-UMDA-Z13-47247,13
47248,UR-SC,UMDANAGAR,SECUNDERABAD JN,SUBURBAN,TRETA-UMDA-SECU-Z13-47248,13
47249,SC-UR,SECUNDERABAD JN,UMDANAGAR,SUBURBAN,TRETA-SECU-UMDA-Z13-47249,13
47250,FM-UR,FALAKNUMA,UMDANAGAR,SUBURBAN,TRETA-FALA-UMDA-Z03-47250,3
47251,MED-FM,MEDCHAL,FALAKNUMA,SUBURBAN,TRETA-MEDC-FALA-Z22-47251,22
47252,UR-SC,UMDANAGAR,SECUNDERABAD JN,SUBURBAN,TRETA-UMDA-SECU-Z13-47252,13
47253,GT-RCPT,GHATKESAR,RAMACHANDRAPURAM TS,SUBURBAN,TRETA-GHAT-RAMA-Z15-47253,15
47254,RCPT-GHATKESAR,RAMACHANDRAPURAM TS,GHATKESAR,SUBURBAN,TRETA-RAMA-GHAT-Z15-47254,15
49001,TBM-CGL AC EMU,TAMBARAM,CHENGALPATTU JN.,SUBURBAN,TRETA-TAMB-CHEN-Z07-49001,7
49002,CGL-MSB AC EMU,CHENGALPATTU JN.,CHENNAI BEACH,SUBURBAN,TRETA-CHEN-CHEN-Z15-49002,15
49003,MSB-TBM AC EMU,CHENNAI BEACH,TAMBARAM,SUBURBAN,TRETA-CHEN-TAMB-Z17-49003,17
49004,TBM-MSB AC EMU,TAMBARAM,CHENNAI BEACH,SUBURBAN,TRETA-TAMB-CHEN-Z17-49004,17
49005,MSB-TBM AC EMU,CHENNAI BEACH,TAMBARAM,SUBURBAN,TRETA-CHEN-TAMB-Z17-49005,17
49006,TBM-MSB AC EMU,TAMBARAM,CHENNAI BEACH,SUBURBAN,TRETA-TAMB-CHEN-Z17-49006,17
49007,MSB-CGL AC EMU FAST,CHENNAI BEACH,CHENGALPATTU JN.,SUBURBAN,TRETA-CHEN-CHEN-Z15-49007,15
49008,CGL-TBM AC EMU,CHENGALPATTU JN.,TAMBARAM,SUBURBAN,TRETA-CHEN-TAMB-Z07-49008,7
49009,MSB-TBM AC EMU,CHENNAI BEACH,TAMBARAM,SUBURBAN,TRETA-CHEN-TAMB-Z17-49009,17
50103,RATNAGIRI PASS,DIVA,RATNAGIRI,PASSENGER,TRETA-DIVA-RATN-Z28-50103,28
50104,RN DIVA PASS,RATNAGIRI,DIVA,PASSENGER,TRETA-RATN-DIVA-Z28-50104,28
50107,SWV MADGAON EXP,SAWANTWADI ROAD,MADGAON JUNCTION,PASSENGER,TRETA-SAWA-MADG-Z08-50107,8
50108,MADGAON SWV EXP,MADGAON JUNCTION,SAWANTWADI ROAD,PASSENGER,TRETA-MADG-SAWA-Z08-50108,8
51101,JM-KMN PAS,JALAMB JN.,KHAMGAON,PASSENGER,TRETA-JALA-KHAM-Z01-51101,1
51102,KMN-JM PASS,KHAMGAON,JALAMB JN.,PASSENGER,TRETA-KHAM-JALA-Z01-51102,1
51103,JM-KMN PASS,JALAMB JN.,KHAMGAON,PASSENGER,TRETA-JALA-KHAM-Z01-51103,1
51104,KMN-JM PASS,KHAMGAON,JALAMB JN.,PASSENGER,TRETA-KHAM-JALA-Z01-51104,1
51105,JM-KMN PASS,JALAMB JN.,KHAMGAON,PASSENGER,TRETA-JALA-KHAM-Z01-51105,1
51106,KMN-JM PASS,KHAMGAON,JALAMB JN.,PASSENGER,TRETA-KHAM-JALA-Z01-51106,1
51107,JM-KMN PASS,JALAMB JN.,KHAMGAON,PASSENGER,TRETA-JALA-KHAM-Z01-51107,1
51108,KMN-JM PASS,KHAMGAON,JALAMB JN.,PASSENGER,TRETA-KHAM-JALA-Z01-51108,1
51119,WR-KALM PASS,WARDHA JN,KALAMB,PASSENGER,TRETA-WARD-KALA-Z03-51119,3
51120,KALM-WR PASS,KALAMB,WARDHA JN,PASSENGER,TRETA-KALA-WARD-Z03-51120,3
51301,DD-KLBG FAST PASSENGER,DAUND JN,KALABURAGI,PASSENGER,TRETA-DAUN-KALA-Z16-51301,16
51302,KLBG-DD FAST PASSENGER,KALABURAGI,DAUND JN,PASSENGER,TRETA-KALA-DAUN-Z16-51302,16
51303,DD-KLBG FAST PASSENGER,DAUND JN,KALABURAGI,PASSENGER,TRETA-DAUN-KALA-Z16-51303,16
51304,KLBG-DD FAST PASSENGER,KALABURAGI,DAUND JN,PASSENGER,TRETA-KALA-DAUN-Z16-51304,16
51401,PUNE-BRMT PASS,PUNE JN,BARAMATI,PASSENGER,TRETA-PUNE-BARA-Z14-51401,14
51402,BRMT-DD PASS,BARAMATI,DAUND JN,PASSENGER,TRETA-BARA-DAUN-Z04-51402,4
51683,KNW-BIR PASSENGER,KHANDWA JUNCTION,BIR,PASSENGER,TRETA-KHAN-BIR-Z04-51683,4
51684,BIR-KNW PASSENGER,BIR,KHANDWA JUNCTION,PASSENGER,TRETA-BIR-KHAN-Z04-51684,4
51685,KNW-BIR PASSENGER,KHANDWA JUNCTION,BIR,PASSENGER,TRETA-KHAN-BIR-Z04-51685,4
51686,BIR-KNW PASSENGER,BIR,KHANDWA JUNCTION,PASSENGER,TRETA-BIR-KHAN-Z04-51686,4
51687,KNW-BIR PASSENGER,KHANDWA JUNCTION,BIR,PASSENGER,TRETA-KHAN-BIR-Z04-51687,4
51688,BIR-KNW PASSENGER,BIR,KHANDWA JUNCTION,PASSENGER,TRETA-BIR-KHAN-Z04-51688,4
51703,JBP-MFR PASSENGER,JABALPUR,MANDLA FORT,PASSENGER,TRETA-JABA-MAND-Z25-51703,25
51704,MFR-JBP PASSENGER,MANDLA FORT,JABALPUR,PASSENGER,TRETA-MAND-JABA-Z25-51704,25
51705,JBP-MFR PASSENGER,JABALPUR,MANDLA FORT,PASSENGER,TRETA-JABA-MAND-Z25-51705,25
51706,MFR-JBP PASSENGER,MANDLA FORT,JABALPUR,PASSENGER,TRETA-MAND-JABA-Z25-51706,25
51707,JBP-G PASSENGER,JABALPUR,GONDIA JN,PASSENGER,TRETA-JABA-GOND-Z36-51707,36
51708,G-JBP PASSENGER,GONDIA JN,JABALPUR,PASSENGER,TRETA-GOND-JABA-Z36-51708,36
51755,CHRM-APR PASSENGER,CHIRMIRI,ANUPPUR JN,PASSENGER,TRETA-CHIR-ANUP-Z10-51755,10
51756,APR-CHRM PASSENGER,ANUPPUR JN,CHIRMIRI,PASSENGER,TRETA-ANUP-CHIR-Z10-51756,10
51861,AIT-KNH PASSENGER,AIT,KONCH,PASSENGER,TRETA-AIT-KONC-Z01-51861,1
51862,KNH-AIT PASSENGER,KONCH,AIT,PASSENGER,TRETA-KONC-AIT-Z01-51862,1
51863,AIT-KNH PASSENGER,AIT,KONCH,PASSENGER,TRETA-AIT-KONC-Z01-51863,1
51864,KNH-AIT PASSENGER,KONCH,AIT,PASSENGER,TRETA-KONC-AIT-Z01-51864,1
51865,AIT-KNH PASSENGER,AIT,KONCH,PASSENGER,TRETA-AIT-KONC-Z01-51865,1
51866,KNH-AIT PASSENGER,KONCH,AIT,PASSENGER,TRETA-KONC-AIT-Z01-51866,1
51867,AIT-KNH PASSENGER,AIT,KONCH,PASSENGER,TRETA-AIT-KONC-Z01-51867,1
51868,KNH-AIT PASSENGER,KONCH,AIT,PASSENGER,TRETA-KONC-AIT-Z01-51868,1
51869,AIT-KONCH PASSENGER,AIT,KONCH,PASSENGER,TRETA-AIT-KONC-Z01-51869,1
51870,KNH-AIT PASSENGER,KONCH,AIT,PASSENGER,TRETA-KONC-AIT-Z01-51870,1
51883,BINA-GWL PASSENGER,BINA JN,GWALIOR JN.,PASSENGER,TRETA-BINA-GWAL-Z31-51883,31
51884,GWL-BINA PASSENGER,GWALIOR JN.,BINA JN,PASSENGER,TRETA-GWAL-BINA-Z31-51884,31
51885,BINA-DMO PASSENGER,BINA JN,DAMOH,PASSENGER,TRETA-BINA-DAMO-Z17-51885,17
51886,DMO-BINA PASSENGER,DAMOH,BINA JN,PASSENGER,TRETA-DAMO-BINA-Z17-51886,17
51901,AF-ETAH PASSENGER,AGRA FORT,ETAH,PASSENGER,TRETA-AGRA-ETAH-Z08-51901,8
51902,ETAH-AF PASSENGER,ETAH,AGRA FORT,PASSENGER,TRETA-ETAH-AGRA-Z08-51902,8
51903,TDL-ETAH PASSENGER,TUNDLA JN,ETAH,PASSENGER,TRETA-TUND-ETAH-Z10-51903,10
51904,ETAH-TDL PASSENGER,ETAH,TUNDLA JN,PASSENGER,TRETA-ETAH-TUND-Z10-51904,10
51905,FBD-TDL PASSENGER,FARRUKHABAD,TUNDLA JN,PASSENGER,TRETA-FARR-TUND-Z20-51905,20
51906,TDL-FBD PASSENGER,TUNDLA JN,FARRUKHABAD,PASSENGER,TRETA-TUND-FARR-Z20-51906,20
51907,IDH-BTE PASSENGER,IDGAH JN,BHARATPUR JN,PASSENGER,TRETA-IDGA-BHAR-Z07-51907,7
51908,BTE-IDH PASSENGER,BHARATPUR JN,IDGAH JN,PASSENGER,TRETA-BHAR-IDGA-Z07-51908,7
51909,IDH-BTE PASSENGER,IDGAH JN,BHARATPUR JN,PASSENGER,TRETA-IDGA-BHAR-Z07-51909,7
51910,BTE-IDH PASSENGER,BHARATPUR JN,IDGAH JN,PASSENGER,TRETA-BHAR-IDGA-Z07-51910,7
51971,MTJ-AWR PASSENGER,MATHURA JN.,ALWAR JUNCTION,PASSENGER,TRETA-MATH-ALWA-Z16-51971,16
51972,AWR-MTJ PASSENGER,ALWAR JUNCTION,MATHURA JN.,PASSENGER,TRETA-ALWA-MATH-Z16-51972,16
51973,MTJ-JP PASSENGER,MATHURA JN.,JAIPUR JN.,PASSENGER,TRETA-MATH-JAIP-Z36-51973,36
51974,JP-MTJ PASSENGER,JAIPUR JN.,MATHURA JN.,PASSENGER,TRETA-JAIP-MATH-Z36-51974,36
52001,BIM WGI PASS,BILIMORA JN,WAGHAI,PASSENGER,TRETA-BILI-WAGH-Z10-52001,10
52002,WGI BIM PASS,WAGHAI,BILIMORA JN,PASSENGER,TRETA-WAGH-BILI-Z10-52002,10
52003,BIM WGI PASS,BILIMORA JN,WAGHAI,PASSENGER,TRETA-BILI-WAGH-Z10-52003,10
52004,WGI BIM PASS,WAGHAI,BILIMORA JN,PASSENGER,TRETA-WAGH-BILI-Z10-52004,10
52075,MJ-KBK PASSENGER,MARWAR JN,KHAMBLI GHAT,PASSENGER,TRETA-MARW-KHAM-Z04-52075,4
52076,KBK-MJ PASSENGER,KHAMBLI GHAT,MARWAR JN,PASSENGER,TRETA-KHAM-MARW-Z04-52076,4
52103,NRLN-MAE PASS,NERAL (NG),MATHERAN,PASSENGER,TRETA-NERA-MATH-Z04-52103,4
52104,MAE-NRLN PASS,MATHERAN,NERAL (NG),PASSENGER,TRETA-MATH-NERA-Z04-52104,4
52105,NRLN-MAE PASS,NERAL (NG),MATHERAN,PASSENGER,TRETA-NERA-MATH-Z04-52105,4
52106,MAE-NRLN PASS,MATHERAN,NERAL (NG),PASSENGER,TRETA-MATH-NERA-Z04-52106,4
52153,ANLG-MAE PASS,AMAN LODGE,MATHERAN,PASSENGER,TRETA-AMAN-MATH-Z01-52153,1
52154,MAE-ANLG PASS,MATHERAN,AMAN LODGE,PASSENGER,TRETA-MATH-AMAN-Z01-52154,1
52155,ANLG-MAE PASS,AMAN LODGE,MATHERAN,PASSENGER,TRETA-AMAN-MATH-Z01-52155,1
52156,MAE-ANLG PASS,MATHERAN,AMAN LODGE,PASSENGER,TRETA-MATH-AMAN-Z01-52156,1
52157,ANLG-MAE PASS,AMAN LODGE,MATHERAN,PASSENGER,TRETA-AMAN-MATH-Z01-52157,1
52158,MAE-ANLG PASS,MATHERAN,AMAN LODGE,PASSENGER,TRETA-MATH-AMAN-Z01-52158,1
52159,ANLG-MAE PASS,AMAN LODGE,MATHERAN,PASSENGER,TRETA-AMAN-MATH-Z01-52159,1
52160,MAE-ANLG PASS,MATHERAN,AMAN LODGE,PASSENGER,TRETA-MATH-AMAN-Z01-52160,1
52161,ANLG-MAE PASS,AMAN LODGE,MATHERAN,PASSENGER,TRETA-AMAN-MATH-Z01-52161,1
52162,MAE-ANLG PASS,MATHERAN,AMAN LODGE,PASSENGER,TRETA-MATH-AMAN-Z01-52162,1
52163,ANLG-MAE PASS,AMAN LODGE,MATHERAN,PASSENGER,TRETA-AMAN-MATH-Z01-52163,1
52164,MAE-ANLG PASS,MATHERAN,AMAN LODGE,PASSENGER,TRETA-MATH-AMAN-Z01-52164,1
52259,BIC MLN,BICHIA,MAILANI,PASSENGER,TRETA-BICH-MAIL-Z08-52259,8
52260,MLN BIC,MAILANI,BICHIA,PASSENGER,TRETA-MAIL-BICH-Z08-52260,8
52261,NNP-MLN PASSENGER,NANPARA JN,MAILANI,PASSENGER,TRETA-NANP-MAIL-Z15-52261,15
52262,MLN-NNP PASSENGER,MAILANI,NANPARA JN,PASSENGER,TRETA-MAIL-NANP-Z15-52262,15
52263,NNP-MLN PASSENGER,NANPARA JN,MAILANI,PASSENGER,TRETA-NANP-MAIL-Z15-52263,15
52264,MLN-NNP PASSENGER,MAILANI,NANPARA JN,PASSENGER,TRETA-MAIL-NANP-Z15-52264,15
52451,SHIVALK DLX EXP,KALKA,SHIMLA,PASSENGER,TRETA-KALK-SHIM-Z06-52451,6
52452,SHIVALK DLX EXP,SHIMLA,KALKA,PASSENGER,TRETA-SHIM-KALK-Z07-52452,7
52453,KLK SML EXP,KALKA,SHIMLA,PASSENGER,TRETA-KALK-SHIM-Z12-52453,12
52454,SML KLK EXP,SHIMLA,KALKA,PASSENGER,TRETA-SHIM-KALK-Z13-52454,13
52455,HIMALYAN QUEEN,KALKA,SHIMLA,PASSENGER,TRETA-KALK-SHIM-Z07-52455,7
52456,HIMALYAN QUEEN,SHIMLA,KALKA,PASSENGER,TRETA-SHIM-KALK-Z07-52456,7
52457,KLK SML EXP,KALKA,SHIMLA,PASSENGER,TRETA-KALK-SHIM-Z17-52457,17
52458,SML KLK EXP,SHIMLA,KALKA,PASSENGER,TRETA-SHIM-KALK-Z11-52458,11
52459,KLK SML EXPRESS,KALKA,SHIMLA,PASSENGER,TRETA-KALK-SHIM-Z06-52459,6
52460,SML KLK EXPRESS,SHIMLA,KALKA,PASSENGER,TRETA-SHIM-KALK-Z06-52460,6
52461,PTK-JMKR PASSENGER,PATHANKOT,JAWLMUKHI ROAD,PASSENGER,TRETA-PATH-JAWL-Z16-52461,16
52462,BJPL-NUPR PASSENGER,BAIJNATHPAPROLA,NURPUR ROAD,PASSENGER,TRETA-BAIJ-NURP-Z26-52462,26
52464,BJPL-JMKR PASSENGER,BAIJNATHPAPROLA,JAWLMUKHI ROAD,PASSENGER,TRETA-BAIJ-JAWL-Z13-52464,13
52465,PTK-BJPL PASSENGER,PATHANKOT,BAIJNATHPAPROLA,PASSENGER,TRETA-PATH-BAIJ-Z29-52465,29
52466,BJPL-NUPR PASSENGER,BAIJNATHPAPROLA,NURPUR ROAD,PASSENGER,TRETA-BAIJ-NURP-Z26-52466,26
52467,PTK-BJPL PASSENGER,PATHANKOT,BAIJNATHPAPROLA,PASSENGER,TRETA-PATH-BAIJ-Z29-52467,29
52469,JMKR-BJPL,JAWLMUKHI ROAD,BAIJNATHPAPROLA,PASSENGER,TRETA-JAWL-BAIJ-Z13-52469,13
52470,BJPL-NUPR PASSENGER,BAIJNATHPAPROLA,PATHANKOT,PASSENGER,TRETA-BAIJ-PATH-Z29-52470,29
52471,NUPR-BJPL PASSENGER,NURPUR ROAD,BAIJNATHPAPROLA,PASSENGER,TRETA-NURP-BAIJ-Z26-52471,26
52472,JDNX-BJPL PASSENGER,JOGINDER NAGAR,BAIJNATHPAPROLA,PASSENGER,TRETA-JOGI-BAIJ-Z02-52472,2
52473,BJPL-JDNX PASSENGER,BAIJNATHPAPROLA,JOGINDER NAGAR,PASSENGER,TRETA-BAIJ-JOGI-Z02-52473,2
52474,BJPL-PTK PASSENGER,BAIJNATHPAPROLA,PATHANKOT,PASSENGER,TRETA-BAIJ-PATH-Z29-52474,29
52475,NUPR-BJPL PASSENGER,NURPUR ROAD,BAIJNATHPAPROLA,PASSENGER,TRETA-NURP-BAIJ-Z26-52475,26
52476,BJPL-NUPR PASSENGER,BAIJNATHPAPROLA,NURPUR ROAD,PASSENGER,TRETA-BAIJ-NURP-Z26-52476,26
52538,DJ NJP AC PASS,DARJEELING,NEW JALPAIGURI,PASSENGER,TRETA-DARJ-NEW_-Z11-52538,11
52539,NJP DJ AC PASS,NEW JALPAIGURI,DARJEELING,PASSENGER,TRETA-NEW_-DARJ-Z11-52539,11
52540,DJ NJP PASSENGER,DARJEELING,NEW JALPAIGURI,PASSENGER,TRETA-DARJ-NEW_-Z11-52540,11
52541,NJP DJ PASSENGER,NEW JALPAIGURI,DARJEELING,PASSENGER,TRETA-NEW_-DARJ-Z11-52541,11
52544,STMJOYRIDEVISTA,DARJEELING,DARJEELING,PASSENGER,TRETA-DARJ-DARJ-Z02-52544,2
52545,JUNGLE SAFARI,SILIGURI JN,TINDHARIA,PASSENGER,TRETA-SILI-TIND-Z03-52545,3
52546,JUNGLE SAFARI,TINDHARIA,SILIGURI JN,PASSENGER,TRETA-TIND-SILI-Z03-52546,3
52590,DIESEL JOYRIDE,DARJEELING,DARJEELING,PASSENGER,TRETA-DARJ-DARJ-Z02-52590,2
52591,DIESEL JOYRIDE,DARJEELING,DARJEELING,PASSENGER,TRETA-DARJ-DARJ-Z02-52591,2
52592,DIESEL JOYRIDE,DARJEELING,DARJEELING,PASSENGER,TRETA-DARJ-DARJ-Z02-52592,2
52594,STEAM JOYRIDE,DARJEELING,DARJEELING,PASSENGER,TRETA-DARJ-DARJ-Z02-52594,2
52596,STEAM JOYRIDE,DARJEELING,DARJEELING,PASSENGER,TRETA-DARJ-DARJ-Z02-52596,2
52597,DIESEL JOYRIDE,DARJEELING,DARJEELING,PASSENGER,TRETA-DARJ-DARJ-Z02-52597,2
52598,STMJOYRIDEVISTA,DARJEELING,DARJEELING,PASSENGER,TRETA-DARJ-DARJ-Z02-52598,2
52599,DIESEL JOYRIDE,DARJEELING,DARJEELING,PASSENGER,TRETA-DARJ-DARJ-Z02-52599,2
52929,VRL - JND PASSENGER,VERAVAL,JUNAGADH JN,PASSENGER,TRETA-VERA-JUNA-Z11-52929,11
52930,JND-VRL PASSENGER,JUNAGADH JN,VERAVAL,PASSENGER,TRETA-JUNA-VERA-Z11-52930,11
52933,VRL - JND PASSENGER,VERAVAL,JUNAGADH JN,PASSENGER,TRETA-VERA-JUNA-Z11-52933,11
52946,JND-VRL PASSENGER,JUNAGADH JN,VERAVAL,PASSENGER,TRETA-JUNA-VERA-Z11-52946,11
52949,VRL-DVA PASSENGER,VERAVAL,DELVADA,PASSENGER,TRETA-VERA-DELV-Z11-52949,11
52950,DVA-VRL PASSENGER,DELVADA,VERAVAL,PASSENGER,TRETA-DELV-VERA-Z11-52950,11
52951,DVA-JND PASSENGER,DELVADA,JUNAGADH JN,PASSENGER,TRETA-DELV-JUNA-Z18-52951,18
52952,JND-DVA PASSENGER,JUNAGADH JN,DELVADA,PASSENGER,TRETA-JUNA-DELV-Z18-52952,18
52955,VRL-JND PASSENGER,VERAVAL,JUNAGADH JN,PASSENGER,TRETA-VERA-JUNA-Z11-52955,11
52956,JND - VRL PASSENGER,JUNAGADH JN,VERAVAL,PASSENGER,TRETA-JUNA-VERA-Z11-52956,11
52965,PTP KKD PASS,PATAL PANI,KALKUND,PASSENGER,TRETA-PATA-KALK-Z01-52965,1
52966,KKD PTP PASS,KALKUND,PATAL PANI,PASSENGER,TRETA-KALK-PATA-Z01-52966,1
53001,HWH-AZ PASSENGER,HOWRAH JN,AZIMGANJ JN,PASSENGER,TRETA-HOWR-AZIM-Z42-53001,42
53002,AZ-HWH PASSENGER,AZIMGANJ JN,HOWRAH JN,PASSENGER,TRETA-AZIM-HOWR-Z35-53002,35
53005,KWAE-AZ PASSENGER,KATWA,AZIMGANJ JN,PASSENGER,TRETA-KATW-AZIM-Z17-53005,17
53006,AZ-KWAE PASSENGER,AZIMGANJ JN,KATWA,PASSENGER,TRETA-AZIM-KATW-Z16-53006,16
53009,KWAE-AZ PASSENGER,KATWA,AZIMGANJ JN,PASSENGER,TRETA-KATW-AZIM-Z18-53009,18
53011,KWAE-AZ PASSENGER,KATWA,AZIMGANJ JN,PASSENGER,TRETA-KATW-AZIM-Z15-53011,15
53012,AZ-KWAE PASSENGER,AZIMGANJ JN,KATWA,PASSENGER,TRETA-AZIM-KATW-Z19-53012,19
53014,AZ-KWAE PASSENGER,AZIMGANJ JN,KATWA,PASSENGER,TRETA-AZIM-KATW-Z13-53014,13
53015,KWAE-AZ PASSENGER,KATWA,AZIMGANJ JN,PASSENGER,TRETA-KATW-AZIM-Z16-53015,16
53016,AZ-KWAE PASSENGER,AZIMGANJ JN,KATWA,PASSENGER,TRETA-AZIM-KATW-Z15-53016,15
53017,KWAE-AZ PASSENGER,KATWA,AZIMGANJ JN,PASSENGER,TRETA-KATW-AZIM-Z17-53017,17
53018,AZ-KWAE PASSENGER,AZIMGANJ JN,KATWA,PASSENGER,TRETA-AZIM-KATW-Z19-53018,19
53027,AZ-MLDT PASSENGER,AZIMGANJ JN,MALDA TOWN,PASSENGER,TRETA-AZIM-MALD-Z21-53027,21
53028,MLDT-AZ PASSENGER,MALDA TOWN,AZIMGANJ JN,PASSENGER,TRETA-MALD-AZIM-Z21-53028,21
53029,AZ-BGP PASSENGER,AZIMGANJ JN,BHAGALPUR,PASSENGER,TRETA-AZIM-BHAG-Z41-53029,41
53030,BGP-AZ PASSENGER,BHAGALPUR,AZIMGANJ JN,PASSENGER,TRETA-BHAG-AZIM-Z40-53030,40
53047,VISWABHARTI PSG,HOWRAH JN,RAMPUR HAT,PASSENGER,TRETA-HOWR-RAMP-Z22-53047,22
53048,VISWABHARTI PSG,RAMPUR HAT,HOWRAH JN,PASSENGER,TRETA-RAMP-HOWR-Z22-53048,22
53051,AZ-NILE PASSENGER,AZIMGANJ JN,NIMITITA,PASSENGER,TRETA-AZIM-NIMI-Z09-53051,9
53052,NILE-AZ PASSENGER,NIMITITA,AZIMGANJ JN,PASSENGER,TRETA-NIMI-AZIM-Z09-53052,9
53053,KWAE-NILE PASSENGER,KATWA,NIMITITA,PASSENGER,TRETA-KATW-NIMI-Z23-53053,23
53054,NILE-KWAE PASSENGER,NIMITITA,KATWA,PASSENGER,TRETA-NIMI-KATW-Z22-53054,22
53055,KWAE-AMP PASSENGER,KATWA,AHAMADPUR JN.,PASSENGER,TRETA-KATW-AHAM-Z13-53055,13
53056,AMP-KWAE PASSENGER,AHAMADPUR JN.,KATWA,PASSENGER,TRETA-AHAM-KATW-Z13-53056,13
53091,KNJ-AZ CONV  PGR,KRISHNGR CTY JN,AZIMGANJ JN,PASSENGER,TRETA-KRIS-AZIM-Z18-53091,18
53092,AZ-KNJ CONV PGR,AZIMGANJ JN,KRISHNGR CTY JN,PASSENGER,TRETA-AZIM-KRIS-Z18-53092,18
53171,SDAH-LGL PASSENGER,SEALDAH,LALGOLA,PASSENGER,TRETA-SEAL-LALG-Z39-53171,39
53172,LGL SDAH PASS,LALGOLA,SEALDAH,PASSENGER,TRETA-LALG-SEAL-Z37-53172,37
53175,SDAH LGL PGR,SEALDAH,LALGOLA,PASSENGER,TRETA-SEAL-LALG-Z34-53175,34
53178,LGL SDAH PSGN,LALGOLA,SEALDAH,PASSENGER,TRETA-LALG-SEAL-Z35-53178,35
53180,LGL-SDAH PASSENGER,LALGOLA,SEALDAH,PASSENGER,TRETA-LALG-SEAL-Z38-53180,38
53181,SDAH LGL PSGN,SEALDAH,LALGOLA,PASSENGER,TRETA-SEAL-LALG-Z33-53181,33
53201,PNBE-BXR FAST PASSENGER,PATNA JN,BUXAR,PASSENGER,TRETA-PATN-BUXA-Z08-53201,8
53202,BXR-PNBE FAST PASSENGER,BUXAR,PATNA JN,PASSENGER,TRETA-BUXA-PATN-Z08-53202,8
53203,JAJ -DNR FAST PASSENGER,JHAJHA,DANAPUR,PASSENGER,TRETA-JHAJ-DANA-Z22-53203,22
53204,DNR -JAJ FAST PASSENGER,DANAPUR,JHAJHA,PASSENGER,TRETA-DANA-JHAJ-Z22-53204,22
53211,PNBE-SSM PASSENGER,PATNA JN,SASARAM,PASSENGER,TRETA-PATN-SASA-Z20-53211,20
53212,SSM-PNBE PASSENGER,SASARAM,PATNA JN,PASSENGER,TRETA-SASA-PATN-Z20-53212,20
53213,PNBE-GAYA PASSENGER,PATNA JN,GAYA JN,PASSENGER,TRETA-PATN-GAYA-Z30-53213,30
53214,GAYA-PNBE PASSENGER,GAYA JN,PATNA JN,PASSENGER,TRETA-GAYA-PATN-Z30-53214,30
53229,RGD-FUT PASSENGER,RAJGIR,FATUHA,PASSENGER,TRETA-RAJG-FATU-Z23-53229,23
53230,FUT-RGD PASSENGER,FATUHA,RAJGIR,PASSENGER,TRETA-FATU-RAJG-Z23-53230,23
53231,TIA-DNR PASSENGER,TILAYA,DANAPUR,PASSENGER,TRETA-TILA-DANA-Z40-53231,40
53232,DNR-TIA PASSENGER,DANAPUR,TILAYA,PASSENGER,TRETA-DANA-TILA-Z39-53232,39
53233,NES-FUT PASSENGER,NATESAR,FATUHA,PASSENGER,TRETA-NATE-FATU-Z09-53233,9
53234,FUT-NES PASSENGER,FATUHA,NATESAR,PASSENGER,TRETA-FATU-NATE-Z09-53234,9
53235,HIL-FUT PASSENGER,HILSA,FATUHA,PASSENGER,TRETA-HILS-FATU-Z10-53235,10
53236,FUT-HIL PASSENGER,FATUHA,HILSA,PASSENGER,TRETA-FATU-HILS-Z10-53236,10
53241,GAH-NKE PASSENGER,GAWNAHA,NARKATIAGANJ JN,PASSENGER,TRETA-GAWN-NARK-Z03-53241,3
53242,NKE-GAH PASSENGER,NARKATIAGANJ JN,GAWNAHA,PASSENGER,TRETA-NARK-GAWN-Z03-53242,3
53261,FUT-BXR PASSENGER,FATUHA,BUXAR,PASSENGER,TRETA-FATU-BUXA-Z32-53261,32
53262,BXR-FUT PASSENGER,BUXAR,FATUHA,PASSENGER,TRETA-BUXA-FATU-Z29-53262,29
53323,SNDT-DHN PASSENGER,SINDRI TOWN,DHANBAD JN,PASSENGER,TRETA-SIND-DHAN-Z06-53323,6
53324,DHN-SNDT PASSENGER,DHANBAD JN,SINDRI TOWN,PASSENGER,TRETA-DHAN-SIND-Z06-53324,6
53327,SNDT-GMO PASSENGER,SINDRI TOWN,NSC BOSE J GOMO,PASSENGER,TRETA-SIND-NSC_-Z11-53327,11
53328,GMO-SNDT PASSENGER,NSC BOSE J GOMO,SINDRI TOWN,PASSENGER,TRETA-NSC_-SIND-Z11-53328,11
53333,SNDT-DHN PASSENGER,SINDRI TOWN,DHANBAD JN,PASSENGER,TRETA-SIND-DHAN-Z05-53333,5
53334,DHN-SNDT PASSENGER,DHANBAD JN,SINDRI TOWN,PASSENGER,TRETA-DHAN-SIND-Z05-53334,5
53339,CRP-DHN PASSENGER,CHANDRAPURA,DHANBAD JN,PASSENGER,TRETA-CHAN-DHAN-Z10-53339,10
53340,DHN-CRP PASSENGER,DHANBAD JN,CHANDRAPURA,PASSENGER,TRETA-DHAN-CHAN-Z10-53340,10
53343,GMO-CPU PASSENGER,NSC BOSE J GOMO,CHOPAN,PASSENGER,TRETA-NSC_-CHOP-Z62-53343,62
53344,CPU-GMO PASSENGER,CHOPAN,NSC BOSE J GOMO,PASSENGER,TRETA-CHOP-NSC_-Z62-53344,62
53347,GMO-BRWD PASSENGER,NSC BOSE J GOMO,BARWADIH JN,PASSENGER,TRETA-NSC_-BARW-Z38-53347,38
53348,BRWD-GMO PASSENGER,BARWADIH JN,NSC BOSE J GOMO,PASSENGER,TRETA-BARW-NSC_-Z38-53348,38
53349,BRWD-DOS PASSENGER,BARWADIH JN,DEHRI ON SONE,PASSENGER,TRETA-BARW-DEHR-Z24-53349,24
53350,DOS-BRWD PASSENGER,DEHRI ON SONE,BARWADIH JN,PASSENGER,TRETA-DEHR-BARW-Z24-53350,24
53351,BRWD-CAR PASSENGER,BARWADIH JN,CHUNAR,PASSENGER,TRETA-BARW-CHUN-Z31-53351,31
53352,CAR-BRWD PASSENGER,CHUNAR,BARWADIH JN,PASSENGER,TRETA-CHUN-BARW-Z31-53352,31
53357,BRKA-DOS PASSENGER,BARKA KANA,DEHRI ON SONE,PASSENGER,TRETA-BARK-DEHR-Z44-53357,44
53358,DOS-BRKA PASSENGER,DEHRI ON SONE,BARKA KANA,PASSENGER,TRETA-DEHR-BARK-Z44-53358,44
53365,MMD-KQR PASSENGER,MAHESHMUNDA,KODERMA,PASSENGER,TRETA-MAHE-KODE-Z15-53365,15
53366,KQR-MMD PASSENGER,KODERMA,MAHESHMUNDA,PASSENGER,TRETA-KODE-MAHE-Z15-53366,15
53369,MDP-KQR PASSENGER,MADHUPUR JN.,KODERMA,PASSENGER,TRETA-MADH-KODE-Z20-53369,20
53370,KQR-MDP PASSENGER,KODERMA,MADHUPUR JN.,PASSENGER,TRETA-KODE-MADH-Z20-53370,20
53371,KQR-BRKA PASSENGER,KODERMA,BARKA KANA,PASSENGER,TRETA-KODE-BARK-Z15-53371,15
53372,BRKA-KQR PASSENGER,BARKA KANA,KODERMA,PASSENGER,TRETA-BARK-KODE-Z15-53372,15
53373,KQR-BRKA PASSENGER,KODERMA,BARKA KANA,PASSENGER,TRETA-KODE-BARK-Z15-53373,15
53374,BRKA-KQR PASSENGER,BARKA KANA,KODERMA,PASSENGER,TRETA-BARK-KODE-Z15-53374,15
53375,BRKA-SDWR PASSENGER,BARKA KANA,SIDHWAR,PASSENGER,TRETA-BARK-SIDH-Z01-53375,1
53376,SDWR-BRKA PASSENGER,SIDHWAR,BARKA KANA,PASSENGER,TRETA-SIDH-BARK-Z01-53376,1
53403,RPH-GAYA PASSENGER,RAMPUR HAT,GAYA JN,PASSENGER,TRETA-RAMP-GAYA-Z77-53403,77
53404,GAYA-JMP PASSENGER,GAYA JN,JAMALPUR JN,PASSENGER,TRETA-GAYA-JAMA-Z31-53404,31
53408,JMP-RPH PASSENGER,JAMALPUR JN,RAMPUR HAT,PASSENGER,TRETA-JAMA-RAMP-Z46-53408,46
53411,BHW-SBG PASSENGER,BARHARWA JN,SAHIBGANJ JN,PASSENGER,TRETA-BARH-SAHI-Z09-53411,9
53412,SBG-BHW PASSENGER,SAHIBGANJ JN,BARHARWA JN,PASSENGER,TRETA-SAHI-BARH-Z09-53412,9
53415,SBG-JMP PASSENGER,SAHIBGANJ JN,JAMALPUR JN,PASSENGER,TRETA-SAHI-JAMA-Z30-53415,30
53416,JMP-SBG PASSENGER,JAMALPUR JN,SAHIBGANJ JN,PASSENGER,TRETA-JAMA-SAHI-Z30-53416,30
53433,AZ-BHW PASSENGER,AZIMGANJ JN,BARHARWA JN,PASSENGER,TRETA-AZIM-BARH-Z19-53433,19
53434,BHW-AZ PASSENGER,BARHARWA JN,AZIMGANJ JN,PASSENGER,TRETA-BARH-AZIM-Z19-53434,19
53435,KWAE-AZ PASSENGER,KATWA,AZIMGANJ JN,PASSENGER,TRETA-KATW-AZIM-Z18-53435,18
53436,AZ-KWAE PASSENGER,AZIMGANJ JN,KATWA,PASSENGER,TRETA-AZIM-KATW-Z17-53436,17
53441,DGHR-JMP PGR,DEOGHAR,JAMALPUR JN,PASSENGER,TRETA-DEOG-JAMA-Z38-53441,38
53442,JMP-DGHR PGR,JAMALPUR JN,DEOGHAR,PASSENGER,TRETA-JAMA-DEOG-Z38-53442,38
53443,GODA-DGHR PGR,GODDA,DEOGHAR,PASSENGER,TRETA-GODD-DEOG-Z09-53443,9
53444,DGHR-GODA PGR,DEOGHAR,GODDA,PASSENGER,TRETA-DEOG-GODD-Z09-53444,9
53479,JMP-KIUL PASSENGER,JAMALPUR JN,KIUL JN,PASSENGER,TRETA-JAMA-KIUL-Z12-53479,12
53480,KIUL-JMP PASSENGER,KIUL JN,JAMALPUR JN,PASSENGER,TRETA-KIUL-JAMA-Z25-53480,25
53481,TPH-RJL PASSENGER,TINPAHAR JN,RAJMAHAL,PASSENGER,TRETA-TINP-RAJM-Z02-53481,2
53482,RJL-TPH PASSENGER,RAJMAHAL,TINPAHAR JN,PASSENGER,TRETA-RAJM-TINP-Z05-53482,5
53483,TPH-RJL PASSENGER,TINPAHAR JN,RAJMAHAL,PASSENGER,TRETA-TINP-RAJM-Z05-53483,5
53484,RJL-TPH PASSENGER,RAJMAHAL,TINPAHAR JN,PASSENGER,TRETA-RAJM-TINP-Z05-53484,5
53485,TPH-RJL PASSENGER,TINPAHAR JN,RAJMAHAL,PASSENGER,TRETA-TINP-RAJM-Z05-53485,5
53486,RJL-TPH PASSENGER,RAJMAHAL,TINPAHAR JN,PASSENGER,TRETA-RAJM-TINP-Z05-53486,5
53487,TPH-RJL PASSENGER,TINPAHAR JN,RAJMAHAL,PASSENGER,TRETA-TINP-RAJM-Z05-53487,5
53488,RJL-TPH PASSENGER,RAJMAHAL,TINPAHAR JN,PASSENGER,TRETA-RAJM-TINP-Z05-53488,5
53489,TPH-RJL PASSENGER,TINPAHAR JN,RAJMAHAL,PASSENGER,TRETA-TINP-RAJM-Z05-53489,5
53490,RJL-TPH PASSENGER,RAJMAHAL,TINPAHAR JN,PASSENGER,TRETA-RAJM-TINP-Z02-53490,2
53491,TPH-RJL PASSENGER,TINPAHAR JN,RAJMAHAL,PASSENGER,TRETA-TINP-RAJM-Z02-53491,2
53492,RJL-TPH PASSENGER,RAJMAHAL,TINPAHAR JN,PASSENGER,TRETA-RAJM-TINP-Z02-53492,2
53493,TPH-RJL PASSENGER,TINPAHAR JN,RAJMAHAL,PASSENGER,TRETA-TINP-RAJM-Z05-53493,5
53494,RJL-TPH PASSENGER,RAJMAHAL,TINPAHAR JN,PASSENGER,TRETA-RAJM-TINP-Z02-53494,2
53495,TPH-RJL PASSENGER,TINPAHAR JN,RAJMAHAL,PASSENGER,TRETA-TINP-RAJM-Z02-53495,2
53496,RJL-TPH PASSENGER,RAJMAHAL,TINPAHAR JN,PASSENGER,TRETA-RAJM-TINP-Z02-53496,2
53511,MDP-GRD PGR,MADHUPUR JN.,GIRIDIH,PASSENGER,TRETA-MADH-GIRI-Z06-53511,6
53512,GRD-MDP PGR,GIRIDIH,MADHUPUR JN.,PASSENGER,TRETA-GIRI-MADH-Z06-53512,6
53513,MDP-GRD PASSENGER,MADHUPUR JN.,GIRIDIH,PASSENGER,TRETA-MADH-GIRI-Z06-53513,6
53514,GRD-MDP PASSENGER,GIRIDIH,MADHUPUR JN.,PASSENGER,TRETA-GIRI-MADH-Z06-53514,6
53515,MDP-GRD PASSENGER,MADHUPUR JN.,GIRIDIH,PASSENGER,TRETA-MADH-GIRI-Z06-53515,6
53516,GRD-MDP PASSENGER,GIRIDIH,MADHUPUR JN.,PASSENGER,TRETA-GIRI-MADH-Z06-53516,6
53517,MDP-GRD PASSENGER,MADHUPUR JN.,GIRIDIH,PASSENGER,TRETA-MADH-GIRI-Z06-53517,6
53518,GRD-MDP PASSENGER,GIRIDIH,MADHUPUR JN.,PASSENGER,TRETA-GIRI-MADH-Z06-53518,6
53519,MDP-GRD PASSENGER,MADHUPUR JN.,GIRIDIH,PASSENGER,TRETA-MADH-GIRI-Z06-53519,6
53520,GRD-MDP PASSENGER,GIRIDIH,MADHUPUR JN.,PASSENGER,TRETA-GIRI-MADH-Z06-53520,6
53611,BRWD-DOS PASSENGER,BARWADIH JN,DEHRI ON SONE,PASSENGER,TRETA-BARW-DEHR-Z24-53611,24
53612,DOS-BRWD PASSENGER,DEHRI ON SONE,BARWADIH JN,PASSENGER,TRETA-DEHR-BARW-Z24-53612,24
53641,DLN-DDU PASSENGER,DILDARNAGAR JN,PT.DEEN DAYAL UPADHYAYA JN.,PASSENGER,TRETA-DILD-PT.D-Z08-53641,8
53642,DDU-DLN PASSENGER,PT.DEEN DAYAL UPADHYAYA JN.,DILDARNAGAR JN,PASSENGER,TRETA-PT.D-DILD-Z08-53642,8
53643,DLN-TRG PASSENGER,DILDARNAGAR JN,TARIGHAT,PASSENGER,TRETA-DILD-TARI-Z03-53643,3
53644,TRG-DLN PASSENGER,TARIGHAT,DILDARNAGAR JN,PASSENGER,TRETA-TARI-DILD-Z03-53644,3
53645,DLN-GCT PASSENGER,DILDARNAGAR JN,GHAZIPUR CITY,PASSENGER,TRETA-DILD-GHAZ-Z03-53645,3
53646,GCT-DLN PASSENGER,GHAZIPUR CITY,DILDARNAGAR JN,PASSENGER,TRETA-GHAZ-DILD-Z03-53646,3
53647,DLN-TRG PASSENGER,DILDARNAGAR JN,TARIGHAT,PASSENGER,TRETA-DILD-TARI-Z03-53647,3
53648,TRG-DLN PASSENGER,TARIGHAT,DILDARNAGAR JN,PASSENGER,TRETA-TARI-DILD-Z03-53648,3
54005,DLI-BNW PASSENGER,DELHI JN.,BHIWANI JN.,PASSENGER,TRETA-DELH-BHIW-Z22-54005,22
54006,JIND-ROK PASSENGER,JIND JN,ROHTAK JN,PASSENGER,TRETA-JIND-ROHT-Z25-54006,25
54007,ROK-JIND PASSENGER,ROHTAK JN,JIND JN,PASSENGER,TRETA-ROHT-JIND-Z25-54007,25
54008,JIND-ROK PASSENGER,JIND JN,ROHTAK JN,PASSENGER,TRETA-JIND-ROHT-Z25-54008,25
54009,ROK-JIND PASSENGER,ROHTAK JN,JIND JN,PASSENGER,TRETA-ROHT-JIND-Z25-54009,25
54010,NRW-JIND PASSENGER,NARWANA JN,JIND JN,PASSENGER,TRETA-NARW-JIND-Z04-54010,4
54011,ROK-HNS PASSENGER,ROHTAK JN,HANSI,PASSENGER,TRETA-ROHT-HANS-Z09-54011,9
54012,HNS-ROK PASSENGER,HANSI,ROHTAK JN,PASSENGER,TRETA-HANS-ROHT-Z09-54012,9
54013,ROK-BNW PASSENGER,ROHTAK JN,BHIWANI JN.,PASSENGER,TRETA-ROHT-BHIW-Z06-54013,6
54014,BNW-ROK PASSENGER,BHIWANI JN.,ROHTAK JN,PASSENGER,TRETA-BHIW-ROHT-Z06-54014,6
54015,ROK-BNW PASSENGER,ROHTAK JN,BHIWANI JN.,PASSENGER,TRETA-ROHT-BHIW-Z06-54015,6
54016,BNW-ROK PASSENGER,BHIWANI JN.,ROHTAK JN,PASSENGER,TRETA-BHIW-ROHT-Z06-54016,6
54018,BNW-ROK PASSENGER,BHIWANI JN.,ROHTAK JN,PASSENGER,TRETA-BHIW-ROHT-Z06-54018,6
54019,RE-ROK PASSENGER,REWARI JN.,ROHTAK JN,PASSENGER,TRETA-REWA-ROHT-Z07-54019,7
54020,ROK-RE PASSENGER,ROHTAK JN,REWARI JN.,PASSENGER,TRETA-ROHT-REWA-Z07-54020,7
54023,ROK-JIND PASSENGER,ROHTAK JN,JIND JN,PASSENGER,TRETA-ROHT-JIND-Z09-54023,9
54024,JIND-DLI PASSENGER,JIND JN,DELHI JN.,PASSENGER,TRETA-JIND-DELH-Z25-54024,25
54025,ROK-PNP PASSENGER,ROHTAK JN,PANIPAT JN,PASSENGER,TRETA-ROHT-PANI-Z05-54025,5
54026,PNP-ROK PASSENGER,PANIPAT JN,ROHTAK JN,PASSENGER,TRETA-PANI-ROHT-Z05-54026,5
54031,DLI-JIND PASSENGER,DELHI JN.,JIND JN,PASSENGER,TRETA-DELH-JIND-Z25-54031,25
54032,JIND-DLI PASSENGER,JIND JN,DELHI JN.,PASSENGER,TRETA-JIND-DELH-Z25-54032,25
54033,SSB-NRW PASSENGER,SHAKURBASTI,NARWANA JN,PASSENGER,TRETA-SHAK-NARW-Z24-54033,24
54034,JIND-DLI PASSENGER,JIND JN,DELHI JN.,PASSENGER,TRETA-JIND-DELH-Z25-54034,25
54035,DLI-JHL PASSENGER,DELHI JN.,JAKHAL JN,PASSENGER,TRETA-DELH-JAKH-Z35-54035,35
54036,JHL-SSB PASSENGER,JAKHAL JN,SHAKURBASTI,PASSENGER,TRETA-JAKH-SHAK-Z31-54036,31
54037,KKDE-JIND PASSENGER,KURUKSHETRA JN,JIND JN,PASSENGER,TRETA-KURU-JIND-Z17-54037,17
54038,JIND-KKDE PASSENGER,JIND JN,KURUKSHETRA JN,PASSENGER,TRETA-JIND-KURU-Z17-54038,17
54040,JIND-KKDE PASSENGER,JIND JN,KURUKSHETRA JN,PASSENGER,TRETA-JIND-KURU-Z18-54040,18
54041,KKDE-JIND PASSENGER,KURUKSHETRA JN,JIND JN,PASSENGER,TRETA-KURU-JIND-Z17-54041,17
54043,JIND-HSR PASSENGER,JIND JN,HISAR,PASSENGER,TRETA-JIND-HISA-Z38-54043,38
54044,HSR-JIND PASSENGER,HISAR,JIND JN,PASSENGER,TRETA-HISA-JIND-Z39-54044,39
54047,KKDE-JIND PASSENGER,KURUKSHETRA JN,JIND JN,PASSENGER,TRETA-KURU-JIND-Z10-54047,10
54048,JIND-KKDE PASSENGER,JIND JN,KURUKSHETRA JN,PASSENGER,TRETA-JIND-KURU-Z17-54048,17
54049,ROK-JIND PASSENGER,ROHTAK JN,JIND JN,PASSENGER,TRETA-ROHT-JIND-Z25-54049,25
54050,JIND-ROK PASSENGER,JIND JN,ROHTAK JN,PASSENGER,TRETA-JIND-ROHT-Z25-54050,25
54051,LDH-FZR PASSENGER,LUDHIANA JN,FIROZPUR CANT,PASSENGER,TRETA-LUDH-FIRO-Z13-54051,13
54052,FZR-LDH PASSENGER,FIROZPUR CANT,LUDHIANA JN,PASSENGER,TRETA-FIRO-LUDH-Z13-54052,13
54053,JHL-LDH PASSENGER,JAKHAL JN,LUDHIANA JN,PASSENGER,TRETA-JAKH-LUDH-Z17-54053,17
54054,LDH-JHL PASSENGER,LUDHIANA JN,JAKHAL JN,PASSENGER,TRETA-LUDH-JAKH-Z17-54054,17
54057,DLI-SMQL PASSENGER,DELHI JN.,SHAMLI,PASSENGER,TRETA-DELH-SHAM-Z23-54057,23
54058,SMQL-DLI PASSENGER,SHAMLI,DELHI JN.,PASSENGER,TRETA-SHAM-DELH-Z23-54058,23
54075,BE-DLI PASSENGER,BAREILLY(NR),DELHI JN.,PASSENGER,TRETA-BARE-DELH-Z29-54075,29
54076,DLI-BE PASSENGER,DELHI JN.,BAREILLY(NR),PASSENGER,TRETA-DELH-BARE-Z35-54076,35
54085,DLI-STD PASSENGER,DELHI JN.,SATROD,PASSENGER,TRETA-DELH-SATR-Z26-54085,26
54086,STD-DLI PASSENGER,SATROD,DELHI JN.,PASSENGER,TRETA-SATR-DELH-Z26-54086,26
54101,PYGS-CPA PASSENGER,PRAYAGRAJ SANGAM,KANPUR ANWRGANJ,PASSENGER,TRETA-PRAY-KANP-Z35-54101,35
54102,CPA-PYGS PASSENGER,KANPUR ANWRGANJ,PRAYAGRAJ SANGAM,PASSENGER,TRETA-KANP-PRAY-Z35-54102,35
54153,RBL-CNB PASSENGER,RAE BARELI JN,KANPUR CENTRAL,PASSENGER,TRETA-RAE_-KANP-Z26-54153,26
54154,CNB-RBL PASSENGER,KANPUR CENTRAL,RAE BARELI JN,PASSENGER,TRETA-KANP-RAE_-Z26-54154,26
54155,CNB-FBD PASSENGER,KANPUR CENTRAL,FARRUKHABAD,PASSENGER,TRETA-KANP-FARR-Z26-54155,26
54156,FBD-CNB PASSENGER,FARRUKHABAD,KANPUR CENTRAL,PASSENGER,TRETA-FARR-KANP-Z26-54156,26
54157,CPA-FBD PASSENGER,KANPUR ANWRGANJ,FARRUKHABAD,PASSENGER,TRETA-KANP-FARR-Z25-54157,25
54158,FBD-CPA PASSENGER,FARRUKHABAD,KANPUR ANWRGANJ,PASSENGER,TRETA-FARR-KANP-Z25-54158,25
54213,PYGS-JNU PASSENGER,PRAYAGRAJ SANGAM,JAUNPUR JN,PASSENGER,TRETA-PRAY-JAUN-Z18-54213,18
54214,JNU-PYGS PASSENGER,JAUNPUR JN,PRAYAGRAJ SANGAM,PASSENGER,TRETA-JAUN-PRAY-Z18-54214,18
54221,RBL-RRS PASSENGER,RAE BARELI JN,RAGHURAJ SINGH,PASSENGER,TRETA-RAE_-RAGH-Z09-54221,9
54222,RRS-RBL PASSENGER,RAGHURAJ SINGH,RAE BARELI JN,PASSENGER,TRETA-RAGH-RAE_-Z09-54222,9
54223,RBL-RRS PASSENGER,RAE BARELI JN,RAGHURAJ SINGH,PASSENGER,TRETA-RAE_-RAGH-Z09-54223,9
54224,RRS-RBL PASSENGER,RAGHURAJ SINGH,RAE BARELI JN,PASSENGER,TRETA-RAGH-RAE_-Z09-54224,9
54225,UCR-RBL PASSENGER,UNCHAHAR JN,RAE BARELI JN,PASSENGER,TRETA-UNCH-RAE_-Z04-54225,4
54226,RBL-UCR PASSENGER,RAE BARELI JN,UNCHAHAR JN,PASSENGER,TRETA-RAE_-UNCH-Z04-54226,4
54253,PYGS-LKO PASSENGER,PRAYAGRAJ SANGAM,LUCKNOW JN.,PASSENGER,TRETA-PRAY-LUCK-Z32-54253,32
54254,LKO-PYGS PASSENGER,LUCKNOW JN.,PRAYAGRAJ SANGAM,PASSENGER,TRETA-LUCK-PRAY-Z32-54254,32
54263,BSB-SLN PASSENGER,VARANASI,SULTANPUR,PASSENGER,TRETA-VARA-SULT-Z20-54263,20
54264,SLN-BSB PASSENGER,SULTANPUR,VARANASI,PASSENGER,TRETA-SULT-VARA-Z20-54264,20
54291,BSB-MBDP PASSENGER,VARANASI,MAA BELHA DEVI DHAM PRATAPGARH,PASSENGER,TRETA-VARA-MAA_-Z17-54291,17
54292,MBDP-BSB PASSENGER,MAA BELHA DEVI DHAM PRATAPGARH,VARANASI,PASSENGER,TRETA-MAA_-VARA-Z17-54292,17
54307,MB-DLI PASSENGER,MORADABAD,DELHI JN.,PASSENGER,TRETA-MORA-DELH-Z23-54307,23
54308,DLI-MB PASSENGER,DELHI JN.,MORADABAD,PASSENGER,TRETA-DELH-MORA-Z22-54308,22
54309,DLI-HSR PASSENGER,DELHI JN.,HISAR,PASSENGER,TRETA-DELH-HISA-Z44-54309,44
54310,HSR-DLI PASSENGER,HISAR,DELHI JN.,PASSENGER,TRETA-HISA-DELH-Z44-54310,44
54315,RE-HSR PASSENGER,REWARI JN.,HISAR,PASSENGER,TRETA-REWA-HISA-Z22-54315,22
54316,HSR-RE PASSENGER,HISAR,REWARI JN.,PASSENGER,TRETA-HISA-REWA-Z27-54316,27
54321,BLM-STP PASSENGER,BALAMU JN,SITAPUR JN.,PASSENGER,TRETA-BALA-SITA-Z12-54321,12
54322,STP-BLM PASSENGER,SITAPUR JN.,BALAMU JN,PASSENGER,TRETA-SITA-BALA-Z12-54322,12
54325,SPC-CNB PASSENGER,SITAPUR CITY,KANPUR CENTRAL,PASSENGER,TRETA-SITA-KANP-Z29-54325,29
54326,CNB-SPC PASSENGER,KANPUR CENTRAL,SITAPUR CITY,PASSENGER,TRETA-KANP-SITA-Z29-54326,29
54327,SPC-SPN PASSENGER,SITAPUR CITY,SHAHJEHANPUR,PASSENGER,TRETA-SITA-SHAH-Z11-54327,11
54328,SPN-SPC PASSENGER,SHAHJEHANPUR,SITAPUR CITY,PASSENGER,TRETA-SHAH-SITA-Z11-54328,11
54329,BLM-SPN PASSENGER,BALAMU JN,SHAHJEHANPUR,PASSENGER,TRETA-BALA-SHAH-Z14-54329,14
54330,SPN-BLM PASSENGER,SHAHJEHANPUR,BALAMU JN,PASSENGER,TRETA-SHAH-BALA-Z14-54330,14
54331,LKO-BLM PASSENGER,LUCKNOW JN.,BALAMU JN,PASSENGER,TRETA-LUCK-BALA-Z09-54331,9
54332,BLM-LKO PASSENGER,BALAMU JN,LUCKNOW JN.,PASSENGER,TRETA-BALA-LUCK-Z09-54332,9
54335,BLM-CNB PASSENGER,BALAMU JN,KANPUR CENTRAL,PASSENGER,TRETA-BALA-KANP-Z19-54335,19
54336,CNB-BLM PASSENGER,KANPUR CENTRAL,BALAMU JN,PASSENGER,TRETA-KANP-BALA-Z19-54336,19
54337,LKO-SPN PASSENGER,LUCKNOW JN.,SHAHJEHANPUR,PASSENGER,TRETA-LUCK-SHAH-Z21-54337,21
54338,SPN-LKO PASSENGER,SHAHJEHANPUR,LUCKNOW JN.,PASSENGER,TRETA-SHAH-LUCK-Z21-54338,21
54341,SRE-DDN PASSENGER,SAHARANPUR JN.,DEHRADOON,PASSENGER,TRETA-SAHA-DEHR-Z20-54341,20
54342,DDN-SRE PASSENGER,DEHRADOON,SAHARANPUR JN.,PASSENGER,TRETA-DEHR-SAHA-Z20-54342,20
54351,ALJN-BE PASSENGER,ALIGARH JN,BAREILLY(NR),PASSENGER,TRETA-ALIG-BARE-Z26-54351,26
54352,BE-ALJN PASSENGER,BAREILLY(NR),ALIGARH JN,PASSENGER,TRETA-BARE-ALIG-Z26-54352,26
54353,ALJN-BE PASSENGER,ALIGARH JN,BAREILLY(NR),PASSENGER,TRETA-ALIG-BARE-Z21-54353,21
54354,BE-ALJN PASSENGER,BAREILLY(NR),ALIGARH JN,PASSENGER,TRETA-BARE-ALIG-Z26-54354,26
54355,BKI-BE PASS,BANDIKUI JN,BAREILLY(NR),PASSENGER,TRETA-BAND-BARE-Z48-54355,48
54356,BE-BKI PASS,BAREILLY(NR),BANDIKUI JN,PASSENGER,TRETA-BARE-BAND-Z48-54356,48
54375,PYGS-JNU PASSENGER,PRAYAGRAJ SANGAM,JAUNPUR JN,PASSENGER,TRETA-PRAY-JAUN-Z18-54375,18
54376,JNU-PYGS PASSENGER,JAUNPUR JN,PRAYAGRAJ SANGAM,PASSENGER,TRETA-JAUN-PRAY-Z18-54376,18
54381,GJL-NBD PASSENGER,GAJRAULA JN,NAJIBABAD JN,PASSENGER,TRETA-GAJR-NAJI-Z16-54381,16
54382,NBD-GJL PASSENGER,NAJIBABAD JN,GAJRAULA JN,PASSENGER,TRETA-NAJI-GAJR-Z17-54382,17
54383,GJL-NBD PASSENGER,GAJRAULA JN,NAJIBABAD JN,PASSENGER,TRETA-GAJR-NAJI-Z17-54383,17
54384,NBD-GJL PASSENGER,NAJIBABAD JN,GAJRAULA JN,PASSENGER,TRETA-NAJI-GAJR-Z16-54384,16
54385,NBD-KTW PASSENGER,NAJIBABAD JN,KOTDWARA,PASSENGER,TRETA-NAJI-KOTD-Z02-54385,2
54386,KTW-NBD PASSENGER,KOTDWARA,NAJIBABAD JN,PASSENGER,TRETA-KOTD-NAJI-Z02-54386,2
54387,NBD-KTW PASSENGER,NAJIBABAD JN,KOTDWARA,PASSENGER,TRETA-NAJI-KOTD-Z02-54387,2
54388,KTW-NBD PASSENGER,KOTDWARA,NAJIBABAD JN,PASSENGER,TRETA-KOTD-NAJI-Z02-54388,2
54389,NBD-KTW PASSENGER,NAJIBABAD JN,KOTDWARA,PASSENGER,TRETA-NAJI-KOTD-Z02-54389,2
54390,KTW-NBD PASSENGER,KOTDWARA,NAJIBABAD JN,PASSENGER,TRETA-KOTD-NAJI-Z02-54390,2
54391,ALJN-GJL PASSENGER,ALIGARH JN,GAJRAULA JN,PASSENGER,TRETA-ALIG-GAJR-Z31-54391,31
54392,GJL-ALJN PASSENGER,GAJRAULA JN,ALIGARH JN,PASSENGER,TRETA-GAJR-ALIG-Z31-54392,31
54395,MB-NBD PASSENGER,MORADABAD,NAJIBABAD JN,PASSENGER,TRETA-MORA-NAJI-Z22-54395,22
54396,NBD-MB PASSENGER,NAJIBABAD JN,MORADABAD,PASSENGER,TRETA-NAJI-MORA-Z22-54396,22
54401,KRJ-MTC PASSENGER,KHURJA JN,MEERUT CITY,PASSENGER,TRETA-KHUR-MEER-Z12-54401,12
54402,MTC-KRJ PASSENGER,MEERUT CITY,KHURJA JN,PASSENGER,TRETA-MEER-KHUR-Z12-54402,12
54405,KRJ-MTC PASSENGER,KHURJA JN,MEERUT CITY,PASSENGER,TRETA-KHUR-MEER-Z12-54405,12
54406,MTC-KRJ PASSENGER,MEERUT CITY,KHURJA JN,PASSENGER,TRETA-MEER-KHUR-Z12-54406,12
54411,RE-MUT PASSENGER,REWARI JN.,MEERUT CANT,PASSENGER,TRETA-REWA-MEER-Z36-54411,36
54413,DLI-RE PASSENGER,DELHI JN.,REWARI JN.,PASSENGER,TRETA-DELH-REWA-Z35-54413,35
54414,RE-DLI PASSENGER,REWARI JN.,DELHI JN.,PASSENGER,TRETA-REWA-DELH-Z35-54414,35
54417,DLI-RE PASSENGER,DELHI JN.,REWARI JN.,PASSENGER,TRETA-DELH-REWA-Z35-54417,35
54420,RE-DLI PASSENGER,REWARI JN.,DELHI JN.,PASSENGER,TRETA-REWA-DELH-Z35-54420,35
54421,DLI-RE PASSENGER,DELHI JN.,REWARI JN.,PASSENGER,TRETA-DELH-REWA-Z35-54421,35
54423,NDLS-HSR PASSENGER,NEW DELHI,HISAR,PASSENGER,TRETA-NEW_-HISA-Z31-54423,31
54424,HSR-NDLS PASSENGER,HISAR,NEW DELHI,PASSENGER,TRETA-HISA-NEW_-Z25-54424,25
54463,CH-RKSH PASSENGER,CHANDAUSI JN,RISHIKESH,PASSENGER,TRETA-CHAN-RISH-Z37-54463,37
54464,RKSH-CH PASSENGER,RISHIKESH,CHANDAUSI JN,PASSENGER,TRETA-RISH-CHAN-Z35-54464,35
54473,DLI-SRE PASSENGER,DELHI JN.,SAHARANPUR JN.,PASSENGER,TRETA-DELH-SAHA-Z32-54473,32
54474,SRE-DLI PASSENGER,SAHARANPUR JN.,DELHI JN.,PASSENGER,TRETA-SAHA-DELH-Z27-54474,27
54481,HW-RKSH PASSENGER,HARIDWAR JN,RISHIKESH,PASSENGER,TRETA-HARI-RISH-Z04-54481,4
54482,RKSH-HW PASSENGER,RISHIKESH,HARIDWAR JN,PASSENGER,TRETA-RISH-HARI-Z04-54482,4
54483,HW-RKSH PASSENGER,HARIDWAR JN,RISHIKESH,PASSENGER,TRETA-HARI-RISH-Z04-54483,4
54484,RKSH-HW PASSENGER,RISHIKESH,HARIDWAR JN,PASSENGER,TRETA-RISH-HARI-Z04-54484,4
54531,UMB-KLK PASSENGER,AMBALA CANT JN,KALKA,PASSENGER,TRETA-AMBA-KALK-Z07-54531,7
54532,KLK-UMB PASSENGER,KALKA,AMBALA CANT JN,PASSENGER,TRETA-KALK-AMBA-Z07-54532,7
54551,UMB-BTI PASSENGER,AMBALA CANT JN,BATHINDA,PASSENGER,TRETA-AMBA-BATH-Z24-54551,24
54552,BTI-UMB PASSENGER,BATHINDA,AMBALA CANT JN,PASSENGER,TRETA-BATH-AMBA-Z24-54552,24
54553,UMB-DUI PASSENGER,AMBALA CANT JN,DHURI JN,PASSENGER,TRETA-AMBA-DHUR-Z13-54553,13
54557,UMB-PTA PASSENGER,AMBALA CANT JN,PATIALA,PASSENGER,TRETA-AMBA-PATI-Z06-54557,6
54558,PTA-UMB PASSENGER,PATIALA,AMBALA CANT JN,PASSENGER,TRETA-PATI-AMBA-Z06-54558,6
54559,BTI-FKA PASSENGER,BATHINDA,FAZILKA,PASSENGER,TRETA-BATH-FAZI-Z14-54559,14
54560,FKA-BTI PASSENGER,FAZILKA,BATHINDA,PASSENGER,TRETA-FAZI-BATH-Z14-54560,14
54561,BTI-FZR PASSENGER,BATHINDA,FIROZPUR CANT,PASSENGER,TRETA-BATH-FIRO-Z12-54561,12
54562,FZR-BTI PASSENGER,FIROZPUR CANT,BATHINDA,PASSENGER,TRETA-FIRO-BATH-Z12-54562,12
54563,BTI-FZR PASSENGER,BATHINDA,FIROZPUR CANT,PASSENGER,TRETA-BATH-FIRO-Z12-54563,12
54564,FZR-BTI PASSENGER,FIROZPUR CANT,BATHINDA,PASSENGER,TRETA-FIRO-BATH-Z12-54564,12
54571,LDH-FZR PASSENGER,LUDHIANA JN,FIROZPUR CANT,PASSENGER,TRETA-LUDH-FIRO-Z18-54571,18
54572,FZR-LDH PASSENGER,FIROZPUR CANT,LUDHIANA JN,PASSENGER,TRETA-FIRO-LUDH-Z18-54572,18
54575,LDH-LNK PASSENGER,LUDHIANA JN,LOHIAN KHAS JN,PASSENGER,TRETA-LUDH-LOHI-Z13-54575,13
54576,LNK-LDH PASSENGER,LOHIAN KHAS JN,LUDHIANA JN,PASSENGER,TRETA-LOHI-LUDH-Z13-54576,13
54603,HSR-LDH PASSENGER,HISAR,LUDHIANA JN,PASSENGER,TRETA-HISA-LUDH-Z18-54603,18
54604,LDH-CUR PASSENGER,LUDHIANA JN,CHURU,PASSENGER,TRETA-LUDH-CHUR-Z30-54604,30
54605,CUR-LDH PASSENGER,CHURU,LUDHIANA JN,PASSENGER,TRETA-CHUR-LUDH-Z38-54605,38
54606,LDH-HSR PASSENGER,LUDHIANA JN,HISAR,PASSENGER,TRETA-LUDH-HISA-Z17-54606,17
54611,ASR-PTK PASSENGER,AMRITSAR,PATHANKOT,PASSENGER,TRETA-AMRI-PATH-Z15-54611,15
54612,PTK-ASR PASSENGER,PATHANKOT,AMRITSAR,PASSENGER,TRETA-PATH-AMRI-Z16-54612,16
54613,ASR-PTK PASSENGER,AMRITSAR,PATHANKOT,PASSENGER,TRETA-AMRI-PATH-Z16-54613,16
54614,PTK-ASR PASSENGER,PATHANKOT,AMRITSAR,PASSENGER,TRETA-PATH-AMRI-Z16-54614,16
54615,ASR-PTK PASSENGER,AMRITSAR,PATHANKOT,PASSENGER,TRETA-AMRI-PATH-Z16-54615,16
54616,PTK-ASR PASSENGER,PATHANKOT,AMRITSAR,PASSENGER,TRETA-PATH-AMRI-Z16-54616,16
54621,JUC-PTK PASSENGER,JALANDHAR CITY,PATHANKOT,PASSENGER,TRETA-JALA-PATH-Z17-54621,17
54622,PTK-JUC PASSENGER,PATHANKOT,JALANDHAR CITY,PASSENGER,TRETA-PATH-JALA-Z17-54622,17
54625,NSS-JUC PASSENGER,NAWASHAHR DOABA JN.,JALANDHAR CITY,PASSENGER,TRETA-NAWA-JALA-Z10-54625,10
54626,JUC-NSS PASSENGER,JALANDHAR CITY,NAWASHAHR DOABA JN.,PASSENGER,TRETA-JALA-NAWA-Z10-54626,10
54631,BNW-DUI PASSENGER,BHIWANI JN.,DHURI JN,PASSENGER,TRETA-BHIW-DHUR-Z24-54631,24
54632,DUI-SSA PASSENGER,DHURI JN,SIRSA,PASSENGER,TRETA-DHUR-SIRS-Z26-54632,26
54633,SSA-LDH PASSENGER,SIRSA,LUDHIANA JN,PASSENGER,TRETA-SIRS-LUDH-Z34-54633,34
54634,LDH-BNW PASSENGER,LUDHIANA JN,BHIWANI JN.,PASSENGER,TRETA-LUDH-BHIW-Z32-54634,32
54635,HSR-LDH PASSENGER,HISAR,LUDHIANA JN,PASSENGER,TRETA-HISA-LUDH-Z14-54635,14
54636,LDH-HSR PASSENGER,LUDHIANA JN,HISAR,PASSENGER,TRETA-LUDH-HISA-Z15-54636,15
54637,HSX-JUC PASSENGER,HOSHIARPUR,JALANDHAR CITY,PASSENGER,TRETA-HOSH-JALA-Z06-54637,6
54638,JUC-HSX PASSENGER,JALANDHAR CITY,HOSHIARPUR,PASSENGER,TRETA-JALA-HOSH-Z06-54638,6
54641,BTI-FZR PASSENGER,BATHINDA,FIROZPUR CANT,PASSENGER,TRETA-BATH-FIRO-Z12-54641,12
54642,FZR-BTI PASSENGER,FIROZPUR CANT,BATHINDA,PASSENGER,TRETA-FIRO-BATH-Z11-54642,11
54643,JUC-FZR PASSENGER,JALANDHAR CITY,FIROZPUR CANT,PASSENGER,TRETA-JALA-FIRO-Z17-54643,17
54644,FZR-JUC PASSENGER,FIROZPUR CANT,JALANDHAR CITY,PASSENGER,TRETA-FIRO-JALA-Z17-54644,17
54645,LDH-FZR PASSENGER,LUDHIANA JN,FIROZPUR CANT,PASSENGER,TRETA-LUDH-FIRO-Z12-54645,12
54646,FZR-LDH PASSENGER,FIROZPUR CANT,LUDHIANA JN,PASSENGER,TRETA-FIRO-LUDH-Z18-54646,18
54701,BTI-LGH PASSENGER,BATHINDA,LALGARH JN,PASSENGER,TRETA-BATH-LALG-Z30-54701,30
54702,LGH-ABS PASSENGER,LALGARH JN,ABOHAR,PASSENGER,TRETA-LALG-ABOH-Z38-54702,38
54703,BTI-JP PASSENGER,BATHINDA,JAIPUR JN.,PASSENGER,TRETA-BATH-JAIP-Z44-54703,44
54704,JP-BTI PASSENGER,JAIPUR JN.,BATHINDA,PASSENGER,TRETA-JAIP-BATH-Z44-54704,44
54751,HMH-SGNR PASS,HANUMANGARH JN,SHRI GANGANAGAR,PASSENGER,TRETA-HANU-SHRI-Z04-54751,4
54752,SGNR-HMH PASS,SHRI GANGANAGAR,HANUMANGARH JN,PASSENGER,TRETA-SHRI-HANU-Z04-54752,4
54753,BTI-SGNR PASSENGER,BATHINDA,SHRI GANGANAGAR,PASSENGER,TRETA-BATH-SHRI-Z17-54753,17
54754,SGNR-BTI PASSENGER,SHRI GANGANAGAR,BATHINDA,PASSENGER,TRETA-SHRI-BATH-Z17-54754,17
54755,BTI-SGNR PASSENGER,BATHINDA,SHRI GANGANAGAR,PASSENGER,TRETA-BATH-SHRI-Z17-54755,17
54756,SGNR-BTI PASSENGER,SHRI GANGANAGAR,BATHINDA,PASSENGER,TRETA-SHRI-BATH-Z17-54756,17
54757,HMH-SDLP PASS,HANUMANGARH JN,SADULPUR JN,PASSENGER,TRETA-HANU-SADU-Z21-54757,21
54758,SDLP-HMH PASS,SADULPUR JN,HANUMANGARH JN,PASSENGER,TRETA-SADU-HANU-Z21-54758,21
54759,HMH-SOG PASSENGER,HANUMANGARH JN,SURATGARH JN,PASSENGER,TRETA-HANU-SURA-Z25-54759,25
54760,SOG-HMH PASSENGER,SURATGARH JN,HANUMANGARH JN,PASSENGER,TRETA-SURA-HANU-Z24-54760,24
54761,HMH-SOG PASSENGER,HANUMANGARH JN,SURATGARH JN,PASSENGER,TRETA-HANU-SURA-Z24-54761,24
54762,SOG-HMH PASSENGER,SURATGARH JN,HANUMANGARH JN,PASSENGER,TRETA-SURA-HANU-Z24-54762,24
54763,SDLP-SGNR PASSENGER,SADULPUR JN,SHRI GANGANAGAR,PASSENGER,TRETA-SADU-SHRI-Z30-54763,30
54764,SGNR-SDLP PASSENGER,SHRI GANGANAGAR,SADULPUR JN,PASSENGER,TRETA-SHRI-SADU-Z26-54764,26
54765,DUI-BTI PASSENGER,DHURI JN,BATHINDA,PASSENGER,TRETA-DHUR-BATH-Z12-54765,12
54766,BTI-DUI PASSENGER,BATHINDA,DHURI JN,PASSENGER,TRETA-BATH-DHUR-Z12-54766,12
54767,HMH-SDLP-HMH PASS,HANUMANGARH JN,SADULPUR JN,PASSENGER,TRETA-HANU-SADU-Z21-54767,21
54768,SDLP-HMH PASS,SADULPUR JN,HANUMANGARH JN,PASSENGER,TRETA-SADU-HANU-Z21-54768,21
54769,SGNR-SOG PASS,SHRI GANGANAGAR,SURATGARH JN,PASSENGER,TRETA-SHRI-SURA-Z16-54769,16
54770,SOG-SGNR PASS,SURATGARH JN,SHRI GANGANAGAR,PASSENGER,TRETA-SURA-SHRI-Z16-54770,16
54781,BTI-RE PASSENGER,BATHINDA,REWARI JN.,PASSENGER,TRETA-BATH-REWA-Z37-54781,37
54782,RE-BTI PASSENGER,REWARI JN.,BATHINDA,PASSENGER,TRETA-REWA-BATH-Z41-54782,41
54785,FZR-FKA PASSENGER,FIROZPUR CANT,FAZILKA,PASSENGER,TRETA-FIRO-FAZI-Z13-54785,13
54786,FKA-FZR PASSENGER,FAZILKA,FIROZPUR CANT,PASSENGER,TRETA-FAZI-FIRO-Z13-54786,13
54787,BNW-RE PASSENGER,BHIWANI JN.,REWARI JN.,PASSENGER,TRETA-BHIW-REWA-Z12-54787,12
54788,RE-BNW PASSENGER,REWARI JN.,BHIWANI JN.,PASSENGER,TRETA-REWA-BHIW-Z09-54788,9
54789,RE-BKN PASSENGER,REWARI JN.,BIKANER JN,PASSENGER,TRETA-REWA-BIKA-Z44-54789,44
54790,BKN-RE PASSENGER,BIKANER JN,REWARI JN.,PASSENGER,TRETA-BIKA-REWA-Z44-54790,44
54793,SWM-MTJ PASSENGER,SAWAI MADHOPUR JN,MATHURA JN.,PASSENGER,TRETA-SAWA-MATH-Z29-54793,29
54794,MTJ-SWM PASSENGER,MATHURA JN.,SAWAI MADHOPUR JN,PASSENGER,TRETA-MATH-SAWA-Z29-54794,29
54803,SIKR-RE PASSENGER,SIKAR JN,REWARI JN.,PASSENGER,TRETA-SIKA-REWA-Z24-54803,24
54804,RE-SIKR PASSENGER,REWARI JN.,SIKAR JN,PASSENGER,TRETA-REWA-SIKA-Z24-54804,24
54813,JU-BME PASSENGER,JODHPUR JN,BARMER,PASSENGER,TRETA-JODH-BARM-Z23-54813,23
54814,BME-JU PASSENGER,BARMER,JODHPUR JN,PASSENGER,TRETA-BARM-JODH-Z23-54814,23
54825,JODHPUR-BILARA PASSENGER,JODHPUR JN,BILARA,PASSENGER,TRETA-JODH-BILA-Z11-54825,11
54826,BILARA-JODHPUR PASSENGER,BILARA,JODHPUR JN,PASSENGER,TRETA-BILA-JODH-Z11-54826,11
54879,BARMER-MUNABAO PASSENGER,BARMER,MUNABAO,PASSENGER,TRETA-BARM-MUNA-Z08-54879,8
54880,MUNABAO-BARMER PASSENGER,MUNABAO,BARMER,PASSENGER,TRETA-MUNA-BARM-Z08-54880,8
54881,BME-MBF PASSENGER,BARMER,MUNABAO,PASSENGER,TRETA-BARM-MUNA-Z08-54881,8
54882,MBF-BME PASSENGER,MUNABAO,BARMER,PASSENGER,TRETA-MUNA-BARM-Z08-54882,8
55031,GKP-GD PASSENGER,GORAKHPUR JN,GONDA JN,PASSENGER,TRETA-GORA-GOND-Z24-55031,24
55032,GD-GKP PASSENGER,GONDA JN,GORAKHPUR JN,PASSENGER,TRETA-GOND-GORA-Z24-55032,24
55033,GD-STP PASSENGER,GONDA JN,SITAPUR JN.,PASSENGER,TRETA-GOND-SITA-Z21-55033,21
55034,STP-GD PASSENGER,SITAPUR JN.,GONDA JN,PASSENGER,TRETA-SITA-GOND-Z21-55034,21
55035,SV-GKC PASSENGER,SIWAN JN,GORAKHPUR CANT,PASSENGER,TRETA-SIWA-GORA-Z26-55035,26
55036,GKC-SV PASSENGER,GORAKHPUR CANT,SIWAN JN,PASSENGER,TRETA-GORA-SIWA-Z26-55036,26
55037,SV-THE PASSENGER,SIWAN JN,THAWE JN,PASSENGER,TRETA-SIWA-THAW-Z04-55037,4
55038,THE-SV PASSENGER,THAWE JN,SIWAN JN,PASSENGER,TRETA-THAW-SIWA-Z04-55038,4
55039,NKE-BNY PASSENGER,NARKATIAGANJ JN,BARHNI,PASSENGER,TRETA-NARK-BARH-Z32-55039,32
55040,BNY-NKE PASSENGER,BARHNI,NARKATIAGANJ JN,PASSENGER,TRETA-BARH-NARK-Z32-55040,32
55041,SV-GKC PASSENGER,SIWAN JN,GORAKHPUR CANT,PASSENGER,TRETA-SIWA-GORA-Z16-55041,16
55042,GKC-SV PASSENGER,GORAKHPUR CANT,SIWAN JN,PASSENGER,TRETA-GORA-SIWA-Z16-55042,16
55047,NKE-GKC PASSENGER,NARKATIAGANJ JN,GORAKHPUR CANT,PASSENGER,TRETA-NARK-GORA-Z15-55047,15
55048,GKC-NKE PASSENGER,GORAKHPUR CANT,NARKATIAGANJ JN,PASSENGER,TRETA-GORA-NARK-Z19-55048,19
55055,CPR-JEA PASSENGER,CHHAPRA,NAKAHA JUNGLE,PASSENGER,TRETA-CHHA-NAKA-Z27-55055,27
55056,GKP-CPR PASSENGER,GORAKHPUR JN,CHHAPRA,PASSENGER,TRETA-GORA-CHHA-Z26-55056,26
55059,STP-SPN PASSENGER,SITAPUR JN.,SHAHJEHANPUR,PASSENGER,TRETA-SITA-SHAH-Z13-55059,13
55060,SPN-STP PASSENGER,SHAHJEHANPUR,SITAPUR JN.,PASSENGER,TRETA-SHAH-SITA-Z13-55060,13
55061,JEA-ASH PASSENGER,NAKAHA JUNGLE,AISHBAGH,PASSENGER,TRETA-NAKA-AISH-Z44-55061,44
55062,ASH-GKP PASSENGER,AISHBAGH,GORAKHPUR JN,PASSENGER,TRETA-AISH-GORA-Z45-55062,45
55069,JEA-NTV PASSENGER,NAKAHA JUNGLE,NAUTANWA,PASSENGER,TRETA-NAKA-NAUT-Z17-55069,17
55070,NTV-GKP PASSENGER,NAUTANWA,GORAKHPUR JN,PASSENGER,TRETA-NAUT-GORA-Z18-55070,18
55071,JEA-NTV PASSENGER,NAKAHA JUNGLE,NAUTANWA,PASSENGER,TRETA-NAKA-NAUT-Z17-55071,17
55072,NTV-JEA PASSENGER,NAUTANWA,NAKAHA JUNGLE,PASSENGER,TRETA-NAUT-NAKA-Z17-55072,17
55073,GKP-BNY PASSENGER,GORAKHPUR JN,BARHNI,PASSENGER,TRETA-GORA-BARH-Z12-55073,12
55074,BNY-GKP,BARHNI,GORAKHPUR JN,PASSENGER,TRETA-BARH-GORA-Z12-55074,12
55075,GKP-BNY PASSENGER,GORAKHPUR JN,BARHNI,PASSENGER,TRETA-GORA-BARH-Z12-55075,12
55076,BNY-JEA PASSENGER,BARHNI,NAKAHA JUNGLE,PASSENGER,TRETA-BARH-NAKA-Z11-55076,11
55081,MLN-STP PASSENGER,MAILANI,SITAPUR JN.,PASSENGER,TRETA-MAIL-SITA-Z15-55081,15
55082,STP-MLN PASSENGER,SITAPUR JN.,MAILANI,PASSENGER,TRETA-SITA-MAIL-Z15-55082,15
55083,MLN-DAL PASSENGER,MAILANI,DALIGANJ JN.,PASSENGER,TRETA-MAIL-DALI-Z26-55083,26
55084,DAL-MLN PASSENGER,DALIGANJ JN.,MAILANI,PASSENGER,TRETA-DALI-MAIL-Z26-55084,26
55085,PBE-DAL PASSENGER,PILIBHIT JN,DALIGANJ JN.,PASSENGER,TRETA-PILI-DALI-Z38-55085,38
55086,GTNR-PBE PASSENGER,GOMTI NAGAR,PILIBHIT JN,PASSENGER,TRETA-GOMT-PILI-Z40-55086,40
55087,MLN-DAL PASSENGER,MAILANI,DALIGANJ JN.,PASSENGER,TRETA-MAIL-DALI-Z26-55087,26
55088,DAL-MLN PASSENGER,DALIGANJ JN.,MAILANI,PASSENGER,TRETA-DALI-MAIL-Z26-55088,26
55089,STP-GTNR PASSENGER,SITAPUR JN.,GOMTI NAGAR,PASSENGER,TRETA-SITA-GOMT-Z13-55089,13
55090,DAL-STP PASSENGER,DALIGANJ JN.,SITAPUR JN.,PASSENGER,TRETA-DALI-SITA-Z11-55090,11
55091,GD-SPC PASSENGER,GONDA JN,SITAPUR CITY,PASSENGER,TRETA-GOND-SITA-Z25-55091,25
55092,SPC-GD PASSENGER,SITAPUR CITY,GONDA JN,PASSENGER,TRETA-SITA-GOND-Z25-55092,25
55093,GKP-GD PASSENGER,GORAKHPUR JN,GONDA JN,PASSENGER,TRETA-GORA-GOND-Z24-55093,24
55094,GD-GKP PASS,GONDA JN,GORAKHPUR JN,PASSENGER,TRETA-GOND-GORA-Z24-55094,24
55095,NKE-GKC PASSENGER,NARKATIAGANJ JN,GORAKHPUR CANT,PASSENGER,TRETA-NARK-GORA-Z19-55095,19
55096,GKC-NKE PASSENGER,GORAKHPUR CANT,NARKATIAGANJ JN,PASSENGER,TRETA-GORA-NARK-Z19-55096,19
55097,NKE-GKC PASSENGER,NARKATIAGANJ JN,GORAKHPUR CANT,PASSENGER,TRETA-NARK-GORA-Z19-55097,19
55098,GKC-NKE PASSENGER,GORAKHPUR CANT,NARKATIAGANJ JN,PASSENGER,TRETA-GORA-NARK-Z12-55098,12
55101,CI-MAU UNRESERVED,CHHAPRA KACHERI,MAU JN,PASSENGER,TRETA-CHHA-MAU_-Z27-55101,27
55102,MAU-CI UNRESERVED,MAU JN,CHHAPRA KACHERI,PASSENGER,TRETA-MAU_-CHHA-Z27-55102,27
55103,THE-CI PASSENGER,THAWE JN,CHHAPRA KACHERI,PASSENGER,TRETA-THAW-CHHA-Z26-55103,26
55104,CI-THE PASSENGER,CHHAPRA KACHERI,THAWE JN,PASSENGER,TRETA-CHHA-THAW-Z26-55104,26
55105,CI-THE PASSENGER,CHHAPRA KACHERI,THAWE JN,PASSENGER,TRETA-CHHA-THAW-Z27-55105,27
55106,THE-CI PASSENGER,THAWE JN,CHHAPRA KACHERI,PASSENGER,TRETA-THAW-CHHA-Z27-55106,27
55107,THE-CPJ PASSENGER,THAWE JN,KAPTANGANJ JN,PASSENGER,TRETA-THAW-KAPT-Z17-55107,17
55108,CPJ-THE PASSENGER,KAPTANGANJ JN,THAWE JN,PASSENGER,TRETA-KAPT-THAW-Z17-55108,17
55109,THE-CI PASSENGER,THAWE JN,CHHAPRA KACHERI,PASSENGER,TRETA-THAW-CHHA-Z26-55109,26
55110,CI-THE PASSENGER,CHHAPRA KACHERI,THAWE JN,PASSENGER,TRETA-CHHA-THAW-Z26-55110,26
55111,MHC-THE PASSENGER,MASRAKH,THAWE JN,PASSENGER,TRETA-MASR-THAW-Z13-55111,13
55112,THE-MHC PASSENGER,THAWE JN,MASRAKH,PASSENGER,TRETA-THAW-MASR-Z13-55112,13
55113,SV-THE PASSENGER,SIWAN JN,THAWE JN,PASSENGER,TRETA-SIWA-THAW-Z04-55113,4
55114,THE-SV PASSENGER,THAWE JN,SIWAN JN,PASSENGER,TRETA-THAW-SIWA-Z04-55114,4
55115,THE-CPJ PASSENGER,THAWE JN,KAPTANGANJ JN,PASSENGER,TRETA-THAW-KAPT-Z17-55115,17
55116,CPJ-THE PASSENGER,KAPTANGANJ JN,THAWE JN,PASSENGER,TRETA-KAPT-THAW-Z17-55116,17
55121,SPJ-SV PASSENGER,SAMASTIPUR JN,SIWAN JN,PASSENGER,TRETA-SAMA-SIWA-Z39-55121,39
55122,SV-SPJ PASSENGER,SIWAN JN,SAMASTIPUR JN,PASSENGER,TRETA-SIWA-SAMA-Z39-55122,39
55123,BTT-BHJ PASSENGER,BHATNI JN,BARHAJ BAZAR,PASSENGER,TRETA-BHAT-BARH-Z06-55123,6
55124,BHJ-BTT PASSENGER,BARHAJ BAZAR,BHATNI JN,PASSENGER,TRETA-BARH-BHAT-Z06-55124,6
55125,SRU-BHJ PASSENGER,SALEMPUR JN,BARHAJ BAZAR,PASSENGER,TRETA-SALE-BARH-Z04-55125,4
55126,BHJ-SRU PASSENGER,BARHAJ BAZAR,SALEMPUR JN,PASSENGER,TRETA-BARH-SALE-Z04-55126,4
55127,SRU-BHJ PASSENGER,SALEMPUR JN,BARHAJ BAZAR,PASSENGER,TRETA-SALE-BARH-Z04-55127,4
55128,BHJ-SRU PASSENGER,BARHAJ BAZAR,SALEMPUR JN,PASSENGER,TRETA-BARH-SALE-Z04-55128,4
55129,BTT-BHJ PASSENGER,BHATNI JN,BARHAJ BAZAR,PASSENGER,TRETA-BHAT-BARH-Z06-55129,6
55130,BHJ-BTT PASSENGER,BARHAJ BAZAR,BHATNI JN,PASSENGER,TRETA-BARH-BHAT-Z06-55130,6
55131,BUI-PRRB PASSENGER,BALLIA,PRAYAGRAJ RAMBAG,PASSENGER,TRETA-BALL-PRAY-Z45-55131,45
55132,PRRB-BUI PASSENGER,PRAYAGRAJ RAMBAG,BALLIA,PASSENGER,TRETA-PRAY-BALL-Z45-55132,45
55133,BUI-SHG PASSENGER,BALLIA,SHAHGANJ JN,PASSENGER,TRETA-BALL-SHAH-Z25-55133,25
55134,SHG-BUI PASSENGER,SHAHGANJ JN,BALLIA,PASSENGER,TRETA-SHAH-BALL-Z25-55134,25
55135,BUI-SHG PASSENGER,BALLIA,SHAHGANJ JN,PASSENGER,TRETA-BALL-SHAH-Z25-55135,25
55136,SHG-BUI PASSENGER,SHAHGANJ JN,BALLIA,PASSENGER,TRETA-SHAH-BALL-Z25-55136,25
55137,BTT-BCY PASSENGER,BHATNI JN,VARANASI CITY,PASSENGER,TRETA-BHAT-VARA-Z24-55137,24
55138,BSBS-BTT PASSENGER,BANARAS,BHATNI JN,PASSENGER,TRETA-BANA-BHAT-Z26-55138,26
55139,CPR-BCY PASSENGER,CHHAPRA,VARANASI CITY,PASSENGER,TRETA-CHHA-VARA-Z33-55139,33
55140,BCY-CPR PASSENGER,VARANASI CITY,CHHAPRA,PASSENGER,TRETA-VARA-CHHA-Z33-55140,33
55141,BNRS-MBDP PASSENGER,BANARAS,MAA BELHA DEVI DHAM PRATAPGARH,PASSENGER,TRETA-BANA-MAA_-Z17-55141,17
55142,MBDP-BNRS PASSENGER,MAA BELHA DEVI DHAM PRATAPGARH,BANARAS,PASSENGER,TRETA-MAA_-BANA-Z17-55142,17
55301,MB-LKU PASSENGER,MORADABAD,LALKUA JN.,PASSENGER,TRETA-MORA-LALK-Z10-55301,10
55302,LKU-MB PASSENGER,LALKUA JN.,MORADABAD,PASSENGER,TRETA-LALK-MORA-Z10-55302,10
55303,MB-LKU PASSENGER,MORADABAD,LALKUA JN.,PASSENGER,TRETA-MORA-LALK-Z12-55303,12
55304,LKU-MB PASSENGER,LALKUA JN.,MORADABAD,PASSENGER,TRETA-LALK-MORA-Z10-55304,10
55305,KPV-RMR PASSENGER,KASHIPUR,RAMNAGAR,PASSENGER,TRETA-KASH-RAMN-Z03-55305,3
55306,RMR-KPV PASSENGER,RAMNAGAR,KASHIPUR,PASSENGER,TRETA-RAMN-KASH-Z03-55306,3
55307,KSJ-RMR PASSENGER,KASGANJ,RAMNAGAR,PASSENGER,TRETA-KASG-RAMN-Z35-55307,35
55308,RMR-KSJ PASSENGER,RAMNAGAR,KASGANJ,PASSENGER,TRETA-RAMN-KASG-Z36-55308,36
55309,LKU-KPV PASSENGER,LALKUA JN.,KASHIPUR,PASSENGER,TRETA-LALK-KASH-Z06-55309,6
55310,KPV-LKU PASSENGER,KASHIPUR,LALKUA JN.,PASSENGER,TRETA-KASH-LALK-Z05-55310,5
55311,KSJ-LKU PASSENGER,KASGANJ,LALKUA JN.,PASSENGER,TRETA-KASG-LALK-Z28-55311,28
55312,LKU-KSJ PASSENGER,LALKUA JN.,KASGANJ,PASSENGER,TRETA-LALK-KASG-Z28-55312,28
55313,BC-LKU PASSENGER,BAREILLY CITY,LALKUA JN.,PASSENGER,TRETA-BARE-LALK-Z10-55313,10
55314,LKU-BC PASSENGER,LALKUA JN.,BAREILLY CITY,PASSENGER,TRETA-LALK-BARE-Z10-55314,10
55315,BC-PBE PASSENGER,BAREILLY CITY,PILIBHIT JN,PASSENGER,TRETA-BARE-PILI-Z09-55315,9
55316,PBE-BC PASSENGER,PILIBHIT JN,BAREILLY CITY,PASSENGER,TRETA-PILI-BARE-Z09-55316,9
55317,BC-PBE PASSENGER,BAREILLY CITY,PILIBHIT JN,PASSENGER,TRETA-BARE-PILI-Z09-55317,9
55318,PBE-BC PASSENGER,PILIBHIT JN,BAREILLY CITY,PASSENGER,TRETA-PILI-BARE-Z09-55318,9
55319,BC-PBE PASSENGER,BAREILLY CITY,PILIBHIT JN,PASSENGER,TRETA-BARE-PILI-Z06-55319,6
55320,PBE-BC PASSENGER,PILIBHIT JN,BAREILLY JN,PASSENGER,TRETA-PILI-BARE-Z10-55320,10
55321,PBE-TPU PASSENGER,PILIBHIT JN,TANAKPUR,PASSENGER,TRETA-PILI-TANA-Z06-55321,6
55322,TPU-SPN PASSENGER,TANAKPUR,SHAHJAHANPUR JN.,PASSENGER,TRETA-TANA-SHAH-Z11-55322,11
55323,SPN-TPU PASSENGER,SHAHJAHANPUR JN.,TANAKPUR,PASSENGER,TRETA-SHAH-TANA-Z11-55323,11
55324,TPU-PBE PASSENGER,TANAKPUR,PILIBHIT JN,PASSENGER,TRETA-TANA-PILI-Z06-55324,6
55325,PBE-TPU PASSENGER,PILIBHIT JN,TANAKPUR,PASSENGER,TRETA-PILI-TANA-Z06-55325,6
55326,TPU-PBE PASSENGER,TANAKPUR,PILIBHIT JN,PASSENGER,TRETA-TANA-PILI-Z06-55326,6
55327,KSJ-BC PASSENGER,KASGANJ,BAREILLY CITY,PASSENGER,TRETA-KASG-BARE-Z18-55327,18
55328,BC-KSJ PASSENGER,BAREILLY CITY,KASGANJ,PASSENGER,TRETA-BARE-KASG-Z18-55328,18
55329,KSJ-BC FAST PASSANGER,KASGANJ,BAREILLY CITY,PASSENGER,TRETA-KASG-BARE-Z07-55329,7
55330,BC-KSJ PASSENGER,BAREILLY JN,KASGANJ,PASSENGER,TRETA-BARE-KASG-Z17-55330,17
55331,KSJ-AH PASSENGER,KASGANJ,ACHHNERA JN,PASSENGER,TRETA-KASG-ACHH-Z18-55331,18
55332,AH-KSJ PASSENGER,ACHHNERA JN,KASGANJ,PASSENGER,TRETA-ACHH-KASG-Z18-55332,18
55333,KSJ-AF PASSENGER,KASGANJ,AGRA FORT,PASSENGER,TRETA-KASG-AGRA-Z22-55333,22
55334,AF-KSJ PASSENGER,AGRA FORT,KASGANJ,PASSENGER,TRETA-AGRA-KASG-Z22-55334,22
55335,KSJ-MTJ PASSENGER,KASGANJ,MATHURA JN.,PASSENGER,TRETA-KASG-MATH-Z13-55335,13
55336,MTJ-KSJ PASSENGER,MATHURA JN.,KASGANJ,PASSENGER,TRETA-MATH-KASG-Z06-55336,6
55337,KSJ-BTE PASSENGER,KASGANJ,BHARATPUR JN,PASSENGER,TRETA-KASG-BHAR-Z22-55337,22
55338,BTE-KSJ PASSENGER,BHARATPUR JN,KASGANJ,PASSENGER,TRETA-BHAR-KASG-Z22-55338,22
55339,KSJ-MTJ PASSENGER,KASGANJ,ACHHNERA JN,PASSENGER,TRETA-KASG-ACHH-Z09-55339,9
55340,MTJ-KSJ PASSENGER,ACHHNERA JN,KASGANJ,PASSENGER,TRETA-ACHH-KASG-Z16-55340,16
55341,SKB-KSJ PASSENGER,SHIKOHABAD JN,KASGANJ,PASSENGER,TRETA-SHIK-KASG-Z32-55341,32
55342,KSJ-SKB PASSENGER,KASGANJ,SHIKOHABAD JN,PASSENGER,TRETA-KASG-SHIK-Z32-55342,32
55343,FBD-KSJ PASSENGER,FARRUKHABAD,KASGANJ,PASSENGER,TRETA-FARR-KASG-Z16-55343,16
55344,KSJ-FBD PASSENGER,KASGANJ,FARRUKHABAD,PASSENGER,TRETA-KASG-FARR-Z16-55344,16
55345,LJN-KSJ PASSENGER,LUCKNOW,KASGANJ,PASSENGER,TRETA-LUCK-KASG-Z54-55345,54
55346,KSJ-LJN PASSENGER,KASGANJ,LUCKNOW,PASSENGER,TRETA-KASG-LUCK-Z54-55346,54
55347,CPA-FBD PASSENGER,KANPUR ANWRGANJ,FARRUKHABAD,PASSENGER,TRETA-KANP-FARR-Z25-55347,25
55348,FBD-CPA PASSENGER,FARRUKHABAD,KANPUR ANWRGANJ,PASSENGER,TRETA-FARR-KANP-Z25-55348,25
55349,PBE-SPN PASSENGER,PILIBHIT JN,SHAHJEHANPUR,PASSENGER,TRETA-PILI-SHAH-Z15-55349,15
55350,SPN-PBE PASSENGER,SHAHJEHANPUR,PILIBHIT JN,PASSENGER,TRETA-SHAH-PILI-Z15-55350,15
55351,PBE-SPN PASSENGER,PILIBHIT JN,SHAHJAHANPUR JN.,PASSENGER,TRETA-PILI-SHAH-Z15-55351,15
55352,SPN-PBE PASSENGER,SHAHJEHANPUR,PILIBHIT JN,PASSENGER,TRETA-SHAH-PILI-Z15-55352,15
55353,PBE-SPN PASSENGER,PILIBHIT JN,SHAHJEHANPUR,PASSENGER,TRETA-PILI-SHAH-Z15-55353,15
55354,SPN-PBE PASSENGER,SHAHJEHANPUR,PILIBHIT JN,PASSENGER,TRETA-SHAH-PILI-Z15-55354,15
55357,PBE-MLN PASSENGER,PILIBHIT JN,MAILANI,PASSENGER,TRETA-PILI-MAIL-Z12-55357,12
55358,MLN-PBE PASSENGER,MAILANI,PILIBHIT JN,PASSENGER,TRETA-MAIL-PILI-Z12-55358,12
55359,PBE-MLN PASSENGER,PILIBHIT JN,MAILANI,PASSENGER,TRETA-PILI-MAIL-Z12-55359,12
55360,MLN-PBE PASSENGER,MAILANI,PILIBHIT JN,PASSENGER,TRETA-MAIL-PILI-Z12-55360,12
55361,PBE-MLN PASSENGER,PILIBHIT JN,MAILANI,PASSENGER,TRETA-PILI-MAIL-Z12-55361,12
55362,MLN-PBE PASSENGER,MAILANI,PILIBHIT JN,PASSENGER,TRETA-MAIL-PILI-Z12-55362,12
55363,PBE-SPN PASSENGER,PILIBHIT JN,SHAHJEHANPUR,PASSENGER,TRETA-PILI-SHAH-Z15-55363,15
55364,SPN-PBE PASSENGER,SHAHJEHANPUR,PILIBHIT JN,PASSENGER,TRETA-SHAH-PILI-Z15-55364,15
55421,MLDT-BLGT PASSENGER,MALDA TOWN,BALURGHAT,PASSENGER,TRETA-MALD-BALU-Z12-55421,12
55422,BLGT-MLDT PASSENGER,BALURGHAT,MALDA TOWN,PASSENGER,TRETA-BALU-MALD-Z12-55422,12
55465,APDJ-BXT PASSENGER,ALIPUR DUAR JN,BAMANHAT,PASSENGER,TRETA-ALIP-BAMA-Z13-55465,13
55466,BXT-APDJ PASSENGER,BAMANHAT,ALIPUR DUAR JN,PASSENGER,TRETA-BAMA-ALIP-Z13-55466,13
55501,JJP-LKQ PASSENGER,JHANJHARPUR,LAUKAHA BAZAR,PASSENGER,TRETA-JHAN-LAUK-Z08-55501,8
55502,LKQ-JJP PASSENGER,LAUKAHA BAZAR,JHANJHARPUR,PASSENGER,TRETA-LAUK-JHAN-Z08-55502,8
55503,JJP-LKQ PASSENGER,JHANJHARPUR,LAUKAHA BAZAR,PASSENGER,TRETA-JHAN-LAUK-Z08-55503,8
55504,LKQ-JJP PASSENGER,LAUKAHA BAZAR,JHANJHARPUR,PASSENGER,TRETA-LAUK-JHAN-Z08-55504,8
55513,SPJ-JYG PASSENGER,SAMASTIPUR JN,JAYNAGAR,PASSENGER,TRETA-SAMA-JAYN-Z20-55513,20
55514,JYG-SPJ PASSENGER,JAYNAGAR,SAMASTIPUR JN,PASSENGER,TRETA-JAYN-SAMA-Z22-55514,22
55515,PNBE-THE FAST PASSENGER,PATNA JN,THAWE JN,PASSENGER,TRETA-PATN-THAW-Z15-55515,15
55516,THE-PNBE FAST PASSENGER,THAWE JN,PATNA JN,PASSENGER,TRETA-THAW-PATN-Z15-55516,15
55517,DBG-JYG PASSENGER,DARBHANGA JN,JAYNAGAR,PASSENGER,TRETA-DARB-JAYN-Z14-55517,14
55518,JYG-DBG PASSENGER,JAYNAGAR,DARBHANGA JN,PASSENGER,TRETA-JAYN-DARB-Z14-55518,14
55519,SPJ-JYG PASSENGER,SAMASTIPUR JN,JAYNAGAR,PASSENGER,TRETA-SAMA-JAYN-Z20-55519,20
55520,JYG-SPJ PASSENGER,JAYNAGAR,SAMASTIPUR JN,PASSENGER,TRETA-JAYN-SAMA-Z20-55520,20
55521,TIGJ-SHC PASSENGER,TRIVENIGANJ,SAHARSA JN,PASSENGER,TRETA-TRIV-SAHA-Z10-55521,10
55522,SHC-TIGJ PASSENGER,SAHARSA JN,TRIVENIGANJ,PASSENGER,TRETA-SAHA-TRIV-Z10-55522,10
55523,SHC-ALUH-BTHN-SPJ PASS,SAHARSA JN,SAMASTIPUR JN,PASSENGER,TRETA-SAHA-SAMA-Z34-55523,34
55524,SPJ-BTHN-ALUH-SHC PASS,SAMASTIPUR JN,SAHARSA JN,PASSENGER,TRETA-SAMA-SAHA-Z34-55524,34
55565,SHC- SPJ PASSENGER,SAHARSA JN,SAMASTIPUR JN,PASSENGER,TRETA-SAHA-SAMA-Z26-55565,26
55566,SPJ - SHC PASSENGER,SAMASTIPUR JN,SAHARSA JN,PASSENGER,TRETA-SAMA-SAHA-Z26-55566,26
55569,PRNC-SHC PASSENGER,PURNIA COURT,SAHARSA JN,PASSENGER,TRETA-PURN-SAHA-Z11-55569,11
55570,SHC-PRNC PASSENGER,SAHARSA JN,PURNIA COURT,PASSENGER,TRETA-SAHA-PURN-Z11-55570,11
55577,SPJ-RXL PASSENGER,SAMASTIPUR JN,RAXAUL JN,PASSENGER,TRETA-SAMA-RAXA-Z37-55577,37
55578,RXL-SPJ PASSENGER,RAXAUL JN,SAMASTIPUR JN,PASSENGER,TRETA-RAXA-SAMA-Z37-55578,37
55581,RXL-SMI PASENGER,RAXAUL JN,SITAMARHI,PASSENGER,TRETA-RAXA-SITA-Z15-55581,15
55582,SMI-RXL PASSENGER,SITAMARHI,RAXAUL JN,PASSENGER,TRETA-SITA-RAXA-Z15-55582,15
55583,RXL-NKE PASSENGER,RAXAUL JN,NARKATIAGANJ JN,PASSENGER,TRETA-RAXA-NARK-Z07-55583,7
55584,NKE-RXL PASSENGER,NARKATIAGANJ JN,RAXAUL JN,PASSENGER,TRETA-NARK-RAXA-Z07-55584,7
55585,RXL-NKE PASSENGER,RAXAUL JN,NARKATIAGANJ JN,PASSENGER,TRETA-RAXA-NARK-Z07-55585,7
55586,NKE-RXL PASSENGER,NARKATIAGANJ JN,RAXAUL JN,PASSENGER,TRETA-NARK-RAXA-Z07-55586,7
55587,RXL-NKE PASSENGER,RAXAUL JN,NARKATIAGANJ JN,PASSENGER,TRETA-RAXA-NARK-Z07-55587,7
55588,NKE-RXL PASSENGER,NARKATIAGANJ JN,RAXAUL JN,PASSENGER,TRETA-NARK-RAXA-Z07-55588,7
55601,GHY-LMG PASSENGER,GUWAHATI,LUMDING JN,PASSENGER,TRETA-GUWA-LUMD-Z15-55601,15
55602,LMG-GHY PASSENGER,LUMDING JN,GUWAHATI,PASSENGER,TRETA-LUMD-GUWA-Z15-55602,15
55603,GHY-MBO PASSENGER,GUWAHATI,MAIRABARI,PASSENGER,TRETA-GUWA-MAIR-Z28-55603,28
55604,MBO-GHY PASSENGER,MAIRABARI,GUWAHATI,PASSENGER,TRETA-MAIR-GUWA-Z28-55604,28
55605,GHY-SKHV PASSENGER,GUWAHATI,SUKHOVI,PASSENGER,TRETA-GUWA-SUKH-Z18-55605,18
55606,SKHV-GHY PASSENGER,SUKHOVI,GUWAHATI,PASSENGER,TRETA-SUKH-GUWA-Z18-55606,18
55607,MNDP-GHY PASSENGER,MENDIPATHAR,GUWAHATI,PASSENGER,TRETA-MEND-GUWA-Z13-55607,13
55608,GHY-MNDP PASSENGER,GUWAHATI,MENDIPATHAR,PASSENGER,TRETA-GUWA-MEND-Z13-55608,13
55619,MNDP-GHY PASSENGER,MENDIPATHAR,GUWAHATI,PASSENGER,TRETA-MEND-GUWA-Z27-55619,27
55620,GHY-MNDP PASSENGER,GUWAHATI,MENDIPATHAR,PASSENGER,TRETA-GUWA-MEND-Z27-55620,27
55661,MSSN-SCL PASSENGER,MAISHASHAN,SILCHAR,PASSENGER,TRETA-MAIS-SILC-Z12-55661,12
55662,SCL-MSSN PASSENGER,SILCHAR,MAISHASHAN,PASSENGER,TRETA-SILC-MAIS-Z12-55662,12
55665,SCL-VNGP PASSENGER,SILCHAR,VANGAICHUNGPAO,PASSENGER,TRETA-SILC-VANG-Z09-55665,9
55666,VNGP-SCL PASSENGER,VANGAICHUNGPAO,SILCHAR,PASSENGER,TRETA-VANG-SILC-Z09-55666,9
55667,SCL-BHRB PASSENGER,SILCHAR,BHAIRABI,PASSENGER,TRETA-SILC-BHAI-Z13-55667,13
55668,BHRB-SCL PASSENGER,BHAIRABI,SILCHAR,PASSENGER,TRETA-BHAI-SILC-Z13-55668,13
55669,SCL-SANG PASSENGER,SILCHAR,SAIRANG,PASSENGER,TRETA-SILC-SAIR-Z17-55669,17
55670,SANG-SCL PASSENGER,SAIRANG,SILCHAR,PASSENGER,TRETA-SAIR-SILC-Z17-55670,17
55675,AGTL DMR PASS,AGARTALA,DHARMANAGAR,PASSENGER,TRETA-AGAR-DHAR-Z13-55675,13
55676,DMR AGTL PASS,DHARMANAGAR,AGARTALA,PASSENGER,TRETA-DHAR-AGAR-Z13-55676,13
55677,SCL-DMR PASSENGER,SILCHAR,DHARMANAGAR,PASSENGER,TRETA-SILC-DHAR-Z22-55677,22
55678,DMR-SCL PASSENGER,DHARMANAGAR,SILCHAR,PASSENGER,TRETA-DHAR-SILC-Z22-55678,22
55685,MSSN-SCL PASSENGER,MAISHASHAN,SILCHAR,PASSENGER,TRETA-MAIS-SILC-Z12-55685,12
55686,SCL-MSSN PASSENGER,SILCHAR,MAISHASHAN,PASSENGER,TRETA-SILC-MAIS-Z12-55686,12
55687,DLCR-SCL PASSENGER,DULLABCHERRA,SILCHAR,PASSENGER,TRETA-DULL-SILC-Z11-55687,11
55688,SCL-DLCR PASSENGER,SILCHAR,DULLABCHERRA,PASSENGER,TRETA-SILC-DULL-Z11-55688,11
55689,DLCR-BPB PASSENGER,DULLABCHERRA,BADARPUR JN.,PASSENGER,TRETA-DULL-BADA-Z15-55689,15
55690,BPB-DLCR PASSENGER,BADARPUR JN.,DULLABCHERRA,PASSENGER,TRETA-BADA-DULL-Z15-55690,15
55701,MLDT-KIR PASSENGER,MALDA TOWN,KATIHAR JN,PASSENGER,TRETA-MALD-KATI-Z19-55701,19
55702,KIR-MLDT PASSENGER,KATIHAR JN,MALDA TOWN,PASSENGER,TRETA-KATI-MALD-Z19-55702,19
55703,MLFC-KIR PASSENGER,MALDA COURT,KATIHAR JN,PASSENGER,TRETA-MALD-KATI-Z19-55703,19
55704,KIR-MLFC PASSENGER,KATIHAR JN,MALDA COURT,PASSENGER,TRETA-KATI-MALD-Z19-55704,19
55707,RDP-KIR PASSENGER,RADHIKAPUR,KATIHAR JN,PASSENGER,TRETA-RADH-KATI-Z23-55707,23
55708,KIR-RDP PASSENGER,KATIHAR JN,RADHIKAPUR,PASSENGER,TRETA-KATI-RADH-Z23-55708,23
55727,KIR-RDP PASSENGER,KATIHAR JN,RADHIKAPUR,PASSENGER,TRETA-KATI-RADH-Z18-55727,18
55728,RDP-KIR PASSENGER,RADHIKAPUR,KATIHAR JN,PASSENGER,TRETA-RADH-KATI-Z18-55728,18
55729,KIR-RDP PASSENGER,KATIHAR JN,RADHIKAPUR,PASSENGER,TRETA-KATI-RADH-Z18-55729,18
55730,RDP-KIR PASSENGER,RADHIKAPUR,KATIHAR JN,PASSENGER,TRETA-RADH-KATI-Z18-55730,18
55769,MLFC-KIR PASSENGER,MALDA COURT,KATIHAR JN,PASSENGER,TRETA-MALD-KATI-Z19-55769,19
55770,KIR-MLFC PASSENGER,KATIHAR JN,MALDA COURT,PASSENGER,TRETA-KATI-MALD-Z19-55770,19
55801,MANAS RHINO PASSENGER,NEW BONGAIGAON,GUWAHATI,PASSENGER,TRETA-NEW_-GUWA-Z21-55801,21
55802,MANAS RHINO PASSENGER,GUWAHATI,NEW BONGAIGAON,PASSENGER,TRETA-GUWA-NEW_-Z21-55802,21
55803,NBQ-GHY PASSENGER,NEW BONGAIGAON,GUWAHATI,PASSENGER,TRETA-NEW_-GUWA-Z18-55803,18
55804,GHY-NBQ PASSENGER,GUWAHATI,NEW BONGAIGAON,PASSENGER,TRETA-GUWA-NEW_-Z18-55804,18
55809,NBQ-GHY PASSENGER,NEW BONGAIGAON,GUWAHATI,PASSENGER,TRETA-NEW_-GUWA-Z21-55809,21
55810,GHY-NBQ PASSENGER,GUWAHATI,NEW BONGAIGAON,PASSENGER,TRETA-GUWA-NEW_-Z21-55810,21
55817,NBQ-GHY PASSENGER,NEW BONGAIGAON,GUWAHATI,PASSENGER,TRETA-NEW_-GUWA-Z21-55817,21
55818,GHY-NBQ PASSENGER,GUWAHATI,NEW BONGAIGAON,PASSENGER,TRETA-GUWA-NEW_-Z21-55818,21
55819,DKGN-BHNG PASSENGER,DEKARGAON,BHALUKPONG,PASSENGER,TRETA-DEKA-BHAL-Z05-55819,5
55820,BHNG-DKGN PASSENGER,BHALUKPONG,DEKARGAON,PASSENGER,TRETA-BHAL-DEKA-Z05-55820,5
55821,RNY-DKGN PASSENGER,RANGIYA JN.,DEKARGAON,PASSENGER,TRETA-RANG-DEKA-Z17-55821,17
55822,DKGN-RNY PASSENGER,DEKARGAON,RANGIYA JN.,PASSENGER,TRETA-DEKA-RANG-Z17-55822,17
55823,RPAN-DKGN PASSENGER,RANGAPARA NORTH,DEKARGAON,PASSENGER,TRETA-RANG-DEKA-Z02-55823,2
55824,DKGN-RPAN PASSENGER,DEKARGAON,RANGAPARA NORTH,PASSENGER,TRETA-DEKA-RANG-Z02-55824,2
55861,RNY-DKGN PASSENGER,RANGIYA JN.,DEKARGAON,PASSENGER,TRETA-RANG-DEKA-Z17-55861,17
55862,DKGN-RNY PASSENGER,DEKARGAON,RANGIYA JN.,PASSENGER,TRETA-DEKA-RANG-Z17-55862,17
55893,RNY-RPAN PASSENGER,RANGIYA JN.,RANGAPARA NORTH,PASSENGER,TRETA-RANG-RANG-Z13-55893,13
55894,RPAN-RNY PASSENGER,RANGAPARA NORTH,RANGIYA JN.,PASSENGER,TRETA-RANG-RANG-Z13-55894,13
55909,SLGR-DBRG PASSENGER,SIMALUGURI JN,DIBRUGARH,PASSENGER,TRETA-SIMA-DIBR-Z11-55909,11
55910,DBRG-SLGR PASSENGER,DIBRUGARH,SIMALUGURI JN,PASSENGER,TRETA-DIBR-SIMA-Z11-55910,11
55913,JTTN-TSK PASSENGER,JORHAT TOWN,TINSUKIA JN.,PASSENGER,TRETA-JORH-TINS-Z24-55913,24
55914,TSK-JTTN PASSENGER,TINSUKIA JN.,JORHAT TOWN,PASSENGER,TRETA-TINS-JORH-Z24-55914,24
56001,TVR-MQ PASS,THIRUVARUR JN,MANNARGUDI,PASSENGER,TRETA-THIR-MANN-Z05-56001,5
56002,MQ-TVR PASS,MANNARGUDI,THIRUVARUR JN,PASSENGER,TRETA-MANN-THIR-Z05-56002,5
56003,TEN-TCN PASSENGER,TIRUNELVELI JN,TIRUCHENDUR,PASSENGER,TRETA-TIRU-TIRU-Z11-56003,11
56004,TCN-TEN PASSENGER,TIRUCHENDUR,TIRUNELVELI JN,PASSENGER,TRETA-TIRU-TIRU-Z11-56004,11
56005,ERS-KTYM PASSENGER,ERNAKULAM JN,KOTTAYAM,PASSENGER,TRETA-ERNA-KOTT-Z11-56005,11
56006,KTYM-ERS PASSENGER,KOTTAYAM,ERNAKULAM JN,PASSENGER,TRETA-KOTT-ERNA-Z08-56006,8
56007,MV-VLNK PASS,MAYILADUTURAI JN,VELLANKANNI,PASSENGER,TRETA-MAYI-VELL-Z11-56007,11
56008,VLNK-MV PASS,VELLANKANNI,MAYILADUTURAI JN,PASSENGER,TRETA-VELL-MAYI-Z11-56008,11
56009,MV-KIK PASS,MAYILADUTURAI JN,KARAIKAL,PASSENGER,TRETA-MAYI-KARA-Z06-56009,6
56010,KIK-MV PASS,KARAIKAL,MAYILADUTURAI JN,PASSENGER,TRETA-KARA-MAYI-Z06-56010,6
56101,QLN-NCJ PASSENGER,KOLLAM JN,NAGERCOIL JUNCTION,PASSENGER,TRETA-KOLL-NAGE-Z21-56101,21
56102,NCJ-QLN PASSENGER,NAGERCOIL JUNCTION,KOLLAM JN,PASSENGER,TRETA-NAGE-KOLL-Z21-56102,21
56103,ED-MTDM PASSENGER,ERODE JN,METTUR DAM,PASSENGER,TRETA-EROD-METT-Z10-56103,10
56104,MTDM-ED PASSENGER,METTUR DAM,ERODE JN,PASSENGER,TRETA-METT-EROD-Z10-56104,10
56105,TPJ-ED PASSENGER,TIRUCHCHIRAPPALLI JN.,ERODE JN,PASSENGER,TRETA-TIRU-EROD-Z21-56105,21
56106,ED-TPJ PASSENGER,ERODE JN,TIRUCHCHIRAPPALLI JN.,PASSENGER,TRETA-EROD-TIRU-Z21-56106,21
56107,JTJ-ED PASSENGER,JOLARPETTAI JN.,ERODE JN,PASSENGER,TRETA-JOLA-EROD-Z22-56107,22
56108,ED-JTJ PASSENGER,ERODE JN,JOLARPETTAI JN.,PASSENGER,TRETA-EROD-JOLA-Z22-56108,22
56109,CBE-POY PASSENGER,COIMBATORE JN,POLLACHI JN.,PASSENGER,TRETA-COIM-POLL-Z03-56109,3
56110,POY-CBE PASSENGER,POLLACHI JN.,COIMBATORE JN,PASSENGER,TRETA-POLL-COIM-Z03-56110,3
56111,VM-TPJ MEMU,VILLUPURAM JN,TIRUCHCHIRAPPALLI JN.,MEMU,TRETA-VILL-TIRU-Z27-56111,27
56112,TPJ-VM  MEMU,TIRUCHCHIRAPPALLI JN.,VILLUPURAM JN,MEMU,TRETA-TIRU-VILL-Z27-56112,27
56113,CBE-POY PASSENGER,COIMBATORE JN,POLLACHI JN.,PASSENGER,TRETA-COIM-POLL-Z03-56113,3
56114,POY-CBE PASSENGER,POLLACHI JN.,COIMBATORE JN,PASSENGER,TRETA-POLL-COIM-Z03-56114,3
56115,TCR-GUV PASS,THRISUR,GURUVAYUR,PASSENGER,TRETA-THRI-GURU-Z02-56115,2
56116,GUV-TCR PASS,GURUVAYUR,THRISUR,PASSENGER,TRETA-GURU-THRI-Z02-56116,2
56136,MTP UAM PASS,METUPALAIYAM,UDAGAMANDALAM,PASSENGER,TRETA-METU-UDAG-Z06-56136,6
56137,UAM MTP PASS,UDAGAMANDALAM,METUPALAIYAM,PASSENGER,TRETA-UDAG-METU-Z06-56137,6
56138,ONR UAM PASS,COONOOR,UDAGAMANDALAM,PASSENGER,TRETA-COON-UDAG-Z05-56138,5
56139,UAM ONR PASS,UDAGAMANDALAM,COONOOR,PASSENGER,TRETA-UDAG-COON-Z05-56139,5
56140,UAM ONR PASS,UDAGAMANDALAM,COONOOR,PASSENGER,TRETA-UDAG-COON-Z05-56140,5
56141,ONR UAM PASS,COONOOR,UDAGAMANDALAM,PASSENGER,TRETA-COON-UDAG-Z05-56141,5
56142,UAM ONR PASS,UDAGAMANDALAM,COONOOR,PASSENGER,TRETA-UDAG-COON-Z05-56142,5
56143,ONR UAM PASS,COONOOR,UDAGAMANDALAM,PASSENGER,TRETA-COON-UDAG-Z05-56143,5
56201,CMNR-MYS PASSENGER,CHAMARAJANAGAR,MYSORE JN,PASSENGER,TRETA-CHAM-MYSO-Z12-56201,12
56202,MYS-CMNR PASSENGER,MYSORE JN,CHAMARAJANAGAR,PASSENGER,TRETA-MYSO-CHAM-Z12-56202,12
56203,CMNR-MYS PASSENGER,CHAMARAJANAGAR,MYSORE JN,PASSENGER,TRETA-CHAM-MYSO-Z13-56203,13
56204,MYS-CMNR PASSENGER,MYSORE JN,CHAMARAJANAGAR,PASSENGER,TRETA-MYSO-CHAM-Z13-56204,13
56205,NTW-MYS PASSENGER,NANJANGUD TOWN,MYSORE JN,PASSENGER,TRETA-NANJ-MYSO-Z06-56205,6
56206,MYS-NTW PASSENGER,MYSORE JN,NANJANGUD TOWN,PASSENGER,TRETA-MYSO-NANJ-Z06-56206,6
56207,CMNR-MYS PASSENGER,CHAMARAJANAGAR,MYSORE JN,PASSENGER,TRETA-CHAM-MYSO-Z13-56207,13
56208,MYS-CMNR PASSENGER,MYSORE JN,CHAMARAJANAGAR,PASSENGER,TRETA-MYSO-CHAM-Z12-56208,12
56209,CMNR-MYS PASSENGER,CHAMARAJANAGAR,MYSORE JN,PASSENGER,TRETA-CHAM-MYSO-Z13-56209,13
56210,MYS-CMNR PASSENGER,MYSORE JN,CHAMARAJANAGAR,PASSENGER,TRETA-MYSO-CHAM-Z13-56210,13
56217,TLGP-SMET PASSENGER,TALGUPPA,SHIMOGA TOWN,PASSENGER,TRETA-TALG-SHIM-Z09-56217,9
56218,SMET-TLGP PASSENGER,SHIMOGA TOWN,TALGUPPA,PASSENGER,TRETA-SHIM-TALG-Z09-56218,9
56223,SBC-ASK PASSENGER,KSR BENGALURU,ARSIKERE JN,PASSENGER,TRETA-KSR_-ARSI-Z28-56223,28
56224,ASK-SBC PASSENGER,ARSIKERE JN,KSR BENGALURU,PASSENGER,TRETA-ARSI-KSR_-Z28-56224,28
56229,SBC-CPT PASSENGER,KSR BENGALURU,CHANNAPATNA,PASSENGER,TRETA-KSR_-CHAN-Z09-56229,9
56230,CPT-SBC PASSENGER,CHANNAPATNA,KSR BENGALURU,PASSENGER,TRETA-CHAN-KSR_-Z09-56230,9
56231,MYS-SMVB PASSENGER,MYSORE JN,SMVT BENGALURU,PASSENGER,TRETA-MYSO-SMVT-Z14-56231,14
56232,SMVB-MYS PASSENGER,SMVT BENGALURU,MYSORE JN,PASSENGER,TRETA-SMVT-MYSO-Z14-56232,14
56265,ASK-MYS PASSENGER,ARSIKERE JN,MYSORE JN,PASSENGER,TRETA-ARSI-MYSO-Z20-56265,20
56266,MYS-ASK PASSENGER,MYSORE JN,ARSIKERE JN,PASSENGER,TRETA-MYSO-ARSI-Z20-56266,20
56267,ASK-MYS PASSENGER,ARSIKERE JN,MYSORE JN,PASSENGER,TRETA-ARSI-MYSO-Z20-56267,20
56268,MYS-ASK PASSENGER,MYSORE JN,ARSIKERE JN,PASSENGER,TRETA-MYSO-ARSI-Z20-56268,20
56271,SMET-CMGR PASSENGER,SHIMOGA TOWN,CHIKKAMAGALURU,PASSENGER,TRETA-SHIM-CHIK-Z12-56271,12
56272,CMGR-SMET PASSENGER,CHIKKAMAGALURU,SHIMOGA TOWN,PASSENGER,TRETA-CHIK-SHIM-Z12-56272,12
56281,CMNR-TK PASSENGER,CHAMARAJANAGAR,TUMKUR,PASSENGER,TRETA-CHAM-TUMK-Z47-56281,47
56282,TK-CMNR PASSENGER,TUMKUR,CHAMARAJANAGAR,PASSENGER,TRETA-TUMK-CHAM-Z47-56282,47
56301,ALLP-QLN PASSENGER,ALAPPUZHA,KOLLAM JN,PASSENGER,TRETA-ALAP-KOLL-Z13-56301,13
56302,QLN-ALLP PASSENGER,KOLLAM JN,ALAPPUZHA,PASSENGER,TRETA-KOLL-ALAP-Z13-56302,13
56303,QLN-TVC PASSENGER,KOLLAM JN,THIRUVANANTHAPURAM CENTRAL,PASSENGER,TRETA-KOLL-THIR-Z17-56303,17
56304,TVC-QLN PASSENGER,THIRUVANANTHAPURAM CENTRAL,KOLLAM JN,PASSENGER,TRETA-THIR-KOLL-Z17-56304,17
56305,NCJ-TVCN PASSENGER,NAGERCOIL JUNCTION,THIRUVANANTHAPURAM NORTH,PASSENGER,TRETA-NAGE-THIR-Z15-56305,15
56306,TVCN-NCJ PASSENGER,THIRUVANANTHAPURAM NORTH,NAGERCOIL JUNCTION,PASSENGER,TRETA-THIR-NAGE-Z14-56306,14
56307,QLN-TVC PASSENGER,KOLLAM JN,THIRUVANANTHAPURAM CENTRAL,PASSENGER,TRETA-KOLL-THIR-Z17-56307,17
56308,TVC-NCJ PASSENGER,THIRUVANANTHAPURAM CENTRAL,NAGERCOIL JUNCTION,PASSENGER,TRETA-THIR-NAGE-Z13-56308,13
56309,NCJ-TVCN PASSENGER,NAGERCOIL JUNCTION,THIRUVANANTHAPURAM NORTH,PASSENGER,TRETA-NAGE-THIR-Z14-56309,14
56310,TVCN-NCJ PASSENGER,THIRUVANANTHAPURAM NORTH,NAGERCOIL JUNCTION,PASSENGER,TRETA-THIR-NAGE-Z15-56310,15
56311,KTYM-QLN PASSENGER,KOTTAYAM,KOLLAM JN,PASSENGER,TRETA-KOTT-KOLL-Z13-56311,13
56312,ALLP-ERS PASSENGER,ALAPPUZHA,ERNAKULAM JN,PASSENGER,TRETA-ALAP-ERNA-Z11-56312,11
56313,GUV-ERS PASSENGER,GURUVAYUR,ERNAKULAM JN,PASSENGER,TRETA-GURU-ERNA-Z16-56313,16
56314,ERS-GUV PASSENGER,ERNAKULAM JN,GURUVAYUR,PASSENGER,TRETA-ERNA-GURU-Z17-56314,17
56315,GUV-TCR PASSENGER,GURUVAYUR,THRISUR,PASSENGER,TRETA-GURU-THRI-Z02-56315,2
56316,TCR-GUV PASSENGER,THRISUR,GURUVAYUR,PASSENGER,TRETA-THRI-GURU-Z02-56316,2
56317,GUV-ERS PASSENGER,GURUVAYUR,ERNAKULAM JN,PASSENGER,TRETA-GURU-ERNA-Z17-56317,17
56318,ERS-GUV PASSENGER,ERNAKULAM JN,GURUVAYUR,PASSENGER,TRETA-ERNA-GURU-Z16-56318,16
56319,ERS-KYJ PASSENGER,ERNAKULAM JN,KAYANKULAM JN,PASSENGER,TRETA-ERNA-KAYA-Z18-56319,18
56320,KYJ-ERS PASSENGER,KAYANKULAM JN,ERNAKULAM JN,PASSENGER,TRETA-KAYA-ERNA-Z18-56320,18
56322,NIL-SRR PASSENGER,NILAMBUR ROAD,SHORANUR JN,PASSENGER,TRETA-NILA-SHOR-Z11-56322,11
56323,SRR-NIL PASSENGER,SHORANUR JN,NILAMBUR ROAD,PASSENGER,TRETA-SHOR-NILA-Z11-56323,11
56519,SBC HPT PAS,KSR BENGALURU,HOSAPETE JUNCTION,PASSENGER,TRETA-KSR_-HOSA-Z26-56519,26
56520,HPT SBC PAS,HOSAPETE JUNCTION,KSR BENGALURU,PASSENGER,TRETA-HOSA-KSR_-Z26-56520,26
56529,HRR-HPT PASSENGER,HARIHAR,HOSAPETE JUNCTION,PASSENGER,TRETA-HARI-HOSA-Z15-56529,15
56530,HPT-HRR PASSENGER,HOSAPETE JUNCTION,HARIHAR,PASSENGER,TRETA-HOSA-HARI-Z15-56530,15
56531,YPR-HUP PASSENGER,YESVANTPUR JN.,HINDUPUR,PASSENGER,TRETA-YESV-HIND-Z04-56531,4
56532,HUP-YPR PASSENGER,HINDUPUR,YESVANTPUR JN.,PASSENGER,TRETA-HIND-YESV-Z04-56532,4
56600,CAN-SRR PASSENGER,KANNUR,SHORANUR JN,PASSENGER,TRETA-KANN-SHOR-Z32-56600,32
56601,CLT-SRR PASSENGER,KOZHIKKODE,SHORANUR JN,PASSENGER,TRETA-KOZH-SHOR-Z13-56601,13
56602,SRR-CLT PASSENGER,SHORANUR JN,KOZHIKKODE,PASSENGER,TRETA-SHOR-KOZH-Z13-56602,13
56603,CBE-SRR PASSENGER,COIMBATORE JN,SHORANUR JN,PASSENGER,TRETA-COIM-SHOR-Z12-56603,12
56604,SRR-CBE PASSENGER,SHORANUR JN,COIMBATORE JN,PASSENGER,TRETA-SHOR-COIM-Z12-56604,12
56605,SRR-TCR PASSENGER,SHORANUR JN,THRISUR,PASSENGER,TRETA-SHOR-THRI-Z06-56605,6
56607,PGT-NIL PASSENGER,PALAKKAD JN,NILAMBUR ROAD,PASSENGER,TRETA-PALA-NILA-Z17-56607,17
56608,NIL-PGT PASSENGER,NILAMBUR ROAD,PALAKKAD JN,PASSENGER,TRETA-NILA-PALA-Z17-56608,17
56609,SRR-NIL PASSENGER,SHORANUR JN,NILAMBUR ROAD,PASSENGER,TRETA-SHOR-NILA-Z11-56609,11
56610,NIL-SRR PASSENGER,NILAMBUR ROAD,SHORANUR JN,PASSENGER,TRETA-NILA-SHOR-Z11-56610,11
56611,SRR-NIL PASSENGER,SHORANUR JN,NILAMBUR ROAD,PASSENGER,TRETA-SHOR-NILA-Z11-56611,11
56612,NIL-SRR PASSENGER,NILAMBUR ROAD,SHORANUR JN,PASSENGER,TRETA-NILA-SHOR-Z11-56612,11
56613,SRR-NIL PASSENGER,SHORANUR JN,NILAMBUR ROAD,PASSENGER,TRETA-SHOR-NILA-Z11-56613,11
56614,NIL-SRR PASSENGER,NILAMBUR ROAD,SHORANUR JN,PASSENGER,TRETA-NILA-SHOR-Z11-56614,11
56615,MAO-MAQ PASSENGER,MADGAON JUNCTION,MANGALORE CENTRAL,PASSENGER,TRETA-MADG-MANG-Z30-56615,30
56616,MAQ-MAO PASSENGER,MANGALORE CENTRAL,MADGAON JUNCTION,PASSENGER,TRETA-MANG-MADG-Z30-56616,30
56617,CLT-CAN PASSENGER,KOZHIKKODE,KANNUR,PASSENGER,TRETA-KOZH-KANN-Z19-56617,19
56619,CAN-CHV PASSENGER,KANNUR,CHARVATTUR,PASSENGER,TRETA-KANN-CHAR-Z10-56619,10
56621,CHV-MAQ PASSENGER,CHARVATTUR,MANGALORE CENTRAL,PASSENGER,TRETA-CHAR-MANG-Z11-56621,11
56623,TCR-SRR PASSENGER,THRISUR,SHORANUR JN,PASSENGER,TRETA-THRI-SHOR-Z06-56623,6
56624,SRR-TCR PASSENGER,SHORANUR JN,THRISUR,PASSENGER,TRETA-SHOR-THRI-Z06-56624,6
56625,MAQ-SBHR PASSENGER,MANGALORE CENTRAL,SUBRAHMANYA ROAD,PASSENGER,TRETA-MANG-SUBR-Z10-56625,10
56626,SBHR-MAQ PASSENGER,SUBRAHMANYA ROAD,MANGALORE CENTRAL,PASSENGER,TRETA-SUBR-MANG-Z10-56626,10
56627,MAQ-SBHR PASSENGER,MANGALORE CENTRAL,SUBRAHMANYA ROAD,PASSENGER,TRETA-MANG-SUBR-Z10-56627,10
56628,SBHR- MAQ PASSENGER,SUBRAHMANYA ROAD,MANGALORE CENTRAL,PASSENGER,TRETA-SUBR-MANG-Z10-56628,10
56629,MAQ-SBHR PASSENGER,MANGALORE CENTRAL,SUBRAHMANYA ROAD,PASSENGER,TRETA-MANG-SUBR-Z10-56629,10
56630,SBHR-MAQ PASSENGER,SUBRAHMANYA ROAD,MANGALORE CENTRAL,PASSENGER,TRETA-SUBR-MANG-Z10-56630,10
56632,CAN-CLT PASS,KANNUR,KOZHIKKODE,PASSENGER,TRETA-KANN-KOZH-Z06-56632,6
56700,TPJ-MV PASS,TIRUCHCHIRAPPALLI JN.,MAYILADUTURAI JN,PASSENGER,TRETA-TIRU-MAYI-Z24-56700,24
56701,MDU-BDNK PASS,MADURAI JN,BODINAYAKKANUR,PASSENGER,TRETA-MADU-BODI-Z05-56701,5
56702,BDNK-MDU PASS,BODINAYAKKANUR,MADURAI JN,PASSENGER,TRETA-BODI-MADU-Z05-56702,5
56703,CAN-MAQ PASS,KANNUR,MANGALORE CENTRAL,PASSENGER,TRETA-KANN-MANG-Z21-56703,21
56704,MAQ-CAN PASS,MANGALORE CENTRAL,KANNUR,PASSENGER,TRETA-MANG-KANN-Z21-56704,21
56705,PUU-CAPE PASSENGER,PUNALUR,KANNIYAKUMARI,PASSENGER,TRETA-PUNA-KANN-Z19-56705,19
56706,CAPE-PUU PASSENGER,KANNIYAKUMARI,PUNALUR,PASSENGER,TRETA-KANN-PUNA-Z19-56706,19
56707,CAPE-TEN PASSENGER,KANNIYAKUMARI,TIRUNELVELI JN,PASSENGER,TRETA-KANN-TIRU-Z09-56707,9
56708,TEN-CAPE PASSENGER,TIRUNELVELI JN,KANNIYAKUMARI,PASSENGER,TRETA-TIRU-KANN-Z09-56708,9
56709,NCJ-CAPE PASSENGER,NAGERCOIL JUNCTION,KANNIYAKUMARI,PASSENGER,TRETA-NAGE-KANN-Z01-56709,1
56711,MDU-RMM PASSENGER,MADURAI JN,RAMESWARAM,PASSENGER,TRETA-MADU-RAME-Z16-56711,16
56712,RMM-MDU PASSENGER,RAMESWARAM,MADURAI JN,PASSENGER,TRETA-RAME-MADU-Z16-56712,16
56713,MDU-RMM PASSENGER,MADURAI JN,RAMESWARAM,PASSENGER,TRETA-MADU-RAME-Z16-56713,16
56714,RMM-MDU PASSENGER,RAMESWARAM,MADURAI JN,PASSENGER,TRETA-RAME-MADU-Z16-56714,16
56715,MDU-RMM PASSENGER,MADURAI JN,RAMESWARAM,PASSENGER,TRETA-MADU-RAME-Z16-56715,16
56716,RMM-MDU PASSENGER,RAMESWARAM,MADURAI JN,PASSENGER,TRETA-RAME-MADU-Z16-56716,16
56717,DG-MDU PASS,DINDIGUL JN,MADURAI JN,PASSENGER,TRETA-DIND-MADU-Z07-56717,7
56718,MDU-DG PASSENGER,MADURAI JN,DINDIGUL JN,PASSENGER,TRETA-MADU-DIND-Z07-56718,7
56721,TN-TEN PASS,TUTICORIN,TIRUNELVELI JN,PASSENGER,TRETA-TUTI-TIRU-Z09-56721,9
56722,TEN-TN PASS,TIRUNELVELI JN,TUTICORIN,PASSENGER,TRETA-TIRU-TUTI-Z09-56722,9
56739,MV-TJ PASS,MAYILADUTURAI JN,THANJAVUR JN.,PASSENGER,TRETA-MAYI-THAN-Z15-56739,15
56741,TEN-SCT PASS,TIRUNELVELI JN,SENGOTTAI,PASSENGER,TRETA-TIRU-SENG-Z16-56741,16
56742,SCT-TEN PASS,SENGOTTAI,TIRUNELVELI JN,PASSENGER,TRETA-SENG-TIRU-Z16-56742,16
56743,TEN-SCT PASS,TIRUNELVELI JN,SENGOTTAI,PASSENGER,TRETA-TIRU-SENG-Z16-56743,16
56744,SCT-TEN PASS,SENGOTTAI,TIRUNELVELI JN,PASSENGER,TRETA-SENG-TIRU-Z16-56744,16
56745,TJ-TPJ PASS,THANJAVUR JN.,TIRUCHCHIRAPPALLI JN.,PASSENGER,TRETA-THAN-TIRU-Z09-56745,9
56751,TEN-TCN PASSENGER,TIRUNELVELI JN,TIRUCHENDUR,PASSENGER,TRETA-TIRU-TIRU-Z11-56751,11
56752,TCN-TEN PASSENGER,TIRUCHENDUR,TIRUNELVELI JN,PASSENGER,TRETA-TIRU-TIRU-Z11-56752,11
56753,TEN-TCN PASSENGER,TIRUNELVELI JN,TIRUCHENDUR,PASSENGER,TRETA-TIRU-TIRU-Z11-56753,11
56754,TCN-TEN PASSENGER,TIRUCHENDUR,TIRUNELVELI JN,PASSENGER,TRETA-TIRU-TIRU-Z11-56754,11
56755,MEJ-TCN PASSENGER,VANCHI MANIYACHCHI JN,TIRUCHENDUR,PASSENGER,TRETA-VANC-TIRU-Z15-56755,15
56756,TCN-MEJ PASSENGER,TIRUCHENDUR,VANCHI MANIYACHCHI JN,PASSENGER,TRETA-TIRU-VANC-Z15-56756,15
56757,TEN-TCN PASSENGER,TIRUNELVELI JN,TIRUCHENDUR,PASSENGER,TRETA-TIRU-TIRU-Z11-56757,11
56758,TCN-TEN PASSENGER,TIRUCHENDUR,TIRUNELVELI JN,PASSENGER,TRETA-TIRU-TIRU-Z11-56758,11
56759,MEJ-TN PASSENGER,VANCHI MANIYACHCHI JN,TUTICORIN,PASSENGER,TRETA-VANC-TUTI-Z03-56759,3
56760,TN-MEJ PASS,TUTICORIN,VANCHI MANIYACHCHI JN,PASSENGER,TRETA-TUTI-VANC-Z05-56760,5
56761,MEJ-TN PASSENGER,VANCHI MANIYACHCHI JN,TUTICORIN,PASSENGER,TRETA-VANC-TUTI-Z05-56761,5
56762,TN-MEJ PASSENGER,TUTICORIN,VANCHI MANIYACHCHI JN,PASSENGER,TRETA-TUTI-VANC-Z03-56762,3
56771,MDU-SCT PASSENGER,MADURAI JN,SENGOTTAI,PASSENGER,TRETA-MADU-SENG-Z13-56771,13
56772,SCT-MDU PASSENGER,SENGOTTAI,MADURAI JN,PASSENGER,TRETA-SENG-MADU-Z13-56772,13
56773,TEN-SCT PASSENGER,TIRUNELVELI JN,SENGOTTAI,PASSENGER,TRETA-TIRU-SENG-Z16-56773,16
56774,SCT-TEN PASSENGER,SENGOTTAI,TIRUNELVELI JN,PASSENGER,TRETA-SENG-TIRU-Z16-56774,16
56775,TEN-SCT PASSENGER,TIRUNELVELI JN,SENGOTTAI,PASSENGER,TRETA-TIRU-SENG-Z16-56775,16
56776,SCT-TEN PASSENGER,SENGOTTAI,TIRUNELVELI JN,PASSENGER,TRETA-SENG-TIRU-Z16-56776,16
56801,MV-TJ PASS,MAYILADUTURAI JN,THANJAVUR JN.,PASSENGER,TRETA-MAYI-THAN-Z15-56801,15
56802,TJ-MV PASS,THANJAVUR JN.,MAYILADUTURAI JN,PASSENGER,TRETA-THAN-MAYI-Z15-56802,15
56803,TPJ-KKDI PASS,TIRUCHCHIRAPPALLI JN.,KARAIKKUDI JN,PASSENGER,TRETA-TIRU-KARA-Z09-56803,9
56804,KKDI-TPJ PASS,KARAIKKUDI JN,TIRUCHCHIRAPPALLI JN.,PASSENGER,TRETA-KARA-TIRU-Z09-56804,9
56805,TVR-TPJ DMU PASS,THIRUVARUR JN,TIRUCHCHIRAPPALLI JN.,PASSENGER,TRETA-THIR-TIRU-Z13-56805,13
56806,TPJ-TVR DMU PASS,TIRUCHCHIRAPPALLI JN.,THIRUVARUR JN,PASSENGER,TRETA-TIRU-THIR-Z13-56806,13
56807,VM-TVR PASS,VILLUPURAM JN,THIRUVARUR JN,PASSENGER,TRETA-VILL-THIR-Z25-56807,25
56808,TVR-VM PASS,THIRUVARUR JN,VILLUPURAM JN,PASSENGER,TRETA-THIR-VILL-Z25-56808,25
56809,TPJ-ED PASSENGER,TIRUCHCHIRAPPALLI JN.,ERODE JN,PASSENGER,TRETA-TIRU-EROD-Z23-56809,23
56810,ED-TPJ PASS,ERODE JN,TIRUCHCHIRAPPALLI JN.,PASSENGER,TRETA-EROD-TIRU-Z47-56810,47
56811,JTJ-ED PASSENGER,JOLARPETTAI JN.,ERODE JN,PASSENGER,TRETA-JOLA-EROD-Z45-56811,45
56812,ED-JTJ PASSENGER,ERODE JN,JOLARPETTAI JN.,PASSENGER,TRETA-EROD-JOLA-Z45-56812,45
56813,VM-MV PASS,VILLUPURAM JN,MAYILADUTURAI JN,PASSENGER,TRETA-VILL-MAYI-Z43-56813,43
56814,MV-VM PASS,MAYILADUTURAI JN,VILLUPURAM JN,PASSENGER,TRETA-MAYI-VILL-Z43-56814,43
56815,TPJ-KKDI DMU PASS,TIRUCHCHIRAPPALLI JN.,KARAIKKUDI JN,PASSENGER,TRETA-TIRU-KARA-Z17-56815,17
56816,KKDI-TPJ DMU PASS,KARAIKKUDI JN,TIRUCHCHIRAPPALLI JN.,PASSENGER,TRETA-KARA-TIRU-Z17-56816,17
56817,KIK-TJ PASS,KARAIKAL,THANJAVUR JN.,PASSENGER,TRETA-KARA-THAN-Z39-56817,39
56818,TPJ-KIK PASS,TIRUCHCHIRAPPALLI JN.,KARAIKAL,PASSENGER,TRETA-TIRU-KARA-Z57-56818,57
56819,TJ-TPJ PASS,THANJAVUR JN.,TIRUCHCHIRAPPALLI JN.,PASSENGER,TRETA-THAN-TIRU-Z19-56819,19
56821,MV-TPJ PASS,MAYILADUTURAI JN,TIRUCHCHIRAPPALLI JN.,PASSENGER,TRETA-MAYI-TIRU-Z24-56821,24
56823,TJ-TPJ PASS,THANJAVUR JN.,TIRUCHCHIRAPPALLI JN.,PASSENGER,TRETA-THAN-TIRU-Z09-56823,9
56824,TPJ-TJ PASS,TIRUCHCHIRAPPALLI JN.,THANJAVUR JN.,PASSENGER,TRETA-TIRU-THAN-Z09-56824,9
56826,TJ-MV PASS,THANJAVUR JN.,MAYILADUTURAI JN,PASSENGER,TRETA-THAN-MAYI-Z15-56826,15
56827,TVR-KKDI DMU,THIRUVARUR JN,KARAIKKUDI JN,PASSENGER,TRETA-THIR-KARA-Z19-56827,19
56828,KKDI-TVR DMU,KARAIKKUDI JN,THIRUVARUR JN,PASSENGER,TRETA-KARA-THIR-Z19-56828,19
56831,TPJ-KKDI PASS,TIRUCHCHIRAPPALLI JN.,KARAIKKUDI JN,PASSENGER,TRETA-TIRU-KARA-Z09-56831,9
56832,KKDI-TPJ PASS,KARAIKKUDI JN,TIRUCHCHIRAPPALLI JN.,PASSENGER,TRETA-KARA-TIRU-Z09-56832,9
56833,KKDI-VPT PASS,KARAIKKUDI JN,VIRUDUNAGAR JN,PASSENGER,TRETA-KARA-VIRU-Z10-56833,10
56834,VPT-KKDI PASS,VIRUDUNAGAR JN,KARAIKKUDI JN,PASSENGER,TRETA-VIRU-KARA-Z10-56834,10
56835,MV-KKDI PASS,MAYILADUTURAI JN,KARAIKKUDI JN,PASSENGER,TRETA-MAYI-KARA-Z23-56835,23
56836,KKDI-MV PASS,KARAIKKUDI JN,MAYILADUTURAI JN,PASSENGER,TRETA-KARA-MAYI-Z23-56836,23
56903,SUR DHARWAR PASS,SOLAPUR JN,DHARWAR,PASSENGER,TRETA-SOLA-DHAR-Z28-56903,28
56904,DWR SUR PASSENGE,DHARWAR,SOLAPUR JN,PASSENGER,TRETA-DHAR-SOLA-Z28-56904,28
56905,SUR-UBL PASSENGER,SOLAPUR JN,SSS HUBBALLI JN,PASSENGER,TRETA-SOLA-SSS_-Z42-56905,42
56906,UBL-SUR PASSENGER,SSS HUBBALLI JN,SOLAPUR JN,PASSENGER,TRETA-SSS_-SOLA-Z42-56906,42
56911,UBL-GTL PASSENGER,SSS HUBBALLI JN,GUNTAKAL JN,PASSENGER,TRETA-SSS_-GUNT-Z27-56911,27
56912,GTL-UBL PASSENGER,GUNTAKAL JN,SSS HUBBALLI JN,PASSENGER,TRETA-GUNT-SSS_-Z27-56912,27
56919,UBL-BJP PASSENGER,SSS HUBBALLI JN,VIJAYAPURA,PASSENGER,TRETA-SSS_-VIJA-Z20-56919,20
56920,BJP-UBL PASSENGER,VIJAYAPURA,SSS HUBBALLI JN,PASSENGER,TRETA-VIJA-SSS_-Z20-56920,20
56927,UBL-SNNR PASSENGER,SSS HUBBALLI JN,SINDHANUR,PASSENGER,TRETA-SSS_-SIND-Z19-56927,19
56928,SNNR-UBL PASSENGER,SINDHANUR,SSS HUBBALLI JN,PASSENGER,TRETA-SIND-SSS_-Z19-56928,19
56931,MRJ-LD PASSENGER,MIRAJ JN.,LONDA JN,PASSENGER,TRETA-MIRA-LOND-Z21-56931,21
56932,LD-MRJ PASSENGER,LONDA JN,MIRAJ JN.,PASSENGER,TRETA-LOND-MIRA-Z21-56932,21
56937,BGM-MRJ PASSENGER,BELAGAVI,MIRAJ JN.,PASSENGER,TRETA-BELA-MIRA-Z16-56937,16
56938,MRJ-BGM PASSENGER,MIRAJ JN.,BELAGAVI,PASSENGER,TRETA-MIRA-BELA-Z16-56938,16
56939,BGM-MRJ PASSENGER,BELAGAVI,MIRAJ JN.,PASSENGER,TRETA-BELA-MIRA-Z16-56939,16
56940,MRJ-BGM PASSENGER,MIRAJ JN.,BELAGAVI,PASSENGER,TRETA-MIRA-BELA-Z16-56940,16
56961,QLM-VSG DEMU,KULEM,VASCO DA GAMA,DMU,TRETA-KULE-VASC-Z11-56961,11
56962,VSG-QLM DEMU,VASCO DA GAMA,KULEM,DMU,TRETA-VASC-KULE-Z11-56962,11
56963,QLM-VSG DMU,KULEM,VASCO DA GAMA,DMU,TRETA-KULE-VASC-Z11-56963,11
56964,VSG-QLM DMU,VASCO DA GAMA,KULEM,DMU,TRETA-VASC-KULE-Z11-56964,11
56965,QLM-VSG DEMU,KULEM,VASCO DA GAMA,DMU,TRETA-KULE-VASC-Z11-56965,11
56966,VSG-QLM DEMU,VASCO DA GAMA,KULEM,DMU,TRETA-VASC-KULE-Z11-56966,11
57201,BZA-GNT,VIJAYAWADA JN,GUNTUR JN,PASSENGER,TRETA-VIJA-GUNT-Z05-57201,5
57202,GNT-BZA,GUNTUR JN,VIJAYAWADA JN,PASSENGER,TRETA-GUNT-VIJA-Z05-57202,5
57203,GNT-MCLA,GUNTUR JN,MACHERLA,PASSENGER,TRETA-GUNT-MACH-Z13-57203,13
57204,MCLA-GNT,MACHERLA,GUNTUR JN,PASSENGER,TRETA-MACH-GUNT-Z13-57204,13
57205,NDKD-MCLA,NADIKODE,MACHERLA,PASSENGER,TRETA-NADI-MACH-Z03-57205,3
57206,MCLA-NDKD,MACHERLA,NADIKODE,PASSENGER,TRETA-MACH-NADI-Z03-57206,3
57301,KCG-MDAK PASSENGER,KACHEGUDA,MEDAK,PASSENGER,TRETA-KACH-MEDA-Z28-57301,28
57302,MDAK-KCG PASSENGER,MEDAK,KACHEGUDA,PASSENGER,TRETA-MEDA-KACH-Z28-57302,28
57401,TPTY UBL PASS,TIRUPATI,SSS HUBBALLI JN,PASSENGER,TRETA-TIRU-SSS_-Z62-57401,62
57402,UBL TPTY PAS,SSS HUBBALLI JN,TIRUPATI,PASSENGER,TRETA-SSS_-TIRU-Z62-57402,62
57403,TPTY-GTL PASSENGER,TIRUPATI,GUNTAKAL JN,PASSENGER,TRETA-TIRU-GUNT-Z37-57403,37
57404,GTL-TPTY PASSENGER,GUNTAKAL JN,TIRUPATI,PASSENGER,TRETA-GUNT-TIRU-Z36-57404,36
57405,TPTY KRYP PASS,TIRUPATI,KADIRIDEVARAPALLI,PASSENGER,TRETA-TIRU-KADI-Z38-57405,38
57406,KRYP TPTY PAS,KADIRIDEVARAPALLI,TIRUPATI,PASSENGER,TRETA-KADI-TIRU-Z39-57406,39
57407,GTL-MRK,GUNTAKAL JN,MARKAPUR ROAD,PASSENGER,TRETA-GUNT-MARK-Z15-57407,15
57408,MRK-GTL,MARKAPUR ROAD,GUNTAKAL JN,PASSENGER,TRETA-MARK-GUNT-Z15-57408,15
57411,GTL-BDHN PASSENGER,GUNTAKAL JN,BODHAN,PASSENGER,TRETA-GUNT-BODH-Z84-57411,84
57412,KCG-GTL PASSENGER,KACHEGUDA,GUNTAKAL JN,PASSENGER,TRETA-KACH-GUNT-Z49-57412,49
57414,BDHN-KCG PASSENGER,BODHAN,KACHEGUDA,PASSENGER,TRETA-BODH-KACH-Z37-57414,37
57415,GTL-JRU PASSENGER,GUNTAKAL JN,CHIKJAJUR JN,PASSENGER,TRETA-GUNT-CHIK-Z21-57415,21
57416,JRU-GTL PASSENGER,CHIKJAJUR JN,GUNTAKAL JN,PASSENGER,TRETA-CHIK-GUNT-Z21-57416,21
57606,VKB-KCG PASSENGER,VIKARABAD JN,KACHEGUDA,PASSENGER,TRETA-VIKA-KACH-Z11-57606,11
57651,NED-MMR,NANDED,MANMAD JN,PASSENGER,TRETA-NAND-MANM-Z34-57651,34
57652,MMR-NED,MANMAD JN,NANDED,PASSENGER,TRETA-MANM-NAND-Z34-57652,34
57653,PAU-ADB PASSENGER,PURNA JN,ADILABAD,PASSENGER,TRETA-PURN-ADIL-Z29-57653,29
57654,ADB-PRLI PASSENGER,ADILABAD,PARLI VAIJNATH,PASSENGER,TRETA-ADIL-PARL-Z39-57654,39
57655,PRLI-AK,PARLI VAIJNATH,AKOLA JN.,PASSENGER,TRETA-PARL-AKOL-Z33-57655,33
57656,AK-PAU PASSENGER,AKOLA JN.,PURNA JN,PASSENGER,TRETA-AKOL-PURN-Z23-57656,23
57657,PAU-PRLI PASSENGER,PURNA JN,PARLI VAIJNATH,PASSENGER,TRETA-PURN-PARL-Z10-57657,10
57658,PRLI-PAU PASSENGER,PARLI VAIJNATH,PURNA JN,PASSENGER,TRETA-PARL-PURN-Z10-57658,10
57661,RC-BJP PASSENGER,RAICHUR,VIJAYAPURA,PASSENGER,TRETA-RAIC-VIJA-Z41-57661,41
57662,BJP-RC PASSENGER,VIJAYAPURA,RAICHUR,PASSENGER,TRETA-VIJA-RAIC-Z41-57662,41
58025,SRC DGHA PASS,SANTRAGACHI JN,DIGHA,PASSENGER,TRETA-SANT-DIGH-Z06-58025,6
58026,DGHA SRC PASS,DIGHA,SANTRAGACHI JN,PASSENGER,TRETA-DIGH-SANT-Z06-58026,6
58027,KGP-TATA PASS,KHARAGPUR JN,TATANAGAR JN,PASSENGER,TRETA-KHAR-TATA-Z18-58027,18
58028,TATA-KGP PASS,TATANAGAR JN,KHARAGPUR JN,PASSENGER,TRETA-TATA-KHAR-Z16-58028,16
58029,SRC DGHA PSS,SANTRAGACHI JN,DIGHA,PASSENGER,TRETA-SANT-DIGH-Z06-58029,6
58030,DGHA SRC PASS,DIGHA,SANTRAGACHI JN,PASSENGER,TRETA-DIGH-SANT-Z06-58030,6
58033,BKSC-RNC PASSENGER,BOKARO STEEL CITY,RANCHI,PASSENGER,TRETA-BOKA-RANC-Z14-58033,14
58034,RNC-BKSC PASSENGER,RANCHI,BOKARO STEEL CITY,PASSENGER,TRETA-RANC-BOKA-Z14-58034,14
58151,BRMP-BXF PASSENGER,BIRMITRAPUR,BARSUAN,PASSENGER,TRETA-BIRM-BARS-Z10-58151,10
58152,BXF-BRMP PASSENGER,BARSUAN,BIRMITRAPUR,PASSENGER,TRETA-BARS-BIRM-Z10-58152,10
58201,BSP-R PASS,BILASPUR JN.,RAIPUR JN.,PASSENGER,TRETA-BILA-RAIP-Z14-58201,14
58202,R-BSP PASS,RAIPUR JN.,BILASPUR JN.,PASSENGER,TRETA-RAIP-BILA-Z14-58202,14
58203,KRBA-R PASS,KORBA,RAIPUR JN.,PASSENGER,TRETA-KORB-RAIP-Z27-58203,27
58204,R-KRBA PASS,RAIPUR JN.,KORBA,PASSENGER,TRETA-RAIP-KORB-Z27-58204,27
58205,R-NITR PAS,RAIPUR JN.,NETAJI SUBHASH,PASSENGER,TRETA-RAIP-NETA-Z40-58205,40
58206,NITR-R PASS,NETAJI SUBHASH,RAIPUR JN.,PASSENGER,TRETA-NETA-RAIP-Z40-58206,40
58207,R-JNRD PASS,RAIPUR JN.,JUNAGARH ROAD,PASSENGER,TRETA-RAIP-JUNA-Z25-58207,25
58208,JNRD-R PASS,JUNAGARH ROAD,RAIPUR JN.,PASSENGER,TRETA-JUNA-RAIP-Z25-58208,25
58210,BSP-GAD PASS,BILASPUR JN.,GEVRA ROAD,PASSENGER,TRETA-BILA-GEVR-Z14-58210,14
58213,TIG-BSP PASS,TITLAGARH,BILASPUR JN.,PASSENGER,TRETA-TITL-BILA-Z47-58213,47
58214,BSP-TIG PASS,BILASPUR JN.,TITLAGARH,PASSENGER,TRETA-BILA-TITL-Z47-58214,47
58217,TIG-R PASS,TITLAGARH,RAIPUR JN.,PASSENGER,TRETA-TITL-RAIP-Z13-58217,13
58218,R-TIG,RAIPUR JN.,TITLAGARH,PASSENGER,TRETA-RAIP-TITL-Z13-58218,13
58221,CHRM-CHD PASS,CHIRMIRI,CHANDIA ROAD,PASSENGER,TRETA-CHIR-CHAN-Z19-58221,19
58222,CHD-CHRM PASS,CHANDIA ROAD,CHIRMIRI,PASSENGER,TRETA-CHAN-CHIR-Z19-58222,19
58303,SBP-JNRD PASSENGER,SAMBALPUR JN.,JUNAGARH ROAD,PASSENGER,TRETA-SAMB-JUNA-Z26-58303,26
58304,JNRD-SBP PASSENGER,JUNAGARH ROAD,SAMBALPUR JN.,PASSENGER,TRETA-JUNA-SAMB-Z26-58304,26
58305,BLGR-PUKK PASSENGER,BALANGIR,PURUNAKATAK,PASSENGER,TRETA-BALA-PURU-Z09-58305,9
58306,PUKK-BLGR PASSENGER,PURUNAKATAK,BALANGIR,PASSENGER,TRETA-PURU-BALA-Z09-58306,9
58307,BLGR-PUKK PASSENGER,BALANGIR,PURUNAKATAK,PASSENGER,TRETA-BALA-PURU-Z09-58307,9
58308,PUKK-BLGR PASSENGER,PURUNAKATAK,BALANGIR,PASSENGER,TRETA-PURU-BALA-Z09-58308,9
58309,BLGR-SNPU PASSENGER,BALANGIR,SONEPUR,PASSENGER,TRETA-BALA-SONE-Z04-58309,4
58310,SNPU-BLGR PASSENGER,SONEPUR,BALANGIR,PASSENGER,TRETA-SONE-BALA-Z04-58310,4
58405,CTC-PRDP PASSENGER,CUTTACK,PARADEEP,PASSENGER,TRETA-CUTT-PARA-Z11-58405,11
58406,PRDP-CTC PASSENGER,PARADEEP,CUTTACK,PASSENGER,TRETA-PARA-CUTT-Z11-58406,11
58501,VSKP KRDL PGRSP,VISAKHAPATNAM,KIRANDUL,PASSENGER,TRETA-VISA-KIRA-Z48-58501,48
58502,KRDL VSKP PGRSP,KIRANDUL,VISAKHAPATNAM,PASSENGER,TRETA-KIRA-VISA-Z48-58502,48
58503,BWIP-VSKP PASSENGER,BHAWANIPATNA,VISAKHAPATNAM,PASSENGER,TRETA-BHAW-VISA-Z33-58503,33
58504,VSKP-BWIP PASSENGER,VISAKHAPATNAM,BHAWANIPATNA,PASSENGER,TRETA-VISA-BHAW-Z33-58504,33
58505,GNPR VSKP PASS,GUNUPUR,VISAKHAPATNAM,PASSENGER,TRETA-GUNU-VISA-Z29-58505,29
58506,VSKP GNPR PASS,VISAKHAPATNAM,GUNUPUR,PASSENGER,TRETA-VISA-GUNU-Z29-58506,29
58527,R-VSKP PASSENGER,RAIPUR JN.,VISAKHAPATNAM,PASSENGER,TRETA-RAIP-VISA-Z53-58527,53
58528,VSKP-R PASSENGER,VISAKHAPATNAM,RAIPUR JN.,PASSENGER,TRETA-VISA-RAIP-Z53-58528,53
58531,BAM-VSKP PASSENGER,BRAHMAPUR,VISAKHAPATNAM,PASSENGER,TRETA-BRAH-VISA-Z29-58531,29
58532,VSKP-BAM PASSENGER,VISAKHAPATNAM,BRAHMAPUR,PASSENGER,TRETA-VISA-BRAH-Z29-58532,29
58537,KRPU-VSKP PASSENGER,KORAPUT JN.,VISAKHAPATNAM,PASSENGER,TRETA-KORA-VISA-Z37-58537,37
58538,VSKP-KRPU PASSENGER,VISAKHAPATNAM,KORAPUT JN.,PASSENGER,TRETA-VISA-KORA-Z37-58538,37
58659,HTE-ROU PASS,HATIA,ROURKELA,PASSENGER,TRETA-HATI-ROUR-Z18-58659,18
58660,ROU-HTE PASS,ROURKELA,HATIA,PASSENGER,TRETA-ROUR-HATI-Z18-58660,18
58663,HTE-SANI PASSENGER,HATIA,SHANKI,PASSENGER,TRETA-HATI-SHAN-Z07-58663,7
58664,SANI-HTE PASSENGER,SHANKI,HATIA,PASSENGER,TRETA-SHAN-HATI-Z07-58664,7
58665,HTE-SANI PASSENGER,HATIA,SHANKI,PASSENGER,TRETA-HATI-SHAN-Z07-58665,7
58666,SANI-HTE PASSENGER,SHANKI,HATIA,PASSENGER,TRETA-SHAN-HATI-Z07-58666,7
58815,NITR-TRDI PASS,NETAJI SUBHASH,TIRODI,PASSENGER,TRETA-NETA-TIRO-Z19-58815,19
58816,TRDI-NITR PASS,TIRODI,NETAJI SUBHASH,PASSENGER,TRETA-TIRO-NETA-Z19-58816,19
58817,TMR-TRDI PASS,TUMSAR ROAD,TIRODI,PASSENGER,TRETA-TUMS-TIRO-Z08-58817,8
58818,TRDI-TMR PASS,TIRODI,TUMSAR ROAD,PASSENGER,TRETA-TIRO-TUMS-Z08-58818,8
58819,NITR-CWA PASS,NETAJI SUBHASH,CHHINDWARA JN,PASSENGER,TRETA-NETA-CHHI-Z26-58819,26
58820,CWA-NITR PASS,CHHINDWARA JN,NETAJI SUBHASH,PASSENGER,TRETA-CHHI-NETA-Z26-58820,26
58821,NITR-CWA PASS,NETAJI SUBHASH,CHHINDWARA JN,PASSENGER,TRETA-NETA-CHHI-Z26-58821,26
58822,CWA-NITR PASS,CHHINDWARA JN,NETAJI SUBHASH,PASSENGER,TRETA-CHHI-NETA-Z26-58822,26
58823,CWA-MFR PASS,CHHINDWARA JN,MANDLA FORT,PASSENGER,TRETA-CHHI-MAND-Z28-58823,28
58824,MFR-CWA PASS,MANDLA FORT,CHHINDWARA JN,PASSENGER,TRETA-MAND-CHHI-Z28-58824,28
58825,CWA-NIR PASS,CHHINDWARA JN,NAINPUR JN,PASSENGER,TRETA-CHHI-NAIN-Z20-58825,20
58826,NIR-CWA PASS,NAINPUR JN,CHHINDWARA JN,PASSENGER,TRETA-NAIN-CHHI-Z20-58826,20
58829,SEY-BZU PASS,SEONI,BETUL,PASSENGER,TRETA-SEON-BETU-Z19-58829,19
58830,BZU-SEY PASS,BETUL,SEONI,PASSENGER,TRETA-BETU-SEON-Z18-58830,18
59023,MMCT-BL PASSENGER,MUMBAI CENTRAL,VALSAD,PASSENGER,TRETA-MUMB-VALS-Z20-59023,20
59024,BL-MMCT PASSENGER,VALSAD,MUMBAI CENTRAL,PASSENGER,TRETA-VALS-MUMB-Z20-59024,20
59039,VR-BL PASSENGER,VIRAR,VALSAD,PASSENGER,TRETA-VIRA-VALS-Z17-59039,17
59040,VAPI-MMCT PASSENGER,VAPI,MUMBAI CENTRAL,PASSENGER,TRETA-VAPI-MUMB-Z15-59040,15
59045,MMCT-VAPI PASSENGER,MUMBAI CENTRAL,VAPI,PASSENGER,TRETA-MUMB-VAPI-Z11-59045,11
59046,BL-VR PASSENGER,VALSAD,VIRAR,PASSENGER,TRETA-VALS-VIRA-Z05-59046,5
59049,BL-BRC PASSENGER,VALSAD,VADODARA JN,PASSENGER,TRETA-VALS-VADO-Z34-59049,34
59050,BRC-BL PASSENGER,VADODARA JN,VALSAD,PASSENGER,TRETA-VADO-VALS-Z34-59050,34
59075,NDB-BSL PASSENGER,NANDURBAR,BHUSAVAL JN,PASSENGER,TRETA-NAND-BHUS-Z21-59075,21
59076,NDB PASS SPL,BHUSAVAL JN,NANDURBAR,PASSENGER,TRETA-BHUS-NAND-Z21-59076,21
59117,PRTN-CTD PASSENGER,PRATAPNAGAR,CHHOTA UDEPUR,PASSENGER,TRETA-PRAT-CHHO-Z17-59117,17
59118,ARPR-PRTN PASSENGER,ALIRAJPUR,PRATAPNAGAR,PASSENGER,TRETA-ALIR-PRAT-Z21-59118,21
59119,PRTN-ARPR PASSENGER,PRATAPNAGAR,ALIRAJPUR,PASSENGER,TRETA-PRAT-ALIR-Z21-59119,21
59120,ARPR-PRTN PASSENGER,ALIRAJPUR,PRATAPNAGAR,PASSENGER,TRETA-ALIR-PRAT-Z21-59120,21
59121,PRTN-ARPR PASSENGER,PRATAPNAGAR,ALIRAJPUR,PASSENGER,TRETA-PRAT-ALIR-Z21-59121,21
59122,CTD-PRTN PASSENGER,CHHOTA UDEPUR,PRATAPNAGAR,PASSENGER,TRETA-CHHO-PRAT-Z17-59122,17
59123,PRTN-JOBT PASSENGER,PRATAPNAGAR,JOBAT,PASSENGER,TRETA-PRAT-JOBA-Z19-59123,19
59124,JOBT-PRTN PASSENGER,JOBAT,PRATAPNAGAR,PASSENGER,TRETA-JOBA-PRAT-Z19-59124,19
59125,PRTN-CTD PASS,PRATAPNAGAR,CHHOTA UDEPUR,PASSENGER,TRETA-PRAT-CHHO-Z17-59125,17
59126,CTD-PRTN PASS,CHHOTA UDEPUR,PRATAPNAGAR,PASSENGER,TRETA-CHHO-PRAT-Z17-59126,17
59203,SUNR-BVC PASSENGER,SURENDRANAGAR,BHAVNAGAR TERMINUS,PASSENGER,TRETA-SURE-BHAV-Z21-59203,21
59204,BVC-BTD PASSENGER,BHAVANAGAR PARA,BOTAD JN,PASSENGER,TRETA-BHAV-BOTA-Z12-59204,12
59205,KNLS-PBR PASSENGER,KANALAS JN,PORBANDAR,PASSENGER,TRETA-KANA-PORB-Z10-59205,10
59206,PBR-KNLS PASSENGER,PORBANDAR,KANALAS JN,PASSENGER,TRETA-PORB-KANA-Z10-59206,10
59213,BNVD-PBR PASSENGER,BHANVAD,PORBANDAR,PASSENGER,TRETA-BHAN-PORB-Z07-59213,7
59214,PBR-BNVD PASSENGER,PORBANDAR,BHANVAD,PASSENGER,TRETA-PORB-BHAN-Z06-59214,6
59215,BNVD-PBR PASSENGER,BHANVAD,PORBANDAR,PASSENGER,TRETA-BHAN-PORB-Z06-59215,6
59216,PBR-BNVD PASSENGER,PORBANDAR,BHANVAD,PASSENGER,TRETA-PORB-BHAN-Z07-59216,7
59227,SUNR-BVC PASSENGER,SURENDRANAGAR,BHAVNAGAR TERMINUS,PASSENGER,TRETA-SURE-BHAV-Z20-59227,20
59228,BVC-SUNR PASSENGER,BHAVNAGAR TERMINUS,SURENDRANAGAR,PASSENGER,TRETA-BHAV-SURE-Z20-59228,20
59229,BTD-BVC PASSENGER,BOTAD JN,BHAVANAGAR PARA,PASSENGER,TRETA-BOTA-BHAV-Z12-59229,12
59230,BVC-BTD PASSENGER,BHAVANAGAR PARA,BOTAD JN,PASSENGER,TRETA-BHAV-BOTA-Z12-59230,12
59231,GANDHIGRAM-BHAVNAGAR PASS,GANDHIGRAM,BHAVNAGAR TERMINUS,PASSENGER,TRETA-GAND-BHAV-Z10-59231,10
59232,BHAVNAGAR-GANDHIGRAM PASS,BHAVNAGAR TERMINUS,GANDHIGRAM,PASSENGER,TRETA-BHAV-GAND-Z10-59232,10
59233,SUNR-BVC PASSENGER,SURENDRANAGAR,BHAVNAGAR TERMINUS,PASSENGER,TRETA-SURE-BHAV-Z19-59233,19
59234,BVC-SUNR PASSENGER,BHAVNAGAR TERMINUS,SURENDRANAGAR,PASSENGER,TRETA-BHAV-SURE-Z19-59234,19
59235,DLJ-MHV PASSENGER,DHOLA JN,MAHUVA JN,PASSENGER,TRETA-DHOL-MAHU-Z21-59235,21
59236,MHV-DLJ PASSENGER,MAHUVA JN,DHOLA JN,PASSENGER,TRETA-MAHU-DHOL-Z21-59236,21
59237,GANDHIGRAM - BOTAD PASS,GANDHIGRAM,BOTAD JN,PASSENGER,TRETA-GAND-BOTA-Z22-59237,22
59238,BOTAD - GANDHIGRAM PASS,BOTAD JN,GANDHIGRAM,PASSENGER,TRETA-BOTA-GAND-Z22-59238,22
59239,DHOLA-BHAVNAGAR PASSENGER,DHOLA JN,BHAVNAGAR TERMINUS,PASSENGER,TRETA-DHOL-BHAV-Z08-59239,8
59240,BHAVNAGAR-DHOLA PASSENGER,BHAVNAGAR TERMINUS,DHOLA JN,PASSENGER,TRETA-BHAV-DHOL-Z08-59240,8
59267,PIT-BVC PASSENGER,PALITANA,BHAVANAGAR PARA,PASSENGER,TRETA-PALI-BHAV-Z06-59267,6
59268,BVC-PIT PASSENGER,BHAVANAGAR PARA,PALITANA,PASSENGER,TRETA-BHAV-PALI-Z06-59268,6
59269,PIT-BVC PASSENGER,PALITANA,BHAVNAGAR TERMINUS,PASSENGER,TRETA-PALI-BHAV-Z07-59269,7
59270,BVC-PIT PASSENGER,BHAVNAGAR TERMINUS,PALITANA,PASSENGER,TRETA-BHAV-PALI-Z07-59270,7
59271,BTD-BVC PASSENGER,BOTAD JN,BHAVANAGAR PARA,PASSENGER,TRETA-BOTA-BHAV-Z09-59271,9
59272,BVC-SUNR PASSENGER,BHAVNAGAR TERMINUS,SURENDRANAGAR,PASSENGER,TRETA-BHAV-SURE-Z17-59272,17
59301,INDB-DADN PASSENGER,INDORE JN,DR. AMBEDKAR NAGAR,PASSENGER,TRETA-INDO-DR._-Z06-59301,6
59302,DADN-INDB PASSENGER,DR. AMBEDKAR NAGAR,INDORE JN,PASSENGER,TRETA-DR._-INDO-Z06-59302,6
59306,UJN-INDB PASSENGER,UJJAIN JN,INDORE JN,PASSENGER,TRETA-UJJA-INDO-Z09-59306,9
59307,INDB-UJN PASSENGER,INDORE JN,UJJAIN JN,PASSENGER,TRETA-INDO-UJJA-Z09-59307,9
59317,NAD-UJN PASSENGER,NAGDA JN,UJJAIN JN,PASSENGER,TRETA-NAGD-UJJA-Z15-59317,15
59318,UJN-NAD PASSENGER,UJJAIN JN,NAGDA JN,PASSENGER,TRETA-UJJA-NAGD-Z15-59318,15
59319,UJN-BPL PASSENGER,UJJAIN JN,BHOPAL JN.,PASSENGER,TRETA-UJJA-BHOP-Z23-59319,23
59320,BPL-UJN PASSENGER,BHOPAL JN.,UJJAIN JN,PASSENGER,TRETA-BHOP-UJJA-Z23-59320,23
59345,RTM-NAD PASSENGER,RATLAM JN,NAGDA JN,PASSENGER,TRETA-RATL-NAGD-Z05-59345,5
59346,NAD-RTM PASSENGER,NAGDA JN,RATLAM JN,PASSENGER,TRETA-NAGD-RATL-Z05-59346,5
59353,NAD-UJN PASSENGER,NAGDA JN,UJJAIN JN,PASSENGER,TRETA-NAGD-UJJA-Z07-59353,7
59354,UJN-NAD PASSENGER,UJJAIN JN,NAGDA JN,PASSENGER,TRETA-UJJA-NAGD-Z07-59354,7
59387,NAD-INDB PASSENGER,NAGDA JN,INDORE JN,PASSENGER,TRETA-NAGD-INDO-Z16-59387,16
59388,INDB-NAD PASSENGER,INDORE JN,NAGDA JN,PASSENGER,TRETA-INDO-NAGD-Z16-59388,16
59421,RJT-VRL PASSENGER,RAJKOT,VERAVAL,PASSENGER,TRETA-RAJK-VERA-Z20-59421,20
59422,VRL-RJT PASSENGER,VERAVAL,RAJKOT,PASSENGER,TRETA-VERA-RAJK-Z20-59422,20
59423,RJT-VRL PASSENGER,RAJKOT,VERAVAL,PASSENGER,TRETA-RAJK-VERA-Z20-59423,20
59424,VRL-RJT PASSENGER,VERAVAL,RAJKOT,PASSENGER,TRETA-VERA-RAJK-Z20-59424,20
59475,MSH-PTN PASSENGER,MAHESANA JN,PATAN,PASSENGER,TRETA-MAHE-PATA-Z05-59475,5
59476,PTN-MSH PASSENGER,PATAN,MAHESANA JN,PASSENGER,TRETA-PATA-MAHE-Z05-59476,5
59481,MSH-BLDI PASSENGER,MAHESANA JN,BHILDI JN.,PASSENGER,TRETA-MAHE-BHIL-Z10-59481,10
59482,BLDI-MSH PASSENGER,BHILDI JN.,MAHESANA JN,PASSENGER,TRETA-BHIL-MAHE-Z10-59482,10
59483,MSH-PTN PASSENGER,MAHESANA JN,PATAN,PASSENGER,TRETA-MAHE-PATA-Z05-59483,5
59484,PTN-MSH PASSENGER,PATAN,MAHESANA JN,PASSENGER,TRETA-PATA-MAHE-Z05-59484,5
59509,MSH-VG PASSENGER,MAHESANA JN,VIRAMGAM JN,PASSENGER,TRETA-MAHE-VIRA-Z07-59509,7
59510,VG-MSH PASSENGER,VIRAMGAM JN,MAHESANA JN,PASSENGER,TRETA-VIRA-MAHE-Z07-59510,7
59511,MSH-VG PASSENGER,MAHESANA JN,VIRAMGAM JN,PASSENGER,TRETA-MAHE-VIRA-Z08-59511,8
59512,VG-MSH PASSENGER,VIRAMGAM JN,MAHESANA JN,PASSENGER,TRETA-VIRA-MAHE-Z08-59512,8
59549,PASSENGER,VADODARA JN,VATVA,PASSENGER,TRETA-VADO-VATV-Z06-59549,6
59550,VTA-BRC PASSENGER,VATVA,VADODARA JN,PASSENGER,TRETA-VATV-VADO-Z06-59550,6
59551,RJT-OKHA PASSENGER,RAJKOT,OKHA,PASSENGER,TRETA-RAJK-OKHA-Z17-59551,17
59552,OKHA-RJT PASSENGER,OKHA,RAJKOT,PASSENGER,TRETA-OKHA-RAJK-Z16-59552,16
59553,GG-BTD PASSENGER,GANDHIGRAM,BOTAD JN,PASSENGER,TRETA-GAND-BOTA-Z22-59553,22
59554,BTD-GG PASSENGER,BOTAD JN,GANDHIGRAM,PASSENGER,TRETA-BOTA-GAND-Z22-59554,22
59555,GG-BTD PASSENGER,GANDHIGRAM,BOTAD JN,PASSENGER,TRETA-GAND-BOTA-Z22-59555,22
59556,BTD-GG PASSENGER,BOTAD JN,GANDHIGRAM,PASSENGER,TRETA-BOTA-GAND-Z22-59556,22
59557,PBR-BVC PASSENGER,PORBANDAR,BHAVANAGAR PARA,PASSENGER,TRETA-PORB-BHAV-Z26-59557,26
59558,BVC-VRL PASSENGER,BHAVNAGAR TERMINUS,VERAVAL,PASSENGER,TRETA-BHAV-VERA-Z24-59558,24
59559,VRL-BVC PASSENGER,VERAVAL,BHAVNAGAR TERMINUS,PASSENGER,TRETA-VERA-BHAV-Z24-59559,24
59560,BVC-PBR PASSENGER,BHAVANAGAR PARA,PORBANDAR,PASSENGER,TRETA-BHAV-PORB-Z26-59560,26
59561,RJT-PBR PASSENGER,RAJKOT,PORBANDAR,PASSENGER,TRETA-RAJK-PORB-Z15-59561,15
59562,PBR-RJT PASSENGER,PORBANDAR,RAJKOT,PASSENGER,TRETA-PORB-RAJK-Z15-59562,15
59563,RJT-PBR PASSENGER,RAJKOT,PORBANDAR,PASSENGER,TRETA-RAJK-PORB-Z15-59563,15
59564,PBR-RJT PASSENGER,PORBANDAR,RAJKOT,PASSENGER,TRETA-PORB-RAJK-Z15-59564,15
59601,AII-MJ PASSENGER,AJMER JN,MARWAR JN,PASSENGER,TRETA-AJME-MARW-Z16-59601,16
59602,MJ-AII PASSENGER,MARWAR JN,AJMER JN,PASSENGER,TRETA-MARW-AJME-Z16-59602,16
59603,AII-PUHT PASSENGER,AJMER JN,PUSHKAR TERMINUS,PASSENGER,TRETA-AJME-PUSH-Z04-59603,4
59604,PUHT-AII PASSENGER,PUSHKAR TERMINUS,AJMER JN,PASSENGER,TRETA-PUSH-AJME-Z04-59604,4
59605,UDZ-BI PASSENGER,UDAIPUR CITY,BARI SADRI,PASSENGER,TRETA-UDAI-BARI-Z11-59605,11
59606,BI-UDZ PASSENGER,BARI SADRI,UDAIPUR CITY,PASSENGER,TRETA-BARI-UDAI-Z11-59606,11
59607,UDZ-BI PASSENGER,UDAIPUR CITY,BARI SADRI,PASSENGER,TRETA-UDAI-BARI-Z11-59607,11
59608,BI-UDZ PASSENGER,BARI SADRI,UDAIPUR CITY,PASSENGER,TRETA-BARI-UDAI-Z11-59608,11
59609,UDZ-COR PASSENGER,UDAIPUR CITY,CHITTAURGARH JN.,PASSENGER,TRETA-UDAI-CHIT-Z12-59609,12
59610,COR-UDZ PASSENGER,CHITTAURGARH JN.,UDAIPUR CITY,PASSENGER,TRETA-CHIT-UDAI-Z12-59610,12
59629,RE-FL PASSENGER,REWARI JN.,PHULERA,PASSENGER,TRETA-REWA-PHUL-Z24-59629,24
59630,FL-RE PASSENGER,PHULERA,REWARI JN.,PASSENGER,TRETA-PHUL-REWA-Z26-59630,26
59631,HSR-RE PASSENGER,HISAR,REWARI JN.,PASSENGER,TRETA-HISA-REWA-Z20-59631,20
59632,RE-HSR PASSENGER,REWARI JN.,HISAR,PASSENGER,TRETA-REWA-HISA-Z20-59632,20
59633,RE-RGS PASSENGER,REWARI JN.,RINGAS JN,PASSENGER,TRETA-REWA-RING-Z12-59633,12
59634,RGS-RE PASSENGER,RINGAS JN,REWARI JN.,PASSENGER,TRETA-RING-REWA-Z12-59634,12
59709,JP-BNW FAST PASSENGER,JAIPUR JN.,BHIWANI JN.,PASSENGER,TRETA-JAIP-BHIW-Z19-59709,19
59710,BNW-JP FAST PASSENGER,BHIWANI JN.,JAIPUR JN.,PASSENGER,TRETA-BHIW-JAIP-Z19-59710,19
59711,SOG-APH PASSENGER,SURATGARH JN,ANUPGARH,PASSENGER,TRETA-SURA-ANUP-Z08-59711,8
59712,APH-SOG PASSENGER,ANUPGARH,SURATGARH JN,PASSENGER,TRETA-ANUP-SURA-Z09-59712,9
59713,SOG-APH PASS,SURATGARH JN,ANUPGARH,PASSENGER,TRETA-SURA-ANUP-Z10-59713,10
59714,APH-SOG PASS,ANUPGARH,SURATGARH JN,PASSENGER,TRETA-ANUP-SURA-Z09-59714,9
59715,SOG-APH PASS,SURATGARH JN,ANUPGARH,PASSENGER,TRETA-SURA-ANUP-Z09-59715,9
59716,APH-SOG PASSENGER,ANUPGARH,SURATGARH JN,PASSENGER,TRETA-ANUP-SURA-Z10-59716,10
59717,SOG-APH PASSENGER,SURATGARH JN,ANUPGARH,PASSENGER,TRETA-SURA-ANUP-Z09-59717,9
59718,APH-SOG PASSENGER,ANUPGARH,SURATGARH JN,PASSENGER,TRETA-ANUP-SURA-Z08-59718,8
59719,SOG-BTI PASSENGER,SURATGARH JN,BATHINDA,PASSENGER,TRETA-SURA-BATH-Z16-59719,16
59720,BTI-SOG PASSENGER,BATHINDA,SURATGARH JN,PASSENGER,TRETA-BATH-SURA-Z16-59720,16
59813,KOTA-JAB PASSENGER,KOTA JN,YAMUNA BRIDGE,PASSENGER,TRETA-KOTA-YAMU-Z44-59813,44
59814,AF-KOTA PASSENGER,AGRA FORT,KOTA JN,PASSENGER,TRETA-AGRA-KOTA-Z43-59814,43
59833,KOTA-MDS PASSENGER,KOTA JN,MANDASOR,PASSENGER,TRETA-KOTA-MAND-Z21-59833,21
59834,MDS-KOTA PASSENGER,MANDASOR,KOTA JN,PASSENGER,TRETA-MAND-KOTA-Z21-59834,21
59835,MDS-UDZ PASSENGER,MANDASOR,UDAIPUR CITY,PASSENGER,TRETA-MAND-UDAI-Z22-59835,22
59836,UDZ-MDS PASSENGER,UDAIPUR CITY,MANDASOR,PASSENGER,TRETA-UDAI-MAND-Z22-59836,22
59837,AKLA-KOTA PASSENGER,AKLERA,KOTA JN,PASSENGER,TRETA-AKLE-KOTA-Z13-59837,13
59838,KOTA-AKLA PASSENGER,KOTA JN,AKLERA,PASSENGER,TRETA-KOTA-AKLE-Z13-59838,13
59839,AKLA-KOTA PASSENGER,AKLERA,KOTA JN,PASSENGER,TRETA-AKLE-KOTA-Z13-59839,13
59840,KOTA-AKLA PASSENGER,KOTA JN,AKLERA,PASSENGER,TRETA-KOTA-AKLE-Z13-59840,13
61001,BOR-BSR MEMU,BOISAR,VASAI ROAD,MEMU,TRETA-BOIS-VASA-Z08-61001,8
61002,DI-BOR MEMU,DOMBIVIL,BOISAR,MEMU,TRETA-DOMB-BOIS-Z14-61002,14
61003,BSR-DIVA MEMU,VASAI ROAD,DIVA,MEMU,TRETA-VASA-DIVA-Z06-61003,6
61004,DIVA-BSR MEMU,DIVA,VASAI ROAD,MEMU,TRETA-DIVA-VASA-Z06-61004,6
61005,BSR-DIVA MEMU,VASAI ROAD,DIVA,MEMU,TRETA-VASA-DIVA-Z06-61005,6
61006,DIVA-BSR MEMU,DIVA,VASAI ROAD,MEMU,TRETA-DIVA-VASA-Z06-61006,6
61007,BSR-DIVA MEMU,VASAI ROAD,DIVA,MEMU,TRETA-VASA-DIVA-Z06-61007,6
61008,DIVA-BSR MEMU,DIVA,VASAI ROAD,MEMU,TRETA-DIVA-VASA-Z06-61008,6
61009,BSR-DIVA MEMU,VASAI ROAD,DIVA,MEMU,TRETA-VASA-DIVA-Z06-61009,6
61010,ROHA-DIVA MEMU,ROHA,DIVA,MEMU,TRETA-ROHA-DIVA-Z16-61010,16
61011,DIVA-ROHA MEMU,DIVA,ROHA,MEMU,TRETA-DIVA-ROHA-Z16-61011,16
61012,ROHA-DIVA MEMU,ROHA,DIVA,MEMU,TRETA-ROHA-DIVA-Z16-61012,16
61013,DIVA-ROHA MEMU,DIVA,ROHA,MEMU,TRETA-DIVA-ROHA-Z16-61013,16
61015,DIVA-ROHA MEMU,DIVA,ROHA,MEMU,TRETA-DIVA-ROHA-Z16-61015,16
61016,ROHA-DIVA MEMU,ROHA,DIVA,MEMU,TRETA-ROHA-DIVA-Z16-61016,16
61017,DIVA-PNVL MEMU,DIVA,PANVEL,MEMU,TRETA-DIVA-PANV-Z06-61017,6
61018,PNVL-DIVA MEMU,PANVEL,DIVA,MEMU,TRETA-PANV-DIVA-Z06-61018,6
61019,DIVA-PEN MEMU,DIVA,PEN,MEMU,TRETA-DIVA-PEN-Z12-61019,12
61020,PEN-DIVA MEMU,PEN,DIVA,MEMU,TRETA-PEN-DIVA-Z12-61020,12
61021,BSR-DIVA MEMU,VASAI ROAD,DIVA,MEMU,TRETA-VASA-DIVA-Z06-61021,6
61022,DIVA-BSR MEMU,DIVA,VASAI ROAD,MEMU,TRETA-DIVA-VASA-Z06-61022,6
61023,DIVA-PEN MEMU,DIVA,PEN,MEMU,TRETA-DIVA-PEN-Z12-61023,12
61024,PEN-DIVA MEMU,PEN,DIVA,MEMU,TRETA-PEN-DIVA-Z12-61024,12
61025,DIVA-PEN MEMU,DIVA,PEN,MEMU,TRETA-DIVA-PEN-Z12-61025,12
61026,PEN-DIVA MEMU,PEN,DIVA,MEMU,TRETA-PEN-DIVA-Z12-61026,12
61101,BSL-BD MEMU,BHUSAVAL JN,BADNERA JN.,MEMU,TRETA-BHUS-BADN-Z23-61101,23
61102,BD-BSL MEMU,BADNERA JN.,BHUSAVAL JN,MEMU,TRETA-BADN-BHUS-Z24-61102,24
61103,BD-NRKR MEMU,BADNERA JN.,NARKHER,MEMU,TRETA-BADN-NARK-Z10-61103,10
61104,NRKR-BD MEMU,NARKHER,BADNERA JN.,MEMU,TRETA-NARK-BADN-Z10-61104,10
61105,BD-NRKR MEMU,BADNERA JN.,NARKHER,MEMU,TRETA-BADN-NARK-Z10-61105,10
61106,NRKR-BD MEMU,NARKHER,BADNERA JN.,MEMU,TRETA-NARK-BADN-Z10-61106,10
61107,AMI-WR MEMU,AMRAVATI,WARDHA JN,MEMU,TRETA-AMRA-WARD-Z09-61107,9
61108,WR-AMI MEMU,WARDHA JN,AMRAVATI,MEMU,TRETA-WARD-AMRA-Z09-61108,9
61109,WR-NGP MEMU,WARDHA JN,NAGPUR JN.,MEMU,TRETA-WARD-NAGP-Z10-61109,10
61110,NGP-WR MEMU,NAGPUR JN.,WARDHA JN,MEMU,TRETA-NAGP-WARD-Z10-61110,10
61111,BD-AMI MEMU,BADNERA JN.,AMRAVATI,MEMU,TRETA-BADN-AMRA-Z01-61111,1
61112,AMI-BD MEMU,AMRAVATI,BADNERA JN.,MEMU,TRETA-AMRA-BADN-Z01-61112,1
61113,BD-AMI MEMU,BADNERA JN.,AMRAVATI,MEMU,TRETA-BADN-AMRA-Z01-61113,1
61114,AMI-BD MEMU,AMRAVATI,BADNERA JN.,MEMU,TRETA-AMRA-BADN-Z01-61114,1
61115,BD-AMI MEMU,BADNERA JN.,AMRAVATI,MEMU,TRETA-BADN-AMRA-Z01-61115,1
61116,AMI-BD MEMU,AMRAVATI,BADNERA JN.,MEMU,TRETA-AMRA-BADN-Z01-61116,1
61117,NGP-AMLA MEMU,NAGPUR JN.,AMLA JN,MEMU,TRETA-NAGP-AMLA-Z19-61117,19
61118,AMLA-NGP MEMU,AMLA JN,NAGPUR JN.,MEMU,TRETA-AMLA-NAGP-Z19-61118,19
61119,NGP-AMLA MEMU,NAGPUR JN.,AMLA JN,MEMU,TRETA-NAGP-AMLA-Z19-61119,19
61120,AMLA-NGP MEMU,AMLA JN,NAGPUR JN.,MEMU,TRETA-AMLA-NAGP-Z19-61120,19
61121,AMLA-ET MEMU,AMLA JN,ITARSI JN,MEMU,TRETA-AMLA-ITAR-Z12-61121,12
61122,ET-AMLA MEMU,ITARSI JN,AMLA JN,MEMU,TRETA-ITAR-AMLA-Z12-61122,12
61123,AMLA-CWA  MEMU,AMLA JN,CHHINDWARA JN,MEMU,TRETA-AMLA-CHHI-Z14-61123,14
61124,CWA-AMLA MEMU,CHHINDWARA JN,AMLA JN,MEMU,TRETA-CHHI-AMLA-Z14-61124,14
61125,AMLA-CWA MEMU,AMLA JN,CHHINDWARA JN,MEMU,TRETA-AMLA-CHHI-Z14-61125,14
61126,CWA-AMLA MEMU,CHHINDWARA JN,AMLA JN,MEMU,TRETA-CHHI-AMLA-Z14-61126,14
61127,WR-BPQ MEMU,WARDHA JN,BALHARSHAH,MEMU,TRETA-WARD-BALH-Z14-61127,14
61128,BPQ-WR MEMU,BALHARSHAH,WARDHA JN,MEMU,TRETA-BALH-WARD-Z14-61128,14
61129,NK-BD MEMU,NASIK ROAD,BADNERA JN.,MEMU,TRETA-NASI-BADN-Z17-61129,17
61130,BD-NK MEMU,BADNERA JN.,NASIK ROAD,MEMU,TRETA-BADN-NASI-Z17-61130,17
61131,CSN-DHI MEMU,CHALISGAON JN,DHULE,MEMU,TRETA-CHAL-DHUL-Z08-61131,8
61132,DHI-CSN MEMU,DHULE,CHALISGAON JN,MEMU,TRETA-DHUL-CHAL-Z07-61132,7
61133,CSN-DHI MEMU,CHALISGAON JN,DHULE,MEMU,TRETA-CHAL-DHUL-Z08-61133,8
61134,DHI-CSN MEMU,DHULE,CHALISGAON JN,MEMU,TRETA-DHUL-CHAL-Z08-61134,8
61135,CSN-DHI MEMU,CHALISGAON JN,DHULE,MEMU,TRETA-CHAL-DHUL-Z08-61135,8
61136,DHI-CSN MEMU,DHULE,CHALISGAON JN,MEMU,TRETA-DHUL-CHAL-Z08-61136,8
61137,CSN-DHI MEMU,CHALISGAON JN,DHULE,MEMU,TRETA-CHAL-DHUL-Z08-61137,8
61138,DHI-CSN MEMU,DHULE,CHALISGAON JN,MEMU,TRETA-DHUL-CHAL-Z08-61138,8
61139,KNW-SWD MEMU,KHANDWA JUNCTION,SANAWAD,MEMU,TRETA-KHAN-SANA-Z05-61139,5
61140,SWD-KNW MEMU,SANAWAD,KHANDWA JUNCTION,MEMU,TRETA-SANA-KHAN-Z05-61140,5
61141,KNW-SWD MEMU,KHANDWA JUNCTION,SANAWAD,MEMU,TRETA-KHAN-SANA-Z05-61141,5
61142,SWD-KNW MEMU,SANAWAD,KHANDWA JUNCTION,MEMU,TRETA-SANA-KHAN-Z05-61142,5
61601,KTE-CHRM MEMU,KATNI,CHIRMIRI,MEMU,TRETA-KATN-CHIR-Z27-61601,27
61602,CHRM-KTE MEMU,CHIRMIRI,KATNI,MEMU,TRETA-CHIR-KATN-Z27-61602,27
61603,KTE-BRGW MEMU,KATNI,BARGAWAN,MEMU,TRETA-KATN-BARG-Z24-61603,24
61604,BRGW-KTE MEMU,BARGAWAN,KATNI,MEMU,TRETA-BARG-KATN-Z24-61604,24
61605,KTE-STA MEMU,KATNI,SATNA,MEMU,TRETA-KATN-SATN-Z10-61605,10
61606,STA-KTE MEMU,SATNA,KATNI,MEMU,TRETA-SATN-KATN-Z10-61606,10
61607,STA-MKP MEMU,SATNA,MANIKPUR JN,MEMU,TRETA-SATN-MANI-Z10-61607,10
61608,MKP-STA MEMU,MANIKPUR JN,SATNA,MEMU,TRETA-MANI-SATN-Z10-61608,10
61609,STA-MKP MEMU,SATNA,MANIKPUR JN,MEMU,TRETA-SATN-MANI-Z10-61609,10
61610,MKP-STA MEMU,MANIKPUR JN,SATNA,MEMU,TRETA-MANI-SATN-Z10-61610,10
61611,BINA-RTA MEMU,BINA JN,RUTHIYAI JUNCTION,MEMU,TRETA-BINA-RUTH-Z18-61611,18
61612,RTA-BINA MEMU,RUTHIYAI JUNCTION,BINA JN,MEMU,TRETA-RUTH-BINA-Z18-61612,18
61613,GATL-KOTA MEMU,GATL,KOTA JN,MEMU,TRETA-GATL-KOTA-Z16-61613,16
61614,KOTA-GATL MEMU,KOTA JN,GATL,MEMU,TRETA-KOTA-GATL-Z16-61614,16
61615,CMU-KOTA MEMU,CHAU MAHLA,KOTA JN,MEMU,TRETA-CHAU-KOTA-Z17-61615,17
61616,KOTA-CMU MEMU,KOTA JN,CHAU MAHLA,MEMU,TRETA-KOTA-CHAU-Z17-61616,17
61617,ET-KTE MEMU,ITARSI JN,KATNI,MEMU,TRETA-ITAR-KATN-Z32-61617,32
61618,KTE-ET MEMU,KATNI,ITARSI JN,MEMU,TRETA-KATN-ITAR-Z32-61618,32
61619,BINA-KMZ MEMU,BINA JN,KATNI MURWARA,MEMU,TRETA-BINA-KATN-Z29-61619,29
61620,KMZ-BINA MEMU,KATNI MURWARA,BINA JN,MEMU,TRETA-KATN-BINA-Z29-61620,29
61621,KOTA-SWM MEMU,KOTA JN,SAWAI MADHOPUR JN,MEMU,TRETA-KOTA-SAWA-Z12-61621,12
61622,SWM-KOTA MEMU,SAWAI MADHOPUR JN,KOTA JN,MEMU,TRETA-SAWA-KOTA-Z12-61622,12
61623,UJN -KOTA MEMU,UJJAIN JN,KOTA JN,MEMU,TRETA-UJJA-KOTA-Z30-61623,30
61624,KOTA-UJN MEMU,KOTA JN,UJJAIN JN,MEMU,TRETA-KOTA-UJJA-Z30-61624,30
61625,BINA-RTA MEMU,BINA JN,RUTHIYAI JUNCTION,MEMU,TRETA-BINA-RUTH-Z18-61625,18
61626,RTA-BINA MEMU,RUTHIYAI JUNCTION,BINA JN,MEMU,TRETA-RUTH-BINA-Z18-61626,18
61631,BPL-BINA MEMU,BHOPAL JN.,BINA JN,MEMU,TRETA-BHOP-BINA-Z15-61631,15
61632,BINA-BPL MEMU,BINA JN,BHOPAL JN.,MEMU,TRETA-BINA-BHOP-Z15-61632,15
61633,KOTA-BINA MEMU,KOTA JN,BINA JN,MEMU,TRETA-KOTA-BINA-Z38-61633,38
61634,BINA-KOTA MEMU,BINA JN,KOTA JN,MEMU,TRETA-BINA-KOTA-Z38-61634,38
63007,KWAE-RPH MEMU,KATWA,RAMPUR HAT,MEMU,TRETA-KATW-RAMP-Z28-63007,28
63008,RPH-KWAE MEMU PASSENGER,RAMPUR HAT,KATWA,MEMU,TRETA-RAMP-KATW-Z28-63008,28
63010,AZ-KWAE MEMU,AZIMGANJ JN,KATWA,MEMU,TRETA-AZIM-KATW-Z18-63010,18
63011,BWN-RPH MEMU,BARDHAMAN,RAMPUR HAT,MEMU,TRETA-BARD-RAMP-Z18-63011,18
63012,RPH-BWN MEMU,RAMPUR HAT,BARDHAMAN,MEMU,TRETA-RAMP-BARD-Z18-63012,18
63013,KWAE-AZ MEMU PASSENGER,KATWA,AZIMGANJ JN,MEMU,TRETA-KATW-AZIM-Z17-63013,17
63019,KWAE-AZ MEMU,KATWA,AZIMGANJ JN,MEMU,TRETA-KATW-AZIM-Z14-63019,14
63020,AZ-KWAE MEMU,AZIMGANJ JN,KATWA,MEMU,TRETA-AZIM-KATW-Z14-63020,14
63021,AZ-RPH MEMU,AZIMGANJ JN,RAMPUR HAT,MEMU,TRETA-AZIM-RAMP-Z10-63021,10
63022,RPH-AZ MEMU,RAMPUR HAT,AZIMGANJ JN,MEMU,TRETA-RAMP-AZIM-Z10-63022,10
63023,AZ-RPH MEMU PASSENGER,AZIMGANJ JN,RAMPUR HAT,MEMU,TRETA-AZIM-RAMP-Z10-63023,10
63024,RPH-AZ MEMU PASSENGER,RAMPUR HAT,AZIMGANJ JN,MEMU,TRETA-RAMP-AZIM-Z09-63024,9
63025,AZ-RPH MEMU PASSENGER,AZIMGANJ JN,RAMPUR HAT,MEMU,TRETA-AZIM-RAMP-Z10-63025,10
63026,RPH-AZ MEMU,RAMPUR HAT,AZIMGANJ JN,MEMU,TRETA-RAMP-AZIM-Z10-63026,10
63031,KWAE-AZ MEMU,KATWA,AZIMGANJ JN,MEMU,TRETA-KATW-AZIM-Z15-63031,15
63032,AZ-KWAE MEMU PASSENGER,AZIMGANJ JN,KATWA,MEMU,TRETA-AZIM-KATW-Z18-63032,18
63033,AZ-NHT MEMU,AZIMGANJ JN,NALHATI JN,MEMU,TRETA-AZIM-NALH-Z08-63033,8
63034,NHT-AZ MEMU PGR,NALHATI JN,AZIMGANJ JN,MEMU,TRETA-NALH-AZIM-Z08-63034,8
63039,KWAE-AMP MEMU,KATWA,AHAMADPUR JN.,MEMU,TRETA-KATW-AHAM-Z13-63039,13
63040,AMP-KWAE MEMU,AHAMADPUR JN.,KATWA,MEMU,TRETA-AHAM-KATW-Z13-63040,13
63041,BPC-AZ MEMU PGR,BERHAMPORE CRT,AZIMGANJ JN,MEMU,TRETA-BERH-AZIM-Z03-63041,3
63042,AZ-BPC  MEMU PGR,AZIMGANJ JN,BERHAMPORE CRT,MEMU,TRETA-AZIM-BERH-Z03-63042,3
63043,KWAE-AMP MEMU PGR,KATWA,AHAMADPUR JN.,MEMU,TRETA-KATW-AHAM-Z13-63043,13
63044,AMP-KWAE MEMU PGR,AHAMADPUR JN.,KATWA,MEMU,TRETA-AHAM-KATW-Z13-63044,13
63045,BPC-AZ MEMU PGR,BERHAMPORE CRT,AZIMGANJ JN,MEMU,TRETA-BERH-AZIM-Z03-63045,3
63046,AZ-BPC MEMU PGR,AZIMGANJ JN,BERHAMPORE CRT,MEMU,TRETA-AZIM-BERH-Z03-63046,3
63051,AZ-RPH MEMU,AZIMGANJ JN,RAMPUR HAT,MEMU,TRETA-AZIM-RAMP-Z21-63051,21
63052,RPH-AZ MEMU,RAMPUR HAT,AZIMGANJ JN,MEMU,TRETA-RAMP-AZIM-Z21-63052,21
63057,BPC-AZ MEMU PGR,BERHAMPORE CRT,AZIMGANJ JN,MEMU,TRETA-BERH-AZIM-Z07-63057,7
63058,AZ-BPC MEMU PGR,AZIMGANJ JN,BERHAMPORE CRT,MEMU,TRETA-AZIM-BERH-Z07-63058,7
63063,BWN-SBG MEMU PGR,BARDHAMAN,SAHIBGANJ JN,MEMU,TRETA-BARD-SAHI-Z39-63063,39
63064,SBG-BWN MEMU PGR,SAHIBGANJ JN,BARDHAMAN,MEMU,TRETA-SAHI-BARD-Z39-63064,39
63068,RPH-BWN MEMU  PASSENGER,RAMPUR HAT,BARDHAMAN,MEMU,TRETA-RAMP-BARD-Z18-63068,18
63069,BWN-RPH PASSENGER,BARDHAMAN,RAMPUR HAT,MEMU,TRETA-BARD-RAMP-Z18-63069,18
63073,RPH-SBG MEMU PGR,RAMPUR HAT,SAHIBGANJ JN,MEMU,TRETA-RAMP-SAHI-Z21-63073,21
63074,SBG-RPH MEMU PGR,SAHIBGANJ JN,RAMPUR HAT,MEMU,TRETA-SAHI-RAMP-Z21-63074,21
63075,RPH-BHW MEMU PGR,RAMPUR HAT,BARHARWA JN,MEMU,TRETA-RAMP-BARH-Z12-63075,12
63076,BHW-RPH MEMU PGR,BARHARWA JN,RAMPUR HAT,MEMU,TRETA-BARH-RAMP-Z12-63076,12
63081,RPH-JSME PASSENGER,RAMPUR HAT,JASIDIH JN.,MEMU,TRETA-RAMP-JASI-Z17-63081,17
63082,JSME-RPH PASSENGER,JASIDIH JN.,RAMPUR HAT,MEMU,TRETA-JASI-RAMP-Z17-63082,17
63101,KOAA-LGL MEMU,KOLKATTA TERMINAL,LALGOLA,MEMU,TRETA-KOLK-LALG-Z34-63101,34
63102,LGL-KOAA MEMU,LALGOLA,KOLKATTA TERMINAL,MEMU,TRETA-LALG-KOLK-Z32-63102,32
63103,SDAH-LGL MEMU,SEALDAH,LALGOLA,MEMU,TRETA-SEAL-LALG-Z31-63103,31
63104,LGL-SDAH MEMU,LALGOLA,SEALDAH,MEMU,TRETA-LALG-SEAL-Z39-63104,39
63105,SDAH-LGL MEMU,SEALDAH,LALGOLA,MEMU,TRETA-SEAL-LALG-Z30-63105,30
63106,LGL-SDAH MEMU,LALGOLA,SEALDAH,MEMU,TRETA-LALG-SEAL-Z28-63106,28
63107,SDAH-LGL MEMU,SEALDAH,LALGOLA,MEMU,TRETA-SEAL-LALG-Z28-63107,28
63108,LGL-SDAH MEMU,LALGOLA,SEALDAH,MEMU,TRETA-LALG-SEAL-Z34-63108,34
63111,SDAH-RHA MEMU,SEALDAH,RANAGHAT JN,MEMU,TRETA-SEAL-RANA-Z23-63111,23
63112,RHA-SDAH MEMU,RANAGHAT JN,SEALDAH,MEMU,TRETA-RANA-SEAL-Z11-63112,11
63133,RHA-LGL MEMU,RANAGHAT JN,LALGOLA,MEMU,TRETA-RANA-LALG-Z28-63133,28
63134,LGL-RHA MEMU,LALGOLA,RANAGHAT JN,MEMU,TRETA-LALG-RANA-Z26-63134,26
63141,SDAH-GODA MEMU PGR,SEALDAH,GODDA,MEMU,TRETA-SEAL-GODD-Z39-63141,39
63142,GODA-SDAH MEMU PGR,GODDA,SEALDAH,MEMU,TRETA-GODD-SEAL-Z42-63142,42
63151,JSME-BDME MEMU,JASIDIH JN.,BAIDYANATHDHAM,MEMU,TRETA-JASI-BAID-Z02-63151,2
63153,JSME-BDME MEMU,JASIDIH JN.,BAIDYANATHDHAM,MEMU,TRETA-JASI-BAID-Z02-63153,2
63154,BDME-JSME MEMU,BAIDYANATHDHAM,JASIDIH JN.,MEMU,TRETA-BAID-JASI-Z02-63154,2
63155,JSME-BDME MEMU,JASIDIH JN.,BAIDYANATHDHAM,MEMU,TRETA-JASI-BAID-Z02-63155,2
63156,BDME-JSME MEMU,BAIDYANATHDHAM,JASIDIH JN.,MEMU,TRETA-BAID-JASI-Z02-63156,2
63157,JSME-BDME MEMU,JASIDIH JN.,BAIDYANATHDHAM,MEMU,TRETA-JASI-BAID-Z02-63157,2
63158,BDME-JSME MEMU,BAIDYANATHDHAM,JASIDIH JN.,MEMU,TRETA-BAID-JASI-Z02-63158,2
63159,JSME-BDME MEMU,JASIDIH JN.,BAIDYANATHDHAM,MEMU,TRETA-JASI-BAID-Z02-63159,2
63160,BDME-JSME MEMU,BAIDYANATHDHAM,JASIDIH JN.,MEMU,TRETA-BAID-JASI-Z02-63160,2
63161,JSME-BDME MEMU,JASIDIH JN.,BAIDYANATHDHAM,MEMU,TRETA-JASI-BAID-Z02-63161,2
63162,BDME-JSME MEMU,BAIDYANATHDHAM,JASIDIH JN.,MEMU,TRETA-BAID-JASI-Z02-63162,2
63163,JSME-BDME MEMU,JASIDIH JN.,BAIDYANATHDHAM,MEMU,TRETA-JASI-BAID-Z02-63163,2
63164,BDME-JSME MEMU,BAIDYANATHDHAM,JASIDIH JN.,MEMU,TRETA-BAID-JASI-Z02-63164,2
63165,JSME-BDME MEMU,JASIDIH JN.,BAIDYANATHDHAM,MEMU,TRETA-JASI-BAID-Z02-63165,2
63166,BDME-JSME MEMU,BAIDYANATHDHAM,JASIDIH JN.,MEMU,TRETA-BAID-JASI-Z02-63166,2
63167,JSME-BDME MEMU,JASIDIH JN.,BAIDYANATHDHAM,MEMU,TRETA-JASI-BAID-Z01-63167,1
63168,BDME-JSME MEMU,BAIDYANATHDHAM,JASIDIH JN.,MEMU,TRETA-BAID-JASI-Z01-63168,1
63169,JSME-BDME MEMU,JASIDIH JN.,BAIDYANATHDHAM,MEMU,TRETA-JASI-BAID-Z01-63169,1
63176,LGL-SDAH MEMU PASSENGER,LALGOLA,SEALDAH,MEMU,TRETA-LALG-SEAL-Z35-63176,35
63177,SDAH-LGL MEMU PASSENGER,SEALDAH,LALGOLA,MEMU,TRETA-SEAL-LALG-Z28-63177,28
63201,BJU-SPJ MEMU,BARAUNI JN,SAMASTIPUR JN,MEMU,TRETA-BARA-SAMA-Z08-63201,8
63202,SPJ-BJU MEMU,SAMASTIPUR JN,BARAUNI JN,MEMU,TRETA-SAMA-BARA-Z08-63202,8
63203,KIUL-MKA MEMU,KIUL JN,MOKAMA,MEMU,TRETA-KIUL-MOKA-Z08-63203,8
63204,MKA-KIUL MEMU,MOKAMA,KIUL JN,MEMU,TRETA-MOKA-KIUL-Z08-63204,8
63205,KIUL-PNBE MEMU,KIUL JN,PATNA JN,MEMU,TRETA-KIUL-PATN-Z26-63205,26
63206,PNBE-KIUL MEMU,PATNA JN,KIUL JN,MEMU,TRETA-PATN-KIUL-Z27-63206,27
63207,JAJ-PNBE MEMU,JHAJHA,PATNA JN,MEMU,TRETA-JHAJ-PATN-Z52-63207,52
63209,DGHR-PNBE MEMU,DEOGHAR,PATNA JN,MEMU,TRETA-DEOG-PATN-Z39-63209,39
63210,PNBE-DGHR MEMU,PATNA JN,DEOGHAR,MEMU,TRETA-PATN-DEOG-Z56-63210,56
63212,PNBE-JAJ MEMU,PATNA JN,JHAJHA,MEMU,TRETA-PATN-JHAJ-Z37-63212,37
63213,PNBE-ARA MEMU,PATNA JN,ARA,MEMU,TRETA-PATN-ARA-Z13-63213,13
63214,ARA-PNBE MEMU,ARA,PATNA JN,MEMU,TRETA-ARA-PATN-Z13-63214,13
63215,SPJ-MFP MEMU,SAMASTIPUR JN,MUZAFFARPUR JN,MEMU,TRETA-SAMA-MUZA-Z08-63215,8
63216,MFP-SPJ MEMU,MUZAFFARPUR JN,SAMASTIPUR JN,MEMU,TRETA-MUZA-SAMA-Z09-63216,9
63217,BJU-DNR MEMU,BARAUNI JN,DANAPUR,MEMU,TRETA-BARA-DANA-Z38-63217,38
63218,DNR-BJU MEMU,DANAPUR,BARAUNI JN,MEMU,TRETA-DANA-BARA-Z37-63218,37
63219,DNR-BXR MEMU,DANAPUR,BUXAR,MEMU,TRETA-DANA-BUXA-Z25-63219,25
63220,BXR-PNBE MEMU,BUXAR,PATNA JN,MEMU,TRETA-BUXA-PATN-Z28-63220,28
63221,MKA-PNBE MEMU,MOKAMA,PATNA JN,MEMU,TRETA-MOKA-PATN-Z12-63221,12
63222,PNBE-MKA MEMU,PATNA JN,MOKAMA,MEMU,TRETA-PATN-MOKA-Z12-63222,12
63223,PNBE-ARA MEMU,PATNA JN,ARA,MEMU,TRETA-PATN-ARA-Z09-63223,9
63224,ARA-PNBE MEMU,ARA,PATNA JN,MEMU,TRETA-ARA-PATN-Z09-63224,9
63225,PNBE-DDU MEMU,PATNA JN,PT.DEEN DAYAL UPADHYAYA JN.,MEMU,TRETA-PATN-PT.D-Z36-63225,36
63226,BSB-PNBE MEMU,VARANASI,PATNA JN,MEMU,TRETA-VARA-PATN-Z42-63226,42
63229,ARA-BNRS MEMU,ARA,BANARAS,MEMU,TRETA-ARA-BANA-Z22-63229,22
63230,BNRS-ARA MEMU,BANARAS,ARA,MEMU,TRETA-BANA-ARA-Z22-63230,22
63231,PNBE-DDU MEMU,PATNA JN,PT.DEEN DAYAL UPADHYAYA JN.,MEMU,TRETA-PATN-PT.D-Z35-63231,35
63232,BXR-PNBE MEMU,BUXAR,PATNA JN,MEMU,TRETA-BUXA-PATN-Z23-63232,23
63233,PNBE-BSB MEMU,PATNA JN,VARANASI,MEMU,TRETA-PATN-VARA-Z39-63233,39
63234,DDU-PNBE MEMU,PT.DEEN DAYAL UPADHYAYA JN.,PATNA JN,MEMU,TRETA-PT.D-PATN-Z38-63234,38
63235,BXR-DDU MEMU,BUXAR,PT.DEEN DAYAL UPADHYAYA JN.,MEMU,TRETA-BUXA-PT.D-Z16-63235,16
63237,DDU-SFG MEMU,PT.DEEN DAYAL UPADHYAYA JN.,SUBEDARGANJ,MEMU,TRETA-PT.D-SUBE-Z20-63237,20
63238,SFG-DDU MEMU,SUBEDARGANJ,PT.DEEN DAYAL UPADHYAYA JN.,MEMU,TRETA-SUBE-PT.D-Z20-63238,20
63240,DDU-BXR MEMU,PT.DEEN DAYAL UPADHYAYA JN.,BUXAR,MEMU,TRETA-PT.D-BUXA-Z16-63240,16
63241,PNBE-GAYA MEMU,PATNA JN,GAYA JN,MEMU,TRETA-PATN-GAYA-Z27-63241,27
63242,GAYA-PNBE MEMU,GAYA JN,PATNA JN,MEMU,TRETA-GAYA-PATN-Z16-63242,16
63243,PNBE-GAYA MEMU,PATNA JN,GAYA JN,MEMU,TRETA-PATN-GAYA-Z29-63243,29
63244,GAYA-PNBE MEMU,GAYA JN,PATNA JN,MEMU,TRETA-GAYA-PATN-Z30-63244,30
63245,PNBE-GAYA MEMU,PATNA JN,GAYA JN,MEMU,TRETA-PATN-GAYA-Z21-63245,21
63246,GAYA-PNBE MEMU,GAYA JN,PATNA JN,MEMU,TRETA-GAYA-PATN-Z22-63246,22
63247,PNBE-GAYA MEMU,PATNA JN,GAYA JN,MEMU,TRETA-PATN-GAYA-Z18-63247,18
63248,GAYA-PNBE MEMU,GAYA JN,PATNA JN,MEMU,TRETA-GAYA-PATN-Z29-63248,29
63249,PNBE-GAYA MEMU,PATNA JN,GAYA JN,MEMU,TRETA-PATN-GAYA-Z18-63249,18
63250,GAYA-PNBE MEMU,GAYA JN,PATNA JN,MEMU,TRETA-GAYA-PATN-Z18-63250,18
63251,PNBE-GAYA MEMU,PATNA JN,GAYA JN,MEMU,TRETA-PATN-GAYA-Z24-63251,24
63252,GAYA-PNBE MEMU,GAYA JN,PATNA JN,MEMU,TRETA-GAYA-PATN-Z22-63252,22
63253,PNBE-GAYA MEMU,PATNA JN,GAYA JN,MEMU,TRETA-PATN-GAYA-Z22-63253,22
63254,GAYA-PNBE MEMU,GAYA JN,PATNA JN,MEMU,TRETA-GAYA-PATN-Z26-63254,26
63255,PNBE-GAYA MEMU,PATNA JN,GAYA JN,MEMU,TRETA-PATN-GAYA-Z21-63255,21
63256,GAYA-PNBE MEMU,GAYA JN,PATNA JN,MEMU,TRETA-GAYA-PATN-Z15-63256,15
63258,GAYA-PNBE MEMU,GAYA JN,PATNA JN,MEMU,TRETA-GAYA-PATN-Z30-63258,30
63259,PNBE-GAYA MEMU,PATNA JN,GAYA JN,MEMU,TRETA-PATN-GAYA-Z30-63259,30
63263,PNBE-BXR MEMU,PATNA JN,BUXAR,MEMU,TRETA-PATN-BUXA-Z25-63263,25
63264,DDU-PNBE MEMU,PT.DEEN DAYAL UPADHYAYA JN.,PATNA JN,MEMU,TRETA-PT.D-PATN-Z42-63264,42
63265,DBG-PPTA MEMU,DARBHANGA JN,PATLIPUTRA,MEMU,TRETA-DARB-PATL-Z38-63265,38
63266,PPTA-DBG MEMU,PATLIPUTRA,DARBHANGA JN,MEMU,TRETA-PATL-DARB-Z38-63266,38
63267,MFP-PPTA MEMU,MUZAFFARPUR JN,PATLIPUTRA,MEMU,TRETA-MUZA-PATL-Z14-63267,14
63268,PPTA-MFP MEMU,PATLIPUTRA,MUZAFFARPUR JN,MEMU,TRETA-PATL-MUZA-Z14-63268,14
63269,SPJ-MFP MEMU,SAMASTIPUR JN,MUZAFFARPUR JN,MEMU,TRETA-SAMA-MUZA-Z09-63269,9
63270,MFP-SPJ MEMU,MUZAFFARPUR JN,SAMASTIPUR JN,MEMU,TRETA-MUZA-SAMA-Z08-63270,8
63271,MKA-PNBE MEMU,MOKAMA,PATNA JN,MEMU,TRETA-MOKA-PATN-Z26-63271,26
63272,PNBE-MKA MEMU,PATNA JN,MOKAMA,MEMU,TRETA-PATN-MOKA-Z21-63272,21
63273,RGD-PNBE MEMU FAST PASS,RAJGIR,PATNA JN,MEMU,TRETA-RAJG-PATN-Z10-63273,10
63274,PNBE-RGD MEMU FAST PASS,PATNA JN,RAJGIR,MEMU,TRETA-PATN-RAJG-Z10-63274,10
63275,KIUL-PNBE MEMU FAST PASS,KIUL JN,PATNA JN,MEMU,TRETA-KIUL-PATN-Z22-63275,22
63276,PNBE-KIUL MEMU FAST PASS,PATNA JN,KIUL JN,MEMU,TRETA-PATN-KIUL-Z22-63276,22
63280,PNBE-BJU MEMU,PATNA JN,BARAUNI JN,MEMU,TRETA-PATN-BARA-Z26-63280,26
63281,PPTA-PNBE MEMU,PATLIPUTRA,PATNA JN,MEMU,TRETA-PATL-PATN-Z03-63281,3
63282,PNBE-PPTA MEMU,PATNA JN,PATLIPUTRA,MEMU,TRETA-PATN-PATL-Z03-63282,3
63283,BJU-PNBE MEMU,BARAUNI JN,PATNA JN,MEMU,TRETA-BARA-PATN-Z25-63283,25
63284,PNBE-BJU MEMU,PATNA JN,BARAUNI JN,MEMU,TRETA-PATN-BARA-Z25-63284,25
63285,BJU-PNBE MEMU,BARAUNI JN,PATNA JN,MEMU,TRETA-BARA-PATN-Z26-63285,26
63287,BJU-PPTA MEMU,BARAUNI JN,PATLIPUTRA,MEMU,TRETA-BARA-PATL-Z26-63287,26
63288,PPTA-BJU MEMU,PATLIPUTRA,BARAUNI JN,MEMU,TRETA-PATL-BARA-Z23-63288,23
63289,GAYA-DOS MEMU,GAYA JN,DEHRI ON SONE,MEMU,TRETA-GAYA-DEHR-Z14-63289,14
63290,DOS-GAYA MEMU,DEHRI ON SONE,GAYA JN,MEMU,TRETA-DEHR-GAYA-Z14-63290,14
63291,GAYA-DOS MEMU,GAYA JN,DEHRI ON SONE,MEMU,TRETA-GAYA-DEHR-Z14-63291,14
63292,DOS-GAYA MEMU,DEHRI ON SONE,GAYA JN,MEMU,TRETA-DEHR-GAYA-Z14-63292,14
63293,DOS-DDU MEMU,DEHRI ON SONE,PT.DEEN DAYAL UPADHYAYA JN.,MEMU,TRETA-DEHR-PT.D-Z17-63293,17
63294,DDU-DOS MEMU,PT.DEEN DAYAL UPADHYAYA JN.,DEHRI ON SONE,MEMU,TRETA-PT.D-DEHR-Z17-63294,17
63295,GAYA-DDU MEMU,GAYA JN,PT.DEEN DAYAL UPADHYAYA JN.,MEMU,TRETA-GAYA-PT.D-Z28-63295,28
63296,DDU-GAYA MEMU,PT.DEEN DAYAL UPADHYAYA JN.,GAYA JN,MEMU,TRETA-PT.D-GAYA-Z28-63296,28
63297,DGHR-JAJ MEMU,DEOGHAR,JHAJHA,MEMU,TRETA-DEOG-JHAJ-Z08-63297,8
63298,JAJ-DGHR MEMU,JHAJHA,DEOGHAR,MEMU,TRETA-JHAJ-DEOG-Z08-63298,8
63301,KIR-BJU MEMU,KATIHAR JN,BARAUNI JN,MEMU,TRETA-KATI-BARA-Z24-63301,24
63302,BJU-KIR MEMU,BARAUNI JN,KATIHAR JN,MEMU,TRETA-BARA-KATI-Z27-63302,27
63303,KIR-SPJ MEMU,KATIHAR JN,SAMASTIPUR JN,MEMU,TRETA-KATI-SAMA-Z36-63303,36
63304,SPJ- KIR MEMU,SAMASTIPUR JN,KATIHAR JN,MEMU,TRETA-SAMA-KATI-Z36-63304,36
63305,KIR-SEE MEMU,KATIHAR JN,SONPUR JN,MEMU,TRETA-KATI-SONP-Z46-63305,46
63306,SEE-KIR MEMU,SONPUR JN,KATIHAR JN,MEMU,TRETA-SONP-KATI-Z46-63306,46
63307,KIR-SPJ MEMU,KATIHAR JN,SAMASTIPUR JN,MEMU,TRETA-KATI-SAMA-Z33-63307,33
63308,SPJ-KIR MEMU,SAMASTIPUR JN,KATIHAR JN,MEMU,TRETA-SAMA-KATI-Z34-63308,34
63309,MFP-NKE MEMU,MUZAFFARPUR JN,NARKATIAGANJ JN,MEMU,TRETA-MUZA-NARK-Z28-63309,28
63311,MFP-RXL MEMU,MUZAFFARPUR JN,RAXAUL JN,MEMU,TRETA-MUZA-RAXA-Z21-63311,21
63312,RXL-MFP MEMU,RAXAUL JN,MUZAFFARPUR JN,MEMU,TRETA-RAXA-MUZA-Z23-63312,23
63313,MFP-RXL-STF MEMU,MUZAFFARPUR JN,SIKTA,MEMU,TRETA-MUZA-SIKT-Z24-63313,24
63314,STF-RXL-MFP MEMU,SIKTA,MUZAFFARPUR JN,MEMU,TRETA-SIKT-MUZA-Z25-63314,25
63315,JAJ-GAYA MEMU,JHAJHA,GAYA JN,MEMU,TRETA-JHAJ-GAYA-Z38-63315,38
63316,GAYA-JAJ MEMU,GAYA JN,JHAJHA,MEMU,TRETA-GAYA-JHAJ-Z42-63316,42
63317,ARA-BBU MEMU,ARA,BHABUA ROAD,MEMU,TRETA-ARA-BHAB-Z20-63317,20
63318,BBU-ARA MEMU,BHABUA ROAD,ARA,MEMU,TRETA-BHAB-ARA-Z20-63318,20
63319,ARA-SSM MEMU,ARA,SASARAM,MEMU,TRETA-ARA-SASA-Z12-63319,12
63320,SSM-ARA MEMU,SASARAM,ARA,MEMU,TRETA-SASA-ARA-Z12-63320,12
63321,KIUL-GAYA MEMU,KIUL JN,GAYA JN,MEMU,TRETA-KIUL-GAYA-Z29-63321,29
63322,GAYA-KIUL MEMU,GAYA JN,KIUL JN,MEMU,TRETA-GAYA-KIUL-Z28-63322,28
63323,KIUL-GAYA MEMU,KIUL JN,GAYA JN,MEMU,TRETA-KIUL-GAYA-Z21-63323,21
63324,GAYA-KIUL MEMU,GAYA JN,KIUL JN,MEMU,TRETA-GAYA-KIUL-Z21-63324,21
63325,IPR-PNBE MEMU,ISLAMPUR,PATNA JN,MEMU,TRETA-ISLA-PATN-Z22-63325,22
63326,PNBE-IPR MEMU,PATNA JN,ISLAMPUR,MEMU,TRETA-PATN-ISLA-Z22-63326,22
63327,IPR-PNBE MEMU,ISLAMPUR,PATNA JN,MEMU,TRETA-ISLA-PATN-Z19-63327,19
63328,PNBE-IPR MEMU,PATNA JN,ISLAMPUR,MEMU,TRETA-PATN-ISLA-Z19-63328,19
63329,PPTA-GAYA MEMU,PATLIPUTRA,GAYA JN,MEMU,TRETA-PATL-GAYA-Z09-63329,9
63330,GAYA-PPTA MEMU,GAYA JN,PATLIPUTRA,MEMU,TRETA-GAYA-PATL-Z09-63330,9
63331,KIUL-MKA MEMU,KIUL JN,MOKAMA,MEMU,TRETA-KIUL-MOKA-Z11-63331,11
63332,MKA-KIUL MEMU,MOKAMA,KIUL JN,MEMU,TRETA-MOKA-KIUL-Z11-63332,11
63333,PPTA-BUI MEMU,PATLIPUTRA,BALLIA,MEMU,TRETA-PATL-BALL-Z21-63333,21
63334,BUI-PPTA MEMU,BALLIA,PATLIPUTRA,MEMU,TRETA-BALL-PATL-Z21-63334,21
63338,NKE-MFP MEMU,NARKATIAGANJ JN,MUZAFFARPUR JN,MEMU,TRETA-NARK-MUZA-Z21-63338,21
63339,RGD-DNR MEMU,RAJGIR,DANAPUR,MEMU,TRETA-RAJG-DANA-Z35-63339,35
63340,DNR-RGD MEMU,DANAPUR,RAJGIR,MEMU,TRETA-DANA-RAJG-Z34-63340,34
63341,MFP-NKE MEMU,MUZAFFARPUR JN,NARKATIAGANJ JN,MEMU,TRETA-MUZA-NARK-Z28-63341,28
63342,NKE-MFP MEMU,NARKATIAGANJ JN,MUZAFFARPUR JN,MEMU,TRETA-NARK-MUZA-Z28-63342,28
63343,SHC-SPJ MEMU,SAHARSA JN,SAMASTIPUR JN,MEMU,TRETA-SAHA-SAMA-Z26-63343,26
63344,SPJ-SHC MEMU,SAMASTIPUR JN,SAHARSA JN,MEMU,TRETA-SAMA-SAHA-Z26-63344,26
63345,SHC - SPJ MEMU,SAHARSA JN,SAMASTIPUR JN,MEMU,TRETA-SAHA-SAMA-Z24-63345,24
63346,SPJ - SHC MEMU,SAMASTIPUR JN,SAHARSA JN,MEMU,TRETA-SAMA-SAHA-Z24-63346,24
63347,SHC-SPJ MEMU,SAHARSA JN,SAMASTIPUR JN,MEMU,TRETA-SAHA-SAMA-Z26-63347,26
63348,SPJ-SHC MEMU,SAMASTIPUR JN,SAHARSA JN,MEMU,TRETA-SAMA-SAHA-Z25-63348,25
63349,SHC-SPJ MEMU,SAHARSA JN,SAMASTIPUR JN,MEMU,TRETA-SAHA-SAMA-Z25-63349,25
63350,SPJ-SHC MEMU,SAMASTIPUR JN,SAHARSA JN,MEMU,TRETA-SAMA-SAHA-Z25-63350,25
63355,KIUL-GAYA MEMU,KIUL JN,GAYA JN,MEMU,TRETA-KIUL-GAYA-Z25-63355,25
63356,GAYA-KIUL MEMU,GAYA JN,KIUL JN,MEMU,TRETA-GAYA-KIUL-Z23-63356,23
63359,SHC-DMH MEMU,SAHARSA JN,DAURAM MADHPURA,MEMU,TRETA-SAHA-DAUR-Z04-63359,4
63360,DMH-SHC MEMU,DAURAM MADHPURA,SAHARSA JN,MEMU,TRETA-DAUR-SAHA-Z04-63360,4
63361,GAH-NKE MEMU,GAWNAHA,NARKATIAGANJ JN,MEMU,TRETA-GAWN-NARK-Z03-63361,3
63362,NKE-GAH MEMU,NARKATIAGANJ JN,GAWNAHA,MEMU,TRETA-NARK-GAWN-Z03-63362,3
63363,RGD-BKP MEMU,RAJGIR,BAKHTIYARPUR JN,MEMU,TRETA-RAJG-BAKH-Z10-63363,10
63364,BKP-RGD MEMU,BAKHTIYARPUR JN,RAJGIR,MEMU,TRETA-BAKH-RAJG-Z10-63364,10
63365,RGD-BKP MEMU,RAJGIR,BAKHTIYARPUR JN,MEMU,TRETA-RAJG-BAKH-Z10-63365,10
63366,BKP-RGD MEMU,BAKHTIYARPUR JN,RAJGIR,MEMU,TRETA-BAKH-RAJG-Z10-63366,10
63367,BKP-GAYA MEMU,BAKHTIYARPUR JN,GAYA JN,MEMU,TRETA-BAKH-GAYA-Z38-63367,38
63368,GAYA-BKP MEMU,GAYA JN,BAKHTIYARPUR JN,MEMU,TRETA-GAYA-BAKH-Z38-63368,38
63369,ARA-SSM MEMU,ARA,SASARAM,MEMU,TRETA-ARA-SASA-Z14-63369,14
63370,SSM-ARA MEMU,SASARAM,ARA,MEMU,TRETA-SASA-ARA-Z14-63370,14
63371,ARA-SSM MEMU,ARA,SASARAM,MEMU,TRETA-ARA-SASA-Z14-63371,14
63372,SSM-ARA MEMU,SASARAM,ARA,MEMU,TRETA-SASA-ARA-Z14-63372,14
63373,DBG-RXL-NKE MEMU,DARBHANGA JN,NARKATIAGANJ JN,MEMU,TRETA-DARB-NARK-Z35-63373,35
63374,NKE-RXL-DBG MEMU,NARKATIAGANJ JN,DARBHANGA JN,MEMU,TRETA-NARK-DARB-Z35-63374,35
63375,SHC-SOU MEMU,SAHARSA JN,SUPAUL,MEMU,TRETA-SAHA-SUPA-Z03-63375,3
63376,SOU-SHC MEMU,SUPAUL,SAHARSA JN,MEMU,TRETA-SUPA-SAHA-Z03-63376,3
63377,LSI-SHC MEMU,LAHERIA SARAI,SAHARSA JN,MEMU,TRETA-LAHE-SAHA-Z31-63377,31
63378,SHC-LSI MEMU,SAHARSA JN,LAHERIA SARAI,MEMU,TRETA-SAHA-LAHE-Z31-63378,31
63379,LSI-SHC MEMU,LAHERIA SARAI,SAHARSA JN,MEMU,TRETA-LAHE-SAHA-Z31-63379,31
63380,SHC-LSI MEMU,SAHARSA JN,LAHERIA SARAI,MEMU,TRETA-SAHA-LAHE-Z31-63380,31
63381,LSI-SHC MEMU,LAHERIA SARAI,SAHARSA JN,MEMU,TRETA-LAHE-SAHA-Z31-63381,31
63382,SHC-LSI MEMU,SAHARSA JN,LAHERIA SARAI,MEMU,TRETA-SAHA-LAHE-Z31-63382,31
63383,VSHI-KQR MEMU FAST PASS,VAISHALI,KODERMA,MEMU,TRETA-VAIS-KODE-Z14-63383,14
63384,KQR-VSHI MEMU FAST PASS,KODERMA,VAISHALI,MEMU,TRETA-KODE-VAIS-Z14-63384,14
63385,KIUL-GAYA MEMU PASSENGER,KIUL JN,GAYA JN,MEMU,TRETA-KIUL-GAYA-Z20-63385,20
63386,GAYA-KIUL MEMU PASSENGER,GAYA JN,KIUL JN,MEMU,TRETA-GAYA-KIUL-Z22-63386,22
63387,JMP-GAYA MEMU PASSENGER,JAMALPUR JN,GAYA JN,MEMU,TRETA-JAMA-GAYA-Z20-63387,20
63388,GAYA-JMP MEMU PASSENGER,GAYA JN,JAMALPUR JN,MEMU,TRETA-GAYA-JAMA-Z20-63388,20
63389,PNBE-NWD MEMU,PATNA JN,NAWADAH,MEMU,TRETA-PATN-NAWA-Z22-63389,22
63390,NWD-PNBE MEMU,NAWADAH,PATNA JN,MEMU,TRETA-NAWA-PATN-Z22-63390,22
63391,IPR-PNBE MEMU,ISLAMPUR,PATNA JN,MEMU,TRETA-ISLA-PATN-Z20-63391,20
63392,PNBE-IPR MEMU,PATNA JN,ISLAMPUR,MEMU,TRETA-PATN-ISLA-Z20-63392,20
63393,PNBE-GAYA MEMU,PATNA JN,GAYA JN,MEMU,TRETA-PATN-GAYA-Z05-63393,5
63394,GAYA-PNBE MEMU,GAYA JN,PATNA JN,MEMU,TRETA-GAYA-PATN-Z21-63394,21
63395,PNBE-GAYA MEMU,PATNA JN,GAYA JN,MEMU,TRETA-PATN-GAYA-Z30-63395,30
63396,GAYA-PNBE MEMU,GAYA JN,PATNA JN,MEMU,TRETA-GAYA-PATN-Z30-63396,30
63397,JMP-SHC MEMU,JAMALPUR JN,SAHARSA JN,MEMU,TRETA-JAMA-SAHA-Z14-63397,14
63398,SHC-JMP MEMU,SAHARSA JN,JAMALPUR JN,MEMU,TRETA-SAHA-JAMA-Z14-63398,14
63401,SBG-MLDT MEMU PGR,SAHIBGANJ JN,MALDA TOWN,MEMU,TRETA-SAHI-MALD-Z18-63401,18
63402,MLDT-SBG MEMU PGR,MALDA TOWN,SAHIBGANJ JN,MEMU,TRETA-MALD-SAHI-Z18-63402,18
63405,RPH-SBG MEMU PASSENGER,RAMPUR HAT,SAHIBGANJ JN,MEMU,TRETA-RAMP-SAHI-Z21-63405,21
63406,SBG-RPH MEMU PASSENGER,SAHIBGANJ JN,RAMPUR HAT,MEMU,TRETA-SAHI-RAMP-Z21-63406,21
63411,SBG-BGP MEMU PGR,SAHIBGANJ JN,BHAGALPUR,MEMU,TRETA-SAHI-BHAG-Z13-63411,13
63412,BGP-SBG MEMU PGR,BHAGALPUR,SAHIBGANJ JN,MEMU,TRETA-BHAG-SAHI-Z13-63412,13
63421,AZ-SBG MEMU PASSENGER,AZIMGANJ JN,SAHIBGANJ JN,MEMU,TRETA-AZIM-SAHI-Z24-63421,24
63422,SBG-AZ MEMU PASSENGER,SAHIBGANJ JN,AZIMGANJ JN,MEMU,TRETA-SAHI-AZIM-Z25-63422,25
63423,JMP-KIUL MEMU PGR,JAMALPUR JN,KIUL JN,MEMU,TRETA-JAMA-KIUL-Z12-63423,12
63424,KIUL-JMP MEMU PGR,KIUL JN,JAMALPUR JN,MEMU,TRETA-KIUL-JAMA-Z12-63424,12
63431,SBG-JMP MEMU PGR,SAHIBGANJ JN,JAMALPUR JN,MEMU,TRETA-SAHI-JAMA-Z30-63431,30
63432,JMP-SBG MEMU PGR,JAMALPUR JN,SAHIBGANJ JN,MEMU,TRETA-JAMA-SAHI-Z30-63432,30
63433,AZ-RPH MEMU PASSENGER,AZIMGANJ JN,RAMPUR HAT,MEMU,TRETA-AZIM-RAMP-Z10-63433,10
63434,RPH-AZ MEMU PASSENGER,RAMPUR HAT,AZIMGANJ JN,MEMU,TRETA-RAMP-AZIM-Z10-63434,10
63501,HWH-BWN MEMU,HOWRAH JN,BARDHAMAN,MEMU,TRETA-HOWR-BARD-Z02-63501,2
63502,BWN-HWH MEMU,BARDHAMAN,HOWRAH JN,MEMU,TRETA-BARD-HOWR-Z33-63502,33
63505,BWN-ASN MEMU,BARDHAMAN,ASANSOL JN.,MEMU,TRETA-BARD-ASAN-Z13-63505,13
63506,ASN-BWN MEMU,ASANSOL JN.,BARDHAMAN,MEMU,TRETA-ASAN-BARD-Z13-63506,13
63507,BWN-ASN MEMU,BARDHAMAN,ASANSOL JN.,MEMU,TRETA-BARD-ASAN-Z14-63507,14
63508,ASN-BWN MEMU,ASANSOL JN.,BARDHAMAN,MEMU,TRETA-ASAN-BARD-Z13-63508,13
63509,BWN-JAJ MEMU,BARDHAMAN,JHAJHA,MEMU,TRETA-BARD-JHAJ-Z34-63509,34
63510,JAJ-ASN-BWN MEMU PGR,JHAJHA,BARDHAMAN,MEMU,TRETA-JHAJ-BARD-Z35-63510,35
63511,BWN-ASN MEMU,BARDHAMAN,ASANSOL JN.,MEMU,TRETA-BARD-ASAN-Z14-63511,14
63512,ASN-BWN MEMU,ASANSOL JN.,BARDHAMAN,MEMU,TRETA-ASAN-BARD-Z14-63512,14
63513,BWN-ASN MEMU,BARDHAMAN,ASANSOL JN.,MEMU,TRETA-BARD-ASAN-Z13-63513,13
63514,ASN-BWN MEMU,ASANSOL JN.,BARDHAMAN,MEMU,TRETA-ASAN-BARD-Z13-63514,13
63515,BWN-ASN MEMU,BARDHAMAN,ASANSOL JN.,MEMU,TRETA-BARD-ASAN-Z13-63515,13
63516,ASN-BWN MEMU,ASANSOL JN.,BARDHAMAN,MEMU,TRETA-ASAN-BARD-Z13-63516,13
63517,BWN-ASN MEMU,BARDHAMAN,ASANSOL JN.,MEMU,TRETA-BARD-ASAN-Z13-63517,13
63518,ASN-BWN MEMU,ASANSOL JN.,BARDHAMAN,MEMU,TRETA-ASAN-BARD-Z13-63518,13
63519,BWN-ASN-BKSC MEMU PGR,BARDHAMAN,BOKARO STEEL CITY,MEMU,TRETA-BARD-BOKA-Z43-63519,43
63520,BKSC-ASN-BWN MEMU PGR,BOKARO STEEL CITY,BARDHAMAN,MEMU,TRETA-BOKA-BARD-Z40-63520,40
63521,BWN-ASN MEMU,BARDHAMAN,ASANSOL JN.,MEMU,TRETA-BARD-ASAN-Z13-63521,13
63522,ASN-BWN MEMU,ASANSOL JN.,BARDHAMAN,MEMU,TRETA-ASAN-BARD-Z14-63522,14
63523,BWN-ASN MEMU,BARDHAMAN,ASANSOL JN.,MEMU,TRETA-BARD-ASAN-Z13-63523,13
63524,ASN-BWN MEMU,ASANSOL JN.,BARDHAMAN,MEMU,TRETA-ASAN-BARD-Z13-63524,13
63525,BWN-ASN MEMU,BARDHAMAN,ASANSOL JN.,MEMU,TRETA-BARD-ASAN-Z14-63525,14
63526,ASN-BWN MEMU,ASANSOL JN.,BARDHAMAN,MEMU,TRETA-ASAN-BARD-Z13-63526,13
63527,DGR-ASN MEMU,DURGAPUR,ASANSOL JN.,MEMU,TRETA-DURG-ASAN-Z05-63527,5
63528,ASN-DGR MEMU,ASANSOL JN.,DURGAPUR,MEMU,TRETA-ASAN-DURG-Z05-63528,5
63529,UDL-RPH MEMU,ANDAL JN.,RAMPUR HAT,MEMU,TRETA-ANDA-RAMP-Z17-63529,17
63530,RPH-UDL MEMU,RAMPUR HAT,ANDAL JN.,MEMU,TRETA-RAMP-ANDA-Z16-63530,16
63531,UDL-SNT MEMU,ANDAL JN.,SAINTHIA,MEMU,TRETA-ANDA-SAIN-Z13-63531,13
63532,SNT-UDL MEMU,SAINTHIA,ANDAL JN.,MEMU,TRETA-SAIN-ANDA-Z13-63532,13
63533,UDL-SNT MEMU,ANDAL JN.,SAINTHIA,MEMU,TRETA-ANDA-SAIN-Z13-63533,13
63534,SNT-UDL MEMU,SAINTHIA,ANDAL JN.,MEMU,TRETA-SAIN-ANDA-Z13-63534,13
63535,UDL-SNT MEMU,ANDAL JN.,SAINTHIA,MEMU,TRETA-ANDA-SAIN-Z12-63535,12
63536,SNT-UDL MEMU,SAINTHIA,ANDAL JN.,MEMU,TRETA-SAIN-ANDA-Z13-63536,13
63537,UDL-SNT MEMU,ANDAL JN.,SAINTHIA,MEMU,TRETA-ANDA-SAIN-Z13-63537,13
63538,SNT-UDL MEMU,SAINTHIA,ANDAL JN.,MEMU,TRETA-SAIN-ANDA-Z13-63538,13
63541,ASN-GMO MEMU,ASANSOL JN.,NSC BOSE J GOMO,MEMU,TRETA-ASAN-NSC_-Z17-63541,17
63542,GMO-ASN MEMU,NSC BOSE J GOMO,ASANSOL JN.,MEMU,TRETA-NSC_-ASAN-Z18-63542,18
63543,ASN-GMO MEMU,ASANSOL JN.,NSC BOSE J GOMO,MEMU,TRETA-ASAN-NSC_-Z17-63543,17
63544,GMO-ASN MEMU,NSC BOSE J GOMO,ASANSOL JN.,MEMU,TRETA-NSC_-ASAN-Z16-63544,16
63545,UDL-JSME MEMU PGR,ANDAL JN.,JASIDIH JN.,MEMU,TRETA-ANDA-JASI-Z21-63545,21
63546,JSME-UDL MEMU PGR,JASIDIH JN.,ANDAL JN.,MEMU,TRETA-JASI-ANDA-Z21-63546,21
63547,JSME-BAKA MEMU PASS,JASIDIH JN.,BANKA,MEMU,TRETA-JASI-BANK-Z08-63547,8
63548,BAKA-JSME MEMU PASS,BANKA,JASIDIH JN.,MEMU,TRETA-BANK-JASI-Z08-63548,8
63549,BWN-ASN MEMU PGR,BARDHAMAN,ASANSOL JN.,MEMU,TRETA-BARD-ASAN-Z14-63549,14
63550,UDL-BWN MEMU PGR,ANDAL JN.,BARDHAMAN,MEMU,TRETA-ANDA-BARD-Z11-63550,11
63552,ASN UDL MEMU,ASANSOL JN.,ANDAL JN.,MEMU,TRETA-ASAN-ANDA-Z02-63552,2
63555,ASN-BRKA MEMU,ASANSOL JN.,BARKA KANA,MEMU,TRETA-ASAN-BARK-Z35-63555,35
63556,BRKA-ASN MEMU,BARKA KANA,ASANSOL JN.,MEMU,TRETA-BARK-ASAN-Z35-63556,35
63557,BRKA-BSB MEMU PGR,BARKA KANA,VARANASI,MEMU,TRETA-BARK-VARA-Z64-63557,64
63558,BSB-BRKA MEMU,VARANASI,BARKA KANA,MEMU,TRETA-VARA-BARK-Z64-63558,64
63561,ASN-JSME MEMU,ASANSOL JN.,JASIDIH JN.,MEMU,TRETA-ASAN-JASI-Z16-63561,16
63562,BDME-ASN MEMU,BAIDYANATHDHAM,ASANSOL JN.,MEMU,TRETA-BAID-ASAN-Z15-63562,15
63563,ASN-JSME MEMU,ASANSOL JN.,JASIDIH JN.,MEMU,TRETA-ASAN-JASI-Z15-63563,15
63564,JSME-ASN MEMU,JASIDIH JN.,ASANSOL JN.,MEMU,TRETA-JASI-ASAN-Z16-63564,16
63565,JSME-JAJ MEMU,JASIDIH JN.,JHAJHA,MEMU,TRETA-JASI-JHAJ-Z06-63565,6
63566,JAJ-JSME MEMU,JHAJHA,JASIDIH JN.,MEMU,TRETA-JHAJ-JASI-Z06-63566,6
63569,ASN-JSME MEMU PGR,ASANSOL JN.,JASIDIH JN.,MEMU,TRETA-ASAN-JASI-Z13-63569,13
63570,BDME-ASN MEMU,BAIDYANATHDHAM,ASANSOL JN.,MEMU,TRETA-BAID-ASAN-Z16-63570,16
63571,JSME-MKA MEMU PGR,JASIDIH JN.,MOKAMA,MEMU,TRETA-JASI-MOKA-Z24-63571,24
63572,MKA-JSME MEMU,MOKAMA,JASIDIH JN.,MEMU,TRETA-MOKA-JASI-Z24-63572,24
63573,JSME-KIUL MEMU,JASIDIH JN.,KIUL JN,MEMU,TRETA-JASI-KIUL-Z17-63573,17
63574,KIUL-JSME MEMU,KIUL JN,JASIDIH JN.,MEMU,TRETA-KIUL-JASI-Z17-63574,17
63581,BWN-RPH MEMU,BARDHAMAN,RAMPUR HAT,MEMU,TRETA-BARD-RAMP-Z18-63581,18
63582,RPH-BWN MEMU,RAMPUR HAT,BARDHAMAN,MEMU,TRETA-RAMP-BARD-Z18-63582,18
63583,BWN-RPH MEMU,BARDHAMAN,RAMPUR HAT,MEMU,TRETA-BARD-RAMP-Z18-63583,18
63584,RPH-BWN MEMU,RAMPUR HAT,BARDHAMAN,MEMU,TRETA-RAMP-BARD-Z18-63584,18
63591,BKSC-ASN MEMU PGR,BOKARO STEEL CITY,ASANSOL JN.,MEMU,TRETA-BOKA-ASAN-Z20-63591,20
63592,ASN-BKSC MEMU PGR,ASANSOL JN.,BOKARO STEEL CITY,MEMU,TRETA-ASAN-BOKA-Z20-63592,20
63593,PRR-ASN MEMU,PURULIA JN.,ASANSOL JN.,MEMU,TRETA-PURU-ASAN-Z14-63593,14
63594,ASN-PRR MEMU,ASANSOL JN.,PURULIA JN.,MEMU,TRETA-ASAN-PURU-Z14-63594,14
63597,RNC-ASN MEMU,RANCHI,ASANSOL JN.,MEMU,TRETA-RANC-ASAN-Z28-63597,28
63598,ASN-RNC MEMU,ASANSOL JN.,RANCHI,MEMU,TRETA-ASAN-RANC-Z28-63598,28
64001,DLI-PNP EMU,DELHI JN.,PANIPAT JN,EMU,TRETA-DELH-PANI-Z17-64001,17
64002,PNP-DLI EMU,PANIPAT JN,DELHI JN.,EMU,TRETA-PANI-DELH-Z17-64002,17
64012,SSB-PWL EMU,SHAKURBASTI,PALWAL,EMU,TRETA-SHAK-PALW-Z15-64012,15
64013,PWL-SSB EMU,PALWAL,SHAKURBASTI,EMU,TRETA-PALW-SHAK-Z15-64013,15
64015,PWL-SSB EMU,PALWAL,SHAKURBASTI,EMU,TRETA-PALW-SHAK-Z15-64015,15
64016,SSB-MTJ EMU,SHAKURBASTI,MATHURA JN.,EMU,TRETA-SHAK-MATH-Z24-64016,24
64018,SSB-NDLS EMU,SHAKURBASTI,NEW DELHI,EMU,TRETA-SHAK-NEW_-Z05-64018,5
64019,MTJ-SSB EMU,MATHURA JN.,SHAKURBASTI,EMU,TRETA-MATH-SHAK-Z24-64019,24
64020,SMQL-DLI MEMU,SHAMLI,DELHI JN.,MEMU,TRETA-SHAM-DELH-Z15-64020,15
64021,DLI-SMQL MEMU,DELHI JN.,SHAMLI,MEMU,TRETA-DELH-SHAM-Z24-64021,24
64022,SRE-DLI MEMU,SAHARANPUR JN.,DELHI JN.,MEMU,TRETA-SAHA-DELH-Z31-64022,31
64023,DLI-SRE MEMU,DELHI JN.,SAHARANPUR JN.,MEMU,TRETA-DELH-SAHA-Z38-64023,38
64024,SMQL-DLI MEMU,SHAMLI,DELHI JN.,MEMU,TRETA-SHAM-DELH-Z09-64024,9
64025,DLI-SMQL MEMU,DELHI JN.,SHAMLI,MEMU,TRETA-DELH-SHAM-Z09-64025,9
64026,SRE-DLI MEMU,SAHARANPUR JN.,DELHI JN.,MEMU,TRETA-SAHA-DELH-Z38-64026,38
64027,DLI-SRE MEMU,DELHI JN.,SAHARANPUR JN.,MEMU,TRETA-DELH-SAHA-Z35-64027,35
64028,SRE-DLI MEMU,SAHARANPUR JN.,DELHI JN.,MEMU,TRETA-SAHA-DELH-Z37-64028,37
64029,DLI-SRE MEMU,DELHI JN.,SAHARANPUR JN.,MEMU,TRETA-DELH-SAHA-Z37-64029,37
64031,GZB-SSB EMU,GHAZIABAD,SHAKURBASTI,EMU,TRETA-GHAZ-SHAK-Z12-64031,12
64033,DLI-SMQL MEMU,DELHI JN.,SHAMLI,MEMU,TRETA-DELH-SHAM-Z09-64033,9
64034,SMQL-DLI MEMU,SHAMLI,DELHI JN.,MEMU,TRETA-SHAM-DELH-Z09-64034,9
64035,DSA-SMQL MEMU,DELHI SHAHDARA,SHAMLI,MEMU,TRETA-DELH-SHAM-Z08-64035,8
64036,SMQL-DSA MEMU,SHAMLI,DELHI SHAHDARA,MEMU,TRETA-SHAM-DELH-Z08-64036,8
64051,KSV-GZB EMU,KOSI KALAN,GHAZIABAD,EMU,TRETA-KOSI-GHAZ-Z21-64051,21
64052,GZB-PWL EMU,GHAZIABAD,PALWAL,EMU,TRETA-GHAZ-PALW-Z16-64052,16
64053,PWL-GZB EMU,PALWAL,GHAZIABAD,EMU,TRETA-PALW-GHAZ-Z16-64053,16
64055,PWL-GZB EMU,PALWAL,GHAZIABAD,EMU,TRETA-PALW-GHAZ-Z17-64055,17
64057,PWL-GZB EMU,PALWAL,GHAZIABAD,EMU,TRETA-PALW-GHAZ-Z16-64057,16
64062,DLI-PWL EMU,DELHI JN.,PALWAL,EMU,TRETA-DELH-PALW-Z12-64062,12
64071,BVH-SSB EMU,BALLABGARH,SHAKURBASTI,EMU,TRETA-BALL-SHAK-Z13-64071,13
64073,DHO-NDLS EMU,DHAULPUR,NEW DELHI,EMU,TRETA-DHAU-NEW_-Z25-64073,25
64074,NDLS-DHO EMU,NEW DELHI,DHAULPUR,EMU,TRETA-NEW_-DHAU-Z24-64074,24
64076,NDLS-PWL EMU,NEW DELHI,PALWAL,EMU,TRETA-NEW_-PALW-Z10-64076,10
64077,PWL-NDLS EMU,PALWAL,NEW DELHI,EMU,TRETA-PALW-NEW_-Z10-64077,10
64078,NDLS-PWL EMU,NEW DELHI,PALWAL,EMU,TRETA-NEW_-PALW-Z10-64078,10
64082,NDLS-KSV EMU,NEW DELHI,KOSI KALAN,EMU,TRETA-NEW_-KOSI-Z15-64082,15
64090,SMQL-DLI MEMU,SHAMLI,DELHI JN.,MEMU,TRETA-SHAM-DELH-Z23-64090,23
64091,DLI-SMQL MEMU,DELHI JN.,SHAMLI,MEMU,TRETA-DELH-SHAM-Z23-64091,23
64092,KPKI-DLI MEMU,QASIMPUR KHERI,DELHI JN.,MEMU,TRETA-QASI-DELH-Z16-64092,16
64093,DLI-KPKI MEMU,DELHI JN.,QASIMPUR KHERI,MEMU,TRETA-DELH-QASI-Z16-64093,16
64095,NDLS-SSB EMU,NEW DELHI,SHAKURBASTI,EMU,TRETA-NEW_-SHAK-Z17-64095,17
64101,ALJN-DLI EMU,ALIGARH JN,DELHI JN.,EMU,TRETA-ALIG-DELH-Z20-64101,20
64102,DLI-ALJN EMU,DELHI JN.,ALIGARH JN,EMU,TRETA-DELH-ALIG-Z20-64102,20
64103,ALJN-DLI EMU,ALIGARH JN,DELHI JN.,EMU,TRETA-ALIG-DELH-Z20-64103,20
64104,DLI-DKDE EMU,DELHI JN.,DANKAUR,EMU,TRETA-DELH-DANK-Z09-64104,9
64105,ALJN-NDLS EMU,ALIGARH JN,NEW DELHI,EMU,TRETA-ALIG-NEW_-Z23-64105,23
64106,DLI-KRJ EMU,DELHI JN.,KHURJA JN,EMU,TRETA-DELH-KHUR-Z14-64106,14
64107,DKDE-DLI EMU,DANKAUR,DELHI JN.,EMU,TRETA-DANK-DELH-Z09-64107,9
64108,DLI-KRJ EMU,DELHI JN.,KHURJA JN,EMU,TRETA-DELH-KHUR-Z14-64108,14
64109,DKDE-SSB EMU,DANKAUR,SHAKURBASTI,EMU,TRETA-DANK-SHAK-Z17-64109,17
64110,NDLS-ALJN EMU,NEW DELHI,ALIGARH JN,EMU,TRETA-NEW_-ALIG-Z23-64110,23
64111,KRJ-SSB EMU,KHURJA JN,SHAKURBASTI,EMU,TRETA-KHUR-SHAK-Z18-64111,18
64112,SSB-DKDE EMU,SHAKURBASTI,DANKAUR,EMU,TRETA-SHAK-DANK-Z13-64112,13
64113,KRJ-GZB EMU,KHURJA JN,GHAZIABAD,EMU,TRETA-KHUR-GHAZ-Z10-64113,10
64114,NDLS-ALJN EMU,NEW DELHI,ALIGARH JN,EMU,TRETA-NEW_-ALIG-Z23-64114,23
64151,ALJN-DLI MEMU,ALIGARH JN,DELHI JN.,MEMU,TRETA-ALIG-DELH-Z20-64151,20
64152,DLI-ALJN MEMU,DELHI JN.,ALIGARH JN,MEMU,TRETA-DELH-ALIG-Z20-64152,20
64154,ALJN-TDL MEMU,ALIGARH JN,TUNDLA JN,MEMU,TRETA-ALIG-TUND-Z10-64154,10
64165,TDL-ALJN MEMU,TUNDLA JN,ALIGARH JN,MEMU,TRETA-TUND-ALIG-Z10-64165,10
64167,GZB-AGA EMU,GHAZIABAD,AGRA CITY,EMU,TRETA-GHAZ-AGRA-Z25-64167,25
64168,AGA-GZB EMU,AGRA CITY,GHAZIABAD,EMU,TRETA-AGRA-GHAZ-Z25-64168,25
64169,PHD-ETW MEMU,PHAPHUND,ETAWAH JN,MEMU,TRETA-PHAP-ETAW-Z06-64169,6
64170,ETW-PHD MEMU,ETAWAH JN,PHAPHUND,MEMU,TRETA-ETAW-PHAP-Z06-64170,6
64171,CNB-BRT MEMU,KANPUR CENTRAL,BRAHMAVART,MEMU,TRETA-KANP-BRAH-Z05-64171,5
64172,BRT-CNB MEMU,BRAHMAVART,KANPUR CENTRAL,MEMU,TRETA-BRAH-KANP-Z05-64172,5
64173,CNB-BRT MEMU,KANPUR CENTRAL,BRAHMAVART,MEMU,TRETA-KANP-BRAH-Z05-64173,5
64174,BRT-CNB MEMU,BRAHMAVART,KANPUR CENTRAL,MEMU,TRETA-BRAH-KANP-Z05-64174,5
64175,ROZA-BE PASSENGER,ROZA JN,BAREILLY(NR),MEMU,TRETA-ROZA-BARE-Z12-64175,12
64176,BE-ROZA PASSENGER,BAREILLY(NR),ROZA JN,MEMU,TRETA-BARE-ROZA-Z12-64176,12
64177,BE-MB PASSENGER,BAREILLY(NR),MORADABAD,MEMU,TRETA-BARE-MORA-Z19-64177,19
64178,MB-BE PASSENGER,MORADABAD,BAREILLY(NR),MEMU,TRETA-MORA-BARE-Z19-64178,19
64203,LKO-CNB MEMU,LUCKNOW JN.,KANPUR CENTRAL,MEMU,TRETA-LUCK-KANP-Z12-64203,12
64204,CNB-LKO MEMU,KANPUR CENTRAL,LUCKNOW JN.,MEMU,TRETA-KANP-LUCK-Z12-64204,12
64211,LKO-CNB MEMU,LUCKNOW JN.,KANPUR CENTRAL,MEMU,TRETA-LUCK-KANP-Z12-64211,12
64212,CNB-LKO MEMU,KANPUR CENTRAL,LUCKNOW JN.,MEMU,TRETA-KANP-LUCK-Z12-64212,12
64214,CNB-LKO MEMU,KANPUR CENTRAL,LUCKNOW JN.,MEMU,TRETA-KANP-LUCK-Z12-64214,12
64215,AYC-LKO MEMU,AYODHYA CANTT,LUCKNOW JN.,MEMU,TRETA-AYOD-LUCK-Z17-64215,17
64216,LKO-AYC MEMU,LUCKNOW JN.,AYODHYA CANTT,MEMU,TRETA-LUCK-AYOD-Z17-64216,17
64217,MUR-AYC MEMU,MANKAPUR JN,AYODHYA CANTT,MEMU,TRETA-MANK-AYOD-Z06-64217,6
64218,AYC-MUR MEMU,AYODHYA CANTT,MANKAPUR JN,MEMU,TRETA-AYOD-MANK-Z06-64218,6
64219,MUR-AYC MEMU,MANKAPUR JN,AYODHYA CANTT,MEMU,TRETA-MANK-AYOD-Z06-64219,6
64220,AYC-MUR MEMU,AYODHYA CANTT,MANKAPUR JN,MEMU,TRETA-AYOD-MANK-Z06-64220,6
64221,PYGS-AYC MEMU,PRAYAGRAJ SANGAM,AYODHYA CANTT,MEMU,TRETA-PRAY-AYOD-Z22-64221,22
64222,AYC-PYGS MEMU,AYODHYA CANTT,PRAYAGRAJ SANGAM,MEMU,TRETA-AYOD-PRAY-Z22-64222,22
64223,MUR-AY MEMU,MANKAPUR JN,AYODHYA DHAM JN,MEMU,TRETA-MANK-AYOD-Z05-64223,5
64224,AY-MUR MEMU,AYODHYA DHAM JN,MANKAPUR JN,MEMU,TRETA-AYOD-MANK-Z05-64224,5
64255,UTR-CNB MEMU,UTRAHTIA,KANPUR CENTRAL,MEMU,TRETA-UTRA-KANP-Z27-64255,27
64281,SOP-UTR MEMU,SHIUPUR,UTRAHTIA,MEMU,TRETA-SHIU-UTRA-Z24-64281,24
64282,UTR-SOP MEMU,UTRAHTIA,SHIUPUR,MEMU,TRETA-UTRA-SHIU-Z24-64282,24
64401,GZB-DLI EMU,GHAZIABAD,DELHI JN.,EMU,TRETA-GHAZ-DELH-Z04-64401,4
64402,DLI-SBB EMU,DELHI JN.,SAHIBABAD,EMU,TRETA-DELH-SAHI-Z03-64402,3
64404,DLI-GZB EMU,DELHI JN.,GHAZIABAD,EMU,TRETA-DELH-GHAZ-Z04-64404,4
64406,DLI-GZB EMU,DELHI JN.,GHAZIABAD,EMU,TRETA-DELH-GHAZ-Z04-64406,4
64407,GZB-DLI EMU,GHAZIABAD,DELHI JN.,EMU,TRETA-GHAZ-DELH-Z04-64407,4
64408,DLI-GZB EMU,DELHI JN.,GHAZIABAD,EMU,TRETA-DELH-GHAZ-Z04-64408,4
64409,GZB-NDLS EMU,GHAZIABAD,NEW DELHI,EMU,TRETA-GHAZ-NEW_-Z06-64409,6
64410,NDLS-GZB EMU,NEW DELHI,GHAZIABAD,EMU,TRETA-NEW_-GHAZ-Z07-64410,7
64411,SBB-DLI EMU,SAHIBABAD,DELHI JN.,EMU,TRETA-SAHI-DELH-Z07-64411,7
64412,DLI-GZB EMU,DELHI JN.,GHAZIABAD,EMU,TRETA-DELH-GHAZ-Z04-64412,4
64414,DLI-GZB EMU,DELHI JN.,GHAZIABAD,EMU,TRETA-DELH-GHAZ-Z04-64414,4
64415,GZB-NDLS EMU,GHAZIABAD,NEW DELHI,EMU,TRETA-GHAZ-NEW_-Z05-64415,5
64417,GZB-DLI MEMU,GHAZIABAD,DELHI JN.,MEMU,TRETA-GHAZ-DELH-Z09-64417,9
64418,DLI-GZB MEMU,DELHI JN.,GHAZIABAD,MEMU,TRETA-DELH-GHAZ-Z09-64418,9
64419,NZM-GZB EMU,HAZRAT NIZAMUDDIN JN,GHAZIABAD,EMU,TRETA-HAZR-GHAZ-Z09-64419,9
64422,NDLS-GZB EMU,NEW DELHI,GHAZIABAD,EMU,TRETA-NEW_-GHAZ-Z05-64422,5
64423,GZB-NDLS EMU,GHAZIABAD,NEW DELHI,EMU,TRETA-GHAZ-NEW_-Z06-64423,6
64425,GZB-NDLS EMU,GHAZIABAD,NEW DELHI,EMU,TRETA-GHAZ-NEW_-Z07-64425,7
64426,NDLS-GZB EMU,NEW DELHI,GHAZIABAD,EMU,TRETA-NEW_-GHAZ-Z07-64426,7
64428,NDLS-GZB EMU,NEW DELHI,GHAZIABAD,EMU,TRETA-NEW_-GHAZ-Z06-64428,6
64429,GZB-NDLS EMU,GHAZIABAD,NEW DELHI,EMU,TRETA-GHAZ-NEW_-Z07-64429,7
64430,NDLS-GZB EMU,NEW DELHI,GHAZIABAD,EMU,TRETA-NEW_-GHAZ-Z06-64430,6
64431,GZB-NDLS EMU,GHAZIABAD,NEW DELHI,EMU,TRETA-GHAZ-NEW_-Z06-64431,6
64432,NDLS-GZB EMU,NEW DELHI,GHAZIABAD,EMU,TRETA-NEW_-GHAZ-Z06-64432,6
64433,GZB-NDLS EMU,GHAZIABAD,NEW DELHI,EMU,TRETA-GHAZ-NEW_-Z07-64433,7
64434,DLI-GZB EMU,DELHI JN.,GHAZIABAD,EMU,TRETA-DELH-GHAZ-Z09-64434,9
64437,GZB-DLI EMU,GHAZIABAD,DELHI JN.,EMU,TRETA-GHAZ-DELH-Z08-64437,8
64439,GZB-DLI EMU,GHAZIABAD,DELHI JN.,EMU,TRETA-GHAZ-DELH-Z08-64439,8
64441,GZB-NDLS EMU,GHAZIABAD,NEW DELHI,EMU,TRETA-GHAZ-NEW_-Z06-64441,6
64443,GZB-DLI EMU,GHAZIABAD,DELHI JN.,EMU,TRETA-GHAZ-DELH-Z09-64443,9
64445,GZB-DLI EMU,GHAZIABAD,DELHI JN.,EMU,TRETA-GHAZ-DELH-Z04-64445,4
64449,GZB-NDLS LADIES EMU,GHAZIABAD,NEW DELHI,EMU,TRETA-GHAZ-NEW_-Z07-64449,7
64450,NDLS-GZB LADIES EMU,NEW DELHI,GHAZIABAD,EMU,TRETA-NEW_-GHAZ-Z07-64450,7
64451,DLI-PNP MEMU,DELHI JN.,PANIPAT JN,MEMU,TRETA-DELH-PANI-Z17-64451,17
64452,KKDE-DLI EMU,KURUKSHETRA JN,DELHI JN.,MEMU,TRETA-KURU-DELH-Z27-64452,27
64453,DLI-PNP EMU,DELHI JN.,PANIPAT JN,MEMU,TRETA-DELH-PANI-Z17-64453,17
64454,KKDE-DLI MEMU,KURUKSHETRA JN,DELHI JN.,MEMU,TRETA-KURU-DELH-Z27-64454,27
64461,NZM-KKDE MEMU,HAZRAT NIZAMUDDIN JN,KURUKSHETRA JN,MEMU,TRETA-HAZR-KURU-Z31-64461,31
64462,KKDE-NZM MEMU,KURUKSHETRA JN,HAZRAT NIZAMUDDIN JN,MEMU,TRETA-KURU-HAZR-Z31-64462,31
64464,PNP-NDLS MEMU,PANIPAT JN,NEW DELHI,MEMU,TRETA-PANI-NEW_-Z18-64464,18
64465,NDLS-KKDE MEMU,NEW DELHI,KURUKSHETRA JN,MEMU,TRETA-NEW_-KURU-Z28-64465,28
64469,NDLS-PNP LADIES EMU,NEW DELHI,PANIPAT JN,EMU,TRETA-NEW_-PANI-Z18-64469,18
64470,PNP-NDLS LADIES EMU,PANIPAT JN,NEW DELHI,EMU,TRETA-PANI-NEW_-Z18-64470,18
64471,GZB-PNP MEMU,GHAZIABAD,PANIPAT JN,MEMU,TRETA-GHAZ-PANI-Z25-64471,25
64472,PNP-GZB MEMU,PANIPAT JN,GHAZIABAD,MEMU,TRETA-PANI-GHAZ-Z25-64472,25
64481,PNP-UMB MEMU,PANIPAT JN,AMBALA CANT JN,MEMU,TRETA-PANI-AMBA-Z16-64481,16
64482,UMB-KKDE MEMU,AMBALA CANT JN,KURUKSHETRA JN,MEMU,TRETA-AMBA-KURU-Z06-64482,6
64483,KKDE-UMB MEMU,KURUKSHETRA JN,AMBALA CANT JN,MEMU,TRETA-KURU-AMBA-Z06-64483,6
64491,PWL-NDLS LADIES EMU,PALWAL,NEW DELHI,EMU,TRETA-PALW-NEW_-Z10-64491,10
64492,NDLS-PWL LADIES EMU,NEW DELHI,PALWAL,EMU,TRETA-NEW_-PALW-Z10-64492,10
64501,SRE-UMB MEMU,SAHARANPUR JN.,AMBALA CANT JN,MEMU,TRETA-SAHA-AMBA-Z12-64501,12
64502,UMB-SRE MEMU,AMBALA CANT JN,SAHARANPUR JN.,MEMU,TRETA-AMBA-SAHA-Z12-64502,12
64504,UMB-SRE MEMU,AMBALA CANT JN,SAHARANPUR JN.,MEMU,TRETA-AMBA-SAHA-Z12-64504,12
64511,HW-AADR MEMU,HARIDWAR JN,AMB  ANDAURA,MEMU,TRETA-HARI-AMB_-Z32-64511,32
64512,AADR-HW MEMU,AMB  ANDAURA,HARIDWAR JN,MEMU,TRETA-AMB_-HARI-Z27-64512,27
64513,SRE-NLDM MEMU,SAHARANPUR JN.,NANGAL DAM,MEMU,TRETA-SAHA-NANG-Z32-64513,32
64514,NLDM-UMB MEMU,NANGAL DAM,AMBALA CANT JN,MEMU,TRETA-NANG-AMBA-Z20-64514,20
64515,UMB-NLDM MEMU,AMBALA CANT JN,NANGAL DAM,MEMU,TRETA-AMBA-NANG-Z20-64515,20
64516,NLDM-UMB MEMU,NANGAL DAM,AMBALA CANT JN,MEMU,TRETA-NANG-AMBA-Z16-64516,16
64517,UMB-NLDM MEMU,AMBALA CANT JN,NANGAL DAM,MEMU,TRETA-AMBA-NANG-Z19-64517,19
64518,NLDM-UMB MEMU,NANGAL DAM,AMBALA CANT JN,MEMU,TRETA-NANG-AMBA-Z20-64518,20
64521,UMB-LDH MEMU,AMBALA CANT JN,LUDHIANA JN,MEMU,TRETA-AMBA-LUDH-Z13-64521,13
64522,LDH-UMB MEMU,LUDHIANA JN,AMBALA CANT JN,MEMU,TRETA-LUDH-AMBA-Z13-64522,13
64523,UMB-LDH MEMU,AMBALA CANT JN,LUDHIANA JN,MEMU,TRETA-AMBA-LUDH-Z13-64523,13
64524,LDH-UMB MEMU,LUDHIANA JN,AMBALA CANT JN,MEMU,TRETA-LUDH-AMBA-Z13-64524,13
64531,DLI-PNP MEMU,DELHI JN.,PANIPAT JN,MEMU,TRETA-DELH-PANI-Z16-64531,16
64532,UMB-PNP MEMU,AMBALA CANT JN,PANIPAT JN,MEMU,TRETA-AMBA-PANI-Z16-64532,16
64533,DLI-PNP MEMU,DELHI JN.,PANIPAT JN,MEMU,TRETA-DELH-PANI-Z17-64533,17
64534,PNP-GZB MEMU,PANIPAT JN,GHAZIABAD,MEMU,TRETA-PANI-GHAZ-Z25-64534,25
64536,PNP-DLI MEMU,PANIPAT JN,DELHI JN.,MEMU,TRETA-PANI-DELH-Z17-64536,17
64541,PNP-UMB MEMU,PANIPAT JN,AMBALA CANT JN,MEMU,TRETA-PANI-AMBA-Z16-64541,16
64545,KKDE-UMB MEMU,KURUKSHETRA JN,AMBALA CANT JN,MEMU,TRETA-KURU-AMBA-Z06-64545,6
64546,UMB-KKDE MEMU,AMBALA CANT JN,KURUKSHETRA JN,MEMU,TRETA-AMBA-KURU-Z06-64546,6
64547,KKDE-UMB MEMU,KURUKSHETRA JN,AMBALA CANT JN,MEMU,TRETA-KURU-AMBA-Z06-64547,6
64548,UMB-KKDE MEMU,AMBALA CANT JN,KURUKSHETRA JN,MEMU,TRETA-AMBA-KURU-Z06-64548,6
64551,LDH-CIA MEMU,LUDHIANA JN,CHHEHARTA,MEMU,TRETA-LUDH-CHHE-Z21-64551,21
64552,CIA-LDH MEMU,CHHEHARTA,LUDHIANA JN,MEMU,TRETA-CHHE-LUDH-Z19-64552,19
64553,MB-GZB MEMU,MORADABAD,GHAZIABAD,MEMU,TRETA-MORA-GHAZ-Z21-64553,21
64554,GZB-MB MEMU,GHAZIABAD,MORADABAD,MEMU,TRETA-GHAZ-MORA-Z21-64554,21
64555,GZB-MTC MEMU,GHAZIABAD,MEERUT CITY,MEMU,TRETA-GHAZ-MEER-Z08-64555,8
64556,MTC-GZB MEMU,MEERUT CITY,GHAZIABAD,MEMU,TRETA-MEER-GHAZ-Z08-64556,8
64557,DLI-SRE MEMU,DELHI JN.,SAHARANPUR JN.,MEMU,TRETA-DELH-SAHA-Z27-64557,27
64558,SRE-DLI MEMU,SAHARANPUR JN.,DELHI JN.,MEMU,TRETA-SAHA-DELH-Z27-64558,27
64559,DLI-SRE MEMU,DELHI JN.,SAHARANPUR JN.,MEMU,TRETA-DELH-SAHA-Z27-64559,27
64560,SRE-DLI MEMU,SAHARANPUR JN.,DELHI JN.,MEMU,TRETA-SAHA-DELH-Z27-64560,27
64563,RPHR-AADR MEMU,RAIPUR HARIYANA JN.,AMB  ANDAURA,MEMU,TRETA-RAIP-AMB_-Z30-64563,30
64564,AADR-RPHR,AMB  ANDAURA,RAIPUR HARIYANA JN.,MEMU,TRETA-AMB_-RAIP-Z29-64564,29
64565,MB-SRE MEMU,MORADABAD,SAHARANPUR JN.,MEMU,TRETA-MORA-SAHA-Z29-64565,29
64566,SRE-MB MEMU,SAHARANPUR JN.,MORADABAD,MEMU,TRETA-SAHA-MORA-Z29-64566,29
64567,BSC-TKJ MEMU,BULANDSHAHR,TILAK BRIDGE,MEMU,TRETA-BULA-TILA-Z19-64567,19
64568,TKJ-BSC MEMU,TILAK BRIDGE,BULANDSHAHR,MEMU,TRETA-TILA-BULA-Z19-64568,19
64581,HRF-DLI MEMU,HARHRAS QILAH,DELHI JN.,MEMU,TRETA-HARH-DELH-Z25-64581,25
64582,DLI-HRF MEMU,DELHI JN.,HARHRAS QILAH,MEMU,TRETA-DELH-HARH-Z25-64582,25
64583,TDL-DLI MEMU,TUNDLA JN,DELHI JN.,MEMU,TRETA-TUND-DELH-Z31-64583,31
64584,DLI-TDL MEMU,DELHI JN.,TUNDLA JN,MEMU,TRETA-DELH-TUND-Z31-64584,31
64585,HRF-HRS MEMU,HARHRAS QILAH,HATHRAS JN,MEMU,TRETA-HARH-HATH-Z01-64585,1
64586,HRS-HRF MEMU,HATHRAS JN,HARHRAS QILAH,MEMU,TRETA-HATH-HARH-Z01-64586,1
64587,CNB-TDL MEMU,KANPUR CENTRAL,TUNDLA JN,MEMU,TRETA-KANP-TUND-Z29-64587,29
64588,TDL-CNB MEMU,TUNDLA JN,KANPUR CENTRAL,MEMU,TRETA-TUND-KANP-Z29-64588,29
64589,CNB-PHD MEMU,KANPUR CENTRAL,PHAPHUND,MEMU,TRETA-KANP-PHAP-Z12-64589,12
64590,PHD-CNB MEMU,PHAPHUND,KANPUR CENTRAL,MEMU,TRETA-PHAP-KANP-Z12-64590,12
64591,SFG-CNB MEMU,SUBEDARGANJ,KANPUR CENTRAL,MEMU,TRETA-SUBE-KANP-Z29-64591,29
64592,CNB-SFG MEMU,KANPUR CENTRAL,SUBEDARGANJ,MEMU,TRETA-KANP-SUBE-Z29-64592,29
64593,FTP-CNB MEMU,FATEHPUR,KANPUR CENTRAL,MEMU,TRETA-FATE-KANP-Z12-64593,12
64594,CNB-FTP MEMU,KANPUR CENTRAL,FATEHPUR,MEMU,TRETA-KANP-FATE-Z12-64594,12
64595,DDU-SFG MEMU,PT.DEEN DAYAL UPADHYAYA JN.,SUBEDARGANJ,MEMU,TRETA-PT.D-SUBE-Z20-64595,20
64596,SFG-DDU MEMU,SUBEDARGANJ,PT.DEEN DAYAL UPADHYAYA JN.,MEMU,TRETA-SUBE-PT.D-Z20-64596,20
64601,MKP-CNB MEMU,MANIKPUR JN,KANPUR CENTRAL,MEMU,TRETA-MANI-KANP-Z27-64601,27
64602,CNB-MKP MEMU,KANPUR CENTRAL,MANIKPUR JN,MEMU,TRETA-KANP-MANI-Z27-64602,27
64603,CNB-ETW MEMU,KANPUR CENTRAL,ETAWAH JN,MEMU,TRETA-KANP-ETAW-Z19-64603,19
64604,ETW-CNB MEMU,ETAWAH JN,KANPUR CENTRAL,MEMU,TRETA-ETAW-KANP-Z19-64604,19
64605,ETW-TDL MEMU,ETAWAH JN,TUNDLA JN,MEMU,TRETA-ETAW-TUND-Z10-64605,10
64606,TDL-ETW MEMU,TUNDLA JN,ETAWAH JN,MEMU,TRETA-TUND-ETAW-Z10-64606,10
64607,VGLJ-CNB MEMU,VIRANGANA LAKSHMIBAI JHANSI JN,KANPUR CENTRAL,MEMU,TRETA-VIRA-KANP-Z26-64607,26
64608,CNB-VGLJ MEMU,KANPUR CENTRAL,VIRANGANA LAKSHMIBAI JHANSI JN,MEMU,TRETA-KANP-VIRA-Z26-64608,26
64609,KURJ-VGLJ MEMU,KHAJURAHO,VIRANGANA LAKSHMIBAI JHANSI JN,MEMU,TRETA-KHAJ-VIRA-Z24-64609,24
64610,VGLJ-KURJ MEMU,VIRANGANA LAKSHMIBAI JHANSI JN,KHAJURAHO,MEMU,TRETA-VIRA-KHAJ-Z24-64610,24
64611,VGLJ-MKP MEMU,VIRANGANA LAKSHMIBAI JHANSI JN,MANIKPUR JN,MEMU,TRETA-VIRA-MANI-Z29-64611,29
64612,MKP-VGLJ MEMU,MANIKPUR JN,VIRANGANA LAKSHMIBAI JHANSI JN,MEMU,TRETA-MANI-VIRA-Z29-64612,29
64613,VGLJ-BNDA MEMU,VIRANGANA LAKSHMIBAI JHANSI JN,BANDA JN,MEMU,TRETA-VIRA-BAND-Z19-64613,19
64614,BNDA-VGLJ MEMU,BANDA JN,VIRANGANA LAKSHMIBAI JHANSI JN,MEMU,TRETA-BAND-VIRA-Z19-64614,19
64615,LAR-VGLJ MEMU,LALITPUR,VIRANGANA LAKSHMIBAI JHANSI JN,MEMU,TRETA-LALI-VIRA-Z11-64615,11
64616,VGLJ-LAR MEMU,VIRANGANA LAKSHMIBAI JHANSI JN,LALITPUR,MEMU,TRETA-VIRA-LALI-Z11-64616,11
64617,BINA-LAR MEMU,BINA JN,LALITPUR,MEMU,TRETA-BINA-LALI-Z07-64617,7
64618,LAR-BINA MEMU,LALITPUR,BINA JN,MEMU,TRETA-LALI-BINA-Z07-64618,7
64619,IDH-BKI MEMU,IDGAH JN,BANDIKUI JN,MEMU,TRETA-IDGA-BAND-Z21-64619,21
64620,BKI-IDH MEMU,BANDIKUI JN,IDGAH JN,MEMU,TRETA-BAND-IDGA-Z21-64620,21
64621,IDH-BKI MEMU,IDGAH JN,BANDIKUI JN,MEMU,TRETA-IDGA-BAND-Z21-64621,21
64622,BKI-IDH MEMU,BANDIKUI JN,IDGAH JN,MEMU,TRETA-BAND-IDGA-Z21-64622,21
64623,AGC-MNQ MEMU,AGRA CANTT JN,MAINPURI,MEMU,TRETA-AGRA-MAIN-Z20-64623,20
64624,MNQ-AGC MEMU,MAINPURI,AGRA CANTT JN,MEMU,TRETA-MAIN-AGRA-Z20-64624,20
64625,ETW-AGC MEMU,ETAWAH JN,AGRA CANTT JN,MEMU,TRETA-ETAW-AGRA-Z16-64625,16
64626,AGC-ETW MEMU,AGRA CANTT JN,ETAWAH JN,MEMU,TRETA-AGRA-ETAW-Z17-64626,17
64627,PHD-ETW MEMU,PHAPHUND,ETAWAH JN,MEMU,TRETA-PHAP-ETAW-Z06-64627,6
64628,ETW-PHD MEMU,ETAWAH JN,PHAPHUND,MEMU,TRETA-ETAW-PHAP-Z06-64628,6
64629,CNB-PHD MEMU,KANPUR CENTRAL,PHAPHUND,MEMU,TRETA-KANP-PHAP-Z11-64629,11
64630,PHD-CNB MEMU,PHAPHUND,KANPUR CENTRAL,MEMU,TRETA-PHAP-KANP-Z11-64630,11
64631,PHD-SKB MEMU,PHAPHUND,SHIKOHABAD JN,MEMU,TRETA-PHAP-SHIK-Z13-64631,13
64632,SKB-PHD MEMU,SHIKOHABAD JN,PHAPHUND,MEMU,TRETA-SHIK-PHAP-Z13-64632,13
64633,GWL-ETW MEMU,GWALIOR JN.,ETAWAH JN,MEMU,TRETA-GWAL-ETAW-Z16-64633,16
64634,ETW-GWL MEMU,ETAWAH JN,GWALIOR JN.,MEMU,TRETA-ETAW-GWAL-Z16-64634,16
64635,GWL-BIB MEMU,GWALIOR JN.,,MEMU,TRETA-GWAL-NAN-Z15-64635,15
64636,BIB-GWL MEMU,,GWALIOR JN.,MEMU,TRETA-NAN-GWAL-Z15-64636,15
64637,GWL-BIB MEMU,GWALIOR JN.,,MEMU,TRETA-GWAL-NAN-Z15-64637,15
64638,BIB-GWL MEMU,,GWALIOR JN.,MEMU,TRETA-NAN-GWAL-Z15-64638,15
64639,GWL-BIB MEMU,GWALIOR JN.,,MEMU,TRETA-GWAL-NAN-Z15-64639,15
64640,BIB-GWL MEMU,,GWALIOR JN.,MEMU,TRETA-NAN-GWAL-Z15-64640,15
64641,GWL-ETW MEMU,GWALIOR JN.,ETAWAH JN,MEMU,TRETA-GWAL-ETAW-Z16-64641,16
64642,ETW-GWL MEMU,ETAWAH JN,GWALIOR JN.,MEMU,TRETA-ETAW-GWAL-Z16-64642,16
64643,GWL-BIX MEMU,GWALIOR JN.,BHIND,MEMU,TRETA-GWAL-BHIN-Z13-64643,13
64644,BIX-GWL MEMU,BHIND,GWALIOR JN.,MEMU,TRETA-BHIN-GWAL-Z13-64644,13
64645,KURJ CNB MEMU,KHAJURAHO,KANPUR CENTRAL,MEMU,TRETA-KHAJ-KANP-Z27-64645,27
64646,CNB-KURJ MEMU,KANPUR CENTRAL,KHAJURAHO,MEMU,TRETA-KANP-KHAJ-Z27-64646,27
64647,KURJ-LAR MEMU,KHAJURAHO,LALITPUR,MEMU,TRETA-KHAJ-LALI-Z13-64647,13
64648,LAR-KURJ MEMU,LALITPUR,KHAJURAHO,MEMU,TRETA-LALI-KHAJ-Z13-64648,13
64649,MBA-KURJ MEMU,MAHOBA,KHAJURAHO,MEMU,TRETA-MAHO-KHAJ-Z05-64649,5
64650,KURJ-MBA MEMU,KHAJURAHO,MAHOBA,MEMU,TRETA-KHAJ-MAHO-Z05-64650,5
64651,SGDN-BRML MEMU,SANGALDAN,BARAMULA,MEMU,TRETA-SANG-BARA-Z21-64651,21
64652,BRML-SGDN MEMU,BARAMULA,SANGALDAN,MEMU,TRETA-BARA-SANG-Z19-64652,19
64701,VGLJ-LKO MEMU,VIRANGANA LAKSHMIBAI JHANSI JN,LUCKNOW JN.,MEMU,TRETA-VIRA-LUCK-Z37-64701,37
64702,LKO-VGLJ MEMU,LUCKNOW JN.,VIRANGANA LAKSHMIBAI JHANSI JN,MEMU,TRETA-LUCK-VIRA-Z38-64702,38
64703,GOY-ALJN MEMU,GOVINDPURI,ALIGARH JN,MEMU,TRETA-GOVI-ALIG-Z12-64703,12
64704,ALJN-GOY MEMU,ALIGARH JN,GOVINDPURI,MEMU,TRETA-ALIG-GOVI-Z12-64704,12
64903,MTJ-GZB EMU,MATHURA JN.,GHAZIABAD,EMU,TRETA-MATH-GHAZ-Z26-64903,26
64904,GZB-MTJ EMU,GHAZIABAD,MATHURA JN.,EMU,TRETA-GHAZ-MATH-Z25-64904,25
64905,MTJ-NDLS EMU,MATHURA JN.,NEW DELHI,EMU,TRETA-MATH-NEW_-Z20-64905,20
64906,GZB-PWL EMU,GHAZIABAD,PALWAL,EMU,TRETA-GHAZ-PALW-Z16-64906,16
64908,SSB-BVH EMU,SHAKURBASTI,BALLABGARH,EMU,TRETA-SHAK-BALL-Z13-64908,13
64910,SSB-MTJ EMU,SHAKURBASTI,MATHURA JN.,EMU,TRETA-SHAK-MATH-Z24-64910,24
64912,JIND-NDLS MEMU,JIND JN,NEW DELHI,MEMU,TRETA-JIND-NEW_-Z25-64912,25
64915,NDLS-JIND MEMU,NEW DELHI,JIND JN,MEMU,TRETA-NEW_-JIND-Z25-64915,25
64931,DLI-JIND MEMU,DELHI JN.,JIND JN,MEMU,TRETA-DELH-JIND-Z25-64931,25
64932,JIND-DLI MEMU,JIND JN,DELHI JN.,MEMU,TRETA-JIND-DELH-Z25-64932,25
64955,AGC-TDL MEMU,AGRA CANTT JN.,TUNDLA JN,MEMU,TRETA-AGRA-TUND-Z07-64955,7
64956,TDL-AGC MEMU,TUNDLA JN,AGRA CANTT JN,MEMU,TRETA-TUND-AGRA-Z06-64956,6
64957,AGC-PWL MEMU,AGRA CANTT JN.,PALWAL,MEMU,TRETA-AGRA-PALW-Z18-64957,18
64958,PWL-AGC MEMU,PALWAL,AGRA CANTT JN.,MEMU,TRETA-PALW-AGRA-Z18-64958,18
65101,GCT-JNU MEMU,GHAZIPUR CITY,JAUNPUR JN,MEMU,TRETA-GHAZ-JAUN-Z15-65101,15
65102,JNU-GCT MEMU,JAUNPUR JN,GHAZIPUR CITY,MEMU,TRETA-JAUN-GHAZ-Z15-65102,15
65103,GCT-DLN PSPC,GHAZIPUR CITY,DILDARNAGAR JN,MEMU,TRETA-GHAZ-DILD-Z04-65103,4
65104,DLN-GCT PSPS,DILDARNAGAR JN,GHAZIPUR CITY,MEMU,TRETA-DILD-GHAZ-Z04-65104,4
65105,GCT BCY UNRESERVED,GHAZIPUR CITY,VARANASI CITY,MEMU,TRETA-GHAZ-VARA-Z12-65105,12
65106,BCY GCT MEMU,VARANASI CITY,GHAZIPUR CITY,MEMU,TRETA-VARA-GHAZ-Z12-65106,12
65107,BTT-BCY MEMU,BHATNI JN,VARANASI CITY,MEMU,TRETA-BHAT-VARA-Z23-65107,23
65108,BCY-BTT MEMU,VARANASI CITY,BHATNI JN,MEMU,TRETA-VARA-BHAT-Z23-65108,23
65109,AMH-BCY MEMU,AZAMGARH,VARANASI CITY,MEMU,TRETA-AZAM-VARA-Z20-65109,20
65110,BCY-AMH MEMU,VARANASI CITY,AZAMGARH,MEMU,TRETA-VARA-AZAM-Z20-65110,20
65111,BNRS-PRRB MEMU,BANARAS,PRAYAGRAJ RAMBAG,MEMU,TRETA-BANA-PRAY-Z20-65111,20
65112,PRRB-BNRS MEMU,PRAYAGRAJ RAMBAG,BANARAS,MEMU,TRETA-PRAY-BANA-Z20-65112,20
65113,BNRS-PRRB MEMU,BANARAS,PRAYAGRAJ RAMBAG,MEMU,TRETA-BANA-PRAY-Z20-65113,20
65114,PRRB-BNRS MEMU,PRAYAGRAJ RAMBAG,BANARAS,MEMU,TRETA-PRAY-BANA-Z20-65114,20
65115,BTT-AY MEMU,BHATNI JN,AYODHYA DHAM JN,MEMU,TRETA-BHAT-AYOD-Z35-65115,35
65116,AY-BTT MEMU,AYODHYA DHAM JN,BHATNI JN,MEMU,TRETA-AYOD-BHAT-Z35-65116,35
65117,GCT-PYGS MEMU,GHAZIPUR CITY,PRAYAGRAJ SANGAM,MEMU,TRETA-GHAZ-PRAY-Z30-65117,30
65118,PYGS-GCT MEMU,PRAYAGRAJ SANGAM,GHAZIPUR CITY,MEMU,TRETA-PRAY-GHAZ-Z30-65118,30
65119,GCT-JNU MEMU,GHAZIPUR CITY,JAUNPUR JN,MEMU,TRETA-GHAZ-JAUN-Z15-65119,15
65120,JNU-GCT MEMU,JAUNPUR JN,GHAZIPUR CITY,MEMU,TRETA-JAUN-GHAZ-Z15-65120,15
65121,DIT-BCY MEMU,DOHRIGHAT,VARANASI CITY,MEMU,TRETA-DOHR-VARA-Z14-65121,14
65122,BCY- DIT MEMU,VARANASI CITY,DOHRIGHAT,MEMU,TRETA-VARA-DOHR-Z14-65122,14
65129,BNRS JI SPL,BANARAS,JHUSI,MEMU,TRETA-BANA-JHUS-Z06-65129,6
65130,JI BNRS SPL,JHUSI,BANARAS,MEMU,TRETA-JHUS-BANA-Z06-65130,6
65131,MAU-PRRB MEMU,MAU JN,PRAYAGRAJ RAMBAG,MEMU,TRETA-MAU_-PRAY-Z35-65131,35
65132,PRRB-MAU MEMU,PRAYAGRAJ RAMBAG,MAU JN,MEMU,TRETA-PRAY-MAU_-Z35-65132,35
65133,DIT-MAU MEMU,DOHRIGHAT,MAU JN,MEMU,TRETA-DOHR-MAU_-Z06-65133,6
65134,MAU-DIT MEMU,MAU JN,DOHRIGHAT,MEMU,TRETA-MAU_-DOHR-Z06-65134,6
65301,BC-RMR MEMU,BAREILLY CITY,RAMNAGAR,MEMU,TRETA-BARE-RAMN-Z18-65301,18
65302,KPV-BC MEMU,KASHIPUR,BAREILLY CITY,MEMU,TRETA-KASH-BARE-Z16-65302,16
65303,MB-RMR MEMU,MORADABAD,RAMNAGAR,MEMU,TRETA-MORA-RAMN-Z06-65303,6
65304,RMR-MB MEMU,RAMNAGAR,MORADABAD,MEMU,TRETA-RAMN-MORA-Z12-65304,12
65305,MB-KPV MEMU,MORADABAD,KASHIPUR,MEMU,TRETA-MORA-KASH-Z06-65305,6
65306,RMR-MB MEMU,RAMNAGAR,MORADABAD,MEMU,TRETA-RAMN-MORA-Z08-65306,8
65307,MB-KPV MEMU,MORADABAD,KASHIPUR,MEMU,TRETA-MORA-KASH-Z09-65307,9
65308,KPV-MB MEMU,KASHIPUR,MORADABAD,MEMU,TRETA-KASH-MORA-Z09-65308,9
65309,MB-RMR MEMU,MORADABAD,RAMNAGAR,MEMU,TRETA-MORA-RAMN-Z12-65309,12
65310,RMR-MB MEMU,RAMNAGAR,MORADABAD,MEMU,TRETA-RAMN-MORA-Z06-65310,6
66000,AVD-MASS PASS,AVADI,CHENNAI CENTRAL SUBURBAN STATION,MEMU,TRETA-AVAD-CHEN-Z12-66000,12
66001,AJJ-HX MEMU,ARAKKONAM JN.,CUDDAPAH,MEMU,TRETA-ARAK-CUDD-Z25-66001,25
66002,AVD-MASS MEMU LOCAL,AVADI,CHENNAI CENTRAL SUBURBAN STATION,MEMU,TRETA-AVAD-CHEN-Z12-66002,12
66003,MASS-AVD MEMU SUBURBAN,CHENNAI CENTRAL SUBURBAN STATION,AVADI,MEMU,TRETA-CHEN-AVAD-Z12-66003,12
66005,MASS-AVD PASSR,CHENNAI CENTRAL SUBURBAN STATION,AVADI,MEMU,TRETA-CHEN-AVAD-Z12-66005,12
66006,HX-AJJ MEMU,CUDDAPAH,ARAKKONAM JN.,MEMU,TRETA-CUDD-ARAK-Z25-66006,25
66007,MASS-AVD EMU LOCAL,CHENNAI CENTRAL SUBURBAN STATION,AVADI,MEMU,TRETA-CHEN-AVAD-Z12-66007,12
66008,AJJ-MASS PASSR,ARAKKONAM JN.,CHENNAI CENTRAL SUBURBAN STATION,MEMU,TRETA-ARAK-CHEN-Z28-66008,28
66009,MASS-AJJ PASSR,CHENNAI CENTRAL SUBURBAN STATION,ARAKKONAM JN.,MEMU,TRETA-CHEN-ARAK-Z28-66009,28
66010,AJJ-MASS PASS,ARAKKONAM JN.,CHENNAI CENTRAL SUBURBAN STATION,MEMU,TRETA-ARAK-CHEN-Z28-66010,28
66011,MASS-AJJ PASS,CHENNAI CENTRAL SUBURBAN STATION,ARAKKONAM JN.,MEMU,TRETA-CHEN-ARAK-Z28-66011,28
66013,MASS-AJJ MEMU FAST,CHENNAI CENTRAL SUBURBAN STATION,ARAKKONAM JN.,MEMU,TRETA-CHEN-ARAK-Z09-66013,9
66014,AJJ-MASS MEMU,ARAKKONAM JN.,CHENNAI CENTRAL SUBURBAN STATION,MEMU,TRETA-ARAK-CHEN-Z28-66014,28
66015,MASS-AJJ MEMU,CHENNAI CENTRAL SUBURBAN STATION,ARAKKONAM JN.,MEMU,TRETA-CHEN-ARAK-Z28-66015,28
66016,AJJ-MASS PASSR,ARAKKONAM JN.,CHENNAI CENTRAL SUBURBAN STATION,MEMU,TRETA-ARAK-CHEN-Z28-66016,28
66017,KPD-JTJ MEMU PASS,KATPADI JN,JOLARPETTAI JN.,MEMU,TRETA-KATP-JOLA-Z13-66017,13
66018,JTJ-KPD MEMU PASS,JOLARPETTAI JN.,KATPADI JN,MEMU,TRETA-JOLA-KATP-Z13-66018,13
66019,VM-MV MEMU,VILLUPURAM JN,MAYILADUTURAI JN,MEMU,TRETA-VILL-MAYI-Z21-66019,21
66020,MV-VM MEMU,MAYILADUTURAI JN,VILLUPURAM JN,MEMU,TRETA-MAYI-VILL-Z21-66020,21
66021,MASS-AJJ FAST MEMU,CHENNAI CENTRAL SUBURBAN STATION,ARAKKONAM JN.,MEMU,TRETA-CHEN-ARAK-Z10-66021,10
66022,TRT-MASS MEMU,TIRUTTANI,CHENNAI CENTRAL SUBURBAN STATION,MEMU,TRETA-TIRU-CHEN-Z29-66022,29
66023,MV-TVR MEMU,MAYILADUTURAI JN,THIRUVARUR JN,MEMU,TRETA-MAYI-THIR-Z04-66023,4
66024,TVR-MV MEMU,THIRUVARUR JN,MAYILADUTURAI JN,MEMU,TRETA-THIR-MAYI-Z04-66024,4
66025,KPD-VM MEMU PASS,KATPADI JN,VILLUPURAM JN,MEMU,TRETA-KATP-VILL-Z21-66025,21
66026,VM-KPD MEMU PASS,VILLUPURAM JN,KATPADI JN,MEMU,TRETA-VILL-KATP-Z21-66026,21
66027,KPD-VM MEMU PASS,KATPADI JN,VILLUPURAM JN,MEMU,TRETA-KATP-VILL-Z21-66027,21
66028,TPTY-KPD MEMU PASS,TIRUPATI,KATPADI JN,MEMU,TRETA-TIRU-KATP-Z04-66028,4
66029,MASS-SPE MEMU PASS,CHENNAI CENTRAL SUBURBAN STATION,SULLURUPETA,MEMU,TRETA-CHEN-SULL-Z21-66029,21
66030,SPE-MASS MEMU PASS,SULLURUPETA,CHENNAI CENTRAL SUBURBAN STATION,MEMU,TRETA-SULL-CHEN-Z21-66030,21
66031,MASS-SPE MEMU PASS,CHENNAI CENTRAL SUBURBAN STATION,SULLURUPETA,MEMU,TRETA-CHEN-SULL-Z21-66031,21
66032,SPE-MASS MEMU PASS,SULLURUPETA,CHENNAI CENTRAL SUBURBAN STATION,MEMU,TRETA-SULL-CHEN-Z21-66032,21
66033,MSB-TNM FAST MEMU,CHENNAI BEACH,TIRUVANNAMALAI,MEMU,TRETA-CHEN-TIRU-Z33-66033,33
66034,TNM-TBM FAST MEMU,TIRUVANNAMALAI,TAMBARAM,MEMU,TRETA-TIRU-TAMB-Z50-66034,50
66035,SPE-NLR MEMU,SULLURUPETA,NELLORE,MEMU,TRETA-SULL-NELL-Z11-66035,11
66036,NLR-SPE MEMU,NELLORE,SULLURUPETA,MEMU,TRETA-NELL-SULL-Z11-66036,11
66037,SPE-NLR MEMU,SULLURUPETA,NELLORE,MEMU,TRETA-SULL-NELL-Z11-66037,11
66038,NLR-SPE MEMU PASS,NELLORE,SULLURUPETA,MEMU,TRETA-NELL-SULL-Z11-66038,11
66039,MASS-SPE MEMU PASS,CHENNAI CENTRAL SUBURBAN STATION,SULLURUPETA,MEMU,TRETA-CHEN-SULL-Z21-66039,21
66040,NLR-SPE MEMU,NELLORE,SULLURUPETA,MEMU,TRETA-NELL-SULL-Z11-66040,11
66041,SPE-NLR MEMU PASS,SULLURUPETA,NELLORE,MEMU,TRETA-SULL-NELL-Z11-66041,11
66042,SPE-MASS EMU PASS,SULLURUPETA,CHENNAI CENTRAL SUBURBAN STATION,MEMU,TRETA-SULL-CHEN-Z21-66042,21
66043,AJJ-TPTY MEMU PASS,ARAKKONAM JN.,TIRUCHANUR,MEMU,TRETA-ARAK-TIRU-Z11-66043,11
66044,TPTY-AJJ MEMU PASS,TIRUCHANUR,ARAKKONAM JN.,MEMU,TRETA-TIRU-ARAK-Z11-66044,11
66045,TBM-VM MEMU PASS,TAMBARAM,VILLUPURAM JN,MEMU,TRETA-TAMB-VILL-Z21-66045,21
66046,VM-MSB MEMU,VILLUPURAM JN,CHENNAI BEACH,MEMU,TRETA-VILL-CHEN-Z37-66046,37
66049,AJJ-TRT MEMU PASS,ARAKKONAM JN.,TIRUTTANI,MEMU,TRETA-ARAK-TIRU-Z01-66049,1
66050,AVD-MASS MEMU LOCAL,AVADI,CHENNAI CENTRAL SUBURBAN STATION,MEMU,TRETA-AVAD-CHEN-Z12-66050,12
66051,MS-PDY MEMU,CHENNAI EGMORE,PONDICHERRY,MEMU,TRETA-CHEN-POND-Z17-66051,17
66052,PDY-MS MEMU PASS,PONDICHERRY,CHENNAI EGMORE,MEMU,TRETA-POND-CHEN-Z17-66052,17
66055,TBM-VM MEMU PASS,TAMBARAM,VILLUPURAM JN,MEMU,TRETA-TAMB-VILL-Z18-66055,18
66056,VM-TBM MEMU,VILLUPURAM JN,TAMBARAM,MEMU,TRETA-VILL-TAMB-Z18-66056,18
66057,AJJ-KPD EMU PASS,ARAKKONAM JN.,KATPADI JN,MEMU,TRETA-ARAK-KATP-Z09-66057,9
66058,KPD-AJJ EMU PASS,KATPADI JN,ARAKKONAM JN.,MEMU,TRETA-KATP-ARAK-Z08-66058,8
66059,AJJ-VLR EMU PASS,ARAKKONAM JN.,VELLORE CANTONMENT,MEMU,TRETA-ARAK-VELL-Z11-66059,11
66060,VLR-AJJ EMU PASS,VELLORE CANTONMENT,ARAKKONAM JN.,MEMU,TRETA-VELL-ARAK-Z11-66060,11
66061,AJJ-VLR MEMU PASS,ARAKKONAM JN.,VELLORE CANTONMENT,MEMU,TRETA-ARAK-VELL-Z11-66061,11
66062,VLR-AJJ MEMU PASS,VELLORE CANTONMENT,ARAKKONAM JN.,MEMU,TRETA-VELL-ARAK-Z11-66062,11
66063,VM-PDY MEMU,VILLUPURAM JN,PONDICHERRY,MEMU,TRETA-VILL-POND-Z04-66063,4
66064,PDY-VM MEMU,PONDICHERRY,VILLUPURAM JN,MEMU,TRETA-POND-VILL-Z04-66064,4
66065,VM-PDY EMU,VILLUPURAM JN,PONDICHERRY,MEMU,TRETA-VILL-POND-Z04-66065,4
66066,PDY-VM MEMU,PONDICHERRY,VILLUPURAM JN,MEMU,TRETA-POND-VILL-Z04-66066,4
66067,MV-TVR PASSENGER,MAYILADUTURAI JN,THIRUVARUR JN,MEMU,TRETA-MAYI-THIR-Z04-66067,4
66068,TVR-MV PASSENGER,THIRUVARUR JN,MAYILADUTURAI JN,MEMU,TRETA-THIR-MAYI-Z04-66068,4
66069,MASS-TPTY FAST MEMU,CHENNAI CENTRAL SUBURBAN STATION,TIRUCHANUR,MEMU,TRETA-CHEN-TIRU-Z14-66069,14
66070,TPTY-MASS FAST MEMU,TIRUCHANUR,CHENNAI CENTRAL SUBURBAN STATION,MEMU,TRETA-TIRU-CHEN-Z14-66070,14
66300,ERS-ALLP MEMU,ERNAKULAM JN,ALAPPUZHA,MEMU,TRETA-ERNA-ALAP-Z11-66300,11
66301,PUU-QLN MEMU,PUNALUR,KOLLAM JN,MEMU,TRETA-PUNA-KOLL-Z09-66301,9
66302,QLN-PUU MEMU,KOLLAM JN,PUNALUR,MEMU,TRETA-KOLL-PUNA-Z09-66302,9
66303,QLN-ERS EMU,KOLLAM JN,ERNAKULAM JN,MEMU,TRETA-KOLL-ERNA-Z24-66303,24
66304,ERS-QLN EMU,ERNAKULAM JN,KOLLAM JN,MEMU,TRETA-ERNA-KOLL-Z24-66304,24
66305,CAPE-QLN MEMU,KANNIYAKUMARI,KOLLAM JN,MEMU,TRETA-KANN-KOLL-Z31-66305,31
66306,QLN-CAPE MEMU,KOLLAM JN,KANNIYAKUMARI,MEMU,TRETA-KOLL-KANN-Z31-66306,31
66307,ERS-QLN MEMU,ERNAKULAM JN,KOLLAM JN,MEMU,TRETA-ERNA-KOLL-Z24-66307,24
66308,QLN-ERS  MEMU,KOLLAM JN,ERNAKULAM JN,MEMU,TRETA-KOLL-ERNA-Z24-66308,24
66309,ERS-QLN MEMU,ERNAKULAM JN,KOLLAM JN,MEMU,TRETA-ERNA-KOLL-Z16-66309,16
66310,QLN-ERS MEMU,KOLLAM JN,ERNAKULAM JN,MEMU,TRETA-KOLL-ERNA-Z19-66310,19
66311,ALLP-QLN MEMU,ALAPPUZHA,KOLLAM JN,MEMU,TRETA-ALAP-KOLL-Z13-66311,13
66312,QLN-ALLP MEMU,KOLLAM JN,ALAPPUZHA,MEMU,TRETA-KOLL-ALAP-Z13-66312,13
66313,ERS-ALLP PASS,ERNAKULAM JN,ALAPPUZHA,PASSENGER,TRETA-ERNA-ALAP-Z11-66313,11
66314,ALLP-ERS MEMU,ALAPPUZHA,ERNAKULAM JN,MEMU,TRETA-ALAP-ERNA-Z11-66314,11
66315,KTYM-QLN MEMU,KOTTAYAM,KOLLAM JN,MEMU,TRETA-KOTT-KOLL-Z13-66315,13
66316,QLN-KTYM MEMU,KOLLAM JN,KOTTAYAM,MEMU,TRETA-KOLL-KOTT-Z13-66316,13
66317,PUU-QLN  MEMU,PUNALUR,KOLLAM JN,MEMU,TRETA-PUNA-KOLL-Z09-66317,9
66318,QLN-PUU MEMU,KOLLAM JN,PUNALUR,MEMU,TRETA-KOLL-PUNA-Z09-66318,9
66319,SRR-ERS MEMU,SHORANUR JN,ERNAKULAM JN,MEMU,TRETA-SHOR-ERNA-Z21-66319,21
66320,ERS-SRR MEMU,ERNAKULAM JN,SHORANUR JN,MEMU,TRETA-ERNA-SHOR-Z21-66320,21
66321,ERS-QLN MEMU,ERNAKULAM JN,KOLLAM JN,MEMU,TRETA-ERNA-KOLL-Z24-66321,24
66322,QLN-ERS MEMU,KOLLAM JN,ERNAKULAM JN,MEMU,TRETA-KOLL-ERNA-Z24-66322,24
66323,CAN-SRR MEMU,KANNUR,SHORANUR JN,MEMU,TRETA-KANN-SHOR-Z31-66323,31
66324,SRR-CAN MEMU,SHORANUR JN,KANNUR,MEMU,TRETA-SHOR-KANN-Z31-66324,31
66325,NIL-SRR MEMU,NILAMBUR ROAD,SHORANUR JN,PASSENGER,TRETA-NILA-SHOR-Z04-66325,4
66326,SRR-NIL MEMU,SHORANUR JN,NILAMBUR ROAD,PASSENGER,TRETA-SHOR-NILA-Z09-66326,9
66327,ERS-QLN MEMU,ERNAKULAM JN,KOLLAM JN,MEMU,TRETA-ERNA-KOLL-Z19-66327,19
66328,QLN-ERS MEMU,KOLLAM JN,ERNAKULAM JN,MEMU,TRETA-KOLL-ERNA-Z19-66328,19
66501,UBL-BJP MEMU,SSS HUBBALLI JN,VIJAYAPURA,MEMU,TRETA-SSS_-VIJA-Z10-66501,10
66502,BJP-UBL MEMU,VIJAYAPURA,SSS HUBBALLI JN,MEMU,TRETA-VIJA-SSS_-Z10-66502,10
66505,YNK-ASK MEMU,YELAHANKA JN.,ARSIKERE JN,MEMU,TRETA-YELA-ARSI-Z27-66505,27
66506,ASK-YNK MEMU,ARSIKERE JN,YELAHANKA JN.,MEMU,TRETA-ARSI-YELA-Z27-66506,27
66511,SBC-MKM MEMU,KSR BENGALURU,MARIKUPPAM,MEMU,TRETA-KSR_-MARI-Z15-66511,15
66512,MKM-SBC MEMU,MARIKUPPAM,KSR BENGALURU,MEMU,TRETA-MARI-KSR_-Z16-66512,16
66513,BWT-MKM MEMU,BANGARAPET JN.,MARIKUPPAM,MEMU,TRETA-BANG-MARI-Z06-66513,6
66514,MKM-KJM MEMU,MARIKUPPAM,KRISHNARAJAPURM,MEMU,TRETA-MARI-KRIS-Z12-66514,12
66515,KJM-MKM MEMU,KRISHNARAJAPURM,MARIKUPPAM,MEMU,TRETA-KRIS-MARI-Z12-66515,12
66516,MKM-BWT MEMU,MARIKUPPAM,BANGARAPET JN.,MEMU,TRETA-MARI-BANG-Z06-66516,6
66517,MKM-BWT MEMU,MARIKUPPAM,BANGARAPET JN.,MEMU,TRETA-MARI-BANG-Z06-66517,6
66518,BWT-MKM MEMU,BANGARAPET JN.,MARIKUPPAM,MEMU,TRETA-BANG-MARI-Z06-66518,6
66519,MKM-SBC MEMU,MARIKUPPAM,KSR BENGALURU,MEMU,TRETA-MARI-KSR_-Z15-66519,15
66520,SBC-MKM MEMU,KSR BENGALURU,MARIKUPPAM,MEMU,TRETA-KSR_-MARI-Z14-66520,14
66523,SBC-HUP MEMU,KSR BENGALURU,HINDUPUR,MEMU,TRETA-KSR_-HIND-Z15-66523,15
66524,HUP-SBC MEMU,HINDUPUR,KSR BENGALURU,MEMU,TRETA-HIND-KSR_-Z15-66524,15
66525,SBC-HAS MEMU,KSR BENGALURU,HASSAN,MEMU,TRETA-KSR_-HASS-Z16-66525,16
66526,HAS-SBC MEMU,HASSAN,KSR BENGALURU,MEMU,TRETA-HASS-KSR_-Z16-66526,16
66527,KPN-BWT MEMU,KUPPAM,BANGARAPET JN.,MEMU,TRETA-KUPP-BANG-Z04-66527,4
66528,BWT-KPN MEMU,BANGARAPET JN.,KUPPAM,MEMU,TRETA-BANG-KUPP-Z04-66528,4
66529,KPN-SBC MEMU,KUPPAM,KSR BENGALURU,MEMU,TRETA-KUPP-KSR_-Z14-66529,14
66530,SBC-BWT MEMU,KSR BENGALURU,BANGARAPET JN.,MEMU,TRETA-KSR_-BANG-Z09-66530,9
66531,BWT-WFD MEMU,BANGARAPET JN.,WHITEFIELD,MEMU,TRETA-BANG-WHIT-Z05-66531,5
66532,WFD-MKM MEMU,WHITEFIELD,MARIKUPPAM,MEMU,TRETA-WHIT-MARI-Z11-66532,11
66533,MKM-KJM MEMU,MARIKUPPAM,KRISHNARAJAPURM,MEMU,TRETA-MARI-KRIS-Z12-66533,12
66534,KJM-KPN MEMU,KRISHNARAJAPURM,KUPPAM,MEMU,TRETA-KRIS-KUPP-Z10-66534,10
66535,SBC-CPT MEMU,KSR BENGALURU,CHANNAPATNA,MEMU,TRETA-KSR_-CHAN-Z09-66535,9
66536,CPT-SBC MEMU,CHANNAPATNA,KSR BENGALURU,MEMU,TRETA-CHAN-KSR_-Z09-66536,9
66537,BWT-SMVB MEMU,BANGARAPET JN.,SMVT BENGALURU,MEMU,TRETA-BANG-SMVT-Z06-66537,6
66538,SMVB-BWT MEMU,SMVT BENGALURU,BANGARAPET JN.,MEMU,TRETA-SMVT-BANG-Z07-66538,7
66539,SBC-AP MEMU,KSR BENGALURU,ASHOKAPURAM,MEMU,TRETA-KSR_-ASHO-Z22-66539,22
66540,AP-SBC MEMU,ASHOKAPURAM,KSR BENGALURU,MEMU,TRETA-ASHO-KSR_-Z22-66540,22
66541,WFD-SBC MEMU,WHITEFIELD,KSR BENGALURU,MEMU,TRETA-WHIT-KSR_-Z05-66541,5
66542,SBC-WFD MEMU,KSR BENGALURU,WHITEFIELD,MEMU,TRETA-KSR_-WHIT-Z04-66542,4
66543,KPN-SBC MEMU,KUPPAM,KSR BENGALURU,MEMU,TRETA-KUPP-KSR_-Z14-66543,14
66544,BAND-KPN MEMU,BANASWADI,KUPPAM,MEMU,TRETA-BANA-KUPP-Z12-66544,12
66545,MKM-SBC MEMU,MARIKUPPAM,KSR BENGALURU,MEMU,TRETA-MARI-KSR_-Z16-66545,16
66546,SBC-MKM MEMU,KSR BENGALURU,MARIKUPPAM,MEMU,TRETA-KSR_-MARI-Z15-66546,15
66547,KJM-MKM MEMU,KRISHNARAJAPURM,MARIKUPPAM,MEMU,TRETA-KRIS-MARI-Z09-66547,9
66548,MKM-KJM MEMU,MARIKUPPAM,KRISHNARAJAPURM,MEMU,TRETA-MARI-KRIS-Z09-66548,9
66549,JTJ-SBC MEMU,JOLARPETTAI JN.,KSR BENGALURU,MEMU,TRETA-JOLA-KSR_-Z18-66549,18
66550,SBC-JTJ MEMU,KSR BENGALURU,JOLARPETTAI JN.,MEMU,TRETA-KSR_-JOLA-Z17-66550,17
66551,SBC-MYS MEMU,KSR BENGALURU,MYSORE JN,MEMU,TRETA-KSR_-MYSO-Z21-66551,21
66552,MYS-SBC MEMU,MYSORE JN,KSR BENGALURU,MEMU,TRETA-MYSO-KSR_-Z21-66552,21
66553,SBC-AP MEMU,KSR BENGALURU,ASHOKAPURAM,MEMU,TRETA-KSR_-ASHO-Z23-66553,23
66554,AP-SBC MEMU,ASHOKAPURAM,KSR BENGALURU,MEMU,TRETA-ASHO-KSR_-Z23-66554,23
66555,MKM-SBC MEMU,MARIKUPPAM,KSR BENGALURU,MEMU,TRETA-MARI-KSR_-Z16-66555,16
66556,SBC-MKM MEMU,KSR BENGALURU,MARIKUPPAM,MEMU,TRETA-KSR_-MARI-Z15-66556,15
66557,BWT-MKM MEMU,BANGARAPET JN.,MARIKUPPAM,MEMU,TRETA-BANG-MARI-Z06-66557,6
66558,MKM-BWT MEMU,MARIKUPPAM,BANGARAPET JN.,MEMU,TRETA-MARI-BANG-Z06-66558,6
66559,SBC-ATP MEMU,KSR BENGALURU,ANANTAPUR,MEMU,TRETA-KSR_-ANAN-Z24-66559,24
66560,ATP-SBC MEMU,ANANTAPUR,KSR BENGALURU,MEMU,TRETA-ANAN-KSR_-Z25-66560,25
66561,TK-YPR MEMU,TUMKUR,YESVANTPUR JN.,MEMU,TRETA-TUMK-YESV-Z11-66561,11
66562,YPR-TK MEMU,YESVANTPUR JN.,TUMKUR,MEMU,TRETA-YESV-TUMK-Z11-66562,11
66563,YPR-HSRA MEMU,YESVANTPUR JN.,HOSUR,MEMU,TRETA-YESV-HOSU-Z07-66563,7
66564,HSRA-YPR MEMU,HOSUR,YESVANTPUR JN.,MEMU,TRETA-HOSU-YESV-Z07-66564,7
66565,BAND-TK MEMU,BANASWADI,TUMKUR,MEMU,TRETA-BANA-TUMK-Z08-66565,8
66566,TK-BAND MEMU,TUMKUR,BANASWADI,MEMU,TRETA-TUMK-BANA-Z09-66566,9
66567,SBC-TK MEMU,KSR BENGALURU,TUMKUR,MEMU,TRETA-KSR_-TUMK-Z13-66567,13
66568,TK-SBC MEMU,TUMKUR,KSR BENGALURU,MEMU,TRETA-TUMK-KSR_-Z13-66568,13
66569,YPR-TK MEMU,YESVANTPUR JN.,TUMKUR,MEMU,TRETA-YESV-TUMK-Z11-66569,11
66570,TK-YPR MEMU,TUMKUR,YESVANTPUR JN.,MEMU,TRETA-TUMK-YESV-Z07-66570,7
66571,SBC-TK MEMU,KSR BENGALURU,TUMKUR,MEMU,TRETA-KSR_-TUMK-Z13-66571,13
66572,TK-SBC MEMU,TUMKUR,KSR BENGALURU,MEMU,TRETA-TUMK-KSR_-Z13-66572,13
66573,YPR-TK MEMU,YESVANTPUR JN.,TUMKUR,MEMU,TRETA-YESV-TUMK-Z04-66573,4
66574,TK-YPR MEMU,TUMKUR,YESVANTPUR JN.,MEMU,TRETA-TUMK-YESV-Z11-66574,11
66575,BAND-TK MEMU,BANASWADI,TUMKUR,MEMU,TRETA-BANA-TUMK-Z10-66575,10
66576,TK-BAND MEMU,TUMKUR,BANASWADI,MEMU,TRETA-TUMK-BANA-Z07-66576,7
66577,TK-SMET MEMU,TUMKUR,SHIMOGA TOWN,MEMU,TRETA-TUMK-SHIM-Z23-66577,23
66578,SMET-TK MEMU,SHIMOGA TOWN,TUMKUR,MEMU,TRETA-SHIM-TUMK-Z23-66578,23
66579,SBC-AP MEMU,KSR BENGALURU,ASHOKAPURAM,MEMU,TRETA-KSR_-ASHO-Z18-66579,18
66580,AP-SBC MEMU,ASHOKAPURAM,KSR BENGALURU,MEMU,TRETA-ASHO-KSR_-Z18-66580,18
66581,SBC-BWT MEMU,KSR BENGALURU,BANGARAPET JN.,MEMU,TRETA-KSR_-BANG-Z08-66581,8
66582,BWT-SBC MEMU,BANGARAPET JN.,KSR BENGALURU,MEMU,TRETA-BANG-KSR_-Z09-66582,9
66583,SBC-DPJ MEMU,KSR BENGALURU,DHARMAPURI,MEMU,TRETA-KSR_-DHAR-Z13-66583,13
66584,DPJ-SBC MEMU,DHARMAPURI,KSR BENGALURU,MEMU,TRETA-DHAR-KSR_-Z14-66584,14
66585,YPR-HSRA MEMU,YESVANTPUR JN.,HOSUR,MEMU,TRETA-YESV-HOSU-Z08-66585,8
66586,HSRA-YPR MEMU,HOSUR,YESVANTPUR JN.,MEMU,TRETA-HOSU-YESV-Z08-66586,8
66587,BNC-KQZ MEMU,BANGALORE CANT,KOLAR,MEMU,TRETA-BANG-KOLA-Z10-66587,10
66588,KQZ-BNC MEMU,KOLAR,BANGALORE CANT,MEMU,TRETA-KOLA-BANG-Z09-66588,9
66589,BWT-KQZ MEMU,BANGARAPET JN.,KOLAR,MEMU,TRETA-BANG-KOLA-Z02-66589,2
66590,KQZ-BWT MEMU,KOLAR,BANGARAPET JN.,MEMU,TRETA-KOLA-BANG-Z02-66590,2
66591,SBC-KQZ MEMU,KSR BENGALURU,KOLAR,MEMU,TRETA-KSR_-KOLA-Z21-66591,21
66592,KQZ-BNC MEMU,KOLAR,BANGALORE CANT,MEMU,TRETA-KOLA-BANG-Z21-66592,21
66593,KQZ-BWT MEMU,KOLAR,BANGARAPET JN.,MEMU,TRETA-KOLA-BANG-Z02-66593,2
66594,BWT-KQZ MEMU,BANGARAPET JN.,KOLAR,MEMU,TRETA-BANG-KOLA-Z02-66594,2
66595,YPR-HSRA MEMU,YESVANTPUR JN.,HOSUR,MEMU,TRETA-YESV-HOSU-Z08-66595,8
66596,HSRA-YPR MEMU,HOSUR,YESVANTPUR JN.,MEMU,TRETA-HOSU-YESV-Z08-66596,8
66597,SBC-AP MEMU,KSR BENGALURU,ASHOKAPURAM,MEMU,TRETA-KSR_-ASHO-Z12-66597,12
66598,AP-SBC MEMU,ASHOKAPURAM,KSR BENGALURU,MEMU,TRETA-ASHO-KSR_-Z12-66598,12
66601,ED-CBE MEMU,ERODE JN,COIMBATORE JN,MEMU,TRETA-EROD-COIM-Z14-66601,14
66602,CBE-ED MEMU,COIMBATORE JN,ERODE JN,MEMU,TRETA-COIM-EROD-Z14-66602,14
66603,CBE-SRR EMU,COIMBATORE JN,SHORANUR JN,MEMU,TRETA-COIM-SHOR-Z12-66603,12
66604,SRR-CBE EMU,SHORANUR JN,COIMBATORE JN,MEMU,TRETA-SHOR-COIM-Z12-66604,12
66605,CBE-PGTN MEMU,COIMBATORE JN,PALGHAT TOWN,MEMU,TRETA-COIM-PALG-Z07-66605,7
66606,PGTN-CBE MEMU,PALGHAT TOWN,COIMBATORE JN,MEMU,TRETA-PALG-COIM-Z07-66606,7
66607,ED-PGTN MEMU,ERODE JN,PALGHAT TOWN,MEMU,TRETA-EROD-PALG-Z21-66607,21
66608,PGTN-ED MEMU,PALGHAT TOWN,ERODE JN,MEMU,TRETA-PALG-EROD-Z21-66608,21
66609,PGT-ERS MEMU,PALAKKAD JN,ERNAKULAM JN,MEMU,TRETA-PALA-ERNA-Z26-66609,26
66610,ERS-PGT MEMU,ERNAKULAM JN,PALAKKAD JN,MEMU,TRETA-ERNA-PALA-Z26-66610,26
66611,MTP-PTJ MEMU,METUPALAIYAM,PODANUR JN,MEMU,TRETA-METU-PODA-Z06-66611,6
66612,PTJ-MTP MEMU,PODANUR JN,METUPALAIYAM,MEMU,TRETA-PODA-METU-Z06-66612,6
66613,MTP-CBE MEMU,METUPALAIYAM,COIMBATORE JN,MEMU,TRETA-METU-COIM-Z05-66613,5
66614,CBE-MTP MEMU,COIMBATORE JN,METUPALAIYAM,MEMU,TRETA-COIM-METU-Z05-66614,5
66615,MTP-PTJ MEMU,METUPALAIYAM,PODANUR JN,MEMU,TRETA-METU-PODA-Z06-66615,6
66616,PTJ-MTP MEMU,PODANUR JN,METUPALAIYAM,MEMU,TRETA-PODA-METU-Z06-66616,6
66617,MTP-CBE MEMU,METUPALAIYAM,COIMBATORE JN,MEMU,TRETA-METU-COIM-Z05-66617,5
66618,CBE-MTP MEMU,COIMBATORE JN,METUPALAIYAM,MEMU,TRETA-COIM-METU-Z05-66618,5
66619,MTP-PTJ MEMU,METUPALAIYAM,PODANUR JN,MEMU,TRETA-METU-PODA-Z06-66619,6
66620,PTJ-MTP MEMU,PODANUR JN,METUPALAIYAM,MEMU,TRETA-PODA-METU-Z06-66620,6
66621,SA-ED MEMU,SALEM JN,ERODE JN,MEMU,TRETA-SALE-EROD-Z04-66621,4
66622,ED-SA MEMU,ERODE JN,SALEM JN,MEMU,TRETA-EROD-SALE-Z04-66622,4
66623,PGT-POY MEMU,PALAKKAD JN,POLLACHI JN.,MEMU,TRETA-PALA-POLL-Z07-66623,7
66624,POY-PGT MEMU,POLLACHI JN.,PALAKKAD JN,MEMU,TRETA-POLL-PALA-Z07-66624,7
67201,RJY-BZA MEMU,RAJAMUNDRY,VIJAYAWADA JN,MEMU,TRETA-RAJA-VIJA-Z13-67201,13
67202,BZA-RJY MEMU,VIJAYAWADA JN,RAJAMUNDRY,MEMU,TRETA-VIJA-RAJA-Z13-67202,13
67203,GDR-RU MEMU,GUDUR JN,RENIGUNTA JN,MEMU,TRETA-GUDU-RENI-Z06-67203,6
67204,RU-NLR MEMU,RENIGUNTA JN,NELLORE,MEMU,TRETA-RENI-NELL-Z11-67204,11
67205,TPTY-KPD PASSENGER MEMU,TIRUPATI,KATPADI JN,MEMU,TRETA-TIRU-KATP-Z12-67205,12
67206,KPD-TPTY PASSENGER MEMU,KATPADI JN,TIRUPATI,MEMU,TRETA-KATP-TIRU-Z12-67206,12
67207,TPTY-KPD PASSENGER MEMU,TIRUPATI,KATPADI JN,MEMU,TRETA-TIRU-KATP-Z12-67207,12
67208,KPD-TPTY PASSENGER MEMU,KATPADI JN,TIRUPATI,MEMU,TRETA-KATP-TIRU-Z12-67208,12
67209,TPTY-KPD PASSENGER MEMU,TIRUPATI,KATPADI JN,MEMU,TRETA-TIRU-KATP-Z12-67209,12
67210,KPD-TPTY PASSENGER MEMU,KATPADI JN,TIRUPATI,MEMU,TRETA-KATP-TIRU-Z12-67210,12
67213,BZA-TEL MEMU,VIJAYAWADA JN,TENALI JN,MEMU,TRETA-VIJA-TENA-Z06-67213,6
67214,TEL-BZA MEMU,TENALI JN,VIJAYAWADA JN,MEMU,TRETA-TENA-VIJA-Z06-67214,6
67215,BZA-BDCR MEMU,VIJAYAWADA JN,BHADRACHALAM RD,MEMU,TRETA-VIJA-BHAD-Z23-67215,23
67216,BDCR-BZA MEMU,BHADRACHALAM RD,VIJAYAWADA JN,MEMU,TRETA-BHAD-VIJA-Z23-67216,23
67221,BZA-TEL MEMU,VIJAYAWADA JN,TENALI JN,MEMU,TRETA-VIJA-TENA-Z06-67221,6
67222,TEL-BZA MEMU,TENALI JN,VIJAYAWADA JN,MEMU,TRETA-TENA-VIJA-Z06-67222,6
67223,GNT-RAL,GUNTUR JN,REPALLE,MEMU,TRETA-GUNT-REPA-Z10-67223,10
67224,RAL-TEL MEMU,REPALLE,TENALI JN,MEMU,TRETA-REPA-TENA-Z07-67224,7
67225,BZA-GDR PASSENGER MEMU,VIJAYAWADA JN,GUDUR JN,MEMU,TRETA-VIJA-GUDU-Z37-67225,37
67226,GDR-BZA PASSENGER MEMU,GUDUR JN,VIJAYAWADA JN,MEMU,TRETA-GUDU-VIJA-Z40-67226,40
67227,BZA-MCLA PASSENGER,VIJAYAWADA JN,MACHERLA,MEMU,TRETA-VIJA-MACH-Z18-67227,18
67228,MCLA-BZA PASSENGER,MACHERLA,VIJAYAWADA JN,MEMU,TRETA-MACH-VIJA-Z18-67228,18
67229,BZA-GNT MEMU,VIJAYAWADA JN,GUNTUR JN,MEMU,TRETA-VIJA-GUNT-Z05-67229,5
67230,GNT-BZA MEMU,GUNTUR JN,VIJAYAWADA JN,MEMU,TRETA-GUNT-VIJA-Z05-67230,5
67231,TEL-RAL MEMU,TENALI JN,REPALLE,MEMU,TRETA-TENA-REPA-Z07-67231,7
67232,RAL-TEL,REPALLE,TENALI JN,MEMU,TRETA-REPA-TENA-Z07-67232,7
67233,TEL-RAL MEMU,TENALI JN,REPALLE,MEMU,TRETA-TENA-REPA-Z07-67233,7
67234,RAL-GNT,REPALLE,GUNTUR JN,MEMU,TRETA-REPA-GUNT-Z10-67234,10
67235,GNT-TEL MEMU,GUNTUR JN,TENALI JN,MEMU,TRETA-GUNT-TENA-Z03-67235,3
67236,TEL-GNT MEMU,TENALI JN,GUNTUR JN,MEMU,TRETA-TENA-GUNT-Z03-67236,3
67237,TEL-RAL MEMU,TENALI JN,REPALLE,MEMU,TRETA-TENA-REPA-Z06-67237,6
67238,RAL-MRK,REPALLE,MARKAPUR ROAD,MEMU,TRETA-REPA-MARK-Z26-67238,26
67239,MRK-TEL MEMU,MARKAPUR ROAD,TENALI JN,MEMU,TRETA-MARK-TENA-Z21-67239,21
67241,RJY-BVRM,RAJAMUNDRY,BHIMAVARAM JN,MEMU,TRETA-RAJA-BHIM-Z10-67241,10
67242,BVRM-NDD DMU,BHIMAVARAM JN,NIDADAVOLU JN,MEMU,TRETA-BHIM-NIDA-Z11-67242,11
67243,NDD-NS,NIDADAVOLU JN,NARASAPUR,MEMU,TRETA-NIDA-NARA-Z16-67243,16
67244,NS-NDD,NARASAPUR,NIDADAVOLU JN,MEMU,TRETA-NARA-NIDA-Z10-67244,10
67245,NDD-NS,NIDADAVOLU JN,NARASAPUR,MEMU,TRETA-NIDA-NARA-Z15-67245,15
67246,NS-RJY DMU,NARASAPUR,RAJAMUNDRY,MEMU,TRETA-NARA-RAJA-Z13-67246,13
67247,NS-GNT,NARASAPUR,GUNTUR JN,MEMU,TRETA-NARA-GUNT-Z33-67247,33
67248,GNT-BZA MEMU,GUNTUR JN,VIJAYAWADA JN,MEMU,TRETA-GUNT-VIJA-Z05-67248,5
67249,GNT-RAL,GUNTUR JN,REPALLE,MEMU,TRETA-GUNT-REPA-Z10-67249,10
67250,RAL-GNT DMU,REPALLE,GUNTUR JN,MEMU,TRETA-REPA-GUNT-Z10-67250,10
67251,BVRM-MTM DMU,BHIMAVARAM JN,MACHILIPATNAM,MEMU,TRETA-BHIM-MACH-Z20-67251,20
67252,MTM-GDV,MACHILIPATNAM,GUDIVADA JN,MEMU,TRETA-MACH-GUDI-Z07-67252,7
67253,GDV-MTM,GUDIVADA JN,MACHILIPATNAM,MEMU,TRETA-GUDI-MACH-Z06-67253,6
67254,MTM-GDV MEMU,MACHILIPATNAM,GUDIVADA JN,MEMU,TRETA-MACH-GUDI-Z06-67254,6
67255,GDV-MTM MEMU,GUDIVADA JN,MACHILIPATNAM,MEMU,TRETA-GUDI-MACH-Z07-67255,7
67256,MTM-BZA MEMU,MACHILIPATNAM,VIJAYAWADA JN,MEMU,TRETA-MACH-VIJA-Z17-67256,17
67257,BZA-NS,VIJAYAWADA JN,NARASAPUR,MEMU,TRETA-VIJA-NARA-Z14-67257,14
67258,BZA-NS,VIJAYAWADA JN,NARASAPUR,MEMU,TRETA-VIJA-NARA-Z28-67258,28
67259,BZA-BTTR MEMU,VIJAYAWADA JN,BITRAGUNTA,MEMU,TRETA-VIJA-BITR-Z32-67259,32
67260,BTTR-BZA MEMU,BITRAGUNTA,VIJAYAWADA JN,MEMU,TRETA-BITR-VIJA-Z32-67260,32
67261,RJY-BZA MEMU,RAJAMUNDRY,VIJAYAWADA JN,MEMU,TRETA-RAJA-VIJA-Z13-67261,13
67262,BZA-RJY MEMU,VIJAYAWADA JN,RAJAMUNDRY,MEMU,TRETA-VIJA-RAJA-Z13-67262,13
67263,BZA-MTM MEMU,VIJAYAWADA JN,MACHILIPATNAM,MEMU,TRETA-VIJA-MACH-Z17-67263,17
67264,MTM-BZA,MACHILIPATNAM,VIJAYAWADA JN,MEMU,TRETA-MACH-VIJA-Z16-67264,16
67265,BZA-MTM,VIJAYAWADA JN,MACHILIPATNAM,MEMU,TRETA-VIJA-MACH-Z17-67265,17
67266,MTM-BZA,MACHILIPATNAM,VIJAYAWADA JN,MEMU,TRETA-MACH-VIJA-Z15-67266,15
67267,BZA-MTM MEMU,VIJAYAWADA JN,MACHILIPATNAM,MEMU,TRETA-VIJA-MACH-Z15-67267,15
67268,MTM-BZA DMU,MACHILIPATNAM,VIJAYAWADA JN,MEMU,TRETA-MACH-VIJA-Z09-67268,9
67269,BZA-MTM,VIJAYAWADA JN,MACHILIPATNAM,MEMU,TRETA-VIJA-MACH-Z09-67269,9
67270,MTM-BZA,MACHILIPATNAM,VIJAYAWADA JN,MEMU,TRETA-MACH-VIJA-Z17-67270,17
67271,MTM-GDV,MACHILIPATNAM,GUDIVADA JN,MEMU,TRETA-MACH-GUDI-Z04-67271,4
67272,GDV-MTM MEMU,GUDIVADA JN,MACHILIPATNAM,MEMU,TRETA-GUDI-MACH-Z07-67272,7
67273,BZA-OGL MEMU,VIJAYAWADA JN,ONGOLE,MEMU,TRETA-VIJA-ONGO-Z25-67273,25
67274,OGL-BZA MEMU,ONGOLE,VIJAYAWADA JN,MEMU,TRETA-ONGO-VIJA-Z25-67274,25
67275,BZA-BVRM,VIJAYAWADA JN,BHIMAVARAM JN,MEMU,TRETA-VIJA-BHIM-Z23-67275,23
67276,NS-BZA,NARASAPUR,VIJAYAWADA JN,MEMU,TRETA-NARA-VIJA-Z22-67276,22
67277,BVRM-NDD DMU,BHIMAVARAM JN,NIDADAVOLU JN,MEMU,TRETA-BHIM-NIDA-Z10-67277,10
67278,NDD-BVRM,NIDADAVOLU JN,BHIMAVARAM JN,MEMU,TRETA-NIDA-BHIM-Z05-67278,5
67279,NS-NDD,NARASAPUR,NIDADAVOLU JN,MEMU,TRETA-NARA-NIDA-Z07-67279,7
67280,NDD-NS PASSENGER,NIDADAVOLU JN,NARASAPUR,MEMU,TRETA-NIDA-NARA-Z07-67280,7
67281,BZA-BVRM,VIJAYAWADA JN,BHIMAVARAM JN,MEMU,TRETA-VIJA-BHIM-Z23-67281,23
67282,BVRM-BZA DMU,BHIMAVARAM JN,VIJAYAWADA JN,MEMU,TRETA-BHIM-VIJA-Z12-67282,12
67283,BVRM-NDD DMU,BHIMAVARAM JN,NIDADAVOLU JN,MEMU,TRETA-BHIM-NIDA-Z11-67283,11
67284,NDD-BVRM,NIDADAVOLU JN,BHIMAVARAM JN,MEMU,TRETA-NIDA-BHIM-Z10-67284,10
67285,RJY-VSKP PASSENGER MEMU,RAJAMUNDRY,VISAKHAPATNAM,MEMU,TRETA-RAJA-VISA-Z21-67285,21
67286,VSKP-RJY PASSENGER MEMU,VISAKHAPATNAM,RAJAMUNDRY,MEMU,TRETA-VISA-RAJA-Z21-67286,21
67287,VSKP-VZM PASSENGER,VISAKHAPATNAM,VIZIANAGRAM JN,MEMU,TRETA-VISA-VIZI-Z08-67287,8
67288,VZM-VSKP PSG,VIZIANAGRAM JN,VISAKHAPATNAM,MEMU,TRETA-VIZI-VISA-Z09-67288,9
67289,VSKP-PSA PSG,VISAKHAPATNAM,PALASA,MEMU,TRETA-VISA-PALA-Z25-67289,25
67290,PSA-VSKP PASS,PALASA,VISAKHAPATNAM,MEMU,TRETA-PALA-VISA-Z25-67290,25
67301,RJY-COA,RAJAMUNDRY,KAKINADA PORT,MEMU,TRETA-RAJA-KAKI-Z07-67301,7
67302,COA-RJY,KAKINADA PORT,RAJAMUNDRY,MEMU,TRETA-KAKI-RAJA-Z07-67302,7
67759,SC-CT MEMU,SECUNDERABAD JN,CHITTAPUR,MEMU,TRETA-SECU-CHIT-Z19-67759,19
67760,CT-SC MEMU,CHITTAPUR,SECUNDERABAD JN,MEMU,TRETA-CHIT-SECU-Z19-67760,19
67761,SC-WL MEMU,SECUNDERABAD JN,WARANGAL,MEMU,TRETA-SECU-WARA-Z15-67761,15
67762,WL-SC MEMU,WARANGAL,SECUNDERABAD JN,MEMU,TRETA-WARA-SECU-Z17-67762,17
67763,SC-KZJ MEMU,SECUNDERABAD JN,KAZIPET JN,MEMU,TRETA-SECU-KAZI-Z13-67763,13
67764,KZJ-SC MEMU,KAZIPET JN,SECUNDERABAD JN,MEMU,TRETA-KAZI-SECU-Z13-67764,13
67765,KZJ-DKJ MEMU,KAZIPET JN,DORNAKAL JN,MEMU,TRETA-KAZI-DORN-Z11-67765,11
67766,DKJ-KZJ MEMU,DORNAKAL JN,KAZIPET JN,MEMU,TRETA-DORN-KAZI-Z11-67766,11
67767,DKJ-BZA MEMU,DORNAKAL JN,VIJAYAWADA JN,MEMU,TRETA-DORN-VIJA-Z15-67767,15
67768,BZA-DKJ MEMU,VIJAYAWADA JN,DORNAKAL JN,MEMU,TRETA-VIJA-DORN-Z16-67768,16
67769,BZA-GNT MEMU,VIJAYAWADA JN,GUNTUR JN,MEMU,TRETA-VIJA-GUNT-Z05-67769,5
67770,GNT-BZA MEMU,GUNTUR JN,VIJAYAWADA JN,MEMU,TRETA-GUNT-VIJA-Z05-67770,5
67771,SRUR-KRMR MEMU,SIRPUR TOWN,KARIMNAGAR OA,MEMU,TRETA-SIRP-KARI-Z13-67771,13
67772,KRMR-SRUR MEMU,KARIMNAGAR OA,SIRPUR TOWN,MEMU,TRETA-KARI-SIRP-Z13-67772,13
67773,KRMR-BDHN MEMU,KARIMNAGAR,BODHAN,MEMU,TRETA-KARI-BODH-Z11-67773,11
67774,BDHN-KRMR MEMU,BODHAN,KARIMNAGAR,MEMU,TRETA-BODH-KARI-Z11-67774,11
67775,KCG-MRGA MEMU,KACHEGUDA,MIRYALAGUDA,MEMU,TRETA-KACH-MIRY-Z16-67775,16
67776,MRGA-KCG MEMU,MIRYALAGUDA,KACHEGUDA,MEMU,TRETA-MIRY-KACH-Z16-67776,16
67777,MRGA-NDKD MEMU,MIRYALAGUDA,NADIKODE,MEMU,TRETA-MIRY-NADI-Z02-67777,2
67778,NDKD-MRGA MEMU,NADIKODE,MIRYALAGUDA,MEMU,TRETA-NADI-MIRY-Z03-67778,3
67779,KCG-NDKD,KACHEGUDA,NADIKODE,MEMU,TRETA-KACH-NADI-Z19-67779,19
67780,NDKD-KCG DMU,NADIKODE,KACHEGUDA,MEMU,TRETA-NADI-KACH-Z20-67780,20
67781,KCG-MBNR MEMU,KACHEGUDA,MAHBUBNAGAR,MEMU,TRETA-KACH-MAHB-Z16-67781,16
67782,MBNR-KCG PASSENGER MEMU,MAHBUBNAGAR,KACHEGUDA,MEMU,TRETA-MAHB-KACH-Z20-67782,20
67783,RC-GWD,RAICHUR,GADWAL,MEMU,TRETA-RAIC-GADW-Z02-67783,2
67784,GWD-RC,GADWAL,RAICHUR,MEMU,TRETA-GADW-RAIC-Z02-67784,2
67785,FM-WADI,FALAKNUMA,WADI JN.,MEMU,TRETA-FALA-WADI-Z30-67785,30
67786,WADI-KCG,WADI JN.,KACHEGUDA,MEMU,TRETA-WADI-KACH-Z26-67786,26
67787,KCG-RC,KACHEGUDA,RAICHUR,MEMU,TRETA-KACH-RAIC-Z30-67787,30
67788,RC-KCG,RAICHUR,KACHEGUDA,MEMU,TRETA-RAIC-KACH-Z30-67788,30
67789,MAS-AJJ MEMU,PURATCHI THALAIVAR DR. MGR CTL,ARAKKONAM JN.,MEMU,TRETA-PURA-ARAK-Z09-67789,9
67790,AJJ-MASS MEMU,ARAKKONAM JN.,CHENNAI CENTRAL SUBURBAN STATION,MEMU,TRETA-ARAK-CHEN-Z09-67790,9
68001,SRC-JGM MEMU,SANTRAGACHI JN,JHARGRAM,MEMU,TRETA-SANT-JHAR-Z14-68001,14
68002,JER-HWH MEMU,JALESWAR,HOWRAH JN,MEMU,TRETA-JALE-HOWR-Z20-68002,20
68003,TATA-GUA MEMU,TATANAGAR JN,GUA,MEMU,TRETA-TATA-GUA-Z17-68003,17
68004,GUA-TATA MEMU,GUA,ADITYAPUR,MEMU,TRETA-GUA-ADIT-Z16-68004,16
68006,TATA KGP MEMU PASS,TATANAGAR JN,KHARAGPUR JN,MEMU,TRETA-TATA-KHAR-Z18-68006,18
68007,HWH-JER MEMU,HOWRAH JN,JALESWAR,MEMU,TRETA-HOWR-JALE-Z23-68007,23
68008,JGM-SRC MEMU,JHARGRAM,SANTRAGACHI JN,MEMU,TRETA-JHAR-SANT-Z14-68008,14
68009,TATA-CKP MEMU,ADITYAPUR,CHAKARADHARPUR,MEMU,TRETA-ADIT-CHAK-Z07-68009,7
68010,CKP-TATA MEMU PASS,CHAKARADHARPUR,TATANAGAR JN,MEMU,TRETA-CHAK-TATA-Z08-68010,8
68011,KGP-TATA MEMU,KHARAGPUR JN,TATANAGAR JN,MEMU,TRETA-KHAR-TATA-Z16-68011,16
68013,KGP-TATA MEMU,KHARAGPUR JN,TATANAGAR JN,MEMU,TRETA-KHAR-TATA-Z18-68013,18
68014,TATA-KGP MEMU,TATANAGAR JN,KHARAGPUR JN,MEMU,TRETA-TATA-KHAR-Z18-68014,18
68015,KGP-TATA MEMU,KHARAGPUR JN,TATANAGAR JN,MEMU,TRETA-KHAR-TATA-Z16-68015,16
68016,TATA-KGP MEMU,TATANAGAR JN,KHARAGPUR JN,MEMU,TRETA-TATA-KHAR-Z17-68016,17
68017,RNC-LAD MEMU,RANCHI,LOHARDAGA  BS,MEMU,TRETA-RANC-LOHA-Z09-68017,9
68018,LAD-RNC MEMU,LOHARDAGA  BS,RANCHI,MEMU,TRETA-LOHA-RANC-Z09-68018,9
68019,TATA-GUA MEMU PAS,ADITYAPUR,GUA,MEMU,TRETA-ADIT-GUA-Z16-68019,16
68020,GUA-TATA MEMU PASS,GUA,ADITYAPUR,MEMU,TRETA-GUA-ADIT-Z16-68020,16
68021,KGP-BLS MEMU,KHARAGPUR JN,BALASORE,MEMU,TRETA-KHAR-BALA-Z17-68021,17
68022,BLS-KGP MEMU,BALASORE,KHARAGPUR JN,MEMU,TRETA-BALA-KHAR-Z17-68022,17
68023,JGM-PRR MEMU,JHARGRAM,PURULIA JN.,MEMU,TRETA-JHAR-PURU-Z27-68023,27
68024,PRR-JGM MEMU,PURULIA JN.,JHARGRAM,MEMU,TRETA-PURU-JHAR-Z26-68024,26
68025,CKP-ROU MEMU,CHAKARADHARPUR,ROURKELA,MEMU,TRETA-CHAK-ROUR-Z13-68025,13
68026,ROU-CKP MEMU,ROURKELA,CHAKARADHARPUR,MEMU,TRETA-ROUR-CHAK-Z13-68026,13
68027,RNC-TORI MEMU,RANCHI,TORI,MEMU,TRETA-RANC-TORI-Z13-68027,13
68028,TORI-RNC MEMU,TORI,RANCHI,MEMU,TRETA-TORI-RANC-Z13-68028,13
68029,ROU-JSG MEMU,ROURKELA,JHARSUGUDA JN,MEMU,TRETA-ROUR-JHAR-Z14-68029,14
68030,JSG-ROU MEMU,JHARSUGUDA JN,ROURKELA,MEMU,TRETA-JHAR-ROUR-Z14-68030,14
68031,JSG-SBP MEMU,JHARSUGUDA JN,SAMBALPUR JN.,MEMU,TRETA-JHAR-SAMB-Z07-68031,7
68032,SBP-JSG MEMU,SAMBALPUR JN.,JHARSUGUDA JN,MEMU,TRETA-SAMB-JHAR-Z07-68032,7
68033,JSG-SBP MEMU,JHARSUGUDA JN,SAMBALPUR JN.,MEMU,TRETA-JHAR-SAMB-Z07-68033,7
68034,SBP-JSG MEMU,SAMBALPUR JN.,JHARSUGUDA JN,MEMU,TRETA-SAMB-JHAR-Z07-68034,7
68035,ADTP - HTE MEMU,ADITYAPUR,HATIA,MEMU,TRETA-ADIT-HATI-Z24-68035,24
68036,HTE-ADTP MEMU,HATIA,ADITYAPUR,MEMU,TRETA-HATI-ADIT-Z24-68036,24
68037,RNC-LAD MEMU,RANCHI,LOHARDAGA  BS,MEMU,TRETA-RANC-LOHA-Z09-68037,9
68038,LAD-RNC MEMU,LOHARDAGA  BS,RANCHI,MEMU,TRETA-LOHA-RANC-Z06-68038,6
68039,RNC-LAD MEMU,RANCHI,LOHARDAGA  BS,MEMU,TRETA-RANC-LOHA-Z09-68039,9
68040,LAD-RNC MEMU,LOHARDAGA  BS,RANCHI,MEMU,TRETA-LOHA-RANC-Z09-68040,9
68041,ADRA-BRKA MEMU,ADRA,BARKA KANA,MEMU,TRETA-ADRA-BARK-Z22-68041,22
68042,BRKA-ADRA MEMU,BARKA KANA,ADRA,MEMU,TRETA-BARK-ADRA-Z22-68042,22
68043,TATA-ROU MEMU,TATANAGAR JN,ROURKELA,MEMU,TRETA-TATA-ROUR-Z20-68043,20
68044,ROU-TATA MEMU,ROURKELA,TATANAGAR JN,MEMU,TRETA-ROUR-TATA-Z20-68044,20
68045,ADRA-ASN MEMU,ADRA,ASANSOL JN.,MEMU,TRETA-ADRA-ASAN-Z08-68045,8
68046,ASN-ADRA MEMU,ASANSOL JN.,ADRA,MEMU,TRETA-ASAN-ADRA-Z08-68046,8
68047,KGP-BLDA MEMU,KHARAGPUR JN,BELDA,MEMU,TRETA-KHAR-BELD-Z05-68047,5
68048,BLDA-KGP MEMU,BELDA,KHARAGPUR JN,MEMU,TRETA-BELD-KHAR-Z05-68048,5
68049,KGP-BHC MEMU,KHARAGPUR JN,BHADRAKH,MEMU,TRETA-KHAR-BHAD-Z27-68049,27
68050,BHC-KGP MEMU,BHADRAKH,KHARAGPUR JN,MEMU,TRETA-BHAD-KHAR-Z27-68050,27
68051,BLS-BHC MEMU,BALASORE,BHADRAKH,MEMU,TRETA-BALA-BHAD-Z09-68051,9
68052,BHC-BLS MEMU,BHADRAKH,BALASORE,MEMU,TRETA-BHAD-BALA-Z09-68052,9
68053,ADRA-BBM MEMU,ADRA,BARABHUM,MEMU,TRETA-ADRA-BARA-Z10-68053,10
68054,BBM-ADRA MEMU,BARABHUM,ADRA,MEMU,TRETA-BARA-ADRA-Z10-68054,10
68055,ASN-TATA MEMU,ASANSOL JN.,TATANAGAR JN,MEMU,TRETA-ASAN-TATA-Z28-68055,28
68056,TATA-ASN MEMU,TATANAGAR JN,ASANSOL JN.,MEMU,TRETA-TATA-ASAN-Z28-68056,28
68057,ADRA PRR MEMU SPL,ADRA,PURULIA JN.,MEMU,TRETA-ADRA-PURU-Z06-68057,6
68058,PRR-ADRA MEMU,PURULIA JN.,ADRA,MEMU,TRETA-PURU-ADRA-Z06-68058,6
68059,BBM-ASN MEMU,BARABHUM,ASANSOL JN.,MEMU,TRETA-BARA-ASAN-Z18-68059,18
68060,ASN-BBM MEMU,ASANSOL JN.,BARABHUM,MEMU,TRETA-ASAN-BARA-Z18-68060,18
68061,ADRA-ASN MEMU,ADRA,ASANSOL JN.,MEMU,TRETA-ADRA-ASAN-Z08-68061,8
68062,ASN-ADRA MEMU,ASANSOL JN.,ADRA,MEMU,TRETA-ASAN-ADRA-Z08-68062,8
68063,ADRA-ASN MEMU,ADRA,ASANSOL JN.,MEMU,TRETA-ADRA-ASAN-Z08-68063,8
68064,ASN-ADRA MEMU,ASANSOL JN.,ADRA,MEMU,TRETA-ASAN-ADRA-Z08-68064,8
68065,ADRA-ASN MEMU,ADRA,ASANSOL JN.,MEMU,TRETA-ADRA-ASAN-Z08-68065,8
68066,ASN-ADRA MEMU,ASANSOL JN.,ADRA,MEMU,TRETA-ASAN-ADRA-Z08-68066,8
68067,ADRA-ASN MEMU,ADRA,ASANSOL JN.,MEMU,TRETA-ADRA-ASAN-Z08-68067,8
68068,ASN-ADRA MEMU,ASANSOL JN.,ADRA,MEMU,TRETA-ASAN-ADRA-Z08-68068,8
68069,ADRA-ASN MEMU,ADRA,ASANSOL JN.,MEMU,TRETA-ADRA-ASAN-Z08-68069,8
68070,ASN-ADRA MEMU,ASANSOL JN.,ADRA,MEMU,TRETA-ASAN-ADRA-Z08-68070,8
68071,ADRA-KNF MEMU,ADRA,KHANODIH,MEMU,TRETA-ADRA-KHAN-Z15-68071,15
68072,VAA ADRA MEMU,BHAGA JN,ADRA,MEMU,TRETA-BHAG-ADRA-Z08-68072,8
68073,BJE-VAA MEMU,BHOJUDIH JN.,BHAGA JN,MEMU,TRETA-BHOJ-BHAG-Z04-68073,4
68074,KNF-BJE MEMU,KHANODIH,BHOJUDIH JN.,MEMU,TRETA-KHAN-BHOJ-Z11-68074,11
68075,ADRA-BJE MEMU,ADRA,BHOJUDIH JN.,MEMU,TRETA-ADRA-BHOJ-Z04-68075,4
68076,BJE-ADRA MEMU,BHOJUDIH JN.,ADRA,MEMU,TRETA-BHOJ-ADRA-Z04-68076,4
68077,ADRA-VAA MEMU,ADRA,BHAGA JN,MEMU,TRETA-ADRA-BHAG-Z08-68077,8
68078,VAA-ADRA MEMU,BHAGA JN,ADRA,MEMU,TRETA-BHAG-ADRA-Z08-68078,8
68079,BJE-CRP MEMU,BHOJUDIH JN.,CHANDRAPURA,MEMU,TRETA-BHOJ-CHAN-Z06-68079,6
68080,CRP-BJE MEMU,CHANDRAPURA,BHOJUDIH JN.,MEMU,TRETA-CHAN-BHOJ-Z06-68080,6
68081,BQA-ADRA MEMU,BANKURA,ADRA,MEMU,TRETA-BANK-ADRA-Z07-68081,7
68082,ADRA VSU PASS SPL,ADRA,BISHNUPUR,MEMU,TRETA-ADRA-BISH-Z12-68082,12
68083,VSU-ADRA MEMU,BISHNUPUR,ADRA,MEMU,TRETA-BISH-ADRA-Z13-68083,13
68084,ADRA-VSU MEMU,ADRA,BISHNUPUR,MEMU,TRETA-ADRA-BISH-Z13-68084,13
68085,TATA-BRKA MEMU PASS,TATANAGAR JN,BARKA KANA,MEMU,TRETA-TATA-BARK-Z25-68085,25
68086,BRKA-TATA MEMU PASS,BARKA KANA,TATANAGAR JN,MEMU,TRETA-BARK-TATA-Z25-68086,25
68087,VSU-DHN MEMU,BISHNUPUR,DHANBAD JN,MEMU,TRETA-BISH-DHAN-Z24-68087,24
68088,DHN-BQA MEMU,DHANBAD JN,BANKURA,MEMU,TRETA-DHAN-BANK-Z19-68088,19
68089,MDN-ADRA MEMU,MIDNAPORE,ADRA,MEMU,TRETA-MIDN-ADRA-Z20-68089,20
68090,ADRA-MDN MEMU,ADRA,MIDNAPORE,MEMU,TRETA-ADRA-MIDN-Z20-68090,20
68091,KGP JGM MEMU,KHARAGPUR JN,JHARGRAM,MEMU,TRETA-KHAR-JHAR-Z05-68091,5
68092,JGM-KGP MEMU,JHARGRAM,KHARAGPUR JN,MEMU,TRETA-JHAR-KHAR-Z05-68092,5
68093,KGP-JGM MEMU,KHARAGPUR JN,JHARGRAM,MEMU,TRETA-KHAR-JHAR-Z05-68093,5
68094,JGM-KGP MEMU,JHARGRAM,KHARAGPUR JN,MEMU,TRETA-JHAR-KHAR-Z05-68094,5
68095,JRBI-BQA MEMU,JAYRAMBATI,BANKURA,MEMU,TRETA-JAYR-BANK-Z09-68095,9
68096,BQA-JRBI MEMU,BANKURA,JAYRAMBATI,MEMU,TRETA-BANK-JAYR-Z09-68096,9
68097,GBA-ADRA MEMU,GARBETA,ADRA,MEMU,TRETA-GARB-ADRA-Z15-68097,15
68098,ADRA-GBA MEMU,ADRA,GARBETA,MEMU,TRETA-ADRA-GARB-Z15-68098,15
68101,KGP-ADRA MEMU,KHARAGPUR JN,ADRA,MEMU,TRETA-KHAR-ADRA-Z22-68101,22
68102,ADRA-KGP MEMU,ADRA,KHARAGPUR JN,MEMU,TRETA-ADRA-KHAR-Z22-68102,22
68103,MSAE-BQA MEMU,MASAGRAM,BANKURA,MEMU,TRETA-MASA-BANK-Z31-68103,31
68104,BQA-MSAE MEMU,BANKURA,MASAGRAM,MEMU,TRETA-BANK-MASA-Z31-68104,31
68105,MSAE-BQA MEMU,MASAGRAM,BANKURA,MEMU,TRETA-MASA-BANK-Z31-68105,31
68106,BQA-MSAE MEMU,BANKURA,MASAGRAM,MEMU,TRETA-BANK-MASA-Z31-68106,31
68107,MSAE-BQA MEMU,MASAGRAM,BANKURA,MEMU,TRETA-MASA-BANK-Z31-68107,31
68108,BQA-MSAE MEMU,BANKURA,MASAGRAM,MEMU,TRETA-BANK-MASA-Z31-68108,31
68109,SONA-BQA MEMU,SONAMUKHI PH,BANKURA,MEMU,TRETA-SONA-BANK-Z09-68109,9
68110,BQA-SONA MEMU,BANKURA,SONAMUKHI PH,MEMU,TRETA-BANK-SONA-Z09-68110,9
68111,MSAE-BQA MEMU,MASAGRAM,BANKURA,MEMU,TRETA-MASA-BANK-Z31-68111,31
68112,BQA-MSAE MEMU,BANKURA,MASAGRAM,MEMU,TRETA-BANK-MASA-Z31-68112,31
68113,MCA-DGHA EMU,MECHEDA,DIGHA,EMU,TRETA-MECH-DIGH-Z22-68113,22
68114,DGHA-PKU EMU,DIGHA,PANSKURA,EMU,TRETA-DIGH-PANS-Z18-68114,18
68115,PKU-DGHA MEMU,PANSKURA,DIGHA,MEMU,TRETA-PANS-DIGH-Z18-68115,18
68116,DGHA-PKU MEMU,DIGHA,PANSKURA,MEMU,TRETA-DIGH-PANS-Z18-68116,18
68117,PKU-DGHA EMU,PANSKURA,DIGHA,EMU,TRETA-PANS-DIGH-Z18-68117,18
68118,DGHA-MCA EMU,DIGHA,MECHEDA,EMU,TRETA-DIGH-MECH-Z22-68118,22
68119,PKU-DGHA EMU,PANSKURA,DIGHA,EMU,TRETA-PANS-DIGH-Z18-68119,18
68120,DGHA-PKU EMU,DIGHA,PANSKURA,EMU,TRETA-DIGH-PANS-Z18-68120,18
68121,HWH-PRR MEMU,HOWRAH JN,PURULIA JN.,MEMU,TRETA-HOWR-PURU-Z49-68121,49
68122,PRR-HWH MEMU,PURULIA JN.,HOWRAH JN,MEMU,TRETA-PURU-HOWR-Z49-68122,49
68123,KGP-TATA MEMU PASS,KHARAGPUR JN,TATANAGAR JN,MEMU,TRETA-KHAR-TATA-Z18-68123,18
68124,TATA-KGP MEMU PASS,TATANAGAR JN,KHARAGPUR JN,MEMU,TRETA-TATA-KHAR-Z18-68124,18
68125,TATA-BBN MEMU PASS,TATANAGAR JN,BARBIL,MEMU,TRETA-TATA-BARB-Z16-68125,16
68126,BBN-TATA MEMU PASS,BARBIL,TATANAGAR JN,MEMU,TRETA-BARB-TATA-Z16-68126,16
68127,CKU-TATA MEMU,CHAKULIA,TATANAGAR JN,MEMU,TRETA-CHAK-TATA-Z09-68127,9
68128,TATA-CKU MEMU,TATANAGAR JN,CHAKULIA,MEMU,TRETA-TATA-CHAK-Z09-68128,9
68129,TATA-BMPR MEMU,TATANAGAR JN,BADAMPAHAR,MEMU,TRETA-TATA-BADA-Z08-68129,8
68130,BMPR-TATA MEMU,BADAMPAHAR,TATANAGAR JN,MEMU,TRETA-BADA-TATA-Z08-68130,8
68131,TATA-BMPR MEMU,TATANAGAR JN,BADAMPAHAR,MEMU,TRETA-TATA-BADA-Z10-68131,10
68132,BMPR-TATA MEMU,BADAMPAHAR,TATANAGAR JN,MEMU,TRETA-BADA-TATA-Z10-68132,10
68133,TATA-BMPR MEMU,TATANAGAR JN,BADAMPAHAR,MEMU,TRETA-TATA-BADA-Z08-68133,8
68134,BMPR-TATA MEMU,BADAMPAHAR,TATANAGAR JN,MEMU,TRETA-BADA-TATA-Z08-68134,8
68135,TATA-BMPR MEMU,TATANAGAR JN,BADAMPAHAR,MEMU,TRETA-TATA-BADA-Z10-68135,10
68136,BMPR-TATA MEMU,BADAMPAHAR,TATANAGAR JN,MEMU,TRETA-BADA-TATA-Z08-68136,8
68137,TATA-CBSA MEMU,TATANAGAR JN,CHAIBASA,MEMU,TRETA-TATA-CHAI-Z08-68137,8
68138,CBSA-TATA MEMU,CHAIBASA,TATANAGAR JN,MEMU,TRETA-CHAI-TATA-Z08-68138,8
68173,ROP-VZR MEMU,RUPSA JN,BHANJPUR,MEMU,TRETA-RUPS-BHAN-Z08-68173,8
68174,VZR-ROP MEMU,BHANJPUR,RUPSA JN,MEMU,TRETA-BHAN-RUPS-Z04-68174,4
68175,ROP-VZR MEMU,RUPSA JN,BHANJPUR,MEMU,TRETA-RUPS-BHAN-Z08-68175,8
68176,VZR-ROP MEMU,BHANJPUR,RUPSA JN,MEMU,TRETA-BHAN-RUPS-Z08-68176,8
68177,ROP-BPO MEMU,RUPSA JN,BARIPADA,MEMU,TRETA-RUPS-BARI-Z07-68177,7
68178,BGY-BPO MEMU,BANGRIPOSI,BARIPADA,MEMU,TRETA-BANG-BARI-Z05-68178,5
68179,BPO-BGY MEMU,BARIPADA,BANGRIPOSI,MEMU,TRETA-BARI-BANG-Z05-68179,5
68180,BPO-BLS MEMU,BARIPADA,BALASORE,MEMU,TRETA-BARI-BALA-Z10-68180,10
68181,BLS-BPO MEMU,BALASORE,BARIPADA,MEMU,TRETA-BALA-BARI-Z10-68181,10
68182,BGY-BPO MEMU,BANGRIPOSI,BARIPADA,MEMU,TRETA-BANG-BARI-Z05-68182,5
68183,BPO-BGY MEMU,BARIPADA,BANGRIPOSI,MEMU,TRETA-BARI-BANG-Z05-68183,5
68184,BPO-ROP MEMU,BARIPADA,RUPSA JN,MEMU,TRETA-BARI-RUPS-Z07-68184,7
68185,BLS-GPNB MEMU,BALASORE,GOPINATHPUR NILGIRI,MEMU,TRETA-BALA-GOPI-Z02-68185,2
68186,GPNB-BLS MEMU,GOPINATHPUR NILGIRI,BALASORE,MEMU,TRETA-GOPI-BALA-Z02-68186,2
68187,BLS-GPNB MEMU,BALASORE,GOPINATHPUR NILGIRI,MEMU,TRETA-BALA-GOPI-Z02-68187,2
68188,GPNB-BLS MEMU,GOPINATHPUR NILGIRI,BALASORE,MEMU,TRETA-GOPI-BALA-Z02-68188,2
68189,BLS-GPNB MEMU,BALASORE,GOPINATHPUR NILGIRI,MEMU,TRETA-BALA-GOPI-Z02-68189,2
68190,GPNB-BLS MEMU,GOPINATHPUR NILGIRI,BALASORE,MEMU,TRETA-GOPI-BALA-Z02-68190,2
68199,MSAE-BQA MEMU,MASAGRAM,BANKURA,MEMU,TRETA-MASA-BANK-Z31-68199,31
68401,CTC-PRDP MEMU,CUTTACK,PARADEEP,MEMU,TRETA-CUTT-PARA-Z13-68401,13
68402,PRDP-CTC MEMU,PARADEEP,CUTTACK,MEMU,TRETA-PARA-CUTT-Z13-68402,13
68403,KUR-PURI MEMU,KHURDA ROAD JN,PURI,MEMU,TRETA-KHUR-PURI-Z10-68403,10
68404,PURI-KUR MEMU,PURI,KHURDA ROAD JN,MEMU,TRETA-PURI-KHUR-Z10-68404,10
68407,BLS-BBS MEMU,BALASORE,BHUBANESWAR,MEMU,TRETA-BALA-BHUB-Z39-68407,39
68408,BBS-BLS MEMU,BHUBANESWAR,BALASORE,MEMU,TRETA-BHUB-BALA-Z39-68408,39
68409,KUR-PURI MEMU,KHURDA ROAD JN,PURI,MEMU,TRETA-KHUR-PURI-Z10-68409,10
68410,PURI-KUR MEMU,PURI,KHURDA ROAD JN,MEMU,TRETA-PURI-KHUR-Z10-68410,10
68411,BBS-BAM MEMU,BHUBANESWAR,BRAHMAPUR,MEMU,TRETA-BHUB-BRAH-Z26-68411,26
68412,BAM-BBS MEMU,BRAHMAPUR,BHUBANESWAR,MEMU,TRETA-BRAH-BHUB-Z26-68412,26
68413,TLHR-PURI MEMU,TALCHER,PURI,MEMU,TRETA-TALC-PURI-Z42-68413,42
68414,PURI-TLHR MEMU,PURI,TALCHER,MEMU,TRETA-PURI-TALC-Z42-68414,42
68415,CTC-PURI MEMU,CUTTACK,PURI,MEMU,TRETA-CUTT-PURI-Z21-68415,21
68416,PURI-CTC MEMU,PURI,CUTTACK,MEMU,TRETA-PURI-CUTT-Z21-68416,21
68419,BBS-PSA MEMU,BHUBANESWAR,PALASA,MEMU,TRETA-BHUB-PALA-Z33-68419,33
68420,PSA-BBS MEMU,PALASA,BHUBANESWAR,MEMU,TRETA-PALA-BHUB-Z33-68420,33
68421,ANGL-PURI MEMU,ANGUL,PURI,MEMU,TRETA-ANGU-PURI-Z31-68421,31
68422,PURI-ANGL MEMU,PURI,ANGUL,MEMU,TRETA-PURI-ANGU-Z31-68422,31
68423,BHC-CTC MEMU,BHADRAKH,CUTTACK,MEMU,TRETA-BHAD-CUTT-Z22-68423,22
68424,CTC-BHC MEMU,CUTTACK,BHADRAKH,MEMU,TRETA-CUTT-BHAD-Z22-68424,22
68425,KDJR-KUR MEMU,KENDUJHAR,KHURDA ROAD JN,MEMU,TRETA-KEND-KHUR-Z28-68425,28
68426,KUR-KDJR MEMU,KHURDA ROAD JN,KENDUJHAR,MEMU,TRETA-KHUR-KEND-Z28-68426,28
68429,BBS-DSPL MEMU,BHUBANESWAR,DASPALLA,MEMU,TRETA-BHUB-DASP-Z15-68429,15
68430,DSPL-BBS MEMU,DASPALLA,BHUBANESWAR,MEMU,TRETA-DASP-BHUB-Z15-68430,15
68433,CTC-GNPR MEMU,CUTTACK,GUNUPUR,MEMU,TRETA-CUTT-GUNU-Z42-68433,42
68434,GNPR-CTC MEMU,GUNUPUR,CUTTACK,MEMU,TRETA-GUNU-CUTT-Z42-68434,42
68435,CTC-PRDP MEMU,CUTTACK,PARADEEP,MEMU,TRETA-CUTT-PARA-Z13-68435,13
68436,PRDP-CTC MEMU,PARADEEP,CUTTACK,MEMU,TRETA-PARA-CUTT-Z13-68436,13
68437,BHC-CTC MEMU,BHADRAKH,CUTTACK,MEMU,TRETA-BHAD-CUTT-Z22-68437,22
68438,CTC-BHC MEMU,CUTTACK,BHADRAKH,MEMU,TRETA-CUTT-BHAD-Z22-68438,22
68441,JER-PURI MEMU,JALESWAR,PURI,MEMU,TRETA-JALE-PURI-Z60-68441,60
68442,PURI-JER MEMU,PURI,JALESWAR,MEMU,TRETA-PURI-JALE-Z60-68442,60
68443,BHC-DSPL MEMU,BHADRAKH,DASPALLA,MEMU,TRETA-BHAD-DASP-Z45-68443,45
68444,DSPL-BHC MEMU,DASPALLA,BHADRAKH,MEMU,TRETA-DASP-BHAD-Z45-68444,45
68445,CTC-PSA PASSENGER,CUTTACK,PALASA,MEMU,TRETA-CUTT-PALA-Z43-68445,43
68446,PSA-CTC PASSENGER,PALASA,CUTTACK,MEMU,TRETA-PALA-CUTT-Z43-68446,43
68447,KDJR PRDP PASS,KENDUJHAR,PARADEEP,MEMU,TRETA-KEND-PARA-Z27-68447,27
68448,PRDP-KDJR MEMU SPLECIAL,PARADEEP,KENDUJHAR,MEMU,TRETA-PARA-KEND-Z27-68448,27
68449,PURI-DSPL MEMU,PURI,DASPALLA,MEMU,TRETA-PURI-DASP-Z22-68449,22
68450,DSPL-PURI MEMU,DASPALLA,PURI,MEMU,TRETA-DASP-PURI-Z22-68450,22
68701,R-DURG MEMU,RAIPUR JN.,DURG,MEMU,TRETA-RAIP-DURG-Z08-68701,8
68702,DURG-R MEMU,DURG,RAIPUR JN.,MEMU,TRETA-DURG-RAIP-Z08-68702,8
68703,R-DURG MEMU,RAIPUR JN.,DURG,MEMU,TRETA-RAIP-DURG-Z08-68703,8
68704,DURG-R MEMU,DURG,RAIPUR JN.,MEMU,TRETA-DURG-RAIP-Z08-68704,8
68705,R-DGG MEMU,RAIPUR JN.,DONGARGARH,MEMU,TRETA-RAIP-DONG-Z16-68705,16
68706,DGG-BSP MEMU,DONGARGARH,BILASPUR JN.,MEMU,TRETA-DONG-BILA-Z30-68706,30
68707,R-DURG MEMU,RAIPUR JN.,DURG,MEMU,TRETA-RAIP-DURG-Z08-68707,8
68708,DURG-R MEMU,DURG,RAIPUR JN.,MEMU,TRETA-DURG-RAIP-Z08-68708,8
68709,R-DGG MEMU,RAIPUR JN.,DONGARGARH,MEMU,TRETA-RAIP-DONG-Z16-68709,16
68710,DGG-R MEMU,DONGARGARH,RAIPUR JN.,MEMU,TRETA-DONG-RAIP-Z16-68710,16
68711,DGG-G MEMU,DONGARGARH,GONDIA JN,MEMU,TRETA-DONG-GOND-Z08-68711,8
68712,G-DGG MEMU,GONDIA JN,DONGARGARH,MEMU,TRETA-GOND-DONG-Z08-68712,8
68713,G-NITR MEMU,GONDIA JN,NETAJI SUBHASH,MEMU,TRETA-GOND-NETA-Z16-68713,16
68714,NITR BTC MEMU,NETAJI SUBHASH,BALAGHAT JN,MEMU,TRETA-NETA-BALA-Z28-68714,28
68715,BTC-NITR MEMU,BALAGHAT JN,NETAJI SUBHASH,MEMU,TRETA-BALA-NETA-Z28-68715,28
68716,NITR-G MEMU,NETAJI SUBHASH,GONDIA JN,MEMU,TRETA-NETA-GOND-Z16-68716,16
68717,R-DURG MEMU,RAIPUR JN.,DURG,MEMU,TRETA-RAIP-DURG-Z08-68717,8
68718,DURG-R MEMU,DURG,RAIPUR JN.,MEMU,TRETA-DURG-RAIP-Z06-68718,6
68719,BSP-R MEMU,BILASPUR JN.,RAIPUR JN.,MEMU,TRETA-BILA-RAIP-Z14-68719,14
68723,R-G MEMU,RAIPUR JN.,GONDIA JN,MEMU,TRETA-RAIP-GOND-Z24-68723,24
68724,G-R MEMU,GONDIA JN,RAIPUR JN.,MEMU,TRETA-GOND-RAIP-Z24-68724,24
68725,R-DURG MEMU,RAIPUR JN.,DURG,MEMU,TRETA-RAIP-DURG-Z08-68725,8
68726,DURG-R MEMU,DURG,RAIPUR JN.,MEMU,TRETA-DURG-RAIP-Z08-68726,8
68727,BSP-R MEMU,BILASPUR JN.,RAIPUR JN.,MEMU,TRETA-BILA-RAIP-Z14-68727,14
68728,R-BSP MEMU,RAIPUR JN.,BILASPUR JN.,MEMU,TRETA-RAIP-BILA-Z14-68728,14
68729,R-DGG MEMU,RAIPUR JN.,DONGARGARH,MEMU,TRETA-RAIP-DONG-Z16-68729,16
68730,DGG-R MEMU,DONGARGARH,RAIPUR JN.,MEMU,TRETA-DONG-RAIP-Z16-68730,16
68731,KRBA-BSP MEMU,KORBA,BILASPUR JN.,MEMU,TRETA-KORB-BILA-Z13-68731,13
68732,BSP-KRBA MEMU,BILASPUR JN.,KORBA,MEMU,TRETA-BILA-KORB-Z13-68732,13
68733,GAD-BSP MEMU,GEVRA ROAD,BILASPUR JN.,MEMU,TRETA-GEVR-BILA-Z14-68733,14
68734,BSP-GAD MEMU,BILASPUR JN.,GEVRA ROAD,MEMU,TRETA-BILA-GEVR-Z14-68734,14
68735,RIG-BSP MEMU,RAIGARH,BILASPUR JN.,MEMU,TRETA-RAIG-BILA-Z17-68735,17
68736,BSP-RIG MEMU,BILASPUR JN.,RAIGARH,MEMU,TRETA-BILA-RAIG-Z16-68736,16
68737,RIG-BSP MEMU,RAIGARH,BILASPUR JN.,MEMU,TRETA-RAIG-BILA-Z17-68737,17
68738,BSP-RIG MEMU,BILASPUR JN.,RAIGARH,MEMU,TRETA-BILA-RAIG-Z14-68738,14
68739,SDL-BSP MEMU,SHAHDOL,BILASPUR JN.,MEMU,TRETA-SHAH-BILA-Z23-68739,23
68740,BSP-SDL MEMU,BILASPUR JN.,SHAHDOL,MEMU,TRETA-BILA-SHAH-Z23-68740,23
68741,DURG-G MEMU,DURG,GONDIA JN,MEMU,TRETA-DURG-GOND-Z16-68741,16
68742,G-DURG MEMU,GONDIA JN,DURG,MEMU,TRETA-GOND-DURG-Z16-68742,16
68743,G-NITR MEMU,GONDIA JN,NETAJI SUBHASH,MEMU,TRETA-GOND-NETA-Z16-68743,16
68744,NITR-G MEMU,NETAJI SUBHASH,GONDIA JN,MEMU,TRETA-NETA-GOND-Z16-68744,16
68745,GAD-R MEMU,GEVRA ROAD,RAIPUR JN.,MEMU,TRETA-GEVR-RAIP-Z28-68745,28
68746,R-GAD MEMU,RAIPUR JN.,GEVRA ROAD,MEMU,TRETA-RAIP-GEVR-Z28-68746,28
68747,BSP-KTE MEMU,BILASPUR JN.,KATNI,MEMU,TRETA-BILA-KATN-Z36-68747,36
68748,KTE-BSP MEMU,KATNI,BILASPUR JN.,MEMU,TRETA-KATN-BILA-Z36-68748,36
68749,SDL-ABKP MEMU,SHAHDOL,AMBIKAPUR,MEMU,TRETA-SHAH-AMBI-Z24-68749,24
68750,ABKP-SDL MEMU,AMBIKAPUR,SHAHDOL,MEMU,TRETA-AMBI-SHAH-Z24-68750,24
68751,RTK-NITR MEMU,RAMTEK,NETAJI SUBHASH,MEMU,TRETA-RAMT-NETA-Z06-68751,6
68754,NITR-RTK MEMU,NETAJI SUBHASH,RAMTEK,MEMU,TRETA-NETA-RAMT-Z06-68754,6
68755,RTK-NITR MEMU,RAMTEK,NETAJI SUBHASH,MEMU,TRETA-RAMT-NETA-Z06-68755,6
68756,NITR-RTK MEMU,NETAJI SUBHASH,RAMTEK,MEMU,TRETA-NETA-RAMT-Z06-68756,6
68757,MDGR-ABKP MEMU,MANENDRAGARH,AMBIKAPUR,MEMU,TRETA-MANE-AMBI-Z14-68757,14
68758,ABKP-APR MEMU,AMBIKAPUR,ANUPPUR JN,MEMU,TRETA-AMBI-ANUP-Z19-68758,19
68759,APR-MDGR MEMU,ANUPPUR JN,MANENDRAGARH,MEMU,TRETA-ANUP-MANE-Z08-68759,8
68760,R-RIM MEMU,RAIPUR JN.,RAJIM,MEMU,TRETA-RAIP-RAJI-Z06-68760,6
68761,RIM-R MEMU,RAJIM,RAIPUR JN.,MEMU,TRETA-RAJI-RAIP-Z06-68761,6
68762,R-RIM MEMU,RAIPUR JN.,RAJIM,MEMU,TRETA-RAIP-RAJI-Z06-68762,6
68763,RIM-R MEMU,RAJIM,RAIPUR JN.,MEMU,TRETA-RAJI-RAIP-Z06-68763,6
68764,R-TDOK MEMU,RAIPUR JN.,TADOKI,MEMU,TRETA-RAIP-TADO-Z24-68764,24
68765,TDOK-R MEMU,TADOKI,RAIPUR JN.,MEMU,TRETA-TADO-RAIP-Z24-68765,24
68766,R-RIM MEMU,RAIPUR JN.,RAJIM,MEMU,TRETA-RAIP-RAJI-Z06-68766,6
68767,RIM-R MEMU,RAJIM,RAIPUR JN.,MEMU,TRETA-RAJI-RAIP-Z06-68767,6
68801,BPQ-G,BALHARSHAH,GONDIA JN,MEMU,TRETA-BALH-GOND-Z28-68801,28
68802,G-BPQ,GONDIA JN,BALHARSHAH,MEMU,TRETA-GOND-BALH-Z28-68802,28
68803,BPQ-G,BALHARSHAH,GONDIA JN,MEMU,TRETA-BALH-GOND-Z28-68803,28
68804,G-BPQ,GONDIA JN,BALHARSHAH,MEMU,TRETA-GOND-BALH-Z28-68804,28
68805,CAF-G MEMU,CHANDA FORT,GONDIA JN,MEMU,TRETA-CHAN-GOND-Z27-68805,27
68806,G-WSA MEMU,GONDIA JN,WADSA,MEMU,TRETA-GOND-WADS-Z13-68806,13
68808,WSA-CAF MEMU,WADSA,CHANDA FORT,MEMU,TRETA-WADS-CHAN-Z14-68808,14
68809,G-TRDI MEMU,GONDIA JN,TIRODI,MEMU,TRETA-GOND-TIRO-Z17-68809,17
68810,TRDI-G MEMU,TIRODI,GONDIA JN,MEMU,TRETA-TIRO-GOND-Z17-68810,17
68811,G-KGE MEMU,GONDIA JN,KATANGI,MEMU,TRETA-GOND-KATA-Z15-68811,15
68812,KGE-G MEMU,KATANGI,GONDIA JN,MEMU,TRETA-KATA-GOND-Z15-68812,15
68813,G-TRDI MEMU,GONDIA JN,TIRODI,MEMU,TRETA-GOND-TIRO-Z17-68813,17
68814,TRDI-G MEMU,TIRODI,GONDIA JN,MEMU,TRETA-TIRO-GOND-Z17-68814,17
68815,BPQ-G MEMU,BALHARSHAH,GONDIA JN,MEMU,TRETA-BALH-GOND-Z28-68815,28
68816,G-BPQ,GONDIA JN,BALHARSHAH,MEMU,TRETA-GOND-BALH-Z57-68816,57
68817,G-GGGS MEMU,GONDIA JN,GARHA GOODS SHED,MEMU,TRETA-GOND-GARH-Z69-68817,69
68818,GGGS-G MEMU,GARHA GOODS SHED,GONDIA JN,MEMU,TRETA-GARH-GOND-Z69-68818,69
68861,G-JSG,GONDIA JN,JHARSUGUDA JN,MEMU,TRETA-GOND-JHAR-Z63-68861,63
68862,JSG-G,JHARSUGUDA JN,GONDIA JN,MEMU,TRETA-JHAR-GOND-Z63-68862,63
69101,BRC-VTA MEMU,VADODARA JN,VATVA,MEMU,TRETA-VADO-VATV-Z17-69101,17
69102,VTA-BRC MEMU,VATVA,VADODARA JN,MEMU,TRETA-VATV-VADO-Z17-69102,17
69104,ANND-BRC MEMU,ANAND JN,VADODARA JN,MEMU,TRETA-ANAN-VADO-Z07-69104,7
69105,PRTN - TDRD MEMU Valid From : 09-Sep-2026,PRATAPNAGAR,TANDA ROAD,MEMU,TRETA-PRAT-TAND-Z13-69105,13
69106,TDRD - PRTN MEMU Valid From : 09-Sep-2026,TANDA ROAD,PRATAPNAGAR,MEMU,TRETA-TAND-PRAT-Z13-69106,13
69107,BRC-VTA MEMU,VADODARA JN,VATVA,MEMU,TRETA-VADO-VATV-Z17-69107,17
69108,VTA-BRC MEMU,VATVA,VADODARA JN,MEMU,TRETA-VATV-VADO-Z17-69108,17
69109,ST-BRC MEMU,SURAT,VADODARA JN,MEMU,TRETA-SURA-VADO-Z22-69109,22
69110,BRC-BH MEMU,VADODARA JN,BHARUCH JN,MEMU,TRETA-VADO-BHAR-Z12-69110,12
69111,ST-BRC MEMU,SURAT,VADODARA JN,MEMU,TRETA-SURA-VADO-Z22-69111,22
69112,BRC-ST MEMU,VADODARA JN,SURAT,MEMU,TRETA-VADO-SURA-Z22-69112,22
69113,BRC-VTA MEMU,VADODARA JN,VATVA,MEMU,TRETA-VADO-VATV-Z17-69113,17
69114,VTA-BRC MEMU,VATVA,VADODARA JN,MEMU,TRETA-VATV-VADO-Z17-69114,17
69115,BRC- VTA MEMU,VADODARA JN,VATVA,MEMU,TRETA-VADO-VATV-Z17-69115,17
69116,VTA - ANND MEMU,VATVA,ANAND JN,MEMU,TRETA-VATV-ANAN-Z02-69116,2
69117,BRC-DHD MEMU,VADODARA JN,DAHOD,MEMU,TRETA-VADO-DAHO-Z18-69117,18
69118,GDA-BRC MEMU,GODHRA JN,VADODARA JN,MEMU,TRETA-GODH-VADO-Z08-69118,8
69119,BRC-DHD MEMU,VADODARA JN,DAHOD,MEMU,TRETA-VADO-DAHO-Z18-69119,18
69120,DHD-BRC MEMU,DAHOD,VADODARA JN,MEMU,TRETA-DAHO-VADO-Z18-69120,18
69121,BRC-GDA MEMU,VADODARA JN,GODHRA JN,MEMU,TRETA-VADO-GODH-Z06-69121,6
69122,GDA-BRC MEMU,GODHRA JN,VADODARA JN,MEMU,TRETA-GODH-VADO-Z06-69122,6
69123,ANND-GDA MEMU,ANAND JN,GODHRA JN,MEMU,TRETA-ANAN-GODH-Z12-69123,12
69124,GDA-ANND MEMU,GODHRA JN,ANAND JN,MEMU,TRETA-GODH-ANAN-Z06-69124,6
69125,ANND-GDA MEMU,ANAND JN,GODHRA JN,MEMU,TRETA-ANAN-GODH-Z12-69125,12
69126,GDA-ANND MEMU,GODHRA JN,ANAND JN,MEMU,TRETA-GODH-ANAN-Z12-69126,12
69129,ANND-VTA MEMU,ANAND JN,VATVA,MEMU,TRETA-ANAN-VATV-Z10-69129,10
69130,VTA-ANND MEMU,VATVA,ANAND JN,MEMU,TRETA-VATV-ANAN-Z10-69130,10
69133,ANND-DK MEMU,ANAND JN,DAKOR,MEMU,TRETA-ANAN-DAKO-Z05-69133,5
69134,DK-ANND MEMU,DAKOR,ANAND JN,MEMU,TRETA-DAKO-ANAN-Z05-69134,5
69135,ANND-DK MEMU,ANAND JN,DAKOR,MEMU,TRETA-ANAN-DAKO-Z05-69135,5
69136,DK-ANND MEMU,DAKOR,ANAND JN,MEMU,TRETA-DAKO-ANAN-Z05-69136,5
69139,BVI-BL MEMU,BORIVALI,VALSAD,MEMU,TRETA-BORI-VALS-Z21-69139,21
69140,ST-VR MEMU,SURAT,VIRAR,MEMU,TRETA-SURA-VIRA-Z29-69140,29
69141,VR-ST MEMU,VIRAR,SURAT,MEMU,TRETA-VIRA-SURA-Z65-69141,65
69142,ST-VR MEMU,SURAT,VIRAR,MEMU,TRETA-SURA-VIRA-Z65-69142,65
69145,ANND-GDA MEMU,ANAND JN,GODHRA JN,MEMU,TRETA-ANAN-GODH-Z12-69145,12
69146,GDA-ANND MEMU,GODHRA JN,ANAND JN,MEMU,TRETA-GODH-ANAN-Z25-69146,25
69147,ANND-GDA MEMU,ANAND JN,GODHRA JN,MEMU,TRETA-ANAN-GODH-Z25-69147,25
69148,GDA-ANND MEMU,GODHRA JN,ANAND JN,MEMU,TRETA-GODH-ANAN-Z25-69148,25
69150,BH-ST MEMU,BHARUCH JN,SURAT,MEMU,TRETA-BHAR-SURA-Z21-69150,21
69151,BL-ST MEMU,VALSAD,SURAT,MEMU,TRETA-VALS-SURA-Z23-69151,23
69152,ST-BL MEMU,SURAT,VALSAD,MEMU,TRETA-SURA-VALS-Z23-69152,23
69153,UBR-BL MEMU,UMBARGAM ROAD,VALSAD,MEMU,TRETA-UMBA-VALS-Z08-69153,8
69154,BL-UBR MEMU,VALSAD,UMBARGAM ROAD,MEMU,TRETA-VALS-UMBA-Z08-69154,8
69157,BXN-JAB MEMU,BAYANA JN,YAMUNA BRIDGE,MEMU,TRETA-BAYA-YAMU-Z15-69157,15
69158,JAB-BXN MEMU,YAMUNA BRIDGE,BAYANA JN,MEMU,TRETA-YAMU-BAYA-Z15-69158,15
69159,BAYANA - ALWAR JN MEMU,BAYANA JN,ALWAR JUNCTION,MEMU,TRETA-BAYA-ALWA-Z27-69159,27
69160,DEEG - BAYANA MEMU,DEEG,BAYANA JN,MEMU,TRETA-DEEG-BAYA-Z18-69160,18
69161,PNVL-DRD MEMU,PANVEL,DAHANU ROAD,MEMU,TRETA-PANV-DAHA-Z19-69161,19
69164,DRD-PNVL MEMU,DAHANU ROAD,PANVEL,MEMU,TRETA-DAHA-PANV-Z21-69164,21
69165,PNVL-BSR MEMU,PANVEL,VASAI ROAD,MEMU,TRETA-PANV-VASA-Z10-69165,10
69166,BSR-PNVL MEMU,VASAI ROAD,PANVEL,MEMU,TRETA-VASA-PANV-Z11-69166,11
69167,PNVL-BSR MEMU,PANVEL,VASAI ROAD,MEMU,TRETA-PANV-VASA-Z10-69167,10
69168,BSR-PNVL MEMU,VASAI ROAD,PANVEL,MEMU,TRETA-VASA-PANV-Z11-69168,11
69169,ST-NDB MEMU,SURAT,NANDURBAR,MEMU,TRETA-SURA-NAND-Z20-69169,20
69170,NDB-ST MEMU,NANDURBAR,SURAT,MEMU,TRETA-NAND-SURA-Z21-69170,21
69171,ST-BH MEMU,SURAT,BHARUCH JN,MEMU,TRETA-SURA-BHAR-Z10-69171,10
69172,BH-ST MEMU,BHARUCH JN,SURAT,MEMU,TRETA-BHAR-SURA-Z10-69172,10
69173,VR-DRD MEMU,VIRAR,DAHANU ROAD,MEMU,TRETA-VIRA-DAHA-Z07-69173,7
69174,DRD-BVI MEMU,DAHANU ROAD,BORIVALI,MEMU,TRETA-DAHA-BORI-Z09-69174,9
69175,BH-ANND MEMU,BHARUCH JN,ANAND JN,MEMU,TRETA-BHAR-ANAN-Z19-69175,19
69176,ANND-BH MEMU,ANAND JN,BHARUCH JN,MEMU,TRETA-ANAN-BHAR-Z19-69176,19
69177,UDN-NDB MEMU,UDHNA JN,NANDURBAR,MEMU,TRETA-UDHN-NAND-Z19-69177,19
69178,NDB-UDN MEMU,NANDURBAR,UDHNA JN,MEMU,TRETA-NAND-UDHN-Z19-69178,19
69181,DHD-RTM MEMU,DAHOD,RATLAM JN,MEMU,TRETA-DAHO-RATL-Z13-69181,13
69182,RTM-DHD MEMU,RATLAM JN,DAHOD,MEMU,TRETA-RATL-DAHO-Z13-69182,13
69183,RTM-UJN MEMU,RATLAM JN,UJJAIN JN,MEMU,TRETA-RATL-UJJA-Z12-69183,12
69184,UJN-RTM MEMU,UJJAIN JN,RATLAM JN,MEMU,TRETA-UJJA-RATL-Z12-69184,12
69185,ADI-VG MEMU,AHMEDABAD JN,VIRAMGAM JN,MEMU,TRETA-AHME-VIRA-Z07-69185,7
69186,VG-ADI MEMU,VIRAMGAM JN,AHMEDABAD JN,MEMU,TRETA-VIRA-AHME-Z07-69186,7
69187,DHD-RTM MEMU,DAHOD,RATLAM JN,MEMU,TRETA-DAHO-RATL-Z13-69187,13
69188,RTM-DHD MEMU,RATLAM JN,DAHOD,MEMU,TRETA-RATL-DAHO-Z13-69188,13
69189,ANND-GDA MEMU,ANAND JN,GODHRA JN,MEMU,TRETA-ANAN-GODH-Z12-69189,12
69190,DHD-ANND MEMU,DAHOD,ANAND JN,MEMU,TRETA-DAHO-ANAN-Z22-69190,22
69191,ANND-GNC MEMU,ANAND JN,GANDHINAGAR CAPITAL,MEMU,TRETA-ANAN-GAND-Z15-69191,15
69192,GNC-ANND MEMU,GANDHINAGAR CAPITAL,ANAND JN,MEMU,TRETA-GAND-ANAN-Z15-69192,15
69198,BH-ST MEMU,BHARUCH JN,SURAT,MEMU,TRETA-BHAR-SURA-Z10-69198,10
69201,PRTN-EKNR MEMU,PRATAPNAGAR,EKTA NAGAR,MEMU,TRETA-PRAT-EKTA-Z03-69201,3
69202,EKNR-PRTN MEMU,EKTA NAGAR,PRATAPNAGAR,MEMU,TRETA-EKTA-PRAT-Z03-69202,3
69203,PRTN-EKNR MEMU,PRATAPNAGAR,EKTA NAGAR,MEMU,TRETA-PRAT-EKTA-Z03-69203,3
69204,EKNR-PRTN MEMU,EKTA NAGAR,PRATAPNAGAR,MEMU,TRETA-EKTA-PRAT-Z03-69204,3
69205,PRTN-EKNR MEMU,PRATAPNAGAR,EKTA NAGAR,MEMU,TRETA-PRAT-EKTA-Z03-69205,3
69206,EKNR-PRTN MEMU,EKTA NAGAR,PRATAPNAGAR,MEMU,TRETA-EKTA-PRAT-Z03-69206,3
69207,GNC-VTDI MEMU,GANDHINAGAR CAPITAL,VARETHA,MEMU,TRETA-GAND-VARE-Z13-69207,13
69208,VTDI-GNC MEMU,VARETHA,GANDHINAGAR CAPITAL,MEMU,TRETA-VARE-GAND-Z13-69208,13
69211,UJN-INDB MEMU,UJJAIN JN,INDORE JN,MEMU,TRETA-UJJA-INDO-Z07-69211,7
69212,INDB-UJN MEMU,INDORE JN,UJJAIN JN,MEMU,TRETA-INDO-UJJA-Z07-69212,7
69213,UJN-INDB MEMU,UJJAIN JN,INDORE JN,MEMU,TRETA-UJJA-INDO-Z07-69213,7
69214,INDB-UJN MEMU,INDORE JN,UJJAIN JN,MEMU,TRETA-INDO-UJJA-Z07-69214,7
69215,ANND-CBY MEMU,ANAND JN,KHAMBHAT,MEMU,TRETA-ANAN-KHAM-Z12-69215,12
69216,CBY-ANND MEMU,KHAMBHAT,ANAND JN,MEMU,TRETA-KHAM-ANAN-Z12-69216,12
69217,ANND-CBY MEMU,ANAND JN,KHAMBHAT,MEMU,TRETA-ANAN-KHAM-Z12-69217,12
69218,CBY-ANND MEMU,KHAMBHAT,ANAND JN,MEMU,TRETA-KHAM-ANAN-Z12-69218,12
69219,ANND-CBY MEMU,ANAND JN,KHAMBHAT,MEMU,TRETA-ANAN-KHAM-Z12-69219,12
69220,CBY-ANND MEMU,KHAMBHAT,ANAND JN,MEMU,TRETA-KHAM-ANAN-Z12-69220,12
69221,ANND-CBY MEMU,ANAND JN,KHAMBHAT,MEMU,TRETA-ANAN-KHAM-Z12-69221,12
69222,CBY-ANND MEMU,KHAMBHAT,ANAND JN,MEMU,TRETA-KHAM-ANAN-Z12-69222,12
69223,ANND-CBY MEMU,ANAND JN,KHAMBHAT,MEMU,TRETA-ANAN-KHAM-Z12-69223,12
69224,CBY-ANND MEMU,KHAMBHAT,ANAND JN,MEMU,TRETA-KHAM-ANAN-Z12-69224,12
69225,ANND-CBY MEMU,ANAND JN,KHAMBHAT,MEMU,TRETA-ANAN-KHAM-Z12-69225,12
69226,CBY-ANND MEMU,KHAMBHAT,ANAND JN,MEMU,TRETA-KHAM-ANAN-Z12-69226,12
69227,ANND-CBY MEMU,ANAND JN,KHAMBHAT,MEMU,TRETA-ANAN-KHAM-Z12-69227,12
69228,CBY-ANND MEMU,KHAMBHAT,ANAND JN,MEMU,TRETA-KHAM-ANAN-Z12-69228,12
69229,ANND-CBY MEMU,ANAND JN,KHAMBHAT,MEMU,TRETA-ANAN-KHAM-Z12-69229,12
69230,CBY-ANND MEMU,KHAMBHAT,ANAND JN,MEMU,TRETA-KHAM-ANAN-Z12-69230,12
69231,UJN-COR MEMU,UJJAIN JN,CHITTAURGARH JN.,MEMU,TRETA-UJJA-CHIT-Z08-69231,8
69232,COR-UJN MEMU,CHITTAURGARH JN.,UJJAIN JN,MEMU,TRETA-CHIT-UJJA-Z08-69232,8
69233,BRC-DHD MEMU,VADODARA JN,DAHOD,MEMU,TRETA-VADO-DAHO-Z18-69233,18
69234,DHD-BRC MEMU,DAHOD,VADODARA JN,MEMU,TRETA-DAHO-VADO-Z18-69234,18
69243,ASV-COR MEMU,ASARVA JN,CHITTAURGARH JN.,MEMU,TRETA-ASAR-CHIT-Z48-69243,48
69244,COR-ASV MEMU,CHITTAURGARH JN.,ASARVA JN,MEMU,TRETA-CHIT-ASAR-Z48-69244,48
69245,ASV-HMT MEMU,ASARVA JN,HIMMATNAGAR,MEMU,TRETA-ASAR-HIMM-Z15-69245,15
69246,HMT-ASV MEMU,HIMMATNAGAR,ASARVA JN,MEMU,TRETA-HIMM-ASAR-Z15-69246,15
69249,SBIB-KTRD MEMU,SABARMATI BG,KATOSAN ROAD,MEMU,TRETA-SABA-KATO-Z04-69249,4
69250,KTRD-SBIB MEMU,KATOSAN ROAD,SABARMATI BG,MEMU,TRETA-KATO-SABA-Z04-69250,4
69251,ASARVA - KHED BRAHMA MEMU,ASARVA JN,,MEMU,TRETA-ASAR-NAN-Z11-69251,11
69252,KHED BRAHMA - ASARVA MEMU,,ASARVA JN,MEMU,TRETA-NAN-ASAR-Z11-69252,11
70101,MAO-KAWR MEMU,MADGAON JUNCTION,KARWAR,MEMU,TRETA-MADG-KARW-Z05-70101,5
70102,KAWR-MAO MEMU,KARWAR,MADGAON JUNCTION,MEMU,TRETA-KARW-MADG-Z05-70102,5
71401,PUNE-DD DMU,PUNE JN,DAUND JN,DMU,TRETA-PUNE-DAUN-Z04-71401,4
71402,DD-PUNE DMU,DAUND JN,PUNE JN,DMU,TRETA-DAUN-PUNE-Z10-71402,10
71403,DD-BRMT MEMU,DAUND JN,BARAMATI,DMU,TRETA-DAUN-BARA-Z04-71403,4
71404,DD-PUNE DEMU,DAUND JN,PUNE JN,DMU,TRETA-DAUN-PUNE-Z10-71404,10
71405,PUNE-DD DEMU,PUNE JN,DAUND JN,DMU,TRETA-PUNE-DAUN-Z10-71405,10
71406,BRMT-PUNE DEMU,BARAMATI,PUNE JN,DMU,TRETA-BARA-PUNE-Z14-71406,14
71407,PUNE-DD DEMU,PUNE JN,DAUND JN,DMU,TRETA-PUNE-DAUN-Z10-71407,10
71408,DD-PUNE DEMU,DAUND JN,PUNE JN,DMU,TRETA-DAUN-PUNE-Z10-71408,10
71409,DD-BRMT DMU,DAUND JN,BARAMATI,DMU,TRETA-DAUN-BARA-Z04-71409,4
71410,BRMT-PUNE DEMU,BARAMATI,PUNE JN,DMU,TRETA-BARA-PUNE-Z14-71410,14
71411,PUNE-BRMT DEMU,PUNE JN,BARAMATI,DMU,TRETA-PUNE-BARA-Z14-71411,14
71412,BRMT-DD DEMU,BARAMATI,DAUND JN,DMU,TRETA-BARA-DAUN-Z04-71412,4
71413,PUNE-DD DEMU,PUNE JN,DAUND JN,DMU,TRETA-PUNE-DAUN-Z10-71413,10
71415,PUNE-PLLD DMU,PUNE JN,PHALTAN,DMU,TRETA-PUNE-PHAL-Z07-71415,7
71416,PLLD-PUNE DMU,PHALTAN,PUNE JN,DMU,TRETA-PHAL-PUNE-Z07-71416,7
71417,LNN-PLLD DMU,LONAND,PHALTAN,DMU,TRETA-LONA-PHAL-Z03-71417,3
71418,PLLD-LNN DMU,PHALTAN,LONAND,DMU,TRETA-PHAL-LONA-Z03-71418,3
71419,PUNE-STR DMU,PUNE JN,SATARA,DMU,TRETA-PUNE-SATA-Z16-71419,16
71420,STR-PUNE DMU,SATARA,PUNE JN,DMU,TRETA-SATA-PUNE-Z16-71420,16
71421,KWV-MRJ DMU,KURDUVADI JN.,MIRAJ JN.,DMU,TRETA-KURD-MIRA-Z14-71421,14
71422,MRJ-KWV DMU,MIRAJ JN.,KURDUVADI JN.,DMU,TRETA-MIRA-KURD-Z14-71422,14
71423,STR-KOP DMU,SATARA,KOLHAPUR,DMU,TRETA-SATA-KOLH-Z23-71423,23
71424,KOP-STR DMU,KOLHAPUR,SATARA,DMU,TRETA-KOLH-SATA-Z23-71424,23
71425,MRJ-KOP DMU,MIRAJ JN.,KOLHAPUR,DMU,TRETA-MIRA-KOLH-Z05-71425,5
71426,KOP-MRJ DMU,KOLHAPUR,MIRAJ JN.,DMU,TRETA-KOLH-MIRA-Z05-71426,5
71427,MRJ-KOP DMU,MIRAJ JN.,KOLHAPUR,DMU,TRETA-MIRA-KOLH-Z06-71427,6
71428,KOP-MRJ DMU,KOLHAPUR,MIRAJ JN.,DMU,TRETA-KOLH-MIRA-Z05-71428,5
71429,MRJ-KOP DMU,MIRAJ JN.,KOLHAPUR,DMU,TRETA-MIRA-KOLH-Z05-71429,5
71430,KOP-SLI DMU,KOLHAPUR,SANGLI,DMU,TRETA-KOLH-SANG-Z08-71430,8
71431,SLI - MRJ DMU,SANGLI,MIRAJ JN.,DMU,TRETA-SANG-MIRA-Z02-71431,2
71433,DD-SUR  DEMU,DAUND JN,SOLAPUR JN,DMU,TRETA-DAUN-SOLA-Z08-71433,8
71434,SUR-DD DMU,SOLAPUR JN,DAUND JN,DMU,TRETA-SOLA-DAUN-Z08-71434,8
71435,SUR-KLBG DEMU,SOLAPUR JN,KALABURAGI,DMU,TRETA-SOLA-KALA-Z05-71435,5
71436,KLBG-SUR DEMU,KALABURAGI,SOLAPUR JN,DMU,TRETA-KALA-SOLA-Z05-71436,5
71441,ANG-BEED DMU,AHILYANAGAR,BEED,DMU,TRETA-AHIL-BEED-Z14-71441,14
71442,BEED-ANG DMU,BEED,AHILYANAGAR,DMU,TRETA-BEED-AHIL-Z14-71442,14
71451,SUR-WADI DEMU,SOLAPUR JN,WADI JN.,DMU,TRETA-SOLA-WADI-Z10-71451,10
71452,WADI-SUR DMU,WADI JN.,SOLAPUR JN,DMU,TRETA-WADI-SOLA-Z18-71452,18
73401,GODA-BGP DEMU PGR,GODDA,BHAGALPUR,DMU,TRETA-GODD-BHAG-Z16-73401,16
73402,BGP-GODA DEMU PGR,BHAGALPUR,GODDA,DMU,TRETA-BHAG-GODD-Z16-73402,16
73411,GODA-HSDA DEMU PGR,GODDA,HANSDIHA,DMU,TRETA-GODD-HANS-Z04-73411,4
73412,HSDA-GODA DEMU PGR,HANSDIHA,GODDA,DMU,TRETA-HANS-GODD-Z04-73412,4
73419,SBG-BGP DEMU PGR,SAHIBGANJ JN,BHAGALPUR,DMU,TRETA-SAHI-BHAG-Z13-73419,13
73420,BGP-SBG DEMU PGR,BHAGALPUR,SAHIBGANJ JN,DMU,TRETA-BHAG-SAHI-Z13-73420,13
73421,JMP-KIUL DEMU PGR,JAMALPUR JN,KIUL JN,DMU,TRETA-JAMA-KIUL-Z12-73421,12
73422,KIUL-JMP DEMU PGR,KIUL JN,JAMALPUR JN,DMU,TRETA-KIUL-JAMA-Z12-73422,12
73425,JMP-KIUL DEMU PGR,JAMALPUR JN,KIUL JN,DMU,TRETA-JAMA-KIUL-Z09-73425,9
73426,KIUL-JMP DEMU PGR,KIUL JN,JAMALPUR JN,DMU,TRETA-KIUL-JAMA-Z09-73426,9
73427,JMP-KIUL DEMU PGR,JAMALPUR JN,KIUL JN,DMU,TRETA-JAMA-KIUL-Z10-73427,10
73428,KIUL-JMP DEMU PGR,KIUL JN,JAMALPUR JN,DMU,TRETA-KIUL-JAMA-Z10-73428,10
73429,BGP-JMP DEMU PGR,BHAGALPUR,JAMALPUR JN,DMU,TRETA-BHAG-JAMA-Z13-73429,13
73430,JMP-BGP DEMU PGR,JAMALPUR JN,BHAGALPUR,DMU,TRETA-JAMA-BHAG-Z14-73430,14
73435,BGP-JMP DEMU PGR,BHAGALPUR,JAMALPUR JN,DMU,TRETA-BHAG-JAMA-Z17-73435,17
73436,JMP-BGP DEMU PGR,JAMALPUR JN,BHAGALPUR,DMU,TRETA-JAMA-BHAG-Z17-73436,17
73441,HSDA-BGP DEMU PGR,HANSDIHA,BHAGALPUR,DMU,TRETA-HANS-BHAG-Z18-73441,18
73442,BGP-HSDA DEMU PGR,BHAGALPUR,HANSDIHA,DMU,TRETA-BHAG-HANS-Z18-73442,18
73443,HSDA-BGP DEMU PGR,HANSDIHA,BHAGALPUR,DMU,TRETA-HANS-BHAG-Z18-73443,18
73444,BGP-HSDA DEMU PGR,BHAGALPUR,HANSDIHA,DMU,TRETA-BHAG-HANS-Z18-73444,18
73445,HSDA-BGP DEMU PGR,HANSDIHA,BHAGALPUR,DMU,TRETA-HANS-BHAG-Z18-73445,18
73446,BGP-HSDA DEMU PGR,BHAGALPUR,HANSDIHA,DMU,TRETA-BHAG-HANS-Z18-73446,18
73447,BAKA-BGP DEMU PGR,BANKA,BHAGALPUR,DMU,TRETA-BANK-BHAG-Z14-73447,14
73448,BGP-BAKA DEMU PGR,BHAGALPUR,BANKA,DMU,TRETA-BHAG-BANK-Z14-73448,14
73449,BAKA-BGP DEMU PGR,BANKA,BHAGALPUR,DMU,TRETA-BANK-BHAG-Z14-73449,14
73450,BGP-BAKA DEMU PGR,BHAGALPUR,BANKA,DMU,TRETA-BHAG-BANK-Z14-73450,14
73451,TIL-JMP DMU PGR,TILRATH,JAMALPUR JN,DMU,TRETA-TILR-JAMA-Z09-73451,9
73452,JMP-TIL DMU,JAMALPUR JN,TILRATH,DMU,TRETA-JAMA-TILR-Z09-73452,9
73453,TIL-JMP DMU PGR,TILRATH,JAMALPUR JN,DMU,TRETA-TILR-JAMA-Z09-73453,9
73454,JMP-TIL DMU PGR,JAMALPUR JN,TILRATH,DMU,TRETA-JAMA-TILR-Z09-73454,9
73461,MSK-JMP DMU PGR,MAHES KHUNT,JAMALPUR JN,DMU,TRETA-MAHE-JAMA-Z06-73461,6
73462,JMP-MSK DMU,JAMALPUR JN,MAHES KHUNT,DMU,TRETA-JAMA-MAHE-Z06-73462,6
73463,KGG-JMP DMU PGR,KHAGARIA JN.,JAMALPUR JN,DMU,TRETA-KHAG-JAMA-Z04-73463,4
73464,JMP-KGG DMU PGR,JAMALPUR JN,KHAGARIA JN.,DMU,TRETA-JAMA-KHAG-Z04-73464,4
73471,DUMK-HSDA DEMU PGR,DUMKA,HANSDIHA,DMU,TRETA-DUMK-HANS-Z05-73471,5
73472,HSDA-DUMK DEMU PGR,HANSDIHA,DUMKA,DMU,TRETA-HANS-DUMK-Z05-73472,5
73481,DUMK-JSME DMU,DUMKA,JASIDIH JN.,DMU,TRETA-DUMK-JASI-Z10-73481,10
73482,JSME-DUMK DMU,JASIDIH JN.,DUMKA,DMU,TRETA-JASI-DUMK-Z10-73482,10
73483,DUMK-JSME DMU,DUMKA,JASIDIH JN.,DMU,TRETA-DUMK-JASI-Z10-73483,10
73484,JSME-DUMK DMU,JASIDIH JN.,DUMKA,DMU,TRETA-JASI-DUMK-Z09-73484,9
73491,DUMK-GODA DEMU PGR,DUMKA,GODDA,DMU,TRETA-DUMK-GODD-Z09-73491,9
73492,GODA-DUMK DEMU PGR,GODDA,DUMKA,DMU,TRETA-GODD-DUMK-Z09-73492,9
73493,DUMK-GODA DEMU PGR,DUMKA,GODDA,DMU,TRETA-DUMK-GODD-Z09-73493,9
73494,GODA-DUMK DEMU PGR,GODDA,DUMKA,DMU,TRETA-GODD-DUMK-Z09-73494,9
74001,DLI-RE DMU,DELHI JN.,REWARI JN.,DMU,TRETA-DELH-REWA-Z17-74001,17
74002,RE-DLI DMU,REWARI JN.,DELHI JN.,DMU,TRETA-REWA-DELH-Z17-74002,17
74003,DLI-RE DMU,DELHI JN.,REWARI JN.,DMU,TRETA-DELH-REWA-Z17-74003,17
74004,RE-DLI DMU,REWARI JN.,DELHI JN.,DMU,TRETA-REWA-DELH-Z17-74004,17
74009,SNP-JIND,SONIPAT,JIND JN,DMU,TRETA-SONI-JIND-Z13-74009,13
74010,JIND-SNP,JIND JN,SONIPAT,DMU,TRETA-JIND-SONI-Z13-74010,13
74011,DLI-ROK DMU,DELHI JN.,ROHTAK JN,DMU,TRETA-DELH-ROHT-Z16-74011,16
74012,ROK-DLI DMU,ROHTAK JN,DELHI JN.,DMU,TRETA-ROHT-DELH-Z16-74012,16
74013,ROK-HNS DMU,ROHTAK JN,HANSI,DMU,TRETA-ROHT-HANS-Z09-74013,9
74014,HNS-ROK DMU,HANSI,ROHTAK JN,DMU,TRETA-HANS-ROHT-Z09-74014,9
74015,RE-JIND DMU,REWARI JN.,JIND JN,DMU,TRETA-REWA-JIND-Z16-74015,16
74016,JIND-RE DMU,JIND JN,REWARI JN.,DMU,TRETA-JIND-REWA-Z16-74016,16
74017,RE-ROK DMU,REWARI JN.,ROHTAK JN,DMU,TRETA-REWA-ROHT-Z07-74017,7
74018,ROK-RE DMU,ROHTAK JN,REWARI JN.,DMU,TRETA-ROHT-REWA-Z07-74018,7
74019,SNP-JIND DMU,SONIPAT,JIND JN,DMU,TRETA-SONI-JIND-Z13-74019,13
74020,JIND-SNP DMU,JIND JN,SONIPAT,DMU,TRETA-JIND-SONI-Z13-74020,13
74021,DLI-SRE DMU,DELHI JN.,SAHARANPUR JN.,DMU,TRETA-DELH-SAHA-Z37-74021,37
74022,SMQL-DLI DMU,SHAMLI,DELHI JN.,DMU,TRETA-SHAM-DELH-Z24-74022,24
74023,DLI-SMQL DMU,DELHI JN.,SHAMLI,DMU,TRETA-DELH-SHAM-Z24-74023,24
74024,SRE-DLI DMU,SAHARANPUR JN.,DELHI JN.,DMU,TRETA-SAHA-DELH-Z37-74024,37
74029,SNP-JIND DMU,SONIPAT,JIND JN,DMU,TRETA-SONI-JIND-Z13-74029,13
74030,JIND-SNP DMU,JIND JN,SONIPAT,DMU,TRETA-JIND-SONI-Z13-74030,13
74031,GHH-FN DMU,GARHI HARSARU,FARUKHNAGAR,DMU,TRETA-GARH-FARU-Z02-74031,2
74032,FN-DEE DMU,FARUKHNAGAR,DELHI SARAI ROHILLA,DMU,TRETA-FARU-DELH-Z10-74032,10
74033,DEE-FN DMU,DELHI SARAI ROHILLA,FARUKHNAGAR,DMU,TRETA-DELH-FARU-Z10-74033,10
74036,FN-DEE DMU,FARUKHNAGAR,DELHI SARAI ROHILLA,DMU,TRETA-FARU-DELH-Z10-74036,10
74037,DEE-FN DMU,DELHI SARAI ROHILLA,FARUKHNAGAR,DMU,TRETA-DELH-FARU-Z10-74037,10
74038,FN-GHH DMU,FARUKHNAGAR,GARHI HARSARU,DMU,TRETA-FARU-GARH-Z02-74038,2
74039,SNP-JIND DMU,SONIPAT,JIND JN,DMU,TRETA-SONI-JIND-Z06-74039,6
74040,JIND-SNP DMU,JIND JN,SONIPAT,DMU,TRETA-JIND-SONI-Z06-74040,6
74041,DLI-RGS DMU,DELHI JN.,RINGAS JN,DMU,TRETA-DELH-RING-Z24-74041,24
74042,RGS-DLI DMU,RINGAS JN,DELHI JN.,DMU,TRETA-RING-DELH-Z24-74042,24
74301,SHTS-MB DMU,SAMBHAL HTM SAR,MORADABAD,DMU,TRETA-SAMB-MORA-Z06-74301,6
74302,MB-SHTS DMU,MORADABAD,SAMBHAL HTM SAR,DMU,TRETA-MORA-SAMB-Z06-74302,6
74303,SHTS-MB DMU,SAMBHAL HTM SAR,MORADABAD,DMU,TRETA-SAMB-MORA-Z06-74303,6
74304,MB-SHTS DMU,MORADABAD,SAMBHAL HTM SAR,DMU,TRETA-MORA-SAMB-Z06-74304,6
74601,BEAS-TTO DMU,BEAS,TARN TARAN,DMU,TRETA-BEAS-TARN-Z04-74601,4
74602,TTO-BEAS DMU,TARN TARAN,BEAS,DMU,TRETA-TARN-BEAS-Z04-74602,4
74603,BEAS-TTO DMU,BEAS,TARN TARAN,DMU,TRETA-BEAS-TARN-Z04-74603,4
74604,TTO-BEAS DMU,TARN TARAN,BEAS,DMU,TRETA-TARN-BEAS-Z04-74604,4
74605,BEAS-TTO DMU,BEAS,TARN TARAN,DMU,TRETA-BEAS-TARN-Z04-74605,4
74606,TTO-BEAS DMU,TARN TARAN,BEAS,DMU,TRETA-TARN-BEAS-Z04-74606,4
74607,BEAS-TTO DMU,BEAS,TARN TARAN,DMU,TRETA-BEAS-TARN-Z04-74607,4
74608,TTO-BEAS MEMU,TARN TARAN,BEAS,DMU,TRETA-TARN-BEAS-Z04-74608,4
74613,BDGM-BRML DMU,BADGAM,BARAMULA,DMU,TRETA-BADG-BARA-Z05-74613,5
74614,BRML-BAHL DMU,BARAMULA,BANIHAL,DMU,TRETA-BARA-BANI-Z17-74614,17
74615,BAHL-BRML DMU,BANIHAL,BARAMULA,DMU,TRETA-BANI-BARA-Z16-74615,16
74617,BAHL-BDGM DMU,BANIHAL,BADGAM,DMU,TRETA-BANI-BADG-Z12-74617,12
74618,BRML-BDGM DMU,BARAMULA,BADGAM,DMU,TRETA-BARA-BADG-Z05-74618,5
74619,BAHL-BDGM DMU,SANGALDAN,BARAMULA,DMU,TRETA-SANG-BARA-Z19-74619,19
74620,BRML-BAHL DMU,BARAMULA,SANGALDAN,DMU,TRETA-BARA-SANG-Z20-74620,20
74621,BDGM-BRML DMU,BADGAM,BARAMULA,DMU,TRETA-BADG-BARA-Z05-74621,5
74622,BRML-BAHL DMU,BARAMULA,BANIHAL,DMU,TRETA-BARA-BANI-Z16-74622,16
74623,BAHL-BRML,BANIHAL,BARAMULA,DMU,TRETA-BANI-BARA-Z16-74623,16
74624,BRML-BDGM DMU,BARAMULA,BADGAM,DMU,TRETA-BARA-BADG-Z06-74624,6
74625,BAHL-BRML DMU,BANIHAL,BARAMULA,DMU,TRETA-BANI-BARA-Z18-74625,18
74626,BRML-SGDN DMU,BARAMULA,BANIHAL,DMU,TRETA-BARA-BANI-Z17-74626,17
74628,BDGM-BAHL DMU,BADGAM,BANIHAL,DMU,TRETA-BADG-BANI-Z12-74628,12
74630,BRML-BAHL DMU,BARAMULA,BADGAM,DMU,TRETA-BARA-BADG-Z05-74630,5
74631,SGDN-BRML-DMU,BADGAM,BARAMULA,DMU,TRETA-BADG-BARA-Z05-74631,5
74632,BRML-BDGM DMU,BARAMULA,BADGAM,DMU,TRETA-BARA-BADG-Z05-74632,5
74641,JUC-ASR DMU,JALANDHAR CITY,AMRITSAR,DMU,TRETA-JALA-AMRI-Z10-74641,10
74644,ASR-JUC DMU,AMRITSAR,JALANDHAR CITY,DMU,TRETA-AMRI-JALA-Z10-74644,10
74645,UMB-JUC DMU,AMBALA CANT JN,JALANDHAR CITY,DMU,TRETA-AMBA-JALA-Z21-74645,21
74646,JUC-UMB DMU,JALANDHAR CITY,AMBALA CANT JN,DMU,TRETA-JALA-AMBA-Z20-74646,20
74651,ASR-DBNK DMU,AMRITSAR,DERABABA NANAK,DMU,TRETA-AMRI-DERA-Z07-74651,7
74652,DBNK-VKA DMU,DERABABA NANAK,VERKA JN,DMU,TRETA-DERA-VERK-Z06-74652,6
74653,VKA-DBNK DMU,VERKA JN,DERABABA NANAK,DMU,TRETA-VERK-DERA-Z06-74653,6
74654,DBNK-ASR DMU,DERABABA NANAK,AMRITSAR,DMU,TRETA-DERA-AMRI-Z07-74654,7
74655,ASR-DBNK DMU,AMRITSAR,DERABABA NANAK,DMU,TRETA-AMRI-DERA-Z07-74655,7
74656,DBNK-VKA DMU,DERABABA NANAK,VERKA JN,DMU,TRETA-DERA-VERK-Z06-74656,6
74657,VKA-DBNK DMU,VERKA JN,DERABABA NANAK,DMU,TRETA-VERK-DERA-Z06-74657,6
74658,DBNK-ASR DMU,DERABABA NANAK,AMRITSAR,DMU,TRETA-DERA-AMRI-Z07-74658,7
74661,ASR-ATT DMU,AMRITSAR,ATARI,DMU,TRETA-AMRI-ATAR-Z03-74661,3
74662,ATT-ASR DMU,ATARI,AMRITSAR,DMU,TRETA-ATAR-AMRI-Z03-74662,3
74663,ASR-ATT DMU,AMRITSAR,ATARI,DMU,TRETA-AMRI-ATAR-Z03-74663,3
74664,ATT-ASR DMU,ATARI,AMRITSAR,DMU,TRETA-ATAR-AMRI-Z03-74664,3
74671,ASR-PTK DMU,AMRITSAR,PATHANKOT,DMU,TRETA-AMRI-PATH-Z16-74671,16
74672,PTK-ASR DMU,PATHANKOT,AMRITSAR,DMU,TRETA-PATH-AMRI-Z16-74672,16
74673,VKA-PTK DMU,VERKA JN,PATHANKOT,DMU,TRETA-VERK-PATH-Z15-74673,15
74674,PTK-VKA DMU,PATHANKOT,VERKA JN,DMU,TRETA-PATH-VERK-Z15-74674,15
74675,ASR-PTK DMU,AMRITSAR,PATHANKOT,DMU,TRETA-AMRI-PATH-Z15-74675,15
74676,PTK-ASR DMU,PATHANKOT,AMRITSAR,DMU,TRETA-PATH-AMRI-Z15-74676,15
74681,KEMK-ASR DMU,KHEM KARAN,AMRITSAR,DMU,TRETA-KHEM-AMRI-Z10-74681,10
74682,ASR-KEMK DMU,AMRITSAR,KHEM KARAN,DMU,TRETA-AMRI-KHEM-Z10-74682,10
74683,KEMK-BGTN DMU,KHEM KARAN,BHAGTANWALA,DMU,TRETA-KHEM-BHAG-Z09-74683,9
74684,ASR-KEMK DMU,AMRITSAR,KHEM KARAN,DMU,TRETA-AMRI-KHEM-Z10-74684,10
74685,KEMK-BGTN DMU,KHEM KARAN,BHAGTANWALA,DMU,TRETA-KHEM-BHAG-Z09-74685,9
74686,BGTN-KEMK DMU,BHAGTANWALA,KHEM KARAN,DMU,TRETA-BHAG-KHEM-Z09-74686,9
74687,KEMK-ASR DMU,KHEM KARAN,AMRITSAR,DMU,TRETA-KHEM-AMRI-Z10-74687,10
74688,BGTN-KEMK DMU,BHAGTANWALA,KHEM KARAN,DMU,TRETA-BHAG-KHEM-Z09-74688,9
74691,ASR-QDN DMU,AMRITSAR,QADIAN,DMU,TRETA-AMRI-QADI-Z05-74691,5
74692,QDN-ASR DMU,QADIAN,AMRITSAR,DMU,TRETA-QADI-AMRI-Z05-74692,5
74801,MEC-MTD DMU,MERTA CITY,MERTA ROAD JN,DMU,TRETA-MERT-MERT-Z01-74801,1
74802,MTD-MEC DMU,MERTA ROAD JN,MERTA CITY,DMU,TRETA-MERT-MERT-Z01-74802,1
74811,MEC-MTD DMU,MERTA CITY,MERTA ROAD JN,DMU,TRETA-MERT-MERT-Z01-74811,1
74812,MTD-MEC DMU,MERTA ROAD JN,MERTA CITY,DMU,TRETA-MERT-MERT-Z01-74812,1
74827,MERTA ROAD - RATANGARH DE,MERTA ROAD JN,RATANGARH JN,PASSENGER,TRETA-MERT-RATA-Z20-74827,20
74828,RATANGARH MERTA ROAD DMU,RATANGARH JN,MERTA ROAD JN,PASSENGER,TRETA-RATA-MERT-Z20-74828,20
74829,RTGH-CUR DMU,RATANGARH JN,CHURU,DMU,TRETA-RATA-CHUR-Z05-74829,5
74830,CUR-RTGH DMU,CHURU,RATANGARH JN,DMU,TRETA-CHUR-RATA-Z05-74830,5
74831,BKN-CUR DMU,BIKANER JN,CHURU,DMU,TRETA-BIKA-CHUR-Z18-74831,18
74832,CUR-BKN DMU,CHURU,BIKANER JN,DMU,TRETA-CHUR-BIKA-Z18-74832,18
74833,SIKR-LHU PASSENGER,SIKAR JN,LOHARU,DMU,TRETA-SIKA-LOHA-Z09-74833,9
74834,LHU-SIKR PASSENGER,LOHARU,SIKAR JN,DMU,TRETA-LOHA-SIKA-Z09-74834,9
74835,SIKR-JP DMU,SIKAR JN,JAIPUR JN.,DMU,TRETA-SIKA-JAIP-Z14-74835,14
74836,JP-SIKR DMU PE,JAIPUR JN.,SIKAR JN,DMU,TRETA-JAIP-SIKA-Z14-74836,14
74839,BGKT-BME DMU,BHAGAT KI KOTHI,BARMER,DMU,TRETA-BHAG-BARM-Z22-74839,22
74840,BME-BGKT DMU,BARMER,BHAGAT KI KOTHI,DMU,TRETA-BARM-BHAG-Z22-74840,22
74841,BGKT-BLDI DMU,BHAGAT KI KOTHI,BHILDI JN.,DMU,TRETA-BHAG-BHIL-Z34-74841,34
74842,BLDI-BGKT DMU,BHILDI JN.,BHAGAT KI KOTHI,DMU,TRETA-BHIL-BHAG-Z34-74842,34
74843,JSM-BGKT DMU,JAISALMER,BHAGAT KI KOTHI,DMU,TRETA-JAIS-BHAG-Z22-74843,22
74844,BGKT-JSM DMU,BHAGAT KI KOTHI,JAISALMER,DMU,TRETA-BHAG-JAIS-Z22-74844,22
74845,PBC-MKN DMU,PARVATSAR CITY,MAKRANA JN,DMU,TRETA-PARV-MAKR-Z02-74845,2
74846,MKN-PBC DMU,MAKRANA JN,PARVATSAR CITY,DMU,TRETA-MAKR-PARV-Z02-74846,2
74849,RTGH-SRDR DMU,RATANGARH JN,SARDARSHAHR,DMU,TRETA-RATA-SARD-Z07-74849,7
74850,SRDR-RTGH DMU,SARDARSHAHR,RATANGARH JN,DMU,TRETA-SARD-RATA-Z07-74850,7
74851,RTGH-SRDR DMU,RATANGARH JN,SARDARSHAHR,DMU,TRETA-RATA-SARD-Z07-74851,7
74852,SRDR-RTGH DMU,SARDARSHAHR,RATANGARH JN,DMU,TRETA-SARD-RATA-Z07-74852,7
74853,RTGH-SRDR DMU,RATANGARH JN,SARDARSHAHR,DMU,TRETA-RATA-SARD-Z07-74853,7
74854,SRDR-RTGH DMU,SARDARSHAHR,RATANGARH JN,DMU,TRETA-SARD-RATA-Z07-74854,7
74855,BKN-RTGH DMU,BIKANER JN,RATANGARH JN,DMU,TRETA-BIKA-RATA-Z13-74855,13
74856,RTGH-BKN DMU,RATANGARH JN,BIKANER JN,DMU,TRETA-RATA-BIKA-Z13-74856,13
74857,SIKR-CUR DMU,SIKAR JN,CHURU,DMU,TRETA-SIKA-CHUR-Z08-74857,8
74858,CUR-SIKR DMU,CHURU,SIKAR JN,DMU,TRETA-CHUR-SIKA-Z08-74858,8
74859,SIKR-CUR DMU,SIKAR JN,CHURU,DMU,TRETA-SIKA-CHUR-Z08-74859,8
74860,CUR-SIKR DMU,CHURU,SIKAR JN,DMU,TRETA-CHUR-SIKA-Z08-74860,8
74861,JP-CUR DMU,JAIPUR JN.,CHURU,DMU,TRETA-JAIP-CHUR-Z22-74861,22
74862,CUR-JP DMU,CHURU,JAIPUR JN.,DMU,TRETA-CHUR-JAIP-Z22-74862,22
74901,JUC-PTK DMU,JALANDHAR CITY,PATHANKOT,DMU,TRETA-JALA-PATH-Z17-74901,17
74902,PTK-JUC DMU,PATHANKOT,JALANDHAR CITY,DMU,TRETA-PATH-JALA-Z17-74902,17
74903,JUC-PTK DMU,JALANDHAR CITY,PATHANKOT,DMU,TRETA-JALA-PATH-Z17-74903,17
74904,PTK-JUC DMU,PATHANKOT,JALANDHAR CITY,DMU,TRETA-PATH-JALA-Z17-74904,17
74906,MCTM-PTK DMU,MARTYR CAPTAIN TUSHAR MAHAJAN,PATHANKOT,DMU,TRETA-MART-PATH-Z18-74906,18
74907,PTK-MCTM DMU,PATHANKOT,MARTYR CAPTAIN TUSHAR MAHAJAN,DMU,TRETA-PATH-MART-Z18-74907,18
74909,PTK-MCTM DMU,PATHANKOT,MARTYR CAPTAIN TUSHAR MAHAJAN,DMU,TRETA-PATH-MART-Z18-74909,18
74910,MCTM-PTK DMU,MARTYR CAPTAIN TUSHAR MAHAJAN,PATHANKOT,DMU,TRETA-MART-PATH-Z18-74910,18
74913,HSX-JUC DMU,HOSHIARPUR,JALANDHAR CITY,DMU,TRETA-HOSH-JALA-Z06-74913,6
74914,JUC-HSX DMU,JALANDHAR CITY,HOSHIARPUR,DMU,TRETA-JALA-HOSH-Z06-74914,6
74915,HSX-JUC DMU,HOSHIARPUR,JALANDHAR CITY,DMU,TRETA-HOSH-JALA-Z06-74915,6
74916,JUC-HSX DMU,JALANDHAR CITY,HOSHIARPUR,DMU,TRETA-JALA-HOSH-Z06-74916,6
74917,HSX-JUC DMU,HOSHIARPUR,JALANDHAR CITY,DMU,TRETA-HOSH-JALA-Z06-74917,6
74918,JUC-HSX DMU,JALANDHAR CITY,HOSHIARPUR,DMU,TRETA-JALA-HOSH-Z06-74918,6
74919,HSX-JUC DMU,HOSHIARPUR,JALANDHAR CITY,DMU,TRETA-HOSH-JALA-Z06-74919,6
74920,JUC-HSX DMU,JALANDHAR CITY,HOSHIARPUR,DMU,TRETA-JALA-HOSH-Z06-74920,6
74923,HSX-JUC DMU,HOSHIARPUR,JALANDHAR CITY,DMU,TRETA-HOSH-JALA-Z06-74923,6
74924,JUC-HSX DMU,JALANDHAR CITY,HOSHIARPUR,DMU,TRETA-JALA-HOSH-Z06-74924,6
74931,JUC-FZR DMU,JALANDHAR CITY,FIROZPUR CANT,DMU,TRETA-JALA-FIRO-Z17-74931,17
74932,FZR-JUC DMU,FIROZPUR CANT,JALANDHAR CITY,DMU,TRETA-FIRO-JALA-Z29-74932,29
74933,JUC-FZR DMU,JALANDHAR CITY,FIROZPUR CANT,DMU,TRETA-JALA-FIRO-Z35-74933,35
74934,FZR-JUC DMU,FIROZPUR CANT,JALANDHAR CITY,DMU,TRETA-FIRO-JALA-Z35-74934,35
74935,JUC-FZR DMU,JALANDHAR CITY,FIROZPUR CANT,DMU,TRETA-JALA-FIRO-Z35-74935,35
74936,FZR-JUC DMU,FIROZPUR CANT,JALANDHAR CITY,DMU,TRETA-FIRO-JALA-Z35-74936,35
74937,JUC-FZR DMU,JALANDHAR CITY,FIROZPUR CANT,DMU,TRETA-JALA-FIRO-Z35-74937,35
74938,FZR-JUC DMU,FIROZPUR CANT,JALANDHAR CITY,DMU,TRETA-FIRO-JALA-Z35-74938,35
74939,JUC-FZR DMU,JALANDHAR CITY,FIROZPUR CANT,DMU,TRETA-JALA-FIRO-Z27-74939,27
74940,FZR-JUC DMU,FIROZPUR CANT,JALANDHAR CITY,DMU,TRETA-FIRO-JALA-Z17-74940,17
74941,NRO-JUC DMU,NAKODAR JN,JALANDHAR CITY,DMU,TRETA-NAKO-JALA-Z05-74941,5
74942,JUC-NRO DMU,JALANDHAR CITY,NAKODAR JN,DMU,TRETA-JALA-NAKO-Z05-74942,5
74943,NRO-JUC DMU,NAKODAR JN,JALANDHAR CITY,DMU,TRETA-NAKO-JALA-Z05-74943,5
74944,JUC-NRO DMU,JALANDHAR CITY,NAKODAR JN,DMU,TRETA-JALA-NAKO-Z05-74944,5
74945,NRO-JUC DMU,NAKODAR JN,JALANDHAR CITY,DMU,TRETA-NAKO-JALA-Z05-74945,5
74946,JUC-NRO DMU,JALANDHAR CITY,NAKODAR JN,DMU,TRETA-JALA-NAKO-Z05-74946,5
74947,NRO-JUC DMU,NAKODAR JN,JALANDHAR CITY,DMU,TRETA-NAKO-JALA-Z05-74947,5
74948,JUC-NRO DMU,JALANDHAR CITY,NAKODAR JN,DMU,TRETA-JALA-NAKO-Z05-74948,5
74951,JJJ-PGW DMU,JAIJON DOABA,PHAGWARA JN,DMU,TRETA-JAIJ-PHAG-Z14-74951,14
74952,JUC-NSS DMU,JALANDHAR CITY,N S DOABA JN,DMU,TRETA-JALA-N_S_-Z10-74952,10
74953,NSS-JUC DMU,N S DOABA JN,JALANDHAR CITY,DMU,TRETA-N_S_-JALA-Z10-74953,10
74954,PGW-JJJ DMU,PHAGWARA JN,JAIJON DOABA,DMU,TRETA-PHAG-JAIJ-Z14-74954,14
74961,LDH-FZR DMU,LUDHIANA JN,FIROZPUR CANT,DMU,TRETA-LUDH-FIRO-Z18-74961,18
74962,FZR-LDH DMU,FIROZPUR CANT,LUDHIANA JN,DMU,TRETA-FIRO-LUDH-Z18-74962,18
74963,LDH-FZR DMU,LUDHIANA JN,FIROZPUR CANT,DMU,TRETA-LUDH-FIRO-Z18-74963,18
74964,FZR-LDH DMU,FIROZPUR CANT,LUDHIANA JN,DMU,TRETA-FIRO-LUDH-Z37-74964,37
74965,LDH-LNK DMU,LUDHIANA JN,LOHIAN KHAS JN,DMU,TRETA-LUDH-LOHI-Z27-74965,27
74966,LNK-LDH DMU,LOHIAN KHAS JN,LUDHIANA JN,DMU,TRETA-LOHI-LUDH-Z27-74966,27
74967,LDH-LNK DMU,LUDHIANA JN,LOHIAN KHAS JN,DMU,TRETA-LUDH-LOHI-Z13-74967,13
74968,LNK-PHR DMU,LOHIAN KHAS JN,PHILLAUR JN,DMU,TRETA-LOHI-PHIL-Z11-74968,11
74969,PHR-LNK DMU,PHILLAUR JN,LOHIAN KHAS JN,DMU,TRETA-PHIL-LOHI-Z11-74969,11
74970,LNK-LDH DMU,LOHIAN KHAS JN,LUDHIANA JN,DMU,TRETA-LOHI-LUDH-Z13-74970,13
74971,FZR-FKA DMU,FIROZPUR CANT,FAZILKA,DMU,TRETA-FIRO-FAZI-Z13-74971,13
74972,FKA-FZR DMU,FAZILKA,FIROZPUR CANT,DMU,TRETA-FAZI-FIRO-Z13-74972,13
74973,FZR-FKA DMU,FIROZPUR CANT,FAZILKA,DMU,TRETA-FIRO-FAZI-Z13-74973,13
74974,FKA-FZR DMU,FAZILKA,FIROZPUR CANT,DMU,TRETA-FAZI-FIRO-Z13-74974,13
74975,FZR-FKA DMU,FIROZPUR CANT,FAZILKA,DMU,TRETA-FIRO-FAZI-Z13-74975,13
74976,FKA-FZR DMU,FAZILKA,FIROZPUR CANT,DMU,TRETA-FAZI-FIRO-Z13-74976,13
74977,FZR-FKA DMU,FIROZPUR CANT,FAZILKA,DMU,TRETA-FIRO-FAZI-Z13-74977,13
74978,FKA-FZR DMU,FAZILKA,FIROZPUR CANT,DMU,TRETA-FAZI-FIRO-Z13-74978,13
74981,KKP-FKA DMU,KOT KAPURA,FAZILKA,DMU,TRETA-KOT_-FAZI-Z12-74981,12
74982,FKA-KKP DMU,FAZILKA,KOT KAPURA,DMU,TRETA-FAZI-KOT_-Z12-74982,12
74983,KKP-FKA DMU,KOT KAPURA,FAZILKA,DMU,TRETA-KOT_-FAZI-Z12-74983,12
74984,FKA-KKP DMU,FAZILKA,KOT KAPURA,DMU,TRETA-FAZI-KOT_-Z12-74984,12
74985,BTI-FKA DMU,BATHINDA,FAZILKA,DMU,TRETA-BATH-FAZI-Z18-74985,18
74986,FKA-BTI DMU,FAZILKA,BATHINDA,DMU,TRETA-FAZI-BATH-Z17-74986,17
74987,BTI-FKA DMU,BATHINDA,FAZILKA,DMU,TRETA-BATH-FAZI-Z14-74987,14
74988,FKA-BTI DMU,FAZILKA,BATHINDA,DMU,TRETA-FAZI-BATH-Z18-74988,18
74991,UMB- DLPC DMU,AMBALA CANT JN,DAULATPUR CHAUK,DMU,TRETA-AMBA-DAUL-Z24-74991,24
74992,DLPC-UMB DMU,DAULATPUR CHAUK,AMBALA CANT JN,DMU,TRETA-DAUL-AMBA-Z23-74992,23
75101,CPR-ARJ DMU,CHHAPRA,AUNRIHAR JN.,DMU,TRETA-CHHA-AUNR-Z30-75101,30
75102,ARJ-CPR DMU,AUNRIHAR JN.,CHHAPRA,DMU,TRETA-AUNR-CHHA-Z30-75102,30
75103,CPR-THE DMU,CHHAPRA,THAWE JN,DMU,TRETA-CHHA-THAW-Z13-75103,13
75104,THE-CPR DMU,THAWE JN,CHHAPRA,DMU,TRETA-THAW-CHHA-Z13-75104,13
75105,THE-JEA DMU,THAWE JN,NAKAHA JUNGLE,DMU,TRETA-THAW-NAKA-Z24-75105,24
75106,GKP-THE DMU,GORAKHPUR JN,THAWE JN,DMU,TRETA-GORA-THAW-Z23-75106,23
75107,JEA-GD DMU,NAKAHA JUNGLE,GONDA JN,DMU,TRETA-NAKA-GOND-Z34-75107,34
75108,GD-JEA DMU,GONDA JN,NAKAHA JUNGLE,DMU,TRETA-GOND-NAKA-Z34-75108,34
75109,GD-NPR DMU,GONDA JN,NEPALGANJ ROAD,DMU,TRETA-GOND-NEPA-Z12-75109,12
75110,NPR-GD DMU,NEPALGANJ ROAD,GONDA JN,DMU,TRETA-NEPA-GOND-Z12-75110,12
75111,GD-NPR DMU,GONDA JN,NEPALGANJ ROAD,DMU,TRETA-GOND-NEPA-Z12-75111,12
75112,NPR-GD DMU,NEPALGANJ ROAD,GONDA JN,DMU,TRETA-NEPA-GOND-Z12-75112,12
75113,GD-BRK DMU,GONDA JN,BAHRAICH,DMU,TRETA-GOND-BAHR-Z07-75113,7
75114,BRK-GD DMU,BAHRAICH,GONDA JN,DMU,TRETA-BAHR-GOND-Z07-75114,7
75115,JEA-NTV DMU,NAKAHA JUNGLE,NAUTANWA,DMU,TRETA-NAKA-NAUT-Z17-75115,17
75116,NTV-GKP DMU,NAUTANWA,GORAKHPUR JN,DMU,TRETA-NAUT-GORA-Z18-75116,18
75117,GKP-BNY DMU,GORAKHPUR JN,BARHNI,DMU,TRETA-GORA-BARH-Z21-75117,21
75118,BNY-GKP DMU,BARHNI,GORAKHPUR JN,DMU,TRETA-BARH-GORA-Z21-75118,21
75201,FBG-SHC DMU,FORBESGANJ JN,SAHARSA JN,DMU,TRETA-FORB-SAHA-Z22-75201,22
75202,SHC-FBG DMU,SAHARSA JN,FORBESGANJ JN,DMU,TRETA-SAHA-FORB-Z22-75202,22
75203,SEE-PCDR DMU,SONPUR JN,PANCHDEORI HALT,DMU,TRETA-SONP-PANC-Z27-75203,27
75204,PCDR-SEE DMU,PANCHDEORI HALT,SONPUR JN,DMU,TRETA-PANC-SONP-Z27-75204,27
75205,LLP-SRGR-SHC DMU,LALITGRAM,SAHARSA JN,DMU,TRETA-LALI-SAHA-Z17-75205,17
75206,SHC-SRGR-LLP  DMU,SAHARSA JN,LALITGRAM,DMU,TRETA-SAHA-LALI-Z17-75206,17
75207,SPJ-MFP DMU,SAMASTIPUR JN,MUZAFFARPUR JN,DMU,TRETA-SAMA-MUZA-Z30-75207,30
75208,MFP-SPJ DMU,MUZAFFARPUR JN,SAMASTIPUR JN,DMU,TRETA-MUZA-SAMA-Z30-75208,30
75209,SPJ-JYG DMU,SAMASTIPUR JN,JAYNAGAR,DMU,TRETA-SAMA-JAYN-Z22-75209,22
75210,JYG-SPJ DMU,JAYNAGAR,SAMASTIPUR JN,DMU,TRETA-JAYN-SAMA-Z20-75210,20
75211,SPJ-SEE DMU,SAMASTIPUR JN,SONPUR JN,DMU,TRETA-SAMA-SONP-Z19-75211,19
75212,SEE-SPJ DMU,SONPUR JN,SAMASTIPUR JN,DMU,TRETA-SONP-SAMA-Z19-75212,19
75213,RXL-MAI DMU,RAXAUL JN,MEHSI,DMU,TRETA-RAXA-MEHS-Z16-75213,16
75214,MAI-RXL DMU,MEHSI,RAXAUL JN,DMU,TRETA-MEHS-RAXA-Z16-75214,16
75215,JYG-RXL DMU,JAYNAGAR,RAXAUL JN,DMU,TRETA-JAYN-RAXA-Z12-75215,12
75216,RXL-JYG DEMU,RAXAUL JN,JAYNAGAR,DMU,TRETA-RAXA-JAYN-Z11-75216,11
75217,DBG-FBG DMU,DARBHANGA JN,FORBESGANJ JN,DMU,TRETA-DARB-FORB-Z28-75217,28
75218,FBG-DBG DMU,FORBESGANJ JN,DARBHANGA JN,DMU,TRETA-FORB-DARB-Z28-75218,28
75219,DEIA-VSHI-SEE DMU,DEORIA,SONPUR JN,DMU,TRETA-DEOR-SONP-Z09-75219,9
75220,SEE-VSHI-DEIA DMU,SONPUR JN,DEORIA,DMU,TRETA-SONP-DEOR-Z09-75220,9
75221,DEIA-VSHI-SEE DMU,DEORIA,SONPUR JN,DMU,TRETA-DEOR-SONP-Z09-75221,9
75222,SEE-VSHI-DEIA DMU,SONPUR JN,DEORIA,DMU,TRETA-SONP-DEOR-Z09-75222,9
75223,BHGJ-PRNC DMU,BIHARIGANJ,PURNIA COURT,DMU,TRETA-BIHA-PURN-Z11-75223,11
75224,PRNC-BHGJ DMU,PURNIA COURT,BIHARIGANJ,DMU,TRETA-PURN-BIHA-Z11-75224,11
75225,PRNC-SHC DMU,PURNIA COURT,SAHARSA JN,DMU,TRETA-PURN-SAHA-Z16-75225,16
75226,SHC-PRNC DMU,SAHARSA JN,PURNIA COURT,DMU,TRETA-SAHA-PURN-Z16-75226,16
75229,DBG-RXL DMU,DARBHANGA JN,RAXAUL JN,DMU,TRETA-DARB-RAXA-Z30-75229,30
75230,RXL-DBG DMU,RAXAUL JN,DARBHANGA JN,DMU,TRETA-RAXA-DARB-Z30-75230,30
75235,RXL-NKE DMU,RAXAUL JN,NARKATIAGANJ JN,DMU,TRETA-RAXA-NARK-Z14-75235,14
75236,NKE-RXL DMU,NARKATIAGANJ JN,RAXAUL JN,DMU,TRETA-NARK-RAXA-Z14-75236,14
75239,BJU-SPJ DMU,BARAUNI JN,SAMASTIPUR JN,DMU,TRETA-BARA-SAMA-Z11-75239,11
75240,SPJ-BJU DMU,SAMASTIPUR JN,BARAUNI JN,DMU,TRETA-SAMA-BARA-Z09-75240,9
75245,BJU-SEE DMU,BARAUNI JN,SONPUR JN,DMU,TRETA-BARA-SONP-Z22-75245,22
75246,SEE-BJU DMU,SONPUR JN,BARAUNI JN,DMU,TRETA-SONP-BARA-Z23-75246,23
75253,SPJ-DBG DMU,SAMASTIPUR JN,DARBHANGA JN,DMU,TRETA-SAMA-DARB-Z07-75253,7
75254,DBG-SPJ DMU,DARBHANGA JN,SAMASTIPUR JN,DMU,TRETA-DARB-SAMA-Z07-75254,7
75257,PRNA-SHC DMU,PURNIA JN,SAHARSA JN,DMU,TRETA-PURN-SAHA-Z17-75257,17
75258,SHC-PRNA DMU,SAHARSA JN,PURNIA JN,DMU,TRETA-SAHA-PURN-Z17-75258,17
75259,PRNA-SHC DMU,PURNIA JN,SAHARSA JN,DMU,TRETA-PURN-SAHA-Z17-75259,17
75260,SHC-PRNA DMU,SAHARSA JN,PURNIA JN,DMU,TRETA-SAHA-PURN-Z17-75260,17
75261,PRNA-SHC DMU,PURNIA JN,SAHARSA JN,DMU,TRETA-PURN-SAHA-Z17-75261,17
75262,SHC-PRNA DMU,SAHARSA JN,PURNIA JN,DMU,TRETA-SAHA-PURN-Z17-75262,17
75263,BHGJ-SHC DMU,BIHARIGANJ,SAHARSA JN,DMU,TRETA-BIHA-SAHA-Z19-75263,19
75264,SHC-BHGJ DMU,SAHARSA JN,BIHARIGANJ,DMU,TRETA-SAHA-BIHA-Z19-75264,19
75265,BHGJ-PRNC DMU,BIHARIGANJ,PURNIA COURT,DMU,TRETA-BIHA-PURN-Z11-75265,11
75266,PRNC-BHGJ DMU,PURNIA COURT,BIHARIGANJ,DMU,TRETA-PURN-BIHA-Z11-75266,11
75267,SEE-CPR DMU,SONPUR JN,CHHAPRA,DMU,TRETA-SONP-CHHA-Z12-75267,12
75268,CPR-SEE DMU,CHHAPRA,SONPUR JN,DMU,TRETA-CHHA-SONP-Z11-75268,11
75269,SEE-CPR DMU,SONPUR JN,CHHAPRA,DMU,TRETA-SONP-CHHA-Z11-75269,11
75270,CPR-SEE DMU,CHHAPRA,SONPUR JN,DMU,TRETA-CHHA-SONP-Z12-75270,12
75280,HRGR-DBG DMU,HARNAGAR,DARBHANGA JN,DMU,TRETA-HARN-DARB-Z12-75280,12
75287,SHC-SPJ DMU,SAHARSA JN,SAMASTIPUR JN,DMU,TRETA-SAHA-SAMA-Z25-75287,25
75288,SPJ-SHC DMU,SAMASTIPUR JN,SAHARSA JN,DMU,TRETA-SAMA-SAHA-Z25-75288,25
75291,DBG-HRGR DMU,DARBHANGA JN,HARNAGAR,DMU,TRETA-DARB-HARN-Z25-75291,25
75293,DBG-HRGR DMU,DARBHANGA JN,HARNAGAR,DMU,TRETA-DARB-HARN-Z12-75293,12
75294,HRGR-DBG DMU,HARNAGAR,DARBHANGA JN,DMU,TRETA-HARN-DARB-Z25-75294,25
75301,IZN-TPU DMU,IZZATNAGAR JN,TANAKPUR,DMU,TRETA-IZZA-TANA-Z14-75301,14
75302,TPU-BC DMU,TANAKPUR,BAREILLY CITY,DMU,TRETA-TANA-BARE-Z15-75302,15
75303,BC-PBE DMU,BAREILLY CITY,PILIBHIT JN,DMU,TRETA-BARE-PILI-Z09-75303,9
75304,PBE-IZN DMU,PILIBHIT JN,IZZATNAGAR JN,DMU,TRETA-PILI-IZZA-Z05-75304,5
75601,LMG-TSK EXPRESS,LUMDING JN,TINSUKIA JN.,DMU,TRETA-LUMD-TINS-Z43-75601,43
75602,TSK-LMG EXPRESS,TINSUKIA JN.,LUMDING JN,DMU,TRETA-TINS-LUMD-Z43-75602,43
75679,AGTL-KXJ MEMU,AGARTALA,KARIMGANJ JN.,MEMU,TRETA-AGAR-KARI-Z25-75679,25
75680,KXJ-AGTL MEMU,KARIMGANJ JN.,AGARTALA,MEMU,TRETA-KARI-AGAR-Z25-75680,25
75681,SBRM-AGTL DMU,SABROOM,AGARTALA,DMU,TRETA-SABR-AGAR-Z11-75681,11
75682,AGTL-SBRM DMU,AGARTALA,SABROOM,DMU,TRETA-AGAR-SABR-Z11-75682,11
75683,SBRM-AGTL DMU,SABROOM,AGARTALA,DMU,TRETA-SABR-AGAR-Z11-75683,11
75684,AGTL-SBRM DMU,AGARTALA,SABROOM,DMU,TRETA-AGAR-SABR-Z11-75684,11
75687,SBRM-AGTL DMU,SABROOM,AGARTALA,DMU,TRETA-SABR-AGAR-Z11-75687,11
75688,AGTL-SBRM DMU,AGARTALA,SABROOM,DMU,TRETA-AGAR-SABR-Z11-75688,11
75689,SBRM-AGTL DMU,SABROOM,AGARTALA,DMU,TRETA-SABR-AGAR-Z11-75689,11
75690,AGTL-SBRM DMU,AGARTALA,SABROOM,DMU,TRETA-AGAR-SABR-Z11-75690,11
75705,RDP-SGUJ IC EXPRESS,RADHIKAPUR,SILIGURI JN,DMU,TRETA-RADH-SILI-Z15-75705,15
75706,SGUJ-RDP IC EXPRESS,SILIGURI JN,RADHIKAPUR,DMU,TRETA-SILI-RADH-Z15-75706,15
75707,RDP-SGUJ DMU,RADHIKAPUR,SILIGURI JN,DMU,TRETA-RADH-SILI-Z26-75707,26
75708,SGUJ-RDP DMU,SILIGURI JN,RADHIKAPUR,DMU,TRETA-SILI-RADH-Z26-75708,26
75709,NJP-HDB DMU,NEW JALPAIGURI,HALDIBARI,DMU,TRETA-NEW_-HALD-Z09-75709,9
75710,HDB-NJP DMU,HALDIBARI,NEW JALPAIGURI,DMU,TRETA-HALD-NEW_-Z09-75710,9
75711,NJP-HDB DMU,NEW JALPAIGURI,HALDIBARI,DMU,TRETA-NEW_-HALD-Z09-75711,9
75712,HDB-NJP DMU,HALDIBARI,NEW JALPAIGURI,DMU,TRETA-HALD-NEW_-Z09-75712,9
75713,SGUJ-BXT DMU,SILIGURI JN,BAMANHAT,DMU,TRETA-SILI-BAMA-Z29-75713,29
75714,BXT-SGUJ DMU,BAMANHAT,SILIGURI JN,DMU,TRETA-BAMA-SILI-Z29-75714,29
75719,MLFC-SGUJ DMU,MALDA COURT,SILIGURI JN,DMU,TRETA-MALD-SILI-Z42-75719,42
75720,SGUJ-MLFC DMU,SILIGURI JN,MALDA COURT,DMU,TRETA-SILI-MALD-Z42-75720,42
75721,SGUJ-HDB DMU,SILIGURI JN,HALDIBARI,DMU,TRETA-SILI-HALD-Z11-75721,11
75722,HDB-SGUJ DMU,HALDIBARI,SILIGURI JN,DMU,TRETA-HALD-SILI-Z11-75722,11
75723,NBQ-GHY DMU,NEW BONGAIGAON,GUWAHATI,DMU,TRETA-NEW_-GUWA-Z18-75723,18
75724,GHY-NBQ DMU,GUWAHATI,NEW BONGAIGAON,DMU,TRETA-GUWA-NEW_-Z18-75724,18
75725,SGUJ-NBQ DMU,SILIGURI JN,NEW BONGAIGAON,DMU,TRETA-SILI-NEW_-Z38-75725,38
75726,NBQ-SGUJ DMU,NEW BONGAIGAON,SILIGURI JN,DMU,TRETA-NEW_-SILI-Z38-75726,38
75727,GHY-HBN DMU,GUWAHATI,HAIBARGAON,DMU,TRETA-GUWA-HAIB-Z08-75727,8
75728,HBN-GHY DMU,HAIBARGAON,GUWAHATI,DMU,TRETA-HAIB-GUWA-Z08-75728,8
75729,GHY-SHTT DMU,GUWAHATI,SILGHAT TOWN,DMU,TRETA-GUWA-SILG-Z17-75729,17
75730,SHTT-GHY DMU,SILGHAT TOWN,GUWAHATI,DMU,TRETA-SILG-GUWA-Z17-75730,17
75733,TNPR-KIR DMU,TEJNARAYANPUR,KATIHAR JN,DMU,TRETA-TEJN-KATI-Z07-75733,7
75734,KIR-TNPR DMU,KATIHAR JN,TEJNARAYANPUR,DMU,TRETA-KATI-TEJN-Z07-75734,7
75735,TNPR-KIR DMU,TEJNARAYANPUR,KATIHAR JN,DMU,TRETA-TEJN-KATI-Z07-75735,7
75736,KIR-TNPR DMU,KATIHAR JN,TEJNARAYANPUR,DMU,TRETA-KATI-TEJN-Z07-75736,7
75737,TNPR-KIR DMU,TEJNARAYANPUR,KATIHAR JN,DMU,TRETA-TEJN-KATI-Z07-75737,7
75738,KIR-TNPR DMU,KATIHAR JN,TEJNARAYANPUR,DMU,TRETA-KATI-TEJN-Z07-75738,7
75741,SGUJ-DBB IC EXPRESS,SILIGURI JN,DHUBRI,DMU,TRETA-SILI-DHUB-Z20-75741,20
75742,DBB-SGUJ IC EXPRESS,DHUBRI,SILIGURI JN,DMU,TRETA-DHUB-SILI-Z20-75742,20
75743,KIR-SGUJ DMU,KATIHAR JN,SILIGURI JN,DMU,TRETA-KATI-SILI-Z31-75743,31
75744,SGUJ-KIR DMU,SILIGURI JN,KATIHAR JN,DMU,TRETA-SILI-KATI-Z31-75744,31
75745,KIR-JBN DMU,KATIHAR JN,JOGBANI,DMU,TRETA-KATI-JOGB-Z18-75745,18
75746,JBN-KIR DMU,JOGBANI,KATIHAR JN,DMU,TRETA-JOGB-KATI-Z18-75746,18
75749,KIR-TETA DMU,KATIHAR JN,TELTA,DMU,TRETA-KATI-TELT-Z13-75749,13
75750,TETA-KIR DMU,TELTA,KATIHAR JN,DMU,TRETA-TELT-KATI-Z13-75750,13
75751,TETA-RDP DMU,TELTA,RADHIKAPUR,DMU,TRETA-TELT-RADH-Z10-75751,10
75752,RDP-TETA DMU,RADHIKAPUR,TELTA,DMU,TRETA-RADH-TELT-Z10-75752,10
75753,KIR-JBN DMU,KATIHAR JN,JOGBANI,DMU,TRETA-KATI-JOGB-Z18-75753,18
75754,JBN-KIR DMU,JOGBANI,KATIHAR JN,DMU,TRETA-JOGB-KATI-Z18-75754,18
75755,KIR-JBN DMU,KATIHAR JN,JOGBANI,DMU,TRETA-KATI-JOGB-Z14-75755,14
75756,JBN-KIR DMU,JOGBANI,KATIHAR JN,DMU,TRETA-JOGB-KATI-Z14-75756,14
75757,KIR-JBN DMU,KATIHAR JN,JOGBANI,DMU,TRETA-KATI-JOGB-Z14-75757,14
75758,JBN-KIR DMU,JOGBANI,KATIHAR JN,DMU,TRETA-JOGB-KATI-Z18-75758,18
75759,KIR-JBN DMU,KATIHAR JN,JOGBANI,DMU,TRETA-KATI-JOGB-Z18-75759,18
75760,JBN-KIR DMU,JOGBANI,KATIHAR JN,DMU,TRETA-JOGB-KATI-Z14-75760,14
75761,KIR-JBN DMU,KATIHAR JN,JOGBANI,DMU,TRETA-KATI-JOGB-Z18-75761,18
75762,JBN-KIR DMU,JOGBANI,KATIHAR JN,DMU,TRETA-JOGB-KATI-Z14-75762,14
75902,LEDO-NSBG DMU,LEDO,NEW SISIBORGAON,DMU,TRETA-LEDO-NEW_-Z16-75902,16
75903,NSBG-LEDO DMU,NEW SISIBORGAON,LEDO,DMU,TRETA-NEW_-LEDO-Z16-75903,16
75904,MJN-DNGI DMU,MAKUM JN,DANGARI,DMU,TRETA-MAKU-DANG-Z06-75904,6
75905,DNGI-MJN DMU,DANGARI,MAKUM JN,DMU,TRETA-DANG-MAKU-Z06-75905,6
76501,LWR-DED DEMU,ALNAVAR JN,DANDELI,DMU,TRETA-ALNA-DAND-Z01-76501,1
76502,DED-LWR DEMU,DANDELI,ALNAVAR JN,DMU,TRETA-DAND-ALNA-Z01-76502,1
76503,LWR-DED DEMU,ALNAVAR JN,DANDELI,DMU,TRETA-ALNA-DAND-Z01-76503,1
76504,DED-LWR DEMU,DANDELI,ALNAVAR JN,DMU,TRETA-DAND-ALNA-Z01-76504,1
76505,LWR-DED DEMU,ALNAVAR JN,DANDELI,DMU,TRETA-ALNA-DAND-Z01-76505,1
76506,DED-LWR DEMU,DANDELI,ALNAVAR JN,DMU,TRETA-DAND-ALNA-Z01-76506,1
76507,HPT-UBL DMU,HOSAPETE JUNCTION,SSS HUBBALLI JN,DMU,TRETA-HOSA-SSS_-Z09-76507,9
76508,UBL-HPT DMU,SSS HUBBALLI JN,HOSAPETE JUNCTION,DMU,TRETA-SSS_-HOSA-Z09-76508,9
76509,BAY-DVG DMU,BALLARI JN.,DAVANGERE,DMU,TRETA-BALL-DAVA-Z19-76509,19
76510,DVG-BAY DMU,DAVANGERE,BALLARI JN.,DMU,TRETA-DAVA-BALL-Z19-76510,19
76511,HPT-BAY DMU,HOSAPETE JUNCTION,BALLARI JN.,DMU,TRETA-HOSA-BALL-Z06-76511,6
76512,BAY-HPT DMU,BALLARI JN.,HOSAPETE JUNCTION,DMU,TRETA-BALL-HOSA-Z06-76512,6
76801,MQ-TPJ DMU,MANNARGUDI,TIRUCHCHIRAPPALLI JN.,DMU,TRETA-MANN-TIRU-Z15-76801,15
76802,TPJ-MQ DMU,TIRUCHCHIRAPPALLI JN.,MANNARGUDI,DMU,TRETA-TIRU-MANN-Z13-76802,13
76803,KIK-TJ DMU,KARAIKAL,THANJAVUR JN.,DMU,TRETA-KARA-THAN-Z19-76803,19
76804,TJ-KIK DMU,THANJAVUR JN.,KARAIKAL,DMU,TRETA-THAN-KARA-Z19-76804,19
76805,KIK-VLNK DMU,KARAIKAL,VELLANKANNI,DMU,TRETA-KARA-VELL-Z05-76805,5
76806,VLNK-KIK DMU,VELLANKANNI,KARAIKAL,DMU,TRETA-VELL-KARA-Z05-76806,5
76807,NGT-VLNK DMU,NAGAPPATTINAM JN,VELLANKANNI,DMU,TRETA-NAGA-VELL-Z01-76807,1
76808,VLNK-NGT DMU,VELLANKANNI,NAGAPPATTINAM JN,DMU,TRETA-VELL-NAGA-Z01-76808,1
76809,TPJ-KRR PASS,TIRUCHCHIRAPPALLI JN.,KARUR JN.,PASSENGER,TRETA-TIRU-KARU-Z16-76809,16
76810,KRR-TPJ PASS,KARUR JN.,TIRUCHCHIRAPPALLI JN.,PASSENGER,TRETA-KARU-TIRU-Z16-76810,16
76811,TDPR-TPJ DMU,TIRUPPADIRIPULIYUR,TIRUCHCHIRAPPALLI JN.,DMU,TRETA-TIRU-TIRU-Z29-76811,29
76812,TPJ-TDPR DMU,TIRUCHCHIRAPPALLI JN.,TIRUPPADIRIPULIYUR,DMU,TRETA-TIRU-TIRU-Z29-76812,29
76813,CUPJ-SA DMU,CUDDALORE PORT JN.,SALEM JN,DMU,TRETA-CUDD-SALE-Z21-76813,21
76814,SA-CUPJ DMU,SALEM JN,CUDDALORE PORT JN.,DMU,TRETA-SALE-CUDD-Z21-76814,21
76815,VRI-SA DMU,VRIDDHACHALAM JN,SALEM JN,DMU,TRETA-VRID-SALE-Z16-76815,16
76816,SA-VRI DMU,SALEM JN,VRIDDHACHALAM JN,DMU,TRETA-SALE-VRID-Z16-76816,16
76819,KIK-TPJ DMU,KARAIKAL,TIRUCHCHIRAPPALLI JN.,DMU,TRETA-KARA-TIRU-Z28-76819,28
76820,TPJ-KIK DMU,TIRUCHCHIRAPPALLI JN.,KARAIKAL,DMU,TRETA-TIRU-KARA-Z28-76820,28
76821,SA-KRR PASS,SALEM JN,KARUR JN.,PASSENGER,TRETA-SALE-KARU-Z06-76821,6
76822,KRR-SA PASS,KARUR JN.,SALEM JN,PASSENGER,TRETA-KARU-SALE-Z06-76822,6
76823,SA-KRR PASS,SALEM JN,KARUR JN.,PASSENGER,TRETA-SALE-KARU-Z06-76823,6
76824,KRR-SA PASS,KARUR JN.,SALEM JN,PASSENGER,TRETA-KARU-SALE-Z06-76824,6
76825,KIK-TPJ DMU,KARAIKAL,TIRUCHCHIRAPPALLI JN.,DMU,TRETA-KARA-TIRU-Z28-76825,28
76826,TPJ-KIK DMU,TIRUCHCHIRAPPALLI JN.,KARAIKAL,DMU,TRETA-TIRU-KARA-Z28-76826,28
76827,AGX-TVR  DMU,AGASTIYAMPALLI,THIRUVARUR JN,DMU,TRETA-AGAS-THIR-Z13-76827,13
76828,TTP-AGX DMU,TIRUTURAIPUNDI JN,AGASTIYAMPALLI,DMU,TRETA-TIRU-AGAS-Z06-76828,6
76829,AGX-TTP DMU,AGASTIYAMPALLI,TIRUTURAIPUNDI JN,DMU,TRETA-AGAS-TIRU-Z06-76829,6
76830,TVR-AGX  DMU,THIRUVARUR JN,AGASTIYAMPALLI,DMU,TRETA-THIR-AGAS-Z13-76830,13
76831,TVR-PKT DEMU,THIRUVARUR JN,PATTUKKOTTAI,DMU,TRETA-THIR-PATT-Z11-76831,11
76832,PKT-TVR DEMU,PATTUKKOTTAI,THIRUVARUR JN,DMU,TRETA-PATT-THIR-Z11-76832,11
76835,TPJ-DG PASS,TIRUCHCHIRAPPALLI JN.,DINDIGUL JN,DMU,TRETA-TIRU-DIND-Z11-76835,11
76836,DG-TPJ DMU PASS,DINDIGUL JN,TIRUCHCHIRAPPALLI JN.,DMU,TRETA-DIND-TIRU-Z11-76836,11
77201,GTL-RC DMU,GUNTAKAL JN,RAICHUR,DMU,TRETA-GUNT-RAIC-Z10-77201,10
77202,RC-GTL DMU,RAICHUR,GUNTAKAL JN,DMU,TRETA-RAIC-GUNT-Z10-77202,10
77203,GTL-DHNE DMU,GUNTAKAL JN,DHONE JN,DMU,TRETA-GUNT-DHON-Z07-77203,7
77204,KRNT-GTL DMU,KURNOOL CITY,GUNTAKAL JN,DMU,TRETA-KURN-GUNT-Z13-77204,13
77205,DHNE-GY DMU,DHONE JN,GOOTY,DMU,TRETA-DHON-GOOT-Z05-77205,5
77206,GY-DHNE DMU,GOOTY,DHONE JN,DMU,TRETA-GOOT-DHON-Z05-77206,5
77207,DHNE-KRNT DMU,DHONE JN,KURNOOL CITY,DMU,TRETA-DHON-KURN-Z06-77207,6
77209,KRNT-NDL DMU,KURNOOL CITY,NANDYAL,DMU,TRETA-KURN-NAND-Z13-77209,13
77210,NDL-KRNT DMU,NANDYAL,KURNOOL CITY,DMU,TRETA-NAND-KURN-Z13-77210,13
77211,NDL-RU DMU,NANDYAL,RENIGUNTA JN,DMU,TRETA-NAND-RENI-Z18-77211,18
77212,RU-NDL DMU,RENIGUNTA JN,NANDYAL,DMU,TRETA-RENI-NAND-Z18-77212,18
77213,GTL-HUP PASSENGER DMU,GUNTAKAL JN,HINDUPUR,DMU,TRETA-GUNT-HIND-Z20-77213,20
77214,HUP-GTL PASSENGER DMU,HINDUPUR,GUNTAKAL JN,DMU,TRETA-HIND-GUNT-Z20-77214,20
77601,KCG-NZB PASSENGER DMU,KACHEGUDA,NIZAMABAD JN.,DMU,TRETA-KACH-NIZA-Z15-77601,15
77602,NZB-KCG PASSENGER DMU,NIZAMABAD JN.,KACHEGUDA,DMU,TRETA-NIZA-KACH-Z13-77602,13
77603,KCG-MDAK DMU,KACHEGUDA,MEDAK,DMU,TRETA-KACH-MEDA-Z28-77603,28
77604,MDAK-KCG PASSENGER DMU,MEDAK,KACHEGUDA,DMU,TRETA-MEDA-KACH-Z28-77604,28
77605,KCG-PAU PASSENGER,KACHEGUDA,PURNA JN,DMU,TRETA-KACH-PURN-Z43-77605,43
77606,NED-MED PASSENGER,NANDED,MEDCHAL,PASSENGER,TRETA-NAND-MEDC-Z32-77606,32
77607,AK-AKOT PASSENGER,AKOLA JN.,AKOT,DMU,TRETA-AKOL-AKOT-Z04-77607,4
77608,AKOT-AKOLA PASSENGER,AKOT,AKOLA JN.,DMU,TRETA-AKOT-AKOL-Z04-77608,4
77609,AK-AKOT DMU,AKOLA JN.,AKOT,DMU,TRETA-AKOL-AKOT-Z04-77609,4
77610,AKOT-AK DMU,AKOT,AKOLA JN.,DMU,TRETA-AKOT-AKOL-Z04-77610,4
77611,AKOLA-AKOT PASSENGER,AKOLA JN.,AKOT,DMU,TRETA-AKOL-AKOT-Z04-77611,4
77612,AKOT-AKOLA PASSENGER,AKOT,AKOLA JN.,DMU,TRETA-AKOT-AKOL-Z04-77612,4
77613,PAU-AK PASSENGER DMU,PURNA JN,AKOLA JN.,DMU,TRETA-PURN-AKOL-Z23-77613,23
77614,AK-PRLI PASSENGER DMU,AKOLA JN.,PARLI VAIJNATH,DMU,TRETA-AKOL-PARL-Z33-77614,33
77615,PRLI-ADB PASSENGER,PARLI VAIJNATH,ADILABAD,DMU,TRETA-PARL-ADIL-Z40-77615,40
77616,ADB-PAU PASSENGER,ADILABAD,PURNA JN,PASSENGER,TRETA-ADIL-PURN-Z29-77616,29
77619,J-NSL PASSENGER,JALNA,NAGARSOL,PASSENGER,TRETA-JALN-NAGA-Z13-77619,13
77620,NSL-J PASSENGER,NAGARSOL,JALNA,PASSENGER,TRETA-NAGA-JALN-Z13-77620,13
77621,J-NSL DMU,JALNA,NAGARSOL,DMU,TRETA-JALN-NAGA-Z13-77621,13
77622,NSL-J DMU,NAGARSOL,JALNA,DMU,TRETA-NAGA-JALN-Z13-77622,13
77623,PAU-J,PURNA JN,JALNA,DMU,TRETA-PURN-JALN-Z16-77623,16
77624,J-NED,JALNA,NANDED,DMU,TRETA-JALN-NAND-Z20-77624,20
77631,BIDR-KLBG DMU,BIDAR,KALABURAGI,DMU,TRETA-BIDA-KALA-Z09-77631,9
77632,KLBG-BIDR DMU,KALABURAGI,BIDAR,DMU,TRETA-KALA-BIDA-Z09-77632,9
77633,BIDR-KLBG DMU,BIDAR,KALABURAGI,DMU,TRETA-BIDA-KALA-Z09-77633,9
77634,KLBG-BIDR DMU,KALABURAGI,BIDAR,DMU,TRETA-KALA-BIDA-Z09-77634,9
77635,BIDR-KLBG,BIDAR,KALABURAGI,DMU,TRETA-BIDA-KALA-Z09-77635,9
77636,KLBG-BIDR DMU,KALABURAGI,BIDAR,DMU,TRETA-KALA-BIDA-Z09-77636,9
77637,BIDR-KLBG DMU,BIDAR,KALABURAGI,DMU,TRETA-BIDA-KALA-Z09-77637,9
77638,KLBG-BIDR MEX DMU,KALABURAGI,BIDAR,DMU,TRETA-KALA-BIDA-Z09-77638,9
77641,KCG-MBNR PASSENGER DMU,KACHEGUDA,MAHBUBNAGAR,DMU,TRETA-KACH-MAHB-Z15-77641,15
77642,MBNR-KCG PASSENGER  DMU,MAHBUBNAGAR,KACHEGUDA,DMU,TRETA-MAHB-KACH-Z16-77642,16
77643,KCG-NZB PASSENGER DMU,KACHEGUDA,NIZAMABAD JN.,DMU,TRETA-KACH-NIZA-Z10-77643,10
77644,NZB-KCG DMU,NIZAMABAD JN.,KACHEGUDA,DMU,TRETA-NIZA-KACH-Z11-77644,11
77645,NZB-NED PASSENGER,NIZAMABAD JN.,NANDED,DMU,TRETA-NIZA-NAND-Z15-77645,15
77646,NED-NZB PASSENGER,NANDED,NIZAMABAD JN.,PASSENGER,TRETA-NAND-NIZA-Z15-77646,15
77649,KCG-KRMR PASSENGER,KACHEGUDA,KARIMNAGAR OA,DMU,TRETA-KACH-KARI-Z30-77649,30
77650,KRMR-KCG,KARIMNAGAR OA,KACHEGUDA,DMU,TRETA-KARI-KACH-Z28-77650,28
77653,SC-SIPT DMU,SECUNDERABAD JN,SIDDIPET,DMU,TRETA-SECU-SIDD-Z14-77653,14
77654,SIPT-SC DMU,SIDDIPET,SECUNDERABAD JN,DMU,TRETA-SIDD-SECU-Z14-77654,14
77655,SC-SIPT DMU,SECUNDERABAD JN,SIDDIPET,DMU,TRETA-SECU-SIDD-Z14-77655,14
77656,SIPT-SC DMU,SIDDIPET,SECUNDERABAD JN,DMU,TRETA-SIDD-SECU-Z14-77656,14
78803,G-KGE DMU,GONDIA JN,KATANGI,DMU,TRETA-GOND-KATA-Z15-78803,15
78804,KGE-G DMU,KATANGI,GONDIA JN,DMU,TRETA-KATA-GOND-Z15-78804,15
78805,G-KGE DMU,GONDIA JN,KATANGI,DMU,TRETA-GOND-KATA-Z15-78805,15
78806,KGE-G DMU,KATANGI,GONDIA JN,DMU,TRETA-KATA-GOND-Z15-78806,15
78809,G-KGE DMU,GONDIA JN,KATANGI,DMU,TRETA-GOND-KATA-Z15-78809,15
78810,KGE-G DMU,KATANGI,GONDIA JN,DMU,TRETA-KATA-GOND-Z15-78810,15
78811,TMR-TRDI DMU,TUMSAR ROAD,TIRODI,DMU,TRETA-TUMS-TIRO-Z08-78811,8
78812,TRDI-TMR DMU,TIRODI,TUMSAR ROAD,DMU,TRETA-TIRO-TUMS-Z08-78812,8
78813,TMR-BTC DMU,TUMSAR ROAD,BALAGHAT JN,DMU,TRETA-TUMS-BALA-Z17-78813,17
78814,BTC-TMR DMU,BALAGHAT JN,TUMSAR ROAD,DMU,TRETA-BALA-TUMS-Z17-78814,17
78815,R-AAGH DMU,RAIPUR JN.,ANTAGARH,DMU,TRETA-RAIP-ANTA-Z23-78815,23
78816,AAGH-R DMU,ANTAGARH,RAIPUR JN.,DMU,TRETA-ANTA-RAIP-Z23-78816,23
78817,DURG-DRZ DMU,DURG,DALLI RAJHARA,DMU,TRETA-DURG-DALL-Z10-78817,10
78818,AAGH-DURG DMU,ANTAGARH,DURG,DMU,TRETA-ANTA-DURG-Z15-78818,15
78823,DRZ-AAGH DMU,DALLI RAJHARA,ANTAGARH,DMU,TRETA-DALL-ANTA-Z05-78823,5
78824,DURG-DRZ DMU,DURG,DALLI RAJHARA,DMU,TRETA-DURG-DALL-Z10-78824,10
78825,DRZ-DURG DMU,DALLI RAJHARA,DURG,DMU,TRETA-DALL-DURG-Z10-78825,10
78826,DRZ-DURG DMU,DALLI RAJHARA,DURG,DMU,TRETA-DALL-DURG-Z10-78826,10
78827,DURG-DRZ DMU,DURG,DALLI RAJHARA,DMU,TRETA-DURG-DALL-Z10-78827,10
79303,RTM-COR DMU,RATLAM JN,CHITTAURGARH JN.,DMU,TRETA-RATL-CHIT-Z17-79303,17
79304,COR-RTM DMU,CHITTAURGARH JN.,RATLAM JN,DMU,TRETA-CHIT-RATL-Z17-79304,17
79305,DADN-RTM PASSENGER,DR. AMBEDKAR NAGAR,RATLAM JN,PASSENGER,TRETA-DR._-RATL-Z20-79305,20
79306,RTM-DADN PASSENGER,RATLAM JN,DR. AMBEDKAR NAGAR,PASSENGER,TRETA-RATL-DR._-Z20-79306,20
79307,DADN-INDB DMU,DR. AMBEDKAR NAGAR,INDORE JN,DMU,TRETA-DR._-INDO-Z06-79307,6
79308,INDB-DADN DMU,INDORE JN,DR. AMBEDKAR NAGAR,DMU,TRETA-INDO-DR._-Z06-79308,6
79309,DADN-RTM DMU,DR. AMBEDKAR NAGAR,RATLAM JN,DMU,TRETA-DR._-RATL-Z20-79309,20
79310,RTM-DADN DMU,RATLAM JN,DR. AMBEDKAR NAGAR,DMU,TRETA-RATL-DR._-Z20-79310,20
79311,DADN-INDB DMU,DR. AMBEDKAR NAGAR,INDORE JN,DMU,TRETA-DR._-INDO-Z06-79311,6
79312,INDB-DADN DMU,INDORE JN,DR. AMBEDKAR NAGAR,DMU,TRETA-INDO-DR._-Z06-79312,6
79313,DADN-RTM DMU,DR. AMBEDKAR NAGAR,RATLAM JN,DMU,TRETA-DR._-RATL-Z20-79313,20
79314,RTM-DADN DMU,RATLAM JN,DR. AMBEDKAR NAGAR,DMU,TRETA-RATL-DR._-Z20-79314,20
79317,DADN-RTM DMU,DR. AMBEDKAR NAGAR,RATLAM JN,DMU,TRETA-DR._-RATL-Z20-79317,20
79318,RTM-DADN DMU,RATLAM JN,DR. AMBEDKAR NAGAR,DMU,TRETA-RATL-DR._-Z20-79318,20
79431,SBIB-MSH DMU,SABARMATI BG,MAHESANA JN,DMU,TRETA-SABA-MAHE-Z08-79431,8
79432,MSH-ADI DMU,MAHESANA JN,SABARMATI BG,DMU,TRETA-MAHE-SABA-Z08-79432,8
79433,SBIB-PTN DMU,SABARMATI BG,PATAN,DMU,TRETA-SABA-PATA-Z12-79433,12
79434,PTN-SBIB DMU,PATAN,SABARMATI BG,DMU,TRETA-PATA-SABA-Z12-79434,12
79435,SBIB-PTN DMU,SABARMATI BG,PATAN,DMU,TRETA-SABA-PATA-Z12-79435,12
79436,PTN-SBIB DMU,PATAN,SABARMATI BG,DMU,TRETA-PATA-SABA-Z12-79436,12
79437,MSH-ABR DMU,MAHESANA JN,ABU ROAD,DMU,TRETA-MAHE-ABU_-Z13-79437,13
79438,ABR - MSH DMU,ABU ROAD,MAHESANA JN,DMU,TRETA-ABU_-MAHE-Z13-79438,13
79439,VADODARA - KATHANA DEMU,PRATAPNAGAR,,DMU,TRETA-PRAT-NAN-Z08-79439,8
79440,KATHANA - VADODARA DEMU,,PRATAPNAGAR,DMU,TRETA-NAN-PRAT-Z08-79440,8
79441,WKR-MVI DMU,WANKANER JN,MORBI,DMU,TRETA-WANK-MORB-Z04-79441,4
79442,MVI-WKR DMU,MORBI,WANKANER JN,DMU,TRETA-MORB-WANK-Z04-79442,4
79443,WKR-MVI DMU,WANKANER JN,MORBI,DMU,TRETA-WANK-MORB-Z04-79443,4
79444,MVI-WKR DMU,MORBI,WANKANER JN,DMU,TRETA-MORB-WANK-Z04-79444,4
79445,WKR-MVI DMU,WANKANER JN,MORBI,DMU,TRETA-WANK-MORB-Z04-79445,4
79446,MVI-WKR DMU,MORBI,WANKANER JN,DMU,TRETA-MORB-WANK-Z04-79446,4
79447,WKR-MVI DMU,WANKANER JN,MORBI,DMU,TRETA-WANK-MORB-Z04-79447,4
79448,MVI-WKR DMU,MORBI,WANKANER JN,DMU,TRETA-MORB-WANK-Z04-79448,4
79451,WKR-MVI DMU,WANKANER JN,MORBI,DMU,TRETA-WANK-MORB-Z04-79451,4
79452,MVI-WKR DMU,MORBI,WANKANER JN,DMU,TRETA-MORB-WANK-Z04-79452,4
79453,WKR-MVI DMU,WANKANER JN,MORBI,DMU,TRETA-WANK-MORB-Z04-79453,4
79454,MVI-WKR DMU,MORBI,WANKANER JN,DMU,TRETA-MORB-WANK-Z04-79454,4
79457,SUNR - DHG ONE WAY SPL,SURENDRANAGAR,DHRANGADHRA,DMU,TRETA-SURE-DHRA-Z01-79457,1
79459,BTD-SUNN DMU,BOTAD JN,SURENDRANAGAR,DMU,TRETA-BOTA-SURE-Z08-79459,8
79460,DHG-BTD DMU,DHRANGADHRA,BOTAD JN,DMU,TRETA-DHRA-BOTA-Z09-79460,9
79461,MIYAGAM-PRATAP NAGAR DEMU,MIYAGAM KARJAN,PRATAPNAGAR,DMU,TRETA-MIYA-PRAT-Z04-79461,4
79462,PRATAP NAGAR-MIYAGAM DEMU,PRATAPNAGAR,MIYAGAM KARJAN,DMU,TRETA-PRAT-MIYA-Z04-79462,4
79601,AII-GGC DMU SPECIAL,AJMER JN,GANGAPUR CITY,DMU,TRETA-AJME-GANG-Z31-79601,31
79602,GGC-AII DEMU SPL,GANGAPUR CITY JUNCTION,AJMER JN,DMU,TRETA-GANG-AJME-Z33-79602,33
82501,IRCTC TEJAS EXP,LUCKNOW,NEW DELHI,TEJAS,TRETA-LUCK-NEW_-Z04-82501,4
82502,IRCTC TEJAS EXP,NEW DELHI,LUCKNOW,TEJAS,TRETA-NEW_-LUCK-Z04-82502,4
82901,IRCTC TEJAS EXP,MUMBAI CENTRAL,AHMEDABAD JN,TEJAS,TRETA-MUMB-AHME-Z07-82901,7
82902,IRCTC TEJAS EXP,AHMEDABAD JN,MUMBAI CENTRAL,TEJAS,TRETA-AHME-MUMB-Z07-82902,7
93001,VR - DRD LOCAL,VIRAR,DAHANU ROAD,SUBURBAN,TRETA-VIRA-DAHA-Z08-93001,8
93002,DRD - CCG LOCAL,DAHANU ROAD,BMBY CHURCH GTE,SUBURBAN,TRETA-DAHA-BMBY-Z19-93002,19
93004,DRD - CCG LOCAL,DAHANU ROAD,BMBY CHURCH GTE,SUBURBAN,TRETA-DAHA-BMBY-Z19-93004,19
93005,CCG - DRD LOCAL,BMBY CHURCH GTE,DAHANU ROAD,SUBURBAN,TRETA-BMBY-DAHA-Z19-93005,19
93006,DRD - VR LOCAL,DAHANU ROAD,VIRAR,SUBURBAN,TRETA-DAHA-VIRA-Z08-93006,8
93007,CCG - DRD LOCAL,BMBY CHURCH GTE,DAHANU ROAD,SUBURBAN,TRETA-BMBY-DAHA-Z19-93007,19
93009,CCG - DRD LOCAL,BMBY CHURCH GTE,DAHANU ROAD,SUBURBAN,TRETA-BMBY-DAHA-Z19-93009,19
93010,DRD - BVI LOCAL,DAHANU ROAD,BORIVALI,SUBURBAN,TRETA-DAHA-BORI-Z11-93010,11
93011,CCG - DRD LOCAL,BMBY CHURCH GTE,DAHANU ROAD,SUBURBAN,TRETA-BMBY-DAHA-Z19-93011,19
93012,DRD - VR LOCAL,DAHANU ROAD,VIRAR,SUBURBAN,TRETA-DAHA-VIRA-Z08-93012,8
93013,VR - DRD LOCAL,VIRAR,DAHANU ROAD,SUBURBAN,TRETA-VIRA-DAHA-Z08-93013,8
93014,DRD - VR LOCAL,DAHANU ROAD,VIRAR,SUBURBAN,TRETA-DAHA-VIRA-Z08-93014,8
93015,CCG - DRD LOCAL,BMBY CHURCH GTE,DAHANU ROAD,SUBURBAN,TRETA-BMBY-DAHA-Z19-93015,19
93016,DRD - VR LOCAL,DAHANU ROAD,VIRAR,SUBURBAN,TRETA-DAHA-VIRA-Z08-93016,8
93017,BVI - DRD LOCAL,BORIVALI,DAHANU ROAD,SUBURBAN,TRETA-BORI-DAHA-Z11-93017,11
93018,DRD - VR LOCAL,DAHANU ROAD,VIRAR,SUBURBAN,TRETA-DAHA-VIRA-Z08-93018,8
93020,DRD - VR LOCAL,DAHANU ROAD,VIRAR,SUBURBAN,TRETA-DAHA-VIRA-Z08-93020,8
93021,VR - DRD LOCAL,VIRAR,DAHANU ROAD,SUBURBAN,TRETA-VIRA-DAHA-Z08-93021,8
93022,DRD - CCG LOCAL,DAHANU ROAD,BMBY CHURCH GTE,SUBURBAN,TRETA-DAHA-BMBY-Z19-93022,19
93023,VR - DRD LOCAL,VIRAR,DAHANU ROAD,SUBURBAN,TRETA-VIRA-DAHA-Z08-93023,8
93025,VR - DRD LOCAL,VIRAR,DAHANU ROAD,SUBURBAN,TRETA-VIRA-DAHA-Z08-93025,8
93026,DRD - CCG LOCAL,DAHANU ROAD,BMBY CHURCH GTE,SUBURBAN,TRETA-DAHA-BMBY-Z19-93026,19
93028,DRD - DDR LOCAL,DAHANU ROAD,DADAR,SUBURBAN,TRETA-DAHA-DADA-Z14-93028,14
93029,VR - DRD LOCAL,VIRAR,DAHANU ROAD,SUBURBAN,TRETA-VIRA-DAHA-Z08-93029,8
93030,DRD - VR LOCAL,DAHANU ROAD,VIRAR,SUBURBAN,TRETA-DAHA-VIRA-Z08-93030,8
93031,CCG - DRD LOCAL,BMBY CHURCH GTE,DAHANU ROAD,SUBURBAN,TRETA-BMBY-DAHA-Z19-93031,19
93033,VR - DRD LOCAL,VIRAR,DAHANU ROAD,SUBURBAN,TRETA-VIRA-DAHA-Z08-93033,8
93034,DRD - CCG LOCAL,DAHANU ROAD,BMBY CHURCH GTE,SUBURBAN,TRETA-DAHA-BMBY-Z16-93034,16
93035,DDR - DRD LOCAL,DADAR,DAHANU ROAD,SUBURBAN,TRETA-DADA-DAHA-Z18-93035,18
93036,DRD - CCG LOCAL,DAHANU ROAD,BMBY CHURCH GTE,SUBURBAN,TRETA-DAHA-BMBY-Z19-93036,19
93038,DRD - CCG LOCAL,DAHANU ROAD,BMBY CHURCH GTE,SUBURBAN,TRETA-DAHA-BMBY-Z19-93038,19
93039,VR - DRD LOCAL,VIRAR,DAHANU ROAD,SUBURBAN,TRETA-VIRA-DAHA-Z08-93039,8
93040,DRD - VR LOCAL,DAHANU ROAD,VIRAR,SUBURBAN,TRETA-DAHA-VIRA-Z08-93040,8
93041,CCG - DRD LOCAL,BMBY CHURCH GTE,DAHANU ROAD,SUBURBAN,TRETA-BMBY-DAHA-Z19-93041,19
93201,VR - DRD LOCAL,VIRAR,DAHANU ROAD,SUBURBAN,TRETA-VIRA-DAHA-Z08-93201,8
93202,DRD - CCG LOCAL,DAHANU ROAD,BMBY CHURCH GTE,SUBURBAN,TRETA-DAHA-BMBY-Z19-93202,19
93203,CCG - DRD LOCAL,BMBY CHURCH GTE,DAHANU ROAD,SUBURBAN,TRETA-BMBY-DAHA-Z19-93203,19
93204,DRD - VR LOCAL,DAHANU ROAD,VIRAR,SUBURBAN,TRETA-DAHA-VIRA-Z08-93204,8
93205,VR - DRD LOCAL,VIRAR,DAHANU ROAD,SUBURBAN,TRETA-VIRA-DAHA-Z08-93205,8
93206,DRD - VR LOCAL,DAHANU ROAD,VIRAR,SUBURBAN,TRETA-DAHA-VIRA-Z08-93206,8
93207,VR - DRD LOCAL,VIRAR,DAHANU ROAD,SUBURBAN,TRETA-VIRA-DAHA-Z08-93207,8
93208,DRD - VR LOCAL,DAHANU ROAD,VIRAR,SUBURBAN,TRETA-DAHA-VIRA-Z08-93208,8
94801,NAMO BHARAT RAPID RAIL,AHMEDABAD JN,BHUJ,NAMO BHARAT RAPID RAIL,TRETA-AHME-BHUJ-Z12-94801,12
94802,NAMO BHARAT RAPID RAIL,BHUJ,AHMEDABAD JN,NAMO BHARAT RAPID RAIL,TRETA-BHUJ-AHME-Z12-94802,12
94803,NAMO BHARAT RAPID RAIL,JAYNAGAR,PATNA JN,NAMO BHARAT RAPID RAIL,TRETA-JAYN-PATN-Z08-94803,8
94804,NAMO BHARAT RAPID RAIL,PATNA JN,JAYNAGAR,NAMO BHARAT RAPID RAIL,TRETA-PATN-JAYN-Z08-94804,8
95001,KP-,KALYAN JN,PALASDHARI,SUBURBAN,TRETA-KALY-PALA-Z10-95001,10
95002,KP,PALASDHARI,KALYAN JN,SUBURBAN,TRETA-PALA-KALY-Z10-95002,10
95003,KP,KALYAN JN,PALASDHARI,SUBURBAN,TRETA-KALY-PALA-Z10-95003,10
95004,KP,PALASDHARI,KALYAN JN,SUBURBAN,TRETA-PALA-KALY-Z10-95004,10
95005,KP,KALYAN JN,PALASDHARI,SUBURBAN,TRETA-KALY-PALA-Z10-95005,10
95006,KP,PALASDHARI,KALYAN JN,SUBURBAN,TRETA-PALA-KALY-Z10-95006,10
95007,KP,KALYAN JN,PALASDHARI,SUBURBAN,TRETA-KALY-PALA-Z10-95007,10
95008,KP,PALASDHARI,KALYAN JN,SUBURBAN,TRETA-PALA-KALY-Z09-95008,9
95009,KP,KALYAN JN,PALASDHARI,SUBURBAN,TRETA-KALY-PALA-Z10-95009,10
95010,KP,PALASDHARI,KALYAN JN,SUBURBAN,TRETA-PALA-KALY-Z10-95010,10
95011,KP,KALYAN JN,PALASDHARI,SUBURBAN,TRETA-KALY-PALA-Z10-95011,10
95012,KP,PALASDHARI,KALYAN JN,SUBURBAN,TRETA-PALA-KALY-Z10-95012,10
95013,KP-,KALYAN JN,PALASDHARI,SUBURBAN,TRETA-KALY-PALA-Z10-95013,10
95015,KP,KALYAN JN,PALASDHARI,SUBURBAN,TRETA-KALY-PALA-Z10-95015,10
95101,S,KALYAN JN,KARJAT,SUBURBAN,TRETA-KALY-KARJ-Z09-95101,9
95102,S,KARJAT,KALYAN JN,SUBURBAN,TRETA-KARJ-KALY-Z09-95102,9
95103,S,KALYAN JN,KARJAT,SUBURBAN,TRETA-KALY-KARJ-Z09-95103,9
95104,S,KARJAT,KALYAN JN,SUBURBAN,TRETA-KARJ-KALY-Z09-95104,9
95105,S,KALYAN JN,KARJAT,SUBURBAN,TRETA-KALY-KARJ-Z09-95105,9
95106,S,KARJAT,KALYAN JN,SUBURBAN,TRETA-KARJ-KALY-Z09-95106,9
95107,S,KALYAN JN,KARJAT,SUBURBAN,TRETA-KALY-KARJ-Z09-95107,9
95108,S,KARJAT,KALYAN JN,SUBURBAN,TRETA-KARJ-KALY-Z09-95108,9
95109,S,KALYAN JN,KARJAT,SUBURBAN,TRETA-KALY-KARJ-Z09-95109,9
95110,S,KARJAT,KALYAN JN,SUBURBAN,TRETA-KARJ-KALY-Z09-95110,9
95111,S,KALYAN JN,KARJAT,SUBURBAN,TRETA-KALY-KARJ-Z09-95111,9
95112,S,KARJAT,KALYAN JN,SUBURBAN,TRETA-KARJ-KALY-Z09-95112,9
95113,S,KALYAN JN,KARJAT,SUBURBAN,TRETA-KALY-KARJ-Z09-95113,9
95114,S,KARJAT,KALYAN JN,SUBURBAN,TRETA-KARJ-KALY-Z09-95114,9
95115,S,KALYAN JN,KARJAT,SUBURBAN,TRETA-KALY-KARJ-Z09-95115,9
95116,S,KARJAT,KALYAN JN,SUBURBAN,TRETA-KARJ-KALY-Z09-95116,9
95117,S,KALYAN JN,KARJAT,SUBURBAN,TRETA-KALY-KARJ-Z09-95117,9
95118,S,KARJAT,KALYAN JN,SUBURBAN,TRETA-KARJ-KALY-Z09-95118,9
95119,S,KALYAN JN,KARJAT,SUBURBAN,TRETA-KALY-KARJ-Z09-95119,9
95120,S,KARJAT,KALYAN JN,SUBURBAN,TRETA-KARJ-KALY-Z09-95120,9
95121,S,KALYAN JN,KARJAT,SUBURBAN,TRETA-KALY-KARJ-Z09-95121,9
95122,S,KARJAT,KALYAN JN,SUBURBAN,TRETA-KARJ-KALY-Z09-95122,9
95123,S,KALYAN JN,KARJAT,SUBURBAN,TRETA-KALY-KARJ-Z09-95123,9
95124,S,KARJAT,KALYAN JN,SUBURBAN,TRETA-KARJ-KALY-Z09-95124,9
95125,S,KALYAN JN,KARJAT,SUBURBAN,TRETA-KALY-KARJ-Z09-95125,9
95126,S,KARJAT,KALYAN JN,SUBURBAN,TRETA-KARJ-KALY-Z09-95126,9
95127,S,KALYAN JN,KARJAT,SUBURBAN,TRETA-KALY-KARJ-Z09-95127,9
95128,S,KARJAT,KALYAN JN,SUBURBAN,TRETA-KARJ-KALY-Z09-95128,9
95129,S,KALYAN JN,KARJAT,SUBURBAN,TRETA-KALY-KARJ-Z09-95129,9
95130,S,KARJAT,KALYAN JN,SUBURBAN,TRETA-KARJ-KALY-Z09-95130,9
95131,S,KALYAN JN,KARJAT,SUBURBAN,TRETA-KALY-KARJ-Z09-95131,9
95132,S,KARJAT,KALYAN JN,SUBURBAN,TRETA-KARJ-KALY-Z09-95132,9
95133,S,KALYAN JN,KARJAT,SUBURBAN,TRETA-KALY-KARJ-Z09-95133,9
95134,S,KARJAT,KALYAN JN,SUBURBAN,TRETA-KARJ-KALY-Z09-95134,9
95135,S,KALYAN JN,KARJAT,SUBURBAN,TRETA-KALY-KARJ-Z09-95135,9
95136,S,KARJAT,KALYAN JN,SUBURBAN,TRETA-KARJ-KALY-Z09-95136,9
95138,S,KARJAT,KALYAN JN,SUBURBAN,TRETA-KARJ-KALY-Z09-95138,9
95140,S,KARJAT,KALYAN JN,SUBURBAN,TRETA-KARJ-KALY-Z09-95140,9
95142,S,KARJAT,KALYAN JN,SUBURBAN,TRETA-KARJ-KALY-Z09-95142,9
95144,S,KARJAT,KALYAN JN,SUBURBAN,TRETA-KARJ-KALY-Z09-95144,9
95146,S,KARJAT,KALYAN JN,SUBURBAN,TRETA-KARJ-KALY-Z09-95146,9
95201,BL,KALYAN JN,BADLAPUR,SUBURBAN,TRETA-KALY-BADL-Z04-95201,4
95202,BL,BADLAPUR,KALYAN JN,SUBURBAN,TRETA-BADL-KALY-Z04-95202,4
95203,BL,KALYAN JN,BADLAPUR,SUBURBAN,TRETA-KALY-BADL-Z04-95203,4
95204,BL,BADLAPUR,KALYAN JN,SUBURBAN,TRETA-BADL-KALY-Z04-95204,4
95205,BL,KALYAN JN,BADLAPUR,SUBURBAN,TRETA-KALY-BADL-Z04-95205,4
95206,BL,BADLAPUR,KALYAN JN,SUBURBAN,TRETA-BADL-KALY-Z04-95206,4
95207,BL,KALYAN JN,BADLAPUR,SUBURBAN,TRETA-KALY-BADL-Z04-95207,4
95208,BL,BADLAPUR,KALYAN JN,SUBURBAN,TRETA-BADL-KALY-Z04-95208,4
95209,BL,KALYAN JN,BADLAPUR,SUBURBAN,TRETA-KALY-BADL-Z04-95209,4
95210,BL,BADLAPUR,KALYAN JN,SUBURBAN,TRETA-BADL-KALY-Z04-95210,4
95211,BL,KALYAN JN,BADLAPUR,SUBURBAN,TRETA-KALY-BADL-Z04-95211,4
95212,BL,BADLAPUR,KALYAN JN,SUBURBAN,TRETA-BADL-KALY-Z04-95212,4
95213,BL,KALYAN JN,BADLAPUR,SUBURBAN,TRETA-KALY-BADL-Z04-95213,4
95214,DBL,BADLAPUR,KALYAN JN,SUBURBAN,TRETA-BADL-KALY-Z04-95214,4
95215,BL,KALYAN JN,BADLAPUR,SUBURBAN,TRETA-KALY-BADL-Z04-95215,4
95216,BL,BADLAPUR,KALYAN JN,SUBURBAN,TRETA-BADL-KALY-Z04-95216,4
95217,BL,KALYAN JN,BADLAPUR,SUBURBAN,TRETA-KALY-BADL-Z04-95217,4
95218,DBL,BADLAPUR,KALYAN JN,SUBURBAN,TRETA-BADL-KALY-Z04-95218,4
95219,BL,KALYAN JN,BADLAPUR,SUBURBAN,TRETA-KALY-BADL-Z04-95219,4
95220,BL,BADLAPUR,KALYAN JN,SUBURBAN,TRETA-BADL-KALY-Z04-95220,4
95221,DBL,KALYAN JN,BADLAPUR,SUBURBAN,TRETA-KALY-BADL-Z04-95221,4
95222,BL,BADLAPUR,KALYAN JN,SUBURBAN,TRETA-BADL-KALY-Z04-95222,4
95223,BL,KALYAN JN,BADLAPUR,SUBURBAN,TRETA-KALY-BADL-Z04-95223,4
95224,BL,BADLAPUR,KALYAN JN,SUBURBAN,TRETA-BADL-KALY-Z04-95224,4
95225,DBL  AC,KALYAN JN,BADLAPUR,SUBURBAN,TRETA-KALY-BADL-Z04-95225,4
95226,BL,BADLAPUR,KALYAN JN,SUBURBAN,TRETA-BADL-KALY-Z04-95226,4
95227,BL,KALYAN JN,BADLAPUR,SUBURBAN,TRETA-KALY-BADL-Z04-95227,4
95228,BL,BADLAPUR,KALYAN JN,SUBURBAN,TRETA-BADL-KALY-Z04-95228,4
95229,BL,KALYAN JN,BADLAPUR,SUBURBAN,TRETA-KALY-BADL-Z04-95229,4
95230,BL,BADLAPUR,KALYAN JN,SUBURBAN,TRETA-BADL-KALY-Z04-95230,4
95231,BL,KALYAN JN,BADLAPUR,SUBURBAN,TRETA-KALY-BADL-Z04-95231,4
95232,BL,BADLAPUR,KALYAN JN,SUBURBAN,TRETA-BADL-KALY-Z04-95232,4
95233,BL,KALYAN JN,BADLAPUR,SUBURBAN,TRETA-KALY-BADL-Z04-95233,4
95234,BL,BADLAPUR,KALYAN JN,SUBURBAN,TRETA-BADL-KALY-Z04-95234,4
95235,BL,KALYAN JN,BADLAPUR,SUBURBAN,TRETA-KALY-BADL-Z04-95235,4
95236,BL,BADLAPUR,KALYAN JN,SUBURBAN,TRETA-BADL-KALY-Z04-95236,4
95237,BL,KALYAN JN,BADLAPUR,SUBURBAN,TRETA-KALY-BADL-Z04-95237,4
95238,BL,BADLAPUR,KALYAN JN,SUBURBAN,TRETA-BADL-KALY-Z04-95238,4
95239,BL,KALYAN JN,BADLAPUR,SUBURBAN,TRETA-KALY-BADL-Z04-95239,4
95240,BL,BADLAPUR,KALYAN JN,SUBURBAN,TRETA-BADL-KALY-Z04-95240,4
95241,BL,KALYAN JN,BADLAPUR,SUBURBAN,TRETA-KALY-BADL-Z04-95241,4
95242,BL,BADLAPUR,KALYAN JN,SUBURBAN,TRETA-BADL-KALY-Z04-95242,4
95243,BL,KALYAN JN,BADLAPUR,SUBURBAN,TRETA-KALY-BADL-Z04-95243,4
95244,BL,BADLAPUR,KALYAN JN,SUBURBAN,TRETA-BADL-KALY-Z04-95244,4
95245,BL,KALYAN JN,BADLAPUR,SUBURBAN,TRETA-KALY-BADL-Z04-95245,4
95246,BL,BADLAPUR,KALYAN JN,SUBURBAN,TRETA-BADL-KALY-Z04-95246,4
95247,BL,KALYAN JN,BADLAPUR,SUBURBAN,TRETA-KALY-BADL-Z04-95247,4
95248,BL-,BADLAPUR,KALYAN JN,SUBURBAN,TRETA-BADL-KALY-Z04-95248,4
95301,DA,KALYAN JN,AMBARNATH,SUBURBAN,TRETA-KALY-AMBA-Z03-95301,3
95302,A,AMBARNATH,KALYAN JN,SUBURBAN,TRETA-AMBA-KALY-Z03-95302,3
95303,A,KALYAN JN,AMBARNATH,SUBURBAN,TRETA-KALY-AMBA-Z03-95303,3
95304,A,AMBARNATH,KALYAN JN,SUBURBAN,TRETA-AMBA-KALY-Z03-95304,3
95305,A,KALYAN JN,AMBARNATH,SUBURBAN,TRETA-KALY-AMBA-Z03-95305,3
95306,A,AMBARNATH,KALYAN JN,SUBURBAN,TRETA-AMBA-KALY-Z03-95306,3
95307,A,KALYAN JN,AMBARNATH,SUBURBAN,TRETA-KALY-AMBA-Z03-95307,3
95308,A,AMBARNATH,KALYAN JN,SUBURBAN,TRETA-AMBA-KALY-Z03-95308,3
95309,A,KALYAN JN,AMBARNATH,SUBURBAN,TRETA-KALY-AMBA-Z03-95309,3
95310,A,AMBARNATH,KALYAN JN,SUBURBAN,TRETA-AMBA-KALY-Z03-95310,3
95311,A,KALYAN JN,AMBARNATH,SUBURBAN,TRETA-KALY-AMBA-Z03-95311,3
95312,A,AMBARNATH,KALYAN JN,SUBURBAN,TRETA-AMBA-KALY-Z03-95312,3
95313,A,KALYAN JN,AMBARNATH,SUBURBAN,TRETA-KALY-AMBA-Z03-95313,3
95314,A,AMBARNATH,KALYAN JN,SUBURBAN,TRETA-AMBA-KALY-Z03-95314,3
95315,A,KALYAN JN,AMBARNATH,SUBURBAN,TRETA-KALY-AMBA-Z03-95315,3
95316,A,AMBARNATH,KALYAN JN,SUBURBAN,TRETA-AMBA-KALY-Z03-95316,3
95317,DA,KALYAN JN,AMBARNATH,SUBURBAN,TRETA-KALY-AMBA-Z03-95317,3
95318,DA,AMBARNATH,KALYAN JN,SUBURBAN,TRETA-AMBA-KALY-Z03-95318,3
95319,A,KALYAN JN,AMBARNATH,SUBURBAN,TRETA-KALY-AMBA-Z03-95319,3
95320,A,AMBARNATH,KALYAN JN,SUBURBAN,TRETA-AMBA-KALY-Z03-95320,3
95321,A,KALYAN JN,AMBARNATH,SUBURBAN,TRETA-KALY-AMBA-Z07-95321,7
95322,A,AMBARNATH,KALYAN JN,SUBURBAN,TRETA-AMBA-KALY-Z07-95322,7
95323,A,KALYAN JN,AMBARNATH,SUBURBAN,TRETA-KALY-AMBA-Z07-95323,7
95324,A   AC,AMBARNATH,C SHIVAJI MAH T,SUBURBAN,TRETA-AMBA-C_SH-Z11-95324,11
95325,A,KALYAN JN,AMBARNATH,SUBURBAN,TRETA-KALY-AMBA-Z07-95325,7
95326,A,AMBARNATH,KALYAN JN,SUBURBAN,TRETA-AMBA-KALY-Z07-95326,7
95327,A,KALYAN JN,AMBARNATH,SUBURBAN,TRETA-KALY-AMBA-Z07-95327,7
95328,DA,AMBARNATH,KALYAN JN,SUBURBAN,TRETA-AMBA-KALY-Z07-95328,7
95329,DA,KALYAN JN,AMBARNATH,SUBURBAN,TRETA-KALY-AMBA-Z07-95329,7
95330,A,AMBARNATH,KALYAN JN,SUBURBAN,TRETA-AMBA-KALY-Z03-95330,3
95331,A,KALYAN JN,AMBARNATH,SUBURBAN,TRETA-KALY-AMBA-Z03-95331,3
95332,A,AMBARNATH,KALYAN JN,SUBURBAN,TRETA-AMBA-KALY-Z03-95332,3
95333,A,KALYAN JN,AMBARNATH,SUBURBAN,TRETA-KALY-AMBA-Z03-95333,3
95334,DA,AMBARNATH,KALYAN JN,SUBURBAN,TRETA-AMBA-KALY-Z03-95334,3
95335,A,KALYAN JN,AMBARNATH,SUBURBAN,TRETA-KALY-AMBA-Z03-95335,3
95336,DA,AMBARNATH,KALYAN JN,SUBURBAN,TRETA-AMBA-KALY-Z03-95336,3
95338,DA,AMBARNATH,KALYAN JN,SUBURBAN,TRETA-AMBA-KALY-Z03-95338,3
95340,A,AMBARNATH,KALYAN JN,SUBURBAN,TRETA-AMBA-KALY-Z03-95340,3
95342,A,AMBARNATH,KALYAN JN,SUBURBAN,TRETA-AMBA-KALY-Z03-95342,3
95344,A,AMBARNATH,KALYAN JN,SUBURBAN,TRETA-AMBA-KALY-Z03-95344,3
95401,N,KALYAN JN,KASARA,SUBURBAN,TRETA-KALY-KASA-Z11-95401,11
95402,N,KASARA,KALYAN JN,SUBURBAN,TRETA-KASA-KALY-Z11-95402,11
95403,N,KALYAN JN,KASARA,SUBURBAN,TRETA-KALY-KASA-Z11-95403,11
95404,N,KASARA,KALYAN JN,SUBURBAN,TRETA-KASA-KALY-Z11-95404,11
95405,N,KALYAN JN,KASARA,SUBURBAN,TRETA-KALY-KASA-Z11-95405,11
95406,N,KASARA,KALYAN JN,SUBURBAN,TRETA-KASA-KALY-Z11-95406,11
95407,N,KALYAN JN,KASARA,SUBURBAN,TRETA-KALY-KASA-Z11-95407,11
95408,N,KASARA,KALYAN JN,SUBURBAN,TRETA-KASA-KALY-Z11-95408,11
95409,N,KALYAN JN,KASARA,SUBURBAN,TRETA-KALY-KASA-Z11-95409,11
95410,N,KASARA,KALYAN JN,SUBURBAN,TRETA-KASA-KALY-Z11-95410,11
95411,N,KALYAN JN,KASARA,SUBURBAN,TRETA-KALY-KASA-Z11-95411,11
95412,N,KASARA,KALYAN JN,SUBURBAN,TRETA-KASA-KALY-Z11-95412,11
95413,N,KALYAN JN,KASARA,SUBURBAN,TRETA-KALY-KASA-Z11-95413,11
95414,N,KASARA,KALYAN JN,SUBURBAN,TRETA-KASA-KALY-Z11-95414,11
95415,N,KALYAN JN,KASARA,SUBURBAN,TRETA-KALY-KASA-Z11-95415,11
95416,N,KASARA,KALYAN JN,SUBURBAN,TRETA-KASA-KALY-Z11-95416,11
95417,N,KALYAN JN,KASARA,SUBURBAN,TRETA-KALY-KASA-Z11-95417,11
95418,N,KASARA,KALYAN JN,SUBURBAN,TRETA-KASA-KALY-Z11-95418,11
95419,N,KALYAN JN,KASARA,SUBURBAN,TRETA-KALY-KASA-Z11-95419,11
95420,N,KASARA,KALYAN JN,SUBURBAN,TRETA-KASA-KALY-Z11-95420,11
95421,N,KALYAN JN,KASARA,SUBURBAN,TRETA-KALY-KASA-Z11-95421,11
95422,N,KASARA,KALYAN JN,SUBURBAN,TRETA-KASA-KALY-Z11-95422,11
95423,N,KALYAN JN,KASARA,SUBURBAN,TRETA-KALY-KASA-Z11-95423,11
95424,N,KASARA,KALYAN JN,SUBURBAN,TRETA-KASA-KALY-Z11-95424,11
95426,N,KASARA,KALYAN JN,SUBURBAN,TRETA-KASA-KALY-Z11-95426,11
95428,N,KASARA,KALYAN JN,SUBURBAN,TRETA-KASA-KALY-Z11-95428,11
95430,N,KASARA,KALYAN JN,SUBURBAN,TRETA-KASA-KALY-Z11-95430,11
95501,AN,KALYAN JN,ASANGAON,SUBURBAN,TRETA-KALY-ASAN-Z06-95501,6
95502,AN,ASANGAON,KALYAN JN,SUBURBAN,TRETA-ASAN-KALY-Z06-95502,6
95503,AN,KALYAN JN,ASANGAON,SUBURBAN,TRETA-KALY-ASAN-Z06-95503,6
95504,AN,ASANGAON,KALYAN JN,SUBURBAN,TRETA-ASAN-KALY-Z06-95504,6
95505,AN,KALYAN JN,ASANGAON,SUBURBAN,TRETA-KALY-ASAN-Z06-95505,6
95506,AN,ASANGAON,KALYAN JN,SUBURBAN,TRETA-ASAN-KALY-Z06-95506,6
95507,AN,KALYAN JN,ASANGAON,SUBURBAN,TRETA-KALY-ASAN-Z06-95507,6
95508,AN,ASANGAON,KALYAN JN,SUBURBAN,TRETA-ASAN-KALY-Z06-95508,6
95509,AN,KALYAN JN,ASANGAON,SUBURBAN,TRETA-KALY-ASAN-Z06-95509,6
95510,AN,ASANGAON,KALYAN JN,SUBURBAN,TRETA-ASAN-KALY-Z06-95510,6
95511,AN,KALYAN JN,ASANGAON,SUBURBAN,TRETA-KALY-ASAN-Z06-95511,6
95512,AN,ASANGAON,KALYAN JN,SUBURBAN,TRETA-ASAN-KALY-Z06-95512,6
95513,AN,KALYAN JN,ASANGAON,SUBURBAN,TRETA-KALY-ASAN-Z06-95513,6
95514,AN,ASANGAON,KALYAN JN,SUBURBAN,TRETA-ASAN-KALY-Z06-95514,6
95515,AN,KALYAN JN,ASANGAON,SUBURBAN,TRETA-KALY-ASAN-Z06-95515,6
95516,AN,ASANGAON,KALYAN JN,SUBURBAN,TRETA-ASAN-KALY-Z06-95516,6
95517,AN,KALYAN JN,ASANGAON,SUBURBAN,TRETA-KALY-ASAN-Z06-95517,6
95601,TL,KALYAN JN,TITVALA,SUBURBAN,TRETA-KALY-TITV-Z03-95601,3
95602,TL,TITVALA,KALYAN JN,SUBURBAN,TRETA-TITV-KALY-Z03-95602,3
95603,TL,KALYAN JN,TITVALA,SUBURBAN,TRETA-KALY-TITV-Z03-95603,3
95604,TL,TITVALA,KALYAN JN,SUBURBAN,TRETA-TITV-KALY-Z03-95604,3
95605,TL,KALYAN JN,TITVALA,SUBURBAN,TRETA-KALY-TITV-Z03-95605,3
95606,TL,TITVALA,KALYAN JN,SUBURBAN,TRETA-TITV-KALY-Z03-95606,3
95607,TL,KALYAN JN,TITVALA,SUBURBAN,TRETA-KALY-TITV-Z03-95607,3
95608,TL,TITVALA,KALYAN JN,SUBURBAN,TRETA-TITV-KALY-Z03-95608,3
95609,TL,KALYAN JN,TITVALA,SUBURBAN,TRETA-KALY-TITV-Z03-95609,3
95610,TL,TITVALA,KALYAN JN,SUBURBAN,TRETA-TITV-KALY-Z03-95610,3
95611,TL,KALYAN JN,TITVALA,SUBURBAN,TRETA-KALY-TITV-Z03-95611,3
95612,TL,TITVALA,KALYAN JN,SUBURBAN,TRETA-TITV-KALY-Z03-95612,3
95613,TL,KALYAN JN,TITVALA,SUBURBAN,TRETA-KALY-TITV-Z03-95613,3
95614,TL,TITVALA,KALYAN JN,SUBURBAN,TRETA-TITV-KALY-Z03-95614,3
95615,TL,KALYAN JN,TITVALA,SUBURBAN,TRETA-KALY-TITV-Z03-95615,3
95616,TL,TITVALA,KALYAN JN,SUBURBAN,TRETA-TITV-KALY-Z03-95616,3
95617,TL,KALYAN JN,TITVALA,SUBURBAN,TRETA-KALY-TITV-Z03-95617,3
95619,TL,KALYAN JN,TITVALA,SUBURBAN,TRETA-KALY-TITV-Z03-95619,3
95621,TL,KALYAN JN,TITVALA,SUBURBAN,TRETA-KALY-TITV-Z03-95621,3
95623,TL,KALYAN JN,TITVALA,SUBURBAN,TRETA-KALY-TITV-Z03-95623,3
96001,SKP,KARJAT,PALASDHARI,SUBURBAN,TRETA-KARJ-PALA-Z01-96001,1
96002,SKP,PALASDHARI,KARJAT,SUBURBAN,TRETA-PALA-KARJ-Z01-96002,1
96003,SKP,KARJAT,PALASDHARI,SUBURBAN,TRETA-KARJ-PALA-Z01-96003,1
96004,SKP,PALASDHARI,KARJAT,SUBURBAN,TRETA-PALA-KARJ-Z01-96004,1
96005,SKP,KARJAT,PALASDHARI,SUBURBAN,TRETA-KARJ-PALA-Z01-96005,1
96006,SKP,PALASDHARI,KARJAT,SUBURBAN,TRETA-PALA-KARJ-Z01-96006,1
96007,SKP,KARJAT,PALASDHARI,SUBURBAN,TRETA-KARJ-PALA-Z01-96007,1
96008,SKP,PALASDHARI,KARJAT,SUBURBAN,TRETA-PALA-KARJ-Z01-96008,1
96009,SKP,KARJAT,PALASDHARI,SUBURBAN,TRETA-KARJ-PALA-Z01-96009,1
96010,SKP,PALASDHARI,KARJAT,SUBURBAN,TRETA-PALA-KARJ-Z01-96010,1
96011,SKP,KARJAT,PALASDHARI,SUBURBAN,TRETA-KARJ-PALA-Z01-96011,1
96012,SKP,PALASDHARI,KARJAT,SUBURBAN,TRETA-PALA-KARJ-Z01-96012,1
96013,SKP,KARJAT,PALASDHARI,SUBURBAN,TRETA-KARJ-PALA-Z01-96013,1
96014,SKP,PALASDHARI,KARJAT,SUBURBAN,TRETA-PALA-KARJ-Z01-96014,1
96015,SKP,KARJAT,PALASDHARI,SUBURBAN,TRETA-KARJ-PALA-Z01-96015,1
96016,SKP,PALASDHARI,KARJAT,SUBURBAN,TRETA-PALA-KARJ-Z01-96016,1
96018,SKP,PALASDHARI,KARJAT,SUBURBAN,TRETA-PALA-KARJ-Z01-96018,1
96019,KP,KALYAN JN,PALASDHARI,SUBURBAN,TRETA-KALY-PALA-Z10-96019,10
96020,KP,PALASDHARI,KALYAN JN,SUBURBAN,TRETA-PALA-KALY-Z10-96020,10
96022,SKP,PALASDHARI,KARJAT,SUBURBAN,TRETA-PALA-KARJ-Z01-96022,1
96101,S,KALYAN JN,KARJAT,SUBURBAN,TRETA-KALY-KARJ-Z09-96101,9
96102,S,KARJAT,KALYAN JN,SUBURBAN,TRETA-KARJ-KALY-Z09-96102,9
96103,TS,KALYAN JN,KARJAT,SUBURBAN,TRETA-KALY-KARJ-Z09-96103,9
96104,S,KARJAT,KALYAN JN,SUBURBAN,TRETA-KARJ-KALY-Z09-96104,9
96105,TS,KALYAN JN,KARJAT,SUBURBAN,TRETA-KALY-KARJ-Z09-96105,9
96106,S,KARJAT,KALYAN JN,SUBURBAN,TRETA-KARJ-KALY-Z09-96106,9
96107,S,KALYAN JN,KARJAT,SUBURBAN,TRETA-KALY-KARJ-Z09-96107,9
96108,TS,KARJAT,KALYAN JN,SUBURBAN,TRETA-KARJ-KALY-Z09-96108,9
96109,TS,KALYAN JN,KARJAT,SUBURBAN,TRETA-KALY-KARJ-Z09-96109,9
96110,S,KARJAT,KALYAN JN,SUBURBAN,TRETA-KARJ-KALY-Z09-96110,9
96111,TS,KALYAN JN,KARJAT,SUBURBAN,TRETA-KALY-KARJ-Z09-96111,9
96113,TS,KALYAN JN,KARJAT,SUBURBAN,TRETA-KALY-KARJ-Z09-96113,9
96115,S,KALYAN JN,KARJAT,SUBURBAN,TRETA-KALY-KARJ-Z09-96115,9
96201,CBL,KALYAN JN,BADLAPUR,SUBURBAN,TRETA-KALY-BADL-Z04-96201,4
96202,BL,BADLAPUR,KALYAN JN,SUBURBAN,TRETA-BADL-KALY-Z04-96202,4
96203,TBL,KALYAN JN,BADLAPUR,SUBURBAN,TRETA-KALY-BADL-Z04-96203,4
96204,BL,BADLAPUR,KALYAN JN,SUBURBAN,TRETA-BADL-KALY-Z04-96204,4
96205,BL,KALYAN JN,BADLAPUR,SUBURBAN,TRETA-KALY-BADL-Z04-96205,4
96206,BL,BADLAPUR,KALYAN JN,SUBURBAN,TRETA-BADL-KALY-Z04-96206,4
96207,BL,KALYAN JN,BADLAPUR,SUBURBAN,TRETA-KALY-BADL-Z04-96207,4
96208,TBL,BADLAPUR,KALYAN JN,SUBURBAN,TRETA-BADL-KALY-Z04-96208,4
96209,TBL,KALYAN JN,BADLAPUR,SUBURBAN,TRETA-KALY-BADL-Z04-96209,4
96210,BL,BADLAPUR,KALYAN JN,SUBURBAN,TRETA-BADL-KALY-Z04-96210,4
96211,TBL,KALYAN JN,BADLAPUR,SUBURBAN,TRETA-KALY-BADL-Z04-96211,4
96212,BL,BADLAPUR,KALYAN JN,SUBURBAN,TRETA-BADL-KALY-Z04-96212,4
96213,TBL,KALYAN JN,BADLAPUR,SUBURBAN,TRETA-KALY-BADL-Z04-96213,4
96214,BL,BADLAPUR,KALYAN JN,SUBURBAN,TRETA-BADL-KALY-Z04-96214,4
96215,BL,KALYAN JN,BADLAPUR,SUBURBAN,TRETA-KALY-BADL-Z04-96215,4
96216,BL,BADLAPUR,KALYAN JN,SUBURBAN,TRETA-BADL-KALY-Z04-96216,4
96217,BL,KALYAN JN,BADLAPUR,SUBURBAN,TRETA-KALY-BADL-Z04-96217,4
96218,BL,BADLAPUR,KALYAN JN,SUBURBAN,TRETA-BADL-KALY-Z04-96218,4
96219,TBL,KALYAN JN,BADLAPUR,SUBURBAN,TRETA-KALY-BADL-Z04-96219,4
96220,BL,BADLAPUR,KALYAN JN,SUBURBAN,TRETA-BADL-KALY-Z04-96220,4
96221,BL,KALYAN JN,BADLAPUR,SUBURBAN,TRETA-KALY-BADL-Z04-96221,4
96222,BL,BADLAPUR,KALYAN JN,SUBURBAN,TRETA-BADL-KALY-Z04-96222,4
96223,BL,KALYAN JN,BADLAPUR,SUBURBAN,TRETA-KALY-BADL-Z04-96223,4
96224,BL,BADLAPUR,KALYAN JN,SUBURBAN,TRETA-BADL-KALY-Z04-96224,4
96225,BL,KALYAN JN,BADLAPUR,SUBURBAN,TRETA-KALY-BADL-Z04-96225,4
96226,PBL,BADLAPUR,KALYAN JN,SUBURBAN,TRETA-BADL-KALY-Z04-96226,4
96227,BL,KALYAN JN,BADLAPUR,SUBURBAN,TRETA-KALY-BADL-Z04-96227,4
96228,TBL,BADLAPUR,KALYAN JN,SUBURBAN,TRETA-BADL-KALY-Z04-96228,4
96229,BL,KALYAN JN,BADLAPUR,SUBURBAN,TRETA-KALY-BADL-Z04-96229,4
96230,BL,BADLAPUR,KALYAN JN,SUBURBAN,TRETA-BADL-KALY-Z04-96230,4
96301,A,KALYAN JN,AMBARNATH,SUBURBAN,TRETA-KALY-AMBA-Z03-96301,3
96302,A,AMBARNATH,KALYAN JN,SUBURBAN,TRETA-AMBA-KALY-Z03-96302,3
96303,A,KALYAN JN,AMBARNATH,SUBURBAN,TRETA-KALY-AMBA-Z03-96303,3
96304,A,AMBARNATH,KALYAN JN,SUBURBAN,TRETA-AMBA-KALY-Z03-96304,3
96305,A,KALYAN JN,AMBARNATH,SUBURBAN,TRETA-KALY-AMBA-Z03-96305,3
96306,A,AMBARNATH,KALYAN JN,SUBURBAN,TRETA-AMBA-KALY-Z03-96306,3
96307,CA,KALYAN JN,AMBARNATH,SUBURBAN,TRETA-KALY-AMBA-Z03-96307,3
96308,A,AMBARNATH,KALYAN JN,SUBURBAN,TRETA-AMBA-KALY-Z03-96308,3
96309,A,KALYAN JN,AMBARNATH,SUBURBAN,TRETA-KALY-AMBA-Z03-96309,3
96310,A,AMBARNATH,KALYAN JN,SUBURBAN,TRETA-AMBA-KALY-Z03-96310,3
96311,A,KALYAN JN,AMBARNATH,SUBURBAN,TRETA-KALY-AMBA-Z03-96311,3
96312,A,AMBARNATH,KALYAN JN,SUBURBAN,TRETA-AMBA-KALY-Z03-96312,3
96313,A,KALYAN JN,AMBARNATH,SUBURBAN,TRETA-KALY-AMBA-Z03-96313,3
96314,A,AMBARNATH,KALYAN JN,SUBURBAN,TRETA-AMBA-KALY-Z03-96314,3
96315,A,KALYAN JN,AMBARNATH,SUBURBAN,TRETA-KALY-AMBA-Z03-96315,3
96316,A,AMBARNATH,KALYAN JN,SUBURBAN,TRETA-AMBA-KALY-Z03-96316,3
96317,A   AC,C SHIVAJI MAH T,AMBARNATH,SUBURBAN,TRETA-C_SH-AMBA-Z28-96317,28
96318,A,AMBARNATH,KALYAN JN,SUBURBAN,TRETA-AMBA-KALY-Z03-96318,3
96319,A,KALYAN JN,AMBARNATH,SUBURBAN,TRETA-KALY-AMBA-Z03-96319,3
96320,A,AMBARNATH,KALYAN JN,SUBURBAN,TRETA-AMBA-KALY-Z03-96320,3
96321,A,KALYAN JN,AMBARNATH,SUBURBAN,TRETA-KALY-AMBA-Z03-96321,3
96322,A,AMBARNATH,KALYAN JN,SUBURBAN,TRETA-AMBA-KALY-Z03-96322,3
96323,TA,KALYAN JN,AMBARNATH,SUBURBAN,TRETA-KALY-AMBA-Z03-96323,3
96325,A,KALYAN JN,AMBARNATH,SUBURBAN,TRETA-KALY-AMBA-Z03-96325,3
96326,A,AMBARNATH,KALYAN JN,SUBURBAN,TRETA-AMBA-KALY-Z03-96326,3
96327,A,KALYAN JN,AMBARNATH,SUBURBAN,TRETA-KALY-AMBA-Z03-96327,3
96328,A,AMBARNATH,KALYAN JN,SUBURBAN,TRETA-AMBA-KALY-Z03-96328,3
96329,TA,KALYAN JN,AMBARNATH,SUBURBAN,TRETA-KALY-AMBA-Z03-96329,3
96330,A,AMBARNATH,KALYAN JN,SUBURBAN,TRETA-AMBA-KALY-Z03-96330,3
96331,A,KALYAN JN,AMBARNATH,SUBURBAN,TRETA-KALY-AMBA-Z03-96331,3
96332,A,AMBARNATH,KALYAN JN,SUBURBAN,TRETA-AMBA-KALY-Z03-96332,3
96333,A,KALYAN JN,AMBARNATH,SUBURBAN,TRETA-KALY-AMBA-Z03-96333,3
96335,A,KALYAN JN,AMBARNATH,SUBURBAN,TRETA-KALY-AMBA-Z03-96335,3
96337,PA,KALYAN JN,AMBARNATH,SUBURBAN,TRETA-KALY-AMBA-Z03-96337,3
96339,PA,KALYAN JN,AMBARNATH,SUBURBAN,TRETA-KALY-AMBA-Z03-96339,3
96341,A,KALYAN JN,AMBARNATH,SUBURBAN,TRETA-KALY-AMBA-Z03-96341,3
96401,N,KALYAN JN,KASARA,SUBURBAN,TRETA-KALY-KASA-Z11-96401,11
96402,N,KASARA,KALYAN JN,SUBURBAN,TRETA-KASA-KALY-Z11-96402,11
96403,N,KALYAN JN,KASARA,SUBURBAN,TRETA-KALY-KASA-Z11-96403,11
96404,N,KASARA,KALYAN JN,SUBURBAN,TRETA-KASA-KALY-Z11-96404,11
96405,N,KALYAN JN,KASARA,SUBURBAN,TRETA-KALY-KASA-Z11-96405,11
96406,N,KASARA,KALYAN JN,SUBURBAN,TRETA-KASA-KALY-Z11-96406,11
96407,N,KALYAN JN,KASARA,SUBURBAN,TRETA-KALY-KASA-Z11-96407,11
96409,N,KALYAN JN,KASARA,SUBURBAN,TRETA-KALY-KASA-Z11-96409,11
96411,N,KALYAN JN,KASARA,SUBURBAN,TRETA-KALY-KASA-Z11-96411,11
96501,KAN,KALYAN JN,ASANGAON,SUBURBAN,TRETA-KALY-ASAN-Z06-96501,6
96502,AN,ASANGAON,KALYAN JN,SUBURBAN,TRETA-ASAN-KALY-Z06-96502,6
96503,TAN,KALYAN JN,ASANGAON,SUBURBAN,TRETA-KALY-ASAN-Z06-96503,6
96504,AN,ASANGAON,KALYAN JN,SUBURBAN,TRETA-ASAN-KALY-Z06-96504,6
96505,AN,KALYAN JN,ASANGAON,SUBURBAN,TRETA-KALY-ASAN-Z06-96505,6
96506,TAN,ASANGAON,KALYAN JN,SUBURBAN,TRETA-ASAN-KALY-Z06-96506,6
96507,AN,KALYAN JN,ASANGAON,SUBURBAN,TRETA-KALY-ASAN-Z06-96507,6
96508,AN,ASANGAON,KALYAN JN,SUBURBAN,TRETA-ASAN-KALY-Z06-96508,6
96509,KAN,KALYAN JN,ASANGAON,SUBURBAN,TRETA-KALY-ASAN-Z06-96509,6
96510,AN,ASANGAON,KALYAN JN,SUBURBAN,TRETA-ASAN-KALY-Z06-96510,6
96511,AN,KALYAN JN,ASANGAON,SUBURBAN,TRETA-KALY-ASAN-Z06-96511,6
96512,AN,ASANGAON,KALYAN JN,SUBURBAN,TRETA-ASAN-KALY-Z06-96512,6
96513,TAN,KALYAN JN,ASANGAON,SUBURBAN,TRETA-KALY-ASAN-Z06-96513,6
96514,TAN,ASANGAON,KALYAN JN,SUBURBAN,TRETA-ASAN-KALY-Z06-96514,6
96515,AN,KALYAN JN,ASANGAON,SUBURBAN,TRETA-KALY-ASAN-Z06-96515,6
96516,AN,ASANGAON,KALYAN JN,SUBURBAN,TRETA-ASAN-KALY-Z06-96516,6
96517,AN,KALYAN JN,ASANGAON,SUBURBAN,TRETA-KALY-ASAN-Z06-96517,6
96518,AN,ASANGAON,KALYAN JN,SUBURBAN,TRETA-ASAN-KALY-Z06-96518,6
96519,AN,KALYAN JN,ASANGAON,SUBURBAN,TRETA-KALY-ASAN-Z06-96519,6
96520,AN,ASANGAON,KALYAN JN,SUBURBAN,TRETA-ASAN-KALY-Z13-96520,13
96522,TAN,ASANGAON,KALYAN JN,SUBURBAN,TRETA-ASAN-KALY-Z13-96522,13
96601,CTL,KALYAN JN,TITVALA,SUBURBAN,TRETA-KALY-TITV-Z03-96601,3
96602,TL,TITVALA,KALYAN JN,SUBURBAN,TRETA-TITV-KALY-Z03-96602,3
96603,TTL,KALYAN JN,TITVALA,SUBURBAN,TRETA-KALY-TITV-Z03-96603,3
96604,TL,TITVALA,KALYAN JN,SUBURBAN,TRETA-TITV-KALY-Z03-96604,3
96605,TL,KALYAN JN,TITVALA,SUBURBAN,TRETA-KALY-TITV-Z03-96605,3
96606,TL,TITVALA,KALYAN JN,SUBURBAN,TRETA-TITV-KALY-Z03-96606,3
96607,TL,KALYAN JN,TITVALA,SUBURBAN,TRETA-KALY-TITV-Z03-96607,3
96608,TL,TITVALA,KALYAN JN,SUBURBAN,TRETA-TITV-KALY-Z03-96608,3
96609,TL,KALYAN JN,TITVALA,SUBURBAN,TRETA-KALY-TITV-Z03-96609,3
96610,TL,TITVALA,KALYAN JN,SUBURBAN,TRETA-TITV-KALY-Z03-96610,3
96611,TL,KALYAN JN,TITVALA,SUBURBAN,TRETA-KALY-TITV-Z03-96611,3
96612,TL,TITVALA,KALYAN JN,SUBURBAN,TRETA-TITV-KALY-Z03-96612,3
96613,TL,KALYAN JN,TITVALA,SUBURBAN,TRETA-KALY-TITV-Z03-96613,3
96614,TL,TITVALA,KALYAN JN,SUBURBAN,TRETA-TITV-KALY-Z03-96614,3
96615,TTL,KALYAN JN,TITVALA,SUBURBAN,TRETA-KALY-TITV-Z03-96615,3
96616,PTL,TITVALA,KALYAN JN,SUBURBAN,TRETA-TITV-KALY-Z03-96616,3
96617,TTL,KALYAN JN,TITVALA,SUBURBAN,TRETA-KALY-TITV-Z03-96617,3
96618,TL,TITVALA,KALYAN JN,SUBURBAN,TRETA-TITV-KALY-Z03-96618,3
96619,TL,KALYAN JN,TITVALA,SUBURBAN,TRETA-KALY-TITV-Z03-96619,3
96620,PTL,TITVALA,KALYAN JN,SUBURBAN,TRETA-TITV-KALY-Z03-96620,3
96621,TL,KALYAN JN,TITVALA,SUBURBAN,TRETA-KALY-TITV-Z03-96621,3
96622,TL,TITVALA,KALYAN JN,SUBURBAN,TRETA-TITV-KALY-Z03-96622,3
96623,TL,KALYAN JN,TITVALA,SUBURBAN,TRETA-KALY-TITV-Z03-96623,3
96624,TL,TITVALA,KALYAN JN,SUBURBAN,TRETA-TITV-KALY-Z03-96624,3
96625,TL,KALYAN JN,TITVALA,SUBURBAN,TRETA-KALY-TITV-Z03-96625,3
96626,TL,TITVALA,KALYAN JN,SUBURBAN,TRETA-TITV-KALY-Z03-96626,3
96627,TL,KALYAN JN,TITVALA,SUBURBAN,TRETA-KALY-TITV-Z03-96627,3
96628,TL,TITVALA,KALYAN JN,SUBURBAN,TRETA-TITV-KALY-Z03-96628,3
96629,TTL,KALYAN JN,TITVALA,SUBURBAN,TRETA-KALY-TITV-Z03-96629,3
96630,TL,TITVALA,KALYAN JN,SUBURBAN,TRETA-TITV-KALY-Z03-96630,3
96631,TL,KALYAN JN,TITVALA,SUBURBAN,TRETA-KALY-TITV-Z03-96631,3
96632,TL,TITVALA,KALYAN JN,SUBURBAN,TRETA-TITV-KALY-Z03-96632,3
96633,TL,KALYAN JN,TITVALA,SUBURBAN,TRETA-KALY-TITV-Z03-96633,3
96634,TL,TITVALA,KALYAN JN,SUBURBAN,TRETA-TITV-KALY-Z03-96634,3
96635,TL,KALYAN JN,TITVALA,SUBURBAN,TRETA-KALY-TITV-Z03-96635,3
96636,TL,TITVALA,KALYAN JN,SUBURBAN,TRETA-TITV-KALY-Z03-96636,3
96637,TL,KALYAN JN,TITVALA,SUBURBAN,TRETA-KALY-TITV-Z03-96637,3
96638,TL,TITVALA,KALYAN JN,SUBURBAN,TRETA-TITV-KALY-Z03-96638,3
96639,TL,KALYAN JN,TITVALA,SUBURBAN,TRETA-KALY-TITV-Z03-96639,3
96640,TL,TITVALA,KALYAN JN,SUBURBAN,TRETA-TITV-KALY-Z03-96640,3
96641,TL,KALYAN JN,TITVALA,SUBURBAN,TRETA-KALY-TITV-Z03-96641,3
96642,TL,TITVALA,KALYAN JN,SUBURBAN,TRETA-TITV-KALY-Z03-96642,3
96643,TL,KALYAN JN,TITVALA,SUBURBAN,TRETA-KALY-TITV-Z03-96643,3
96644,TL,TITVALA,KALYAN JN,SUBURBAN,TRETA-TITV-KALY-Z03-96644,3
96645,TL,KALYAN JN,TITVALA,SUBURBAN,TRETA-KALY-TITV-Z03-96645,3
96646,TTL,TITVALA,KALYAN JN,SUBURBAN,TRETA-TITV-KALY-Z03-96646,3
96647,TL,KALYAN JN,TITVALA,SUBURBAN,TRETA-KALY-TITV-Z03-96647,3
96648,TL,TITVALA,KALYAN JN,SUBURBAN,TRETA-TITV-KALY-Z03-96648,3
96649,TL,KALYAN JN,TITVALA,SUBURBAN,TRETA-KALY-TITV-Z03-96649,3
96650,TL,TITVALA,KALYAN JN,SUBURBAN,TRETA-TITV-KALY-Z03-96650,3
96651,TL,KALYAN JN,TITVALA,SUBURBAN,TRETA-KALY-TITV-Z03-96651,3
96652,TL,TITVALA,KALYAN JN,SUBURBAN,TRETA-TITV-KALY-Z03-96652,3
96653,TL,KALYAN JN,TITVALA,SUBURBAN,TRETA-KALY-TITV-Z03-96653,3
96654,TL,TITVALA,KALYAN JN,SUBURBAN,TRETA-TITV-KALY-Z03-96654,3
96655,TL,KALYAN JN,TITVALA,SUBURBAN,TRETA-KALY-TITV-Z03-96655,3
96656,TL,TITVALA,KALYAN JN,SUBURBAN,TRETA-TITV-KALY-Z03-96656,3
96658,TL,TITVALA,KALYAN JN,SUBURBAN,TRETA-TITV-KALY-Z03-96658,3
96660,TTL,TITVALA,KALYAN JN,SUBURBAN,TRETA-TITV-KALY-Z03-96660,3
96662,TTL,TITVALA,KALYAN JN,SUBURBAN,TRETA-TITV-KALY-Z03-96662,3
97071,K,C SHIVAJI MAH T,KALYAN JN,SUBURBAN,TRETA-C_SH-KALY-Z25-97071,25
97080,K,KALYAN JN,C SHIVAJI MAH T,SUBURBAN,TRETA-KALY-C_SH-Z25-97080,25
98109,PL,C SHIVAJI MAH T,PANVEL,SUBURBAN,TRETA-C_SH-PANV-Z24-98109,24
98120,PL,PANVEL,C SHIVAJI MAH T,SUBURBAN,TRETA-PANV-C_SH-Z24-98120,24
99241,TNU,THANE,NERUL,SUBURBAN,TRETA-THAN-NERU-Z08-99241,8
99242,TNU-,NERUL,THANE,SUBURBAN,TRETA-NERU-THAN-Z08-99242,8
99801,LNL-PUNE SUBURBAN,LONAVALA,PUNE JN,SUBURBAN,TRETA-LONA-PUNE-Z16-99801,16
99802,PUNE-LNL SUBURBAN,PUNE JN,LONAVALA,SUBURBAN,TRETA-PUNE-LONA-Z16-99802,16
99803,LNL-SVJR SUBURBAN,LONAVALA,SHIVAJI NAGAR,SUBURBAN,TRETA-LONA-SHIV-Z15-99803,15
99804,PUNE-LNL SUBURBAN,PUNE JN,LONAVALA,SUBURBAN,TRETA-PUNE-LONA-Z16-99804,16
99805,LNL-PUNE SUBURBAN,LONAVALA,PUNE JN,SUBURBAN,TRETA-LONA-PUNE-Z16-99805,16
99806,PUNE-LNL SUBURBAN,PUNE JN,LONAVALA,SUBURBAN,TRETA-PUNE-LONA-Z16-99806,16
99807,LNL-PUNE SUBURBAN,LONAVALA,PUNE JN,SUBURBAN,TRETA-LONA-PUNE-Z16-99807,16
99808,PUNE-LNL SUBURBAN,PUNE JN,LONAVALA,SUBURBAN,TRETA-PUNE-LONA-Z16-99808,16
99809,LNL-SVJR SUBURBAN,LONAVALA,SHIVAJI NAGAR,SUBURBAN,TRETA-LONA-SHIV-Z15-99809,15
99810,SVJR-LNL SUBURBAN,SHIVAJI NAGAR,LONAVALA,SUBURBAN,TRETA-SHIV-LONA-Z15-99810,15
99811,LNL-SVJR SUB,LONAVALA,SHIVAJI NAGAR,SUBURBAN,TRETA-LONA-SHIV-Z15-99811,15
99812,PUNE-LNL SUBURBAN,PUNE JN,LONAVALA,SUBURBAN,TRETA-PUNE-LONA-Z16-99812,16
99813,LNL-PUNE SUBURBAN,LONAVALA,PUNE JN,SUBURBAN,TRETA-LONA-PUNE-Z16-99813,16
99814,PUNE-LNL SUBURBAN,PUNE JN,LONAVALA,SUBURBAN,TRETA-PUNE-LONA-Z16-99814,16
99815,LNL-SVJR SUBURBAN,LONAVALA,SHIVAJI NAGAR,SUBURBAN,TRETA-LONA-SHIV-Z15-99815,15
99816,SVJR-LNL SUBURBAN,SHIVAJI NAGAR,LONAVALA,SUBURBAN,TRETA-SHIV-LONA-Z15-99816,15
99817,LNL-SVJR SUBURBAN,LONAVALA,SHIVAJI NAGAR,SUBURBAN,TRETA-LONA-SHIV-Z15-99817,15
99818,PUNE-LNL SUBURBAN,PUNE JN,LONAVALA,SUBURBAN,TRETA-PUNE-LONA-Z16-99818,16
99819,LNL-SVJR SUBURBAN,LONAVALA,SHIVAJI NAGAR,SUBURBAN,TRETA-LONA-SHIV-Z15-99819,15
99820,PUNE-LNL SUBURBAN,PUNE JN,LONAVALA,SUBURBAN,TRETA-PUNE-LONA-Z16-99820,16
99821,LNL-PUNE SUBURBAN,LONAVALA,PUNE JN,SUBURBAN,TRETA-LONA-PUNE-Z13-99821,13
99822,SVJR-LNL SUBURBAN,SHIVAJI NAGAR,LONAVALA,SUBURBAN,TRETA-SHIV-LONA-Z15-99822,15
99823,LNL-SVJR SUBURBAN,LONAVALA,SHIVAJI NAGAR,SUBURBAN,TRETA-LONA-SHIV-Z15-99823,15
99824,PUNE-LNL SUBURBAN,PUNE JN,LONAVALA,SUBURBAN,TRETA-PUNE-LONA-Z16-99824,16
99825,LNL-PUNE SUBURBAN,LONAVALA,PUNE JN,SUBURBAN,TRETA-LONA-PUNE-Z16-99825,16
99826,SVJR-LNL SUBURBAN,SHIVAJI NAGAR,LONAVALA,SUBURBAN,TRETA-SHIV-LONA-Z15-99826,15
99827,LNL-PUNE SUBURBAN,LONAVALA,PUNE JN,SUBURBAN,TRETA-LONA-PUNE-Z16-99827,16
99828,SVJR-LNL SUBURBAN,SHIVAJI NAGAR,LONAVALA,SUBURBAN,TRETA-SHIV-LONA-Z15-99828,15
99829,LNL-PUNE SUBURBAN,LONAVALA,PUNE JN,SUBURBAN,TRETA-LONA-PUNE-Z16-99829,16
99830,PUNE-LNL SUBURBAN,PUNE JN,LONAVALA,SUBURBAN,TRETA-PUNE-LONA-Z16-99830,16
99831,LNL-PUNE SUBURBAN,LONAVALA,PUNE JN,SUBURBAN,TRETA-LONA-PUNE-Z11-99831,11
99832,SVJR-LNL SUBURBAN,SHIVAJI NAGAR,LONAVALA,SUBURBAN,TRETA-SHIV-LONA-Z15-99832,15
99833,LNL-PUNE SUBURBAN,LONAVALA,PUNE JN,SUBURBAN,TRETA-LONA-PUNE-Z16-99833,16
99834,PUNE-LNL SUBURBAN,PUNE JN,LONAVALA,SUBURBAN,TRETA-PUNE-LONA-Z16-99834,16
99901,TGN-PUNE SUBURBAN,TALEGAON,PUNE JN,SUBURBAN,TRETA-TALE-PUNE-Z11-99901,11
99902,PUNE-TGN SUBURBAN,PUNE JN,TALEGAON,SUBURBAN,TRETA-PUNE-TALE-Z11-99902,11
99903,TGN-PUNE SUBURBAN,TALEGAON,PUNE JN,SUBURBAN,TRETA-TALE-PUNE-Z11-99903,11
99904,PUNE-TGN SUBURBAN,PUNE JN,TALEGAON,SUBURBAN,TRETA-PUNE-TALE-Z11-99904,11
99905,TGN-PUNE SUBURBAN,TALEGAON,PUNE JN,SUBURBAN,TRETA-TALE-PUNE-Z11-99905,11
99906,SVJR-TGN SUBURBAN,SHIVAJI NAGAR,TALEGAON,SUBURBAN,TRETA-SHIV-TALE-Z10-99906,10
99907,TGN-PUNE SUBURBAN,TALEGAON,PUNE JN,SUBURBAN,TRETA-TALE-PUNE-Z11-99907,11
99908,PUNE-TGN SUBURBAN,PUNE JN,TALEGAON,SUBURBAN,TRETA-PUNE-TALE-Z11-99908,11
