id,corridor,corridor_slug,train_no,train_name,train_tier,segment_sequence,treta_segment_number,from_station_code,from_station_name,from_state,from_state_code,from_state_border_key,to_station_code,to_station_name,to_state,to_state_code,to_state_border_key,is_border_crossing,state_border_transition,state_border_key,segment_type,dep_time,arr_time,segment_distance_km,cumulative_distance_km,day
1,Delhi → Mumbai,DEL-MUM,12215,BDTS GARIB RATH,T3_EXPRESS_PASSENGER,1,TS-DEL-MUM-12215-001,DEE,DELHI SARAI ROHILLA,Delhi,DL,SB-DL,DEC,DELHI CANTT,Delhi,DL,SB-DL,0,INTRA-SB-DL,SB-DL,SOURCE_TO_HALT1,08:55,09:10,10.0,10.0,1
2,Delhi → Mumbai,DEL-MUM,12215,BDTS GARIB RATH,T3_EXPRESS_PASSENGER,2,TS-DEL-MUM-12215-002,DEC,DELHI CANTT,Delhi,DL,SB-DL,GGN,GURGAON,Haryana,HR,SB-HR,1,SB-DL->SB-HR,SB-XING-DL-HR,INTERMEDIATE_HALT,09:12,09:28,17.0,27.0,1
3,Delhi → Mumbai,DEL-MUM,12215,BDTS GARIB RATH,T3_EXPRESS_PASSENGER,3,TS-DEL-MUM-12215-003,GGN,GURGAON,Haryana,HR,SB-HR,RE,REWARI JN.,Haryana,HR,SB-HR,0,INTRA-SB-HR,SB-HR,INTERMEDIATE_HALT,09:30,10:15,51.0,78.0,1
4,Delhi → Mumbai,DEL-MUM,12215,BDTS GARIB RATH,T3_EXPRESS_PASSENGER,4,TS-DEL-MUM-12215-004,RE,REWARI JN.,Haryana,HR,SB-HR,KRH,KHAIRTHAL,Rajasthan,RJ,SB-RJ,1,SB-HR->SB-RJ,SB-XING-HR-RJ,INTERMEDIATE_HALT,10:20,10:58,47.0,125.0,1
5,Delhi → Mumbai,DEL-MUM,12215,BDTS GARIB RATH,T3_EXPRESS_PASSENGER,5,TS-DEL-MUM-12215-005,KRH,KHAIRTHAL,Rajasthan,RJ,SB-RJ,AWR,ALWAR JUNCTION,Rajasthan,RJ,SB-RJ,0,INTRA-SB-RJ,SB-RJ,INTERMEDIATE_HALT,11:00,11:22,27.0,152.0,1
6,Delhi → Mumbai,DEL-MUM,12215,BDTS GARIB RATH,T3_EXPRESS_PASSENGER,6,TS-DEL-MUM-12215-006,AWR,ALWAR JUNCTION,Rajasthan,RJ,SB-RJ,JP,JAIPUR JN,Rajasthan,RJ,SB-RJ,0,INTRA-SB-RJ,SB-RJ,INTERMEDIATE_HALT,11:25,13:25,151.0,303.0,1
7,Delhi → Mumbai,DEL-MUM,12215,BDTS GARIB RATH,T3_EXPRESS_PASSENGER,7,TS-DEL-MUM-12215-007,JP,JAIPUR JN,Rajasthan,RJ,SB-RJ,KSG,KISHANGARH,Rajasthan,RJ,SB-RJ,0,INTRA-SB-RJ,SB-RJ,INTERMEDIATE_HALT,13:35,15:01,109.0,412.0,1
8,Delhi → Mumbai,DEL-MUM,12215,BDTS GARIB RATH,T3_EXPRESS_PASSENGER,8,TS-DEL-MUM-12215-008,KSG,KISHANGARH,Rajasthan,RJ,SB-RJ,AII,AJMER JN,Rajasthan,RJ,SB-RJ,0,INTRA-SB-RJ,SB-RJ,INTERMEDIATE_HALT,15:03,15:45,25.0,437.0,1
9,Delhi → Mumbai,DEL-MUM,12215,BDTS GARIB RATH,T3_EXPRESS_PASSENGER,9,TS-DEL-MUM-12215-009,AII,AJMER JN,Rajasthan,RJ,SB-RJ,FA,FALNA,Rajasthan,RJ,SB-RJ,0,INTRA-SB-RJ,SB-RJ,INTERMEDIATE_HALT,16:00,18:40,206.0,643.0,1
10,Delhi → Mumbai,DEL-MUM,12215,BDTS GARIB RATH,T3_EXPRESS_PASSENGER,10,TS-DEL-MUM-12215-010,FA,FALNA,Rajasthan,RJ,SB-RJ,PDWA,PINDWARA,Rajasthan,RJ,SB-RJ,0,INTRA-SB-RJ,SB-RJ,INTERMEDIATE_HALT,18:45,19:21,55.0,698.0,1
11,Delhi → Mumbai,DEL-MUM,12215,BDTS GARIB RATH,T3_EXPRESS_PASSENGER,11,TS-DEL-MUM-12215-011,PDWA,PINDWARA,Rajasthan,RJ,SB-RJ,ABR,ABU ROAD,Rajasthan,RJ,SB-RJ,0,INTRA-SB-RJ,SB-RJ,INTERMEDIATE_HALT,19:23,20:05,44.0,742.0,1
12,Delhi → Mumbai,DEL-MUM,12215,BDTS GARIB RATH,T3_EXPRESS_PASSENGER,12,TS-DEL-MUM-12215-012,ABR,ABU ROAD,Rajasthan,RJ,SB-RJ,PNU,PALANPUR JN,Gujarat,GJ,SB-GJ,1,SB-RJ->SB-GJ,SB-XING-RJ-GJ,INTERMEDIATE_HALT,20:15,21:15,53.0,795.0,1
13,Delhi → Mumbai,DEL-MUM,12215,BDTS GARIB RATH,T3_EXPRESS_PASSENGER,13,TS-DEL-MUM-12215-013,PNU,PALANPUR JN,Gujarat,GJ,SB-GJ,MSH,MAHESANA JN,Gujarat,GJ,SB-GJ,0,INTRA-SB-GJ,SB-GJ,INTERMEDIATE_HALT,21:20,22:11,65.0,860.0,1
14,Delhi → Mumbai,DEL-MUM,12215,BDTS GARIB RATH,T3_EXPRESS_PASSENGER,14,TS-DEL-MUM-12215-014,MSH,MAHESANA JN,Gujarat,GJ,SB-GJ,KLL,KALOL,Gujarat,GJ,SB-GJ,0,INTRA-SB-GJ,SB-GJ,INTERMEDIATE_HALT,22:13,22:42,42.0,902.0,1
15,Delhi → Mumbai,DEL-MUM,12215,BDTS GARIB RATH,T3_EXPRESS_PASSENGER,15,TS-DEL-MUM-12215-015,KLL,KALOL,Gujarat,GJ,SB-GJ,GNC,GANDHINAGAR CAPITAL,Gujarat,GJ,SB-GJ,0,INTRA-SB-GJ,SB-GJ,INTERMEDIATE_HALT,22:44,23:20,20.0,922.0,1
16,Delhi → Mumbai,DEL-MUM,12215,BDTS GARIB RATH,T3_EXPRESS_PASSENGER,16,TS-DEL-MUM-12215-016,GNC,GANDHINAGAR CAPITAL,Gujarat,GJ,SB-GJ,ADI,AHMEDABAD JN,Gujarat,GJ,SB-GJ,0,INTRA-SB-GJ,SB-GJ,INTERMEDIATE_HALT,23:22,00:25,29.0,951.0,2
17,Delhi → Mumbai,DEL-MUM,12215,BDTS GARIB RATH,T3_EXPRESS_PASSENGER,17,TS-DEL-MUM-12215-017,ADI,AHMEDABAD JN,Gujarat,GJ,SB-GJ,ND,NADIAD JN,Gujarat,GJ,SB-GJ,0,INTRA-SB-GJ,SB-GJ,INTERMEDIATE_HALT,00:35,01:29,46.0,997.0,2
18,Delhi → Mumbai,DEL-MUM,12215,BDTS GARIB RATH,T3_EXPRESS_PASSENGER,18,TS-DEL-MUM-12215-018,ND,NADIAD JN,Gujarat,GJ,SB-GJ,ANND,ANAND JN,Gujarat,GJ,SB-GJ,0,INTRA-SB-GJ,SB-GJ,INTERMEDIATE_HALT,01:31,01:42,18.0,1015.0,2
19,Delhi → Mumbai,DEL-MUM,12215,BDTS GARIB RATH,T3_EXPRESS_PASSENGER,19,TS-DEL-MUM-12215-019,ANND,ANAND JN,Gujarat,GJ,SB-GJ,BRC,VADODARA JN,Gujarat,GJ,SB-GJ,0,INTRA-SB-GJ,SB-GJ,INTERMEDIATE_HALT,01:44,02:17,36.0,1051.0,2
20,Delhi → Mumbai,DEL-MUM,12215,BDTS GARIB RATH,T3_EXPRESS_PASSENGER,20,TS-DEL-MUM-12215-020,BRC,VADODARA JN,Gujarat,GJ,SB-GJ,BH,BHARUCH JN,Gujarat,GJ,SB-GJ,0,INTRA-SB-GJ,SB-GJ,INTERMEDIATE_HALT,02:22,03:07,70.0,1121.0,2
21,Delhi → Mumbai,DEL-MUM,12215,BDTS GARIB RATH,T3_EXPRESS_PASSENGER,21,TS-DEL-MUM-12215-021,BH,BHARUCH JN,Gujarat,GJ,SB-GJ,ST,SURAT,Gujarat,GJ,SB-GJ,0,INTRA-SB-GJ,SB-GJ,INTERMEDIATE_HALT,03:09,03:55,59.0,1180.0,2
22,Delhi → Mumbai,DEL-MUM,12215,BDTS GARIB RATH,T3_EXPRESS_PASSENGER,22,TS-DEL-MUM-12215-022,ST,SURAT,Gujarat,GJ,SB-GJ,BVI,BORIVALI,Maharashtra,MH,SB-MH,1,SB-GJ->SB-MH,SB-XING-GJ-MH,INTERMEDIATE_HALT,04:00,06:36,233.0,1413.0,2
23,Delhi → Mumbai,DEL-MUM,12215,BDTS GARIB RATH,T3_EXPRESS_PASSENGER,23,TS-DEL-MUM-12215-023,BVI,BORIVALI,Maharashtra,MH,SB-MH,BDTS,BANDRA TERMINUS,Maharashtra,MH,SB-MH,0,INTRA-SB-MH,SB-MH,HALTN_TO_DESTINATION,06:40,07:35,19.0,1432.0,2
24,Delhi → Mumbai,DEL-MUM,12248,BANDRA YUVA EXP,T2_SUPERFAST,1,TS-DEL-MUM-12248-001,NZM,HAZRAT NIZAMUDDIN JN,Delhi,DL,SB-DL,MTJ,MATHURA JN,Uttar Pradesh,UP,SB-UP,1,SB-DL->SB-UP,SB-XING-DL-UP,SOURCE_TO_HALT1,16:30,18:03,133.0,133.0,1
25,Delhi → Mumbai,DEL-MUM,12248,BANDRA YUVA EXP,T2_SUPERFAST,2,TS-DEL-MUM-12248-002,MTJ,MATHURA JN,Uttar Pradesh,UP,SB-UP,KOTA,KOTA JN,Rajasthan,RJ,SB-RJ,1,SB-UP->SB-RJ,SB-XING-UP-RJ,INTERMEDIATE_HALT,18:05,21:15,324.0,457.0,1
26,Delhi → Mumbai,DEL-MUM,12248,BANDRA YUVA EXP,T2_SUPERFAST,3,TS-DEL-MUM-12248-003,KOTA,KOTA JN,Rajasthan,RJ,SB-RJ,RTM,RATLAM JN,Madhya Pradesh,MP,SB-MP,1,SB-RJ->SB-MP,SB-XING-RJ-MP,INTERMEDIATE_HALT,21:20,00:15,267.0,724.0,2
27,Delhi → Mumbai,DEL-MUM,12248,BANDRA YUVA EXP,T2_SUPERFAST,4,TS-DEL-MUM-12248-004,RTM,RATLAM JN,Madhya Pradesh,MP,SB-MP,BRC,VADODARA JN,Gujarat,GJ,SB-GJ,1,SB-MP->SB-GJ,SB-XING-MP-GJ,INTERMEDIATE_HALT,00:18,03:55,257.0,981.0,2
28,Delhi → Mumbai,DEL-MUM,12248,BANDRA YUVA EXP,T2_SUPERFAST,5,TS-DEL-MUM-12248-005,BRC,VADODARA JN,Gujarat,GJ,SB-GJ,ST,SURAT,Gujarat,GJ,SB-GJ,0,INTRA-SB-GJ,SB-GJ,INTERMEDIATE_HALT,04:05,05:37,130.0,1111.0,2
29,Delhi → Mumbai,DEL-MUM,12248,BANDRA YUVA EXP,T2_SUPERFAST,6,TS-DEL-MUM-12248-006,ST,SURAT,Gujarat,GJ,SB-GJ,BDTS,BANDRA TERMINUS,Maharashtra,MH,SB-MH,1,SB-GJ->SB-MH,SB-XING-GJ-MH,HALTN_TO_DESTINATION,05:42,09:15,251.0,1362.0,2
30,Delhi → Mumbai,DEL-MUM,12908,MHRST SMPRK K EX,T2_SUPERFAST,1,TS-DEL-MUM-12908-001,NZM,HAZRAT NIZAMUDDIN JN,Delhi,DL,SB-DL,KOTA,KOTA JN,Rajasthan,RJ,SB-RJ,1,SB-DL->SB-RJ,SB-XING-DL-RJ,SOURCE_TO_HALT1,16:30,21:15,457.0,457.0,1
31,Delhi → Mumbai,DEL-MUM,12908,MHRST SMPRK K EX,T2_SUPERFAST,2,TS-DEL-MUM-12908-002,KOTA,KOTA JN,Rajasthan,RJ,SB-RJ,RTM,RATLAM JN,Madhya Pradesh,MP,SB-MP,1,SB-RJ->SB-MP,SB-XING-RJ-MP,INTERMEDIATE_HALT,21:20,00:13,267.0,724.0,2
32,Delhi → Mumbai,DEL-MUM,12908,MHRST SMPRK K EX,T2_SUPERFAST,3,TS-DEL-MUM-12908-003,RTM,RATLAM JN,Madhya Pradesh,MP,SB-MP,BRC,VADODARA JN,Gujarat,GJ,SB-GJ,1,SB-MP->SB-GJ,SB-XING-MP-GJ,INTERMEDIATE_HALT,00:18,03:55,257.0,981.0,2
33,Delhi → Mumbai,DEL-MUM,12908,MHRST SMPRK K EX,T2_SUPERFAST,4,TS-DEL-MUM-12908-004,BRC,VADODARA JN,Gujarat,GJ,SB-GJ,ST,SURAT,Gujarat,GJ,SB-GJ,0,INTRA-SB-GJ,SB-GJ,INTERMEDIATE_HALT,04:05,05:40,130.0,1111.0,2
34,Delhi → Mumbai,DEL-MUM,12908,MHRST SMPRK K EX,T2_SUPERFAST,5,TS-DEL-MUM-12908-005,ST,SURAT,Gujarat,GJ,SB-GJ,BVI,BORIVALI,Maharashtra,MH,SB-MH,1,SB-GJ->SB-MH,SB-XING-GJ-MH,INTERMEDIATE_HALT,05:42,08:23,232.0,1343.0,2
35,Delhi → Mumbai,DEL-MUM,12908,MHRST SMPRK K EX,T2_SUPERFAST,6,TS-DEL-MUM-12908-006,BVI,BORIVALI,Maharashtra,MH,SB-MH,BDTS,BANDRA TERMINUS,Maharashtra,MH,SB-MH,0,INTRA-SB-MH,SB-MH,HALTN_TO_DESTINATION,08:25,09:15,19.0,1362.0,2
36,Delhi → Mumbai,DEL-MUM,12910,BDTS GARIBRATH,T3_EXPRESS_PASSENGER,1,TS-DEL-MUM-12910-001,NZM,HAZRAT NIZAMUDDIN JN,Delhi,DL,SB-DL,MTJ,MATHURA JN,Uttar Pradesh,UP,SB-UP,1,SB-DL->SB-UP,SB-XING-DL-UP,SOURCE_TO_HALT1,16:30,18:03,133.0,133.0,1
37,Delhi → Mumbai,DEL-MUM,12910,BDTS GARIBRATH,T3_EXPRESS_PASSENGER,2,TS-DEL-MUM-12910-002,MTJ,MATHURA JN,Uttar Pradesh,UP,SB-UP,KOTA,KOTA JN,Rajasthan,RJ,SB-RJ,1,SB-UP->SB-RJ,SB-XING-UP-RJ,INTERMEDIATE_HALT,18:05,21:15,324.0,457.0,1
38,Delhi → Mumbai,DEL-MUM,12910,BDTS GARIBRATH,T3_EXPRESS_PASSENGER,3,TS-DEL-MUM-12910-003,KOTA,KOTA JN,Rajasthan,RJ,SB-RJ,RTM,RATLAM JN,Madhya Pradesh,MP,SB-MP,1,SB-RJ->SB-MP,SB-XING-RJ-MP,INTERMEDIATE_HALT,21:20,00:15,267.0,724.0,2
39,Delhi → Mumbai,DEL-MUM,12910,BDTS GARIBRATH,T3_EXPRESS_PASSENGER,4,TS-DEL-MUM-12910-004,RTM,RATLAM JN,Madhya Pradesh,MP,SB-MP,BRC,VADODARA JN,Gujarat,GJ,SB-GJ,1,SB-MP->SB-GJ,SB-XING-MP-GJ,INTERMEDIATE_HALT,00:18,03:55,257.0,981.0,2
40,Delhi → Mumbai,DEL-MUM,12910,BDTS GARIBRATH,T3_EXPRESS_PASSENGER,5,TS-DEL-MUM-12910-005,BRC,VADODARA JN,Gujarat,GJ,SB-GJ,ST,SURAT,Gujarat,GJ,SB-GJ,0,INTRA-SB-GJ,SB-GJ,INTERMEDIATE_HALT,04:05,05:37,130.0,1111.0,2
41,Delhi → Mumbai,DEL-MUM,12910,BDTS GARIBRATH,T3_EXPRESS_PASSENGER,6,TS-DEL-MUM-12910-006,ST,SURAT,Gujarat,GJ,SB-GJ,BVI,BORIVALI,Maharashtra,MH,SB-MH,1,SB-GJ->SB-MH,SB-XING-GJ-MH,INTERMEDIATE_HALT,05:42,08:23,232.0,1343.0,2
42,Delhi → Mumbai,DEL-MUM,12910,BDTS GARIBRATH,T3_EXPRESS_PASSENGER,7,TS-DEL-MUM-12910-007,BVI,BORIVALI,Maharashtra,MH,SB-MH,BDTS,BANDRA TERMINUS,Maharashtra,MH,SB-MH,0,INTRA-SB-MH,SB-MH,HALTN_TO_DESTINATION,08:25,09:15,19.0,1362.0,2
43,Delhi → Mumbai,DEL-MUM,12952,MMCT TEJAS RAJ,T1_PREMIUM,1,TS-DEL-MUM-12952-001,NDLS,NEW DELHI,Delhi,DL,SB-DL,KOTA,KOTA JN,Rajasthan,RJ,SB-RJ,1,SB-DL->SB-RJ,SB-XING-DL-RJ,SOURCE_TO_HALT1,16:55,21:30,465.0,465.0,1
44,Delhi → Mumbai,DEL-MUM,12952,MMCT TEJAS RAJ,T1_PREMIUM,2,TS-DEL-MUM-12952-002,KOTA,KOTA JN,Rajasthan,RJ,SB-RJ,NAD,NAGDA JN,Madhya Pradesh,MP,SB-MP,1,SB-RJ->SB-MP,SB-XING-RJ-MP,INTERMEDIATE_HALT,21:40,23:57,225.0,690.0,1
45,Delhi → Mumbai,DEL-MUM,12952,MMCT TEJAS RAJ,T1_PREMIUM,3,TS-DEL-MUM-12952-003,NAD,NAGDA JN,Madhya Pradesh,MP,SB-MP,RTM,RATLAM JN,Madhya Pradesh,MP,SB-MP,0,INTRA-SB-MP,SB-MP,INTERMEDIATE_HALT,23:59,00:30,41.0,731.0,2
46,Delhi → Mumbai,DEL-MUM,12952,MMCT TEJAS RAJ,T1_PREMIUM,4,TS-DEL-MUM-12952-004,RTM,RATLAM JN,Madhya Pradesh,MP,SB-MP,BRC,VADODARA JN,Gujarat,GJ,SB-GJ,1,SB-MP->SB-GJ,SB-XING-MP-GJ,INTERMEDIATE_HALT,00:33,03:40,258.0,989.0,2
47,Delhi → Mumbai,DEL-MUM,12952,MMCT TEJAS RAJ,T1_PREMIUM,5,TS-DEL-MUM-12952-005,BRC,VADODARA JN,Gujarat,GJ,SB-GJ,ST,SURAT,Gujarat,GJ,SB-GJ,0,INTRA-SB-GJ,SB-GJ,INTERMEDIATE_HALT,03:50,05:13,129.0,1118.0,2
48,Delhi → Mumbai,DEL-MUM,12952,MMCT TEJAS RAJ,T1_PREMIUM,6,TS-DEL-MUM-12952-006,ST,SURAT,Gujarat,GJ,SB-GJ,BVI,BORIVALI,Maharashtra,MH,SB-MH,1,SB-GJ->SB-MH,SB-XING-GJ-MH,INTERMEDIATE_HALT,05:18,07:38,233.0,1351.0,2
49,Delhi → Mumbai,DEL-MUM,12952,MMCT TEJAS RAJ,T1_PREMIUM,7,TS-DEL-MUM-12952-007,BVI,BORIVALI,Maharashtra,MH,SB-MH,MMCT,MUMBAI CENTRAL,Maharashtra,MH,SB-MH,0,INTRA-SB-MH,SB-MH,HALTN_TO_DESTINATION,07:40,08:35,29.0,1380.0,2
50,Delhi → Mumbai,DEL-MUM,12954,AK TEJAS RAJ EX,T1_PREMIUM,1,TS-DEL-MUM-12954-001,NZM,HAZRAT NIZAMUDDIN JN,Delhi,DL,SB-DL,MTJ,MATHURA JN,Uttar Pradesh,UP,SB-UP,1,SB-DL->SB-UP,SB-XING-DL-UP,SOURCE_TO_HALT1,17:15,18:43,133.0,133.0,1
51,Delhi → Mumbai,DEL-MUM,12954,AK TEJAS RAJ EX,T1_PREMIUM,2,TS-DEL-MUM-12954-002,MTJ,MATHURA JN,Uttar Pradesh,UP,SB-UP,SWM,SAWAI MADHOPUR JN,Rajasthan,RJ,SB-RJ,1,SB-UP->SB-RJ,SB-XING-UP-RJ,INTERMEDIATE_HALT,18:45,20:48,217.0,350.0,1
52,Delhi → Mumbai,DEL-MUM,12954,AK TEJAS RAJ EX,T1_PREMIUM,3,TS-DEL-MUM-12954-003,SWM,SAWAI MADHOPUR JN,Rajasthan,RJ,SB-RJ,KOTA,KOTA JN,Rajasthan,RJ,SB-RJ,0,INTRA-SB-RJ,SB-RJ,INTERMEDIATE_HALT,20:50,22:00,107.0,457.0,1
53,Delhi → Mumbai,DEL-MUM,12954,AK TEJAS RAJ EX,T1_PREMIUM,4,TS-DEL-MUM-12954-004,KOTA,KOTA JN,Rajasthan,RJ,SB-RJ,RTM,RATLAM JN,Madhya Pradesh,MP,SB-MP,1,SB-RJ->SB-MP,SB-XING-RJ-MP,INTERMEDIATE_HALT,22:10,01:05,267.0,724.0,2
54,Delhi → Mumbai,DEL-MUM,12954,AK TEJAS RAJ EX,T1_PREMIUM,5,TS-DEL-MUM-12954-005,RTM,RATLAM JN,Madhya Pradesh,MP,SB-MP,DHD,DAHOD,Gujarat,GJ,SB-GJ,1,SB-MP->SB-GJ,SB-XING-MP-GJ,INTERMEDIATE_HALT,01:07,02:31,113.0,837.0,2
55,Delhi → Mumbai,DEL-MUM,12954,AK TEJAS RAJ EX,T1_PREMIUM,6,TS-DEL-MUM-12954-006,DHD,DAHOD,Gujarat,GJ,SB-GJ,BRC,VADODARA JN,Gujarat,GJ,SB-GJ,0,INTRA-SB-GJ,SB-GJ,INTERMEDIATE_HALT,02:33,04:29,144.0,981.0,2
56,Delhi → Mumbai,DEL-MUM,12954,AK TEJAS RAJ EX,T1_PREMIUM,7,TS-DEL-MUM-12954-007,BRC,VADODARA JN,Gujarat,GJ,SB-GJ,BH,BHARUCH JN,Gujarat,GJ,SB-GJ,0,INTRA-SB-GJ,SB-GJ,INTERMEDIATE_HALT,04:39,05:26,71.0,1052.0,2
57,Delhi → Mumbai,DEL-MUM,12954,AK TEJAS RAJ EX,T1_PREMIUM,8,TS-DEL-MUM-12954-008,BH,BHARUCH JN,Gujarat,GJ,SB-GJ,ST,SURAT,Gujarat,GJ,SB-GJ,0,INTRA-SB-GJ,SB-GJ,INTERMEDIATE_HALT,05:28,06:13,59.0,1111.0,2
58,Delhi → Mumbai,DEL-MUM,12954,AK TEJAS RAJ EX,T1_PREMIUM,9,TS-DEL-MUM-12954-009,ST,SURAT,Gujarat,GJ,SB-GJ,BL,VALSAD,Gujarat,GJ,SB-GJ,0,INTRA-SB-GJ,SB-GJ,INTERMEDIATE_HALT,06:18,07:03,68.0,1179.0,2
59,Delhi → Mumbai,DEL-MUM,12954,AK TEJAS RAJ EX,T1_PREMIUM,10,TS-DEL-MUM-12954-010,BL,VALSAD,Gujarat,GJ,SB-GJ,VAPI,VAPI,Gujarat,GJ,SB-GJ,0,INTRA-SB-GJ,SB-GJ,INTERMEDIATE_HALT,07:05,07:23,26.0,1205.0,2
60,Delhi → Mumbai,DEL-MUM,12954,AK TEJAS RAJ EX,T1_PREMIUM,11,TS-DEL-MUM-12954-011,VAPI,VAPI,Gujarat,GJ,SB-GJ,BVI,BORIVALI,Maharashtra,MH,SB-MH,1,SB-GJ->SB-MH,SB-XING-GJ-MH,INTERMEDIATE_HALT,07:25,09:08,138.0,1343.0,2
61,Delhi → Mumbai,DEL-MUM,12954,AK TEJAS RAJ EX,T1_PREMIUM,12,TS-DEL-MUM-12954-012,BVI,BORIVALI,Maharashtra,MH,SB-MH,MMCT,MUMBAI CENTRAL,Maharashtra,MH,SB-MH,0,INTRA-SB-MH,SB-MH,HALTN_TO_DESTINATION,09:10,10:05,30.0,1373.0,2
62,Delhi → Mumbai,DEL-MUM,22210,MMCT DURONTO,T1_PREMIUM,1,TS-DEL-MUM-22210-001,NZM,HAZRAT NIZAMUDDIN JN,Delhi,DL,SB-DL,KOTA,KOTA JN,Rajasthan,RJ,SB-RJ,1,SB-DL->SB-RJ,SB-XING-DL-RJ,SOURCE_TO_HALT1,22:15,03:40,457.0,457.0,2
63,Delhi → Mumbai,DEL-MUM,22210,MMCT DURONTO,T1_PREMIUM,2,TS-DEL-MUM-22210-002,KOTA,KOTA JN,Rajasthan,RJ,SB-RJ,RTM,RATLAM JN,Madhya Pradesh,MP,SB-MP,1,SB-RJ->SB-MP,SB-XING-RJ-MP,INTERMEDIATE_HALT,03:50,07:00,267.0,724.0,2
64,Delhi → Mumbai,DEL-MUM,22210,MMCT DURONTO,T1_PREMIUM,3,TS-DEL-MUM-22210-003,RTM,RATLAM JN,Madhya Pradesh,MP,SB-MP,BRC,VADODARA JN,Gujarat,GJ,SB-GJ,1,SB-MP->SB-GJ,SB-XING-MP-GJ,INTERMEDIATE_HALT,07:05,10:33,257.0,981.0,2
65,Delhi → Mumbai,DEL-MUM,22210,MMCT DURONTO,T1_PREMIUM,4,TS-DEL-MUM-22210-004,BRC,VADODARA JN,Gujarat,GJ,SB-GJ,MMCT,MUMBAI CENTRAL,Maharashtra,MH,SB-MH,1,SB-GJ->SB-MH,SB-XING-GJ-MH,HALTN_TO_DESTINATION,10:43,15:50,392.0,1373.0,2
66,Delhi → Mumbai,DEL-MUM,22222,CSMT RAJDHANI,T1_PREMIUM,1,TS-DEL-MUM-22222-001,NZM,HAZRAT NIZAMUDDIN JN,Delhi,DL,SB-DL,AGC,AGRA CANTT JN,Uttar Pradesh,UP,SB-UP,1,SB-DL->SB-UP,SB-XING-DL-UP,SOURCE_TO_HALT1,16:55,18:45,187.0,187.0,1
67,Delhi → Mumbai,DEL-MUM,22222,CSMT RAJDHANI,T1_PREMIUM,2,TS-DEL-MUM-22222-002,AGC,AGRA CANTT JN,Uttar Pradesh,UP,SB-UP,GWL,GWALIOR JN,Madhya Pradesh,MP,SB-MP,1,SB-UP->SB-MP,SB-XING-UP-MP,INTERMEDIATE_HALT,18:47,20:08,118.0,305.0,1
68,Delhi → Mumbai,DEL-MUM,22222,CSMT RAJDHANI,T1_PREMIUM,3,TS-DEL-MUM-22222-003,GWL,GWALIOR JN,Madhya Pradesh,MP,SB-MP,VGLJ,VIRANGANA LAKSHMIBAI JHANSI JN,Uttar Pradesh,UP,SB-UP,1,SB-MP->SB-UP,SB-XING-MP-UP,INTERMEDIATE_HALT,20:10,21:28,99.0,404.0,1
69,Delhi → Mumbai,DEL-MUM,22222,CSMT RAJDHANI,T1_PREMIUM,4,TS-DEL-MUM-22222-004,VGLJ,VIRANGANA LAKSHMIBAI JHANSI JN,Uttar Pradesh,UP,SB-UP,BPL,BHOPAL JN,Madhya Pradesh,MP,SB-MP,1,SB-UP->SB-MP,SB-XING-UP-MP,INTERMEDIATE_HALT,21:33,00:35,289.0,693.0,2
70,Delhi → Mumbai,DEL-MUM,22222,CSMT RAJDHANI,T1_PREMIUM,5,TS-DEL-MUM-22222-005,BPL,BHOPAL JN,Madhya Pradesh,MP,SB-MP,BSL,BHUSAVAL JN,Maharashtra,MH,SB-MH,1,SB-MP->SB-MH,SB-XING-MP-MH,INTERMEDIATE_HALT,00:40,05:15,398.0,1091.0,2
71,Delhi → Mumbai,DEL-MUM,22222,CSMT RAJDHANI,T1_PREMIUM,6,TS-DEL-MUM-22222-006,BSL,BHUSAVAL JN,Maharashtra,MH,SB-MH,JL,JALGAON JN,Maharashtra,MH,SB-MH,0,INTRA-SB-MH,SB-MH,INTERMEDIATE_HALT,05:17,05:38,24.0,1115.0,2
72,Delhi → Mumbai,DEL-MUM,22222,CSMT RAJDHANI,T1_PREMIUM,7,TS-DEL-MUM-22222-007,JL,JALGAON JN,Maharashtra,MH,SB-MH,NK,NASIK ROAD,Maharashtra,MH,SB-MH,0,INTRA-SB-MH,SB-MH,INTERMEDIATE_HALT,05:40,08:08,233.0,1348.0,2
73,Delhi → Mumbai,DEL-MUM,22222,CSMT RAJDHANI,T1_PREMIUM,8,TS-DEL-MUM-22222-008,NK,NASIK ROAD,Maharashtra,MH,SB-MH,KYN,KALYAN JN,Maharashtra,MH,SB-MH,0,INTRA-SB-MH,SB-MH,INTERMEDIATE_HALT,08:10,10:13,134.0,1482.0,2
74,Delhi → Mumbai,DEL-MUM,22222,CSMT RAJDHANI,T1_PREMIUM,9,TS-DEL-MUM-22222-009,KYN,KALYAN JN,Maharashtra,MH,SB-MH,CSMT,C SHIVAJI MAH T,Maharashtra,MH,SB-MH,0,INTRA-SB-MH,SB-MH,HALTN_TO_DESTINATION,10:15,11:15,53.0,1535.0,2
75,Delhi → Mumbai,DEL-MUM,22950,DEE BDTS SF EXP,T2_SUPERFAST,1,TS-DEL-MUM-22950-001,DEE,DELHI SARAI ROHILLA,Delhi,DL,SB-DL,GGN,GURGAON,Haryana,HR,SB-HR,1,SB-DL->SB-HR,SB-XING-DL-HR,SOURCE_TO_HALT1,16:15,16:48,27.0,27.0,1
76,Delhi → Mumbai,DEL-MUM,22950,DEE BDTS SF EXP,T2_SUPERFAST,2,TS-DEL-MUM-22950-002,GGN,GURGAON,Haryana,HR,SB-HR,RE,REWARI JN.,Haryana,HR,SB-HR,0,INTRA-SB-HR,SB-HR,INTERMEDIATE_HALT,16:50,17:35,51.0,78.0,1
77,Delhi → Mumbai,DEL-MUM,22950,DEE BDTS SF EXP,T2_SUPERFAST,3,TS-DEL-MUM-22950-003,RE,REWARI JN.,Haryana,HR,SB-HR,NNL,NARNAUL,Haryana,HR,SB-HR,0,INTRA-SB-HR,SB-HR,INTERMEDIATE_HALT,17:37,18:19,52.0,130.0,1
78,Delhi → Mumbai,DEL-MUM,22950,DEE BDTS SF EXP,T2_SUPERFAST,4,TS-DEL-MUM-22950-004,NNL,NARNAUL,Haryana,HR,SB-HR,NMK,NIM KA THANA,Rajasthan,RJ,SB-RJ,1,SB-HR->SB-RJ,SB-XING-HR-RJ,INTERMEDIATE_HALT,18:21,18:57,50.0,180.0,1
79,Delhi → Mumbai,DEL-MUM,22950,DEE BDTS SF EXP,T2_SUPERFAST,5,TS-DEL-MUM-22950-005,NMK,NIM KA THANA,Rajasthan,RJ,SB-RJ,SMPR,SHRI MADHOPUR,Rajasthan,RJ,SB-RJ,0,INTRA-SB-RJ,SB-RJ,INTERMEDIATE_HALT,18:59,19:25,36.0,216.0,1
80,Delhi → Mumbai,DEL-MUM,22950,DEE BDTS SF EXP,T2_SUPERFAST,6,TS-DEL-MUM-22950-006,SMPR,SHRI MADHOPUR,Rajasthan,RJ,SB-RJ,RGS,RINGAS JN,Rajasthan,RJ,SB-RJ,0,INTRA-SB-RJ,SB-RJ,INTERMEDIATE_HALT,19:27,19:39,10.0,226.0,1
81,Delhi → Mumbai,DEL-MUM,22950,DEE BDTS SF EXP,T2_SUPERFAST,7,TS-DEL-MUM-22950-007,RGS,RINGAS JN,Rajasthan,RJ,SB-RJ,FL,PHULERA,Rajasthan,RJ,SB-RJ,0,INTRA-SB-RJ,SB-RJ,INTERMEDIATE_HALT,19:42,20:36,67.0,293.0,1
82,Delhi → Mumbai,DEL-MUM,22950,DEE BDTS SF EXP,T2_SUPERFAST,8,TS-DEL-MUM-22950-008,FL,PHULERA,Rajasthan,RJ,SB-RJ,KSG,KISHANGARH,Rajasthan,RJ,SB-RJ,0,INTRA-SB-RJ,SB-RJ,INTERMEDIATE_HALT,20:38,21:17,55.0,348.0,1
83,Delhi → Mumbai,DEL-MUM,22950,DEE BDTS SF EXP,T2_SUPERFAST,9,TS-DEL-MUM-22950-009,KSG,KISHANGARH,Rajasthan,RJ,SB-RJ,AII,AJMER JN,Rajasthan,RJ,SB-RJ,0,INTRA-SB-RJ,SB-RJ,INTERMEDIATE_HALT,21:19,22:05,25.0,373.0,1
84,Delhi → Mumbai,DEL-MUM,22950,DEE BDTS SF EXP,T2_SUPERFAST,10,TS-DEL-MUM-22950-010,AII,AJMER JN,Rajasthan,RJ,SB-RJ,RANI,RANI,Rajasthan,RJ,SB-RJ,0,INTRA-SB-RJ,SB-RJ,INTERMEDIATE_HALT,22:20,01:47,191.0,564.0,2
85,Delhi → Mumbai,DEL-MUM,22950,DEE BDTS SF EXP,T2_SUPERFAST,11,TS-DEL-MUM-22950-011,RANI,RANI,Rajasthan,RJ,SB-RJ,FA,FALNA,Rajasthan,RJ,SB-RJ,0,INTRA-SB-RJ,SB-RJ,INTERMEDIATE_HALT,01:49,02:01,15.0,579.0,2
86,Delhi → Mumbai,DEL-MUM,22950,DEE BDTS SF EXP,T2_SUPERFAST,12,TS-DEL-MUM-22950-012,FA,FALNA,Rajasthan,RJ,SB-RJ,PDWA,PINDWARA,Rajasthan,RJ,SB-RJ,0,INTRA-SB-RJ,SB-RJ,INTERMEDIATE_HALT,02:03,02:39,55.0,634.0,2
87,Delhi → Mumbai,DEL-MUM,22950,DEE BDTS SF EXP,T2_SUPERFAST,13,TS-DEL-MUM-22950-013,PDWA,PINDWARA,Rajasthan,RJ,SB-RJ,ABR,ABU ROAD,Rajasthan,RJ,SB-RJ,0,INTRA-SB-RJ,SB-RJ,INTERMEDIATE_HALT,02:41,03:20,44.0,678.0,2
88,Delhi → Mumbai,DEL-MUM,22950,DEE BDTS SF EXP,T2_SUPERFAST,14,TS-DEL-MUM-22950-014,ABR,ABU ROAD,Rajasthan,RJ,SB-RJ,PNU,PALANPUR JN,Gujarat,GJ,SB-GJ,1,SB-RJ->SB-GJ,SB-XING-RJ-GJ,INTERMEDIATE_HALT,03:30,04:25,52.0,730.0,2
89,Delhi → Mumbai,DEL-MUM,22950,DEE BDTS SF EXP,T2_SUPERFAST,15,TS-DEL-MUM-22950-015,PNU,PALANPUR JN,Gujarat,GJ,SB-GJ,MSH,MAHESANA JN,Gujarat,GJ,SB-GJ,0,INTRA-SB-GJ,SB-GJ,INTERMEDIATE_HALT,04:30,05:23,65.0,795.0,2
90,Delhi → Mumbai,DEL-MUM,22950,DEE BDTS SF EXP,T2_SUPERFAST,16,TS-DEL-MUM-22950-016,MSH,MAHESANA JN,Gujarat,GJ,SB-GJ,SBIB,SABARMATI BG,Gujarat,GJ,SB-GJ,0,INTRA-SB-GJ,SB-GJ,INTERMEDIATE_HALT,05:25,06:55,63.0,858.0,2
91,Delhi → Mumbai,DEL-MUM,22950,DEE BDTS SF EXP,T2_SUPERFAST,17,TS-DEL-MUM-22950-017,SBIB,SABARMATI BG,Gujarat,GJ,SB-GJ,ADI,AHMEDABAD JN,Gujarat,GJ,SB-GJ,0,INTRA-SB-GJ,SB-GJ,INTERMEDIATE_HALT,06:57,07:25,6.0,864.0,2
92,Delhi → Mumbai,DEL-MUM,22950,DEE BDTS SF EXP,T2_SUPERFAST,18,TS-DEL-MUM-22950-018,ADI,AHMEDABAD JN,Gujarat,GJ,SB-GJ,ND,NADIAD JN,Gujarat,GJ,SB-GJ,0,INTRA-SB-GJ,SB-GJ,INTERMEDIATE_HALT,07:35,08:38,46.0,910.0,2
93,Delhi → Mumbai,DEL-MUM,22950,DEE BDTS SF EXP,T2_SUPERFAST,19,TS-DEL-MUM-22950-019,ND,NADIAD JN,Gujarat,GJ,SB-GJ,ANND,ANAND JN,Gujarat,GJ,SB-GJ,0,INTRA-SB-GJ,SB-GJ,INTERMEDIATE_HALT,08:40,08:53,18.0,928.0,2
94,Delhi → Mumbai,DEL-MUM,22950,DEE BDTS SF EXP,T2_SUPERFAST,20,TS-DEL-MUM-22950-020,ANND,ANAND JN,Gujarat,GJ,SB-GJ,BRC,VADODARA JN,Gujarat,GJ,SB-GJ,0,INTRA-SB-GJ,SB-GJ,INTERMEDIATE_HALT,08:55,09:27,36.0,964.0,2
95,Delhi → Mumbai,DEL-MUM,22950,DEE BDTS SF EXP,T2_SUPERFAST,21,TS-DEL-MUM-22950-021,BRC,VADODARA JN,Gujarat,GJ,SB-GJ,BH,BHARUCH JN,Gujarat,GJ,SB-GJ,0,INTRA-SB-GJ,SB-GJ,INTERMEDIATE_HALT,09:32,10:17,70.0,1034.0,2
96,Delhi → Mumbai,DEL-MUM,22950,DEE BDTS SF EXP,T2_SUPERFAST,22,TS-DEL-MUM-22950-022,BH,BHARUCH JN,Gujarat,GJ,SB-GJ,ST,SURAT,Gujarat,GJ,SB-GJ,0,INTRA-SB-GJ,SB-GJ,INTERMEDIATE_HALT,10:19,11:17,59.0,1093.0,2
97,Delhi → Mumbai,DEL-MUM,22950,DEE BDTS SF EXP,T2_SUPERFAST,23,TS-DEL-MUM-22950-023,ST,SURAT,Gujarat,GJ,SB-GJ,VAPI,VAPI,Gujarat,GJ,SB-GJ,0,INTRA-SB-GJ,SB-GJ,INTERMEDIATE_HALT,11:22,12:23,95.0,1188.0,2
98,Delhi → Mumbai,DEL-MUM,22950,DEE BDTS SF EXP,T2_SUPERFAST,24,TS-DEL-MUM-22950-024,VAPI,VAPI,Gujarat,GJ,SB-GJ,BVI,BORIVALI,Maharashtra,MH,SB-MH,1,SB-GJ->SB-MH,SB-XING-GJ-MH,INTERMEDIATE_HALT,12:25,14:12,138.0,1326.0,2
99,Delhi → Mumbai,DEL-MUM,22950,DEE BDTS SF EXP,T2_SUPERFAST,25,TS-DEL-MUM-22950-025,BVI,BORIVALI,Maharashtra,MH,SB-MH,BDTS,BANDRA TERMINUS,Maharashtra,MH,SB-MH,0,INTRA-SB-MH,SB-MH,HALTN_TO_DESTINATION,14:15,15:10,19.0,1345.0,2
100,Delhi → Mumbai,DEL-MUM,12216,DEE GARIBRATH,T3_EXPRESS_PASSENGER,1,TS-DEL-MUM-12216-001,BDTS,BANDRA TERMINUS,Maharashtra,MH,SB-MH,BVI,BORIVALI,Maharashtra,MH,SB-MH,0,INTRA-SB-MH,SB-MH,SOURCE_TO_HALT1,12:00,12:17,19.0,19.0,1
101,Delhi → Mumbai,DEL-MUM,12216,DEE GARIBRATH,T3_EXPRESS_PASSENGER,2,TS-DEL-MUM-12216-002,BVI,BORIVALI,Maharashtra,MH,SB-MH,ST,SURAT,Gujarat,GJ,SB-GJ,1,SB-MH->SB-GJ,SB-XING-MH-GJ,INTERMEDIATE_HALT,12:20,15:11,233.0,252.0,1
102,Delhi → Mumbai,DEL-MUM,12216,DEE GARIBRATH,T3_EXPRESS_PASSENGER,3,TS-DEL-MUM-12216-003,ST,SURAT,Gujarat,GJ,SB-GJ,BH,BHARUCH JN,Gujarat,GJ,SB-GJ,0,INTRA-SB-GJ,SB-GJ,INTERMEDIATE_HALT,15:16,16:00,59.0,311.0,1
103,Delhi → Mumbai,DEL-MUM,12216,DEE GARIBRATH,T3_EXPRESS_PASSENGER,4,TS-DEL-MUM-12216-004,BH,BHARUCH JN,Gujarat,GJ,SB-GJ,BRC,VADODARA JN,Gujarat,GJ,SB-GJ,0,INTRA-SB-GJ,SB-GJ,INTERMEDIATE_HALT,16:02,16:55,70.0,381.0,1
104,Delhi → Mumbai,DEL-MUM,12216,DEE GARIBRATH,T3_EXPRESS_PASSENGER,5,TS-DEL-MUM-12216-005,BRC,VADODARA JN,Gujarat,GJ,SB-GJ,ANND,ANAND JN,Gujarat,GJ,SB-GJ,0,INTRA-SB-GJ,SB-GJ,INTERMEDIATE_HALT,17:00,17:32,36.0,417.0,1
105,Delhi → Mumbai,DEL-MUM,12216,DEE GARIBRATH,T3_EXPRESS_PASSENGER,6,TS-DEL-MUM-12216-006,ANND,ANAND JN,Gujarat,GJ,SB-GJ,ND,NADIAD JN,Gujarat,GJ,SB-GJ,0,INTRA-SB-GJ,SB-GJ,INTERMEDIATE_HALT,17:34,17:48,18.0,435.0,1
106,Delhi → Mumbai,DEL-MUM,12216,DEE GARIBRATH,T3_EXPRESS_PASSENGER,7,TS-DEL-MUM-12216-007,ND,NADIAD JN,Gujarat,GJ,SB-GJ,ADI,AHMEDABAD JN,Gujarat,GJ,SB-GJ,0,INTRA-SB-GJ,SB-GJ,INTERMEDIATE_HALT,17:50,18:50,46.0,481.0,1
107,Delhi → Mumbai,DEL-MUM,12216,DEE GARIBRATH,T3_EXPRESS_PASSENGER,8,TS-DEL-MUM-12216-008,ADI,AHMEDABAD JN,Gujarat,GJ,SB-GJ,GNC,GANDHINAGAR CAPITAL,Gujarat,GJ,SB-GJ,0,INTRA-SB-GJ,SB-GJ,INTERMEDIATE_HALT,19:00,19:48,28.0,509.0,1
108,Delhi → Mumbai,DEL-MUM,12216,DEE GARIBRATH,T3_EXPRESS_PASSENGER,9,TS-DEL-MUM-12216-009,GNC,GANDHINAGAR CAPITAL,Gujarat,GJ,SB-GJ,KLL,KALOL,Gujarat,GJ,SB-GJ,0,INTRA-SB-GJ,SB-GJ,INTERMEDIATE_HALT,19:50,20:10,21.0,530.0,1
109,Delhi → Mumbai,DEL-MUM,12216,DEE GARIBRATH,T3_EXPRESS_PASSENGER,10,TS-DEL-MUM-12216-010,KLL,KALOL,Gujarat,GJ,SB-GJ,MSH,MAHESANA JN,Gujarat,GJ,SB-GJ,0,INTRA-SB-GJ,SB-GJ,INTERMEDIATE_HALT,20:12,20:42,42.0,572.0,1
110,Delhi → Mumbai,DEL-MUM,12216,DEE GARIBRATH,T3_EXPRESS_PASSENGER,11,TS-DEL-MUM-12216-011,MSH,MAHESANA JN,Gujarat,GJ,SB-GJ,PNU,PALANPUR JN,Gujarat,GJ,SB-GJ,0,INTRA-SB-GJ,SB-GJ,INTERMEDIATE_HALT,20:44,22:18,65.0,637.0,1
111,Delhi → Mumbai,DEL-MUM,12216,DEE GARIBRATH,T3_EXPRESS_PASSENGER,12,TS-DEL-MUM-12216-012,PNU,PALANPUR JN,Gujarat,GJ,SB-GJ,ABR,ABU ROAD,Rajasthan,RJ,SB-RJ,1,SB-GJ->SB-RJ,SB-XING-GJ-RJ,INTERMEDIATE_HALT,22:20,23:10,52.0,689.0,1
112,Delhi → Mumbai,DEL-MUM,12216,DEE GARIBRATH,T3_EXPRESS_PASSENGER,13,TS-DEL-MUM-12216-013,ABR,ABU ROAD,Rajasthan,RJ,SB-RJ,PDWA,PINDWARA,Rajasthan,RJ,SB-RJ,0,INTRA-SB-RJ,SB-RJ,INTERMEDIATE_HALT,23:20,23:53,44.0,733.0,1
113,Delhi → Mumbai,DEL-MUM,12216,DEE GARIBRATH,T3_EXPRESS_PASSENGER,14,TS-DEL-MUM-12216-014,PDWA,PINDWARA,Rajasthan,RJ,SB-RJ,FA,FALNA,Rajasthan,RJ,SB-RJ,0,INTRA-SB-RJ,SB-RJ,INTERMEDIATE_HALT,23:55,00:35,55.0,788.0,2
114,Delhi → Mumbai,DEL-MUM,12216,DEE GARIBRATH,T3_EXPRESS_PASSENGER,15,TS-DEL-MUM-12216-015,FA,FALNA,Rajasthan,RJ,SB-RJ,AII,AJMER JN,Rajasthan,RJ,SB-RJ,0,INTRA-SB-RJ,SB-RJ,INTERMEDIATE_HALT,00:40,03:45,207.0,995.0,2
115,Delhi → Mumbai,DEL-MUM,12216,DEE GARIBRATH,T3_EXPRESS_PASSENGER,16,TS-DEL-MUM-12216-016,AII,AJMER JN,Rajasthan,RJ,SB-RJ,KSG,KISHANGARH,Rajasthan,RJ,SB-RJ,0,INTRA-SB-RJ,SB-RJ,INTERMEDIATE_HALT,03:55,04:22,24.0,1019.0,2
116,Delhi → Mumbai,DEL-MUM,12216,DEE GARIBRATH,T3_EXPRESS_PASSENGER,17,TS-DEL-MUM-12216-017,KSG,KISHANGARH,Rajasthan,RJ,SB-RJ,JP,JAIPUR JN,Rajasthan,RJ,SB-RJ,0,INTRA-SB-RJ,SB-RJ,INTERMEDIATE_HALT,04:24,06:00,110.0,1129.0,2
117,Delhi → Mumbai,DEL-MUM,12216,DEE GARIBRATH,T3_EXPRESS_PASSENGER,18,TS-DEL-MUM-12216-018,JP,JAIPUR JN,Rajasthan,RJ,SB-RJ,AWR,ALWAR JUNCTION,Rajasthan,RJ,SB-RJ,0,INTRA-SB-RJ,SB-RJ,INTERMEDIATE_HALT,06:10,08:07,150.0,1279.0,2
118,Delhi → Mumbai,DEL-MUM,12216,DEE GARIBRATH,T3_EXPRESS_PASSENGER,19,TS-DEL-MUM-12216-019,AWR,ALWAR JUNCTION,Rajasthan,RJ,SB-RJ,KRH,KHAIRTHAL,Rajasthan,RJ,SB-RJ,0,INTRA-SB-RJ,SB-RJ,INTERMEDIATE_HALT,08:10,08:29,27.0,1306.0,2
119,Delhi → Mumbai,DEL-MUM,12216,DEE GARIBRATH,T3_EXPRESS_PASSENGER,20,TS-DEL-MUM-12216-020,KRH,KHAIRTHAL,Rajasthan,RJ,SB-RJ,RE,REWARI JN.,Haryana,HR,SB-HR,1,SB-RJ->SB-HR,SB-XING-RJ-HR,INTERMEDIATE_HALT,08:31,09:23,48.0,1354.0,2
120,Delhi → Mumbai,DEL-MUM,12216,DEE GARIBRATH,T3_EXPRESS_PASSENGER,21,TS-DEL-MUM-12216-021,RE,REWARI JN.,Haryana,HR,SB-HR,GGN,GURGAON,Haryana,HR,SB-HR,0,INTRA-SB-HR,SB-HR,INTERMEDIATE_HALT,09:25,10:05,51.0,1405.0,2
121,Delhi → Mumbai,DEL-MUM,12216,DEE GARIBRATH,T3_EXPRESS_PASSENGER,22,TS-DEL-MUM-12216-022,GGN,GURGAON,Haryana,HR,SB-HR,DEE,DELHI SARAI ROHILLA,Delhi,DL,SB-DL,1,SB-HR->SB-DL,SB-XING-HR-DL,HALTN_TO_DESTINATION,10:07,11:00,27.0,1432.0,2
122,Delhi → Mumbai,DEL-MUM,12247,BDTS NZM YUVA EX,T2_SUPERFAST,1,TS-DEL-MUM-12247-001,BDTS,BANDRA TERMINUS,Maharashtra,MH,SB-MH,ST,SURAT,Gujarat,GJ,SB-GJ,1,SB-MH->SB-GJ,SB-XING-MH-GJ,SOURCE_TO_HALT1,17:30,20:50,252.0,252.0,1
123,Delhi → Mumbai,DEL-MUM,12247,BDTS NZM YUVA EX,T2_SUPERFAST,2,TS-DEL-MUM-12247-002,ST,SURAT,Gujarat,GJ,SB-GJ,BRC,VADODARA JN,Gujarat,GJ,SB-GJ,0,INTRA-SB-GJ,SB-GJ,INTERMEDIATE_HALT,20:55,22:19,129.0,381.0,1
124,Delhi → Mumbai,DEL-MUM,12247,BDTS NZM YUVA EX,T2_SUPERFAST,3,TS-DEL-MUM-12247-003,BRC,VADODARA JN,Gujarat,GJ,SB-GJ,RTM,RATLAM JN,Madhya Pradesh,MP,SB-MP,1,SB-GJ->SB-MP,SB-XING-GJ-MP,INTERMEDIATE_HALT,22:29,01:50,257.0,638.0,2
125,Delhi → Mumbai,DEL-MUM,12247,BDTS NZM YUVA EX,T2_SUPERFAST,4,TS-DEL-MUM-12247-004,RTM,RATLAM JN,Madhya Pradesh,MP,SB-MP,KOTA,KOTA JN,Rajasthan,RJ,SB-RJ,1,SB-MP->SB-RJ,SB-XING-MP-RJ,INTERMEDIATE_HALT,01:53,04:35,267.0,905.0,2
126,Delhi → Mumbai,DEL-MUM,12247,BDTS NZM YUVA EX,T2_SUPERFAST,5,TS-DEL-MUM-12247-005,KOTA,KOTA JN,Rajasthan,RJ,SB-RJ,MTJ,MATHURA JN,Uttar Pradesh,UP,SB-UP,1,SB-RJ->SB-UP,SB-XING-RJ-UP,INTERMEDIATE_HALT,04:40,08:18,324.0,1229.0,2
127,Delhi → Mumbai,DEL-MUM,12247,BDTS NZM YUVA EX,T2_SUPERFAST,6,TS-DEL-MUM-12247-006,MTJ,MATHURA JN,Uttar Pradesh,UP,SB-UP,NZM,HAZRAT NIZAMUDDIN JN,Delhi,DL,SB-DL,1,SB-UP->SB-DL,SB-XING-UP-DL,HALTN_TO_DESTINATION,08:20,10:15,133.0,1362.0,2
128,Delhi → Mumbai,DEL-MUM,12907,BDTS SMPRK K EX,T2_SUPERFAST,1,TS-DEL-MUM-12907-001,BDTS,BANDRA TERMINUS,Maharashtra,MH,SB-MH,BVI,BORIVALI,Maharashtra,MH,SB-MH,0,INTRA-SB-MH,SB-MH,SOURCE_TO_HALT1,17:30,17:55,19.0,19.0,1
129,Delhi → Mumbai,DEL-MUM,12907,BDTS SMPRK K EX,T2_SUPERFAST,2,TS-DEL-MUM-12907-002,BVI,BORIVALI,Maharashtra,MH,SB-MH,ST,SURAT,Gujarat,GJ,SB-GJ,1,SB-MH->SB-GJ,SB-XING-MH-GJ,INTERMEDIATE_HALT,17:59,20:53,233.0,252.0,1
130,Delhi → Mumbai,DEL-MUM,12907,BDTS SMPRK K EX,T2_SUPERFAST,3,TS-DEL-MUM-12907-003,ST,SURAT,Gujarat,GJ,SB-GJ,BRC,VADODARA JN,Gujarat,GJ,SB-GJ,0,INTRA-SB-GJ,SB-GJ,INTERMEDIATE_HALT,20:55,22:19,129.0,381.0,1
131,Delhi → Mumbai,DEL-MUM,12907,BDTS SMPRK K EX,T2_SUPERFAST,4,TS-DEL-MUM-12907-004,BRC,VADODARA JN,Gujarat,GJ,SB-GJ,RTM,RATLAM JN,Madhya Pradesh,MP,SB-MP,1,SB-GJ->SB-MP,SB-XING-GJ-MP,INTERMEDIATE_HALT,22:29,01:48,257.0,638.0,2
132,Delhi → Mumbai,DEL-MUM,12907,BDTS SMPRK K EX,T2_SUPERFAST,5,TS-DEL-MUM-12907-005,RTM,RATLAM JN,Madhya Pradesh,MP,SB-MP,KOTA,KOTA JN,Rajasthan,RJ,SB-RJ,1,SB-MP->SB-RJ,SB-XING-MP-RJ,INTERMEDIATE_HALT,01:53,04:35,267.0,905.0,2
133,Delhi → Mumbai,DEL-MUM,12907,BDTS SMPRK K EX,T2_SUPERFAST,6,TS-DEL-MUM-12907-006,KOTA,KOTA JN,Rajasthan,RJ,SB-RJ,NZM,HAZRAT NIZAMUDDIN JN,Delhi,DL,SB-DL,1,SB-RJ->SB-DL,SB-XING-RJ-DL,HALTN_TO_DESTINATION,04:40,10:15,457.0,1362.0,2
134,Delhi → Mumbai,DEL-MUM,12909,NZM GARIB RATH,T3_EXPRESS_PASSENGER,1,TS-DEL-MUM-12909-001,BDTS,BANDRA TERMINUS,Maharashtra,MH,SB-MH,BVI,BORIVALI,Maharashtra,MH,SB-MH,0,INTRA-SB-MH,SB-MH,SOURCE_TO_HALT1,17:30,17:55,19.0,19.0,1
135,Delhi → Mumbai,DEL-MUM,12909,NZM GARIB RATH,T3_EXPRESS_PASSENGER,2,TS-DEL-MUM-12909-002,BVI,BORIVALI,Maharashtra,MH,SB-MH,ST,SURAT,Gujarat,GJ,SB-GJ,1,SB-MH->SB-GJ,SB-XING-MH-GJ,INTERMEDIATE_HALT,17:59,20:50,233.0,252.0,1
136,Delhi → Mumbai,DEL-MUM,12909,NZM GARIB RATH,T3_EXPRESS_PASSENGER,3,TS-DEL-MUM-12909-003,ST,SURAT,Gujarat,GJ,SB-GJ,BRC,VADODARA JN,Gujarat,GJ,SB-GJ,0,INTRA-SB-GJ,SB-GJ,INTERMEDIATE_HALT,20:55,22:19,129.0,381.0,1
137,Delhi → Mumbai,DEL-MUM,12909,NZM GARIB RATH,T3_EXPRESS_PASSENGER,4,TS-DEL-MUM-12909-004,BRC,VADODARA JN,Gujarat,GJ,SB-GJ,RTM,RATLAM JN,Madhya Pradesh,MP,SB-MP,1,SB-GJ->SB-MP,SB-XING-GJ-MP,INTERMEDIATE_HALT,22:29,01:50,257.0,638.0,2
138,Delhi → Mumbai,DEL-MUM,12909,NZM GARIB RATH,T3_EXPRESS_PASSENGER,5,TS-DEL-MUM-12909-005,RTM,RATLAM JN,Madhya Pradesh,MP,SB-MP,KOTA,KOTA JN,Rajasthan,RJ,SB-RJ,1,SB-MP->SB-RJ,SB-XING-MP-RJ,INTERMEDIATE_HALT,01:53,04:35,267.0,905.0,2
139,Delhi → Mumbai,DEL-MUM,12909,NZM GARIB RATH,T3_EXPRESS_PASSENGER,6,TS-DEL-MUM-12909-006,KOTA,KOTA JN,Rajasthan,RJ,SB-RJ,MTJ,MATHURA JN,Uttar Pradesh,UP,SB-UP,1,SB-RJ->SB-UP,SB-XING-RJ-UP,INTERMEDIATE_HALT,04:40,08:18,324.0,1229.0,2
140,Delhi → Mumbai,DEL-MUM,12909,NZM GARIB RATH,T3_EXPRESS_PASSENGER,7,TS-DEL-MUM-12909-007,MTJ,MATHURA JN,Uttar Pradesh,UP,SB-UP,NZM,HAZRAT NIZAMUDDIN JN,Delhi,DL,SB-DL,1,SB-UP->SB-DL,SB-XING-UP-DL,HALTN_TO_DESTINATION,08:20,10:15,133.0,1362.0,2
141,Delhi → Mumbai,DEL-MUM,12951,NDLS TEJAS RAJ,T1_PREMIUM,1,TS-DEL-MUM-12951-001,MMCT,MUMBAI CENTRAL,Maharashtra,MH,SB-MH,BVI,BORIVALI,Maharashtra,MH,SB-MH,0,INTRA-SB-MH,SB-MH,SOURCE_TO_HALT1,17:00,17:20,30.0,30.0,1
142,Delhi → Mumbai,DEL-MUM,12951,NDLS TEJAS RAJ,T1_PREMIUM,2,TS-DEL-MUM-12951-002,BVI,BORIVALI,Maharashtra,MH,SB-MH,ST,SURAT,Gujarat,GJ,SB-GJ,1,SB-MH->SB-GJ,SB-XING-MH-GJ,INTERMEDIATE_HALT,17:22,19:43,232.0,262.0,1
143,Delhi → Mumbai,DEL-MUM,12951,NDLS TEJAS RAJ,T1_PREMIUM,3,TS-DEL-MUM-12951-003,ST,SURAT,Gujarat,GJ,SB-GJ,BRC,VADODARA JN,Gujarat,GJ,SB-GJ,0,INTRA-SB-GJ,SB-GJ,INTERMEDIATE_HALT,19:48,21:06,130.0,392.0,1
144,Delhi → Mumbai,DEL-MUM,12951,NDLS TEJAS RAJ,T1_PREMIUM,4,TS-DEL-MUM-12951-004,BRC,VADODARA JN,Gujarat,GJ,SB-GJ,RTM,RATLAM JN,Madhya Pradesh,MP,SB-MP,1,SB-GJ->SB-MP,SB-XING-GJ-MP,INTERMEDIATE_HALT,21:16,00:25,257.0,649.0,2
145,Delhi → Mumbai,DEL-MUM,12951,NDLS TEJAS RAJ,T1_PREMIUM,5,TS-DEL-MUM-12951-005,RTM,RATLAM JN,Madhya Pradesh,MP,SB-MP,NAD,NAGDA JN,Madhya Pradesh,MP,SB-MP,0,INTRA-SB-MP,SB-MP,INTERMEDIATE_HALT,00:28,01:08,42.0,691.0,2
146,Delhi → Mumbai,DEL-MUM,12951,NDLS TEJAS RAJ,T1_PREMIUM,6,TS-DEL-MUM-12951-006,NAD,NAGDA JN,Madhya Pradesh,MP,SB-MP,KOTA,KOTA JN,Rajasthan,RJ,SB-RJ,1,SB-MP->SB-RJ,SB-XING-MP-RJ,INTERMEDIATE_HALT,01:10,03:15,225.0,916.0,2
147,Delhi → Mumbai,DEL-MUM,12951,NDLS TEJAS RAJ,T1_PREMIUM,7,TS-DEL-MUM-12951-007,KOTA,KOTA JN,Rajasthan,RJ,SB-RJ,NDLS,NEW DELHI,Delhi,DL,SB-DL,1,SB-RJ->SB-DL,SB-XING-RJ-DL,HALTN_TO_DESTINATION,03:20,08:32,464.0,1380.0,2
148,Delhi → Mumbai,DEL-MUM,12953,AK TEJAS RAJ EX,T1_PREMIUM,1,TS-DEL-MUM-12953-001,MMCT,MUMBAI CENTRAL,Maharashtra,MH,SB-MH,BVI,BORIVALI,Maharashtra,MH,SB-MH,0,INTRA-SB-MH,SB-MH,SOURCE_TO_HALT1,17:10,17:38,30.0,30.0,1
149,Delhi → Mumbai,DEL-MUM,12953,AK TEJAS RAJ EX,T1_PREMIUM,2,TS-DEL-MUM-12953-002,BVI,BORIVALI,Maharashtra,MH,SB-MH,VAPI,VAPI,Gujarat,GJ,SB-GJ,1,SB-MH->SB-GJ,SB-XING-MH-GJ,INTERMEDIATE_HALT,17:40,18:53,138.0,168.0,1
150,Delhi → Mumbai,DEL-MUM,12953,AK TEJAS RAJ EX,T1_PREMIUM,3,TS-DEL-MUM-12953-003,VAPI,VAPI,Gujarat,GJ,SB-GJ,BL,VALSAD,Gujarat,GJ,SB-GJ,0,INTRA-SB-GJ,SB-GJ,INTERMEDIATE_HALT,18:55,19:13,26.0,194.0,1
151,Delhi → Mumbai,DEL-MUM,12953,AK TEJAS RAJ EX,T1_PREMIUM,4,TS-DEL-MUM-12953-004,BL,VALSAD,Gujarat,GJ,SB-GJ,ST,SURAT,Gujarat,GJ,SB-GJ,0,INTRA-SB-GJ,SB-GJ,INTERMEDIATE_HALT,19:15,20:10,68.0,262.0,1
152,Delhi → Mumbai,DEL-MUM,12953,AK TEJAS RAJ EX,T1_PREMIUM,5,TS-DEL-MUM-12953-005,ST,SURAT,Gujarat,GJ,SB-GJ,BH,BHARUCH JN,Gujarat,GJ,SB-GJ,0,INTRA-SB-GJ,SB-GJ,INTERMEDIATE_HALT,20:15,20:53,59.0,321.0,1
153,Delhi → Mumbai,DEL-MUM,12953,AK TEJAS RAJ EX,T1_PREMIUM,6,TS-DEL-MUM-12953-006,BH,BHARUCH JN,Gujarat,GJ,SB-GJ,BRC,VADODARA JN,Gujarat,GJ,SB-GJ,0,INTRA-SB-GJ,SB-GJ,INTERMEDIATE_HALT,20:55,21:44,71.0,392.0,1
154,Delhi → Mumbai,DEL-MUM,12953,AK TEJAS RAJ EX,T1_PREMIUM,7,TS-DEL-MUM-12953-007,BRC,VADODARA JN,Gujarat,GJ,SB-GJ,DHD,DAHOD,Gujarat,GJ,SB-GJ,0,INTRA-SB-GJ,SB-GJ,INTERMEDIATE_HALT,21:54,23:38,144.0,536.0,1
155,Delhi → Mumbai,DEL-MUM,12953,AK TEJAS RAJ EX,T1_PREMIUM,8,TS-DEL-MUM-12953-008,DHD,DAHOD,Gujarat,GJ,SB-GJ,RTM,RATLAM JN,Madhya Pradesh,MP,SB-MP,1,SB-GJ->SB-MP,SB-XING-GJ-MP,INTERMEDIATE_HALT,23:40,01:13,113.0,649.0,2
156,Delhi → Mumbai,DEL-MUM,12953,AK TEJAS RAJ EX,T1_PREMIUM,9,TS-DEL-MUM-12953-009,RTM,RATLAM JN,Madhya Pradesh,MP,SB-MP,KOTA,KOTA JN,Rajasthan,RJ,SB-RJ,1,SB-MP->SB-RJ,SB-XING-MP-RJ,INTERMEDIATE_HALT,01:15,04:05,267.0,916.0,2
157,Delhi → Mumbai,DEL-MUM,12953,AK TEJAS RAJ EX,T1_PREMIUM,10,TS-DEL-MUM-12953-010,KOTA,KOTA JN,Rajasthan,RJ,SB-RJ,SWM,SAWAI MADHOPUR JN,Rajasthan,RJ,SB-RJ,0,INTRA-SB-RJ,SB-RJ,INTERMEDIATE_HALT,04:15,05:23,107.0,1023.0,2
158,Delhi → Mumbai,DEL-MUM,12953,AK TEJAS RAJ EX,T1_PREMIUM,11,TS-DEL-MUM-12953-011,SWM,SAWAI MADHOPUR JN,Rajasthan,RJ,SB-RJ,MTJ,MATHURA JN,Uttar Pradesh,UP,SB-UP,1,SB-RJ->SB-UP,SB-XING-RJ-UP,INTERMEDIATE_HALT,05:25,07:53,217.0,1240.0,2
159,Delhi → Mumbai,DEL-MUM,12953,AK TEJAS RAJ EX,T1_PREMIUM,12,TS-DEL-MUM-12953-012,MTJ,MATHURA JN,Uttar Pradesh,UP,SB-UP,NZM,HAZRAT NIZAMUDDIN JN,Delhi,DL,SB-DL,1,SB-UP->SB-DL,SB-XING-UP-DL,HALTN_TO_DESTINATION,07:55,09:43,133.0,1373.0,2
160,Delhi → Mumbai,DEL-MUM,22209,NZM DURONTO,T1_PREMIUM,1,TS-DEL-MUM-22209-001,MMCT,MUMBAI CENTRAL,Maharashtra,MH,SB-MH,BRC,VADODARA JN,Gujarat,GJ,SB-GJ,1,SB-MH->SB-GJ,SB-XING-MH-GJ,SOURCE_TO_HALT1,23:10,03:26,392.0,392.0,2
161,Delhi → Mumbai,DEL-MUM,22209,NZM DURONTO,T1_PREMIUM,2,TS-DEL-MUM-22209-002,BRC,VADODARA JN,Gujarat,GJ,SB-GJ,RTM,RATLAM JN,Madhya Pradesh,MP,SB-MP,1,SB-GJ->SB-MP,SB-XING-GJ-MP,INTERMEDIATE_HALT,03:36,07:00,257.0,649.0,2
162,Delhi → Mumbai,DEL-MUM,22209,NZM DURONTO,T1_PREMIUM,3,TS-DEL-MUM-22209-003,RTM,RATLAM JN,Madhya Pradesh,MP,SB-MP,KOTA,KOTA JN,Rajasthan,RJ,SB-RJ,1,SB-MP->SB-RJ,SB-XING-MP-RJ,INTERMEDIATE_HALT,07:05,10:00,267.0,916.0,2
163,Delhi → Mumbai,DEL-MUM,22209,NZM DURONTO,T1_PREMIUM,4,TS-DEL-MUM-22209-004,KOTA,KOTA JN,Rajasthan,RJ,SB-RJ,NZM,HAZRAT NIZAMUDDIN JN,Delhi,DL,SB-DL,1,SB-RJ->SB-DL,SB-XING-RJ-DL,HALTN_TO_DESTINATION,10:05,15:50,457.0,1373.0,2
164,Delhi → Mumbai,DEL-MUM,22221,NZM RAJDHANI,T1_PREMIUM,1,TS-DEL-MUM-22221-001,CSMT,C SHIVAJI MAH T,Maharashtra,MH,SB-MH,KYN,KALYAN JN,Maharashtra,MH,SB-MH,0,INTRA-SB-MH,SB-MH,SOURCE_TO_HALT1,16:00,16:43,53.0,53.0,1
165,Delhi → Mumbai,DEL-MUM,22221,NZM RAJDHANI,T1_PREMIUM,2,TS-DEL-MUM-22221-002,KYN,KALYAN JN,Maharashtra,MH,SB-MH,NK,NASIK ROAD,Maharashtra,MH,SB-MH,0,INTRA-SB-MH,SB-MH,INTERMEDIATE_HALT,16:45,18:17,134.0,187.0,1
166,Delhi → Mumbai,DEL-MUM,22221,NZM RAJDHANI,T1_PREMIUM,3,TS-DEL-MUM-22221-003,NK,NASIK ROAD,Maharashtra,MH,SB-MH,JL,JALGAON JN,Maharashtra,MH,SB-MH,0,INTRA-SB-MH,SB-MH,INTERMEDIATE_HALT,18:19,20:43,233.0,420.0,1
167,Delhi → Mumbai,DEL-MUM,22221,NZM RAJDHANI,T1_PREMIUM,4,TS-DEL-MUM-22221-004,JL,JALGAON JN,Maharashtra,MH,SB-MH,BSL,BHUSAVAL JN,Maharashtra,MH,SB-MH,0,INTRA-SB-MH,SB-MH,INTERMEDIATE_HALT,20:45,21:15,24.0,444.0,1
168,Delhi → Mumbai,DEL-MUM,22221,NZM RAJDHANI,T1_PREMIUM,5,TS-DEL-MUM-22221-005,BSL,BHUSAVAL JN,Maharashtra,MH,SB-MH,BPL,BHOPAL JN,Madhya Pradesh,MP,SB-MP,1,SB-MH->SB-MP,SB-XING-MH-MP,INTERMEDIATE_HALT,21:17,01:55,398.0,842.0,2
169,Delhi → Mumbai,DEL-MUM,22221,NZM RAJDHANI,T1_PREMIUM,6,TS-DEL-MUM-22221-006,BPL,BHOPAL JN,Madhya Pradesh,MP,SB-MP,VGLJ,VIRANGANA LAKSHMIBAI JHANSI JN,Uttar Pradesh,UP,SB-UP,1,SB-MP->SB-UP,SB-XING-MP-UP,INTERMEDIATE_HALT,02:00,05:06,289.0,1131.0,2
170,Delhi → Mumbai,DEL-MUM,22221,NZM RAJDHANI,T1_PREMIUM,7,TS-DEL-MUM-22221-007,VGLJ,VIRANGANA LAKSHMIBAI JHANSI JN,Uttar Pradesh,UP,SB-UP,GWL,GWALIOR JN,Madhya Pradesh,MP,SB-MP,1,SB-UP->SB-MP,SB-XING-UP-MP,INTERMEDIATE_HALT,05:11,06:09,99.0,1230.0,2
171,Delhi → Mumbai,DEL-MUM,22221,NZM RAJDHANI,T1_PREMIUM,8,TS-DEL-MUM-22221-008,GWL,GWALIOR JN,Madhya Pradesh,MP,SB-MP,AGC,AGRA CANTT JN,Uttar Pradesh,UP,SB-UP,1,SB-MP->SB-UP,SB-XING-MP-UP,INTERMEDIATE_HALT,06:11,07:30,118.0,1348.0,2
172,Delhi → Mumbai,DEL-MUM,22221,NZM RAJDHANI,T1_PREMIUM,9,TS-DEL-MUM-22221-009,AGC,AGRA CANTT JN,Uttar Pradesh,UP,SB-UP,NZM,HAZRAT NIZAMUDDIN JN,Delhi,DL,SB-DL,1,SB-UP->SB-DL,SB-XING-UP-DL,HALTN_TO_DESTINATION,07:32,09:55,187.0,1535.0,2
173,Delhi → Mumbai,DEL-MUM,22949,BDTS DEE SFAST,T2_SUPERFAST,1,TS-DEL-MUM-22949-001,BDTS,BANDRA TERMINUS,Maharashtra,MH,SB-MH,BVI,BORIVALI,Maharashtra,MH,SB-MH,0,INTRA-SB-MH,SB-MH,SOURCE_TO_HALT1,14:40,15:00,19.0,19.0,1
174,Delhi → Mumbai,DEL-MUM,22949,BDTS DEE SFAST,T2_SUPERFAST,2,TS-DEL-MUM-22949-002,BVI,BORIVALI,Maharashtra,MH,SB-MH,VAPI,VAPI,Gujarat,GJ,SB-GJ,1,SB-MH->SB-GJ,SB-XING-MH-GJ,INTERMEDIATE_HALT,15:03,16:33,138.0,157.0,1
175,Delhi → Mumbai,DEL-MUM,22949,BDTS DEE SFAST,T2_SUPERFAST,3,TS-DEL-MUM-22949-003,VAPI,VAPI,Gujarat,GJ,SB-GJ,ST,SURAT,Gujarat,GJ,SB-GJ,0,INTRA-SB-GJ,SB-GJ,INTERMEDIATE_HALT,16:35,18:04,95.0,252.0,1
176,Delhi → Mumbai,DEL-MUM,22949,BDTS DEE SFAST,T2_SUPERFAST,4,TS-DEL-MUM-22949-004,ST,SURAT,Gujarat,GJ,SB-GJ,BH,BHARUCH JN,Gujarat,GJ,SB-GJ,0,INTRA-SB-GJ,SB-GJ,INTERMEDIATE_HALT,18:09,18:47,59.0,311.0,1
177,Delhi → Mumbai,DEL-MUM,22949,BDTS DEE SFAST,T2_SUPERFAST,5,TS-DEL-MUM-22949-005,BH,BHARUCH JN,Gujarat,GJ,SB-GJ,BRC,VADODARA JN,Gujarat,GJ,SB-GJ,0,INTRA-SB-GJ,SB-GJ,INTERMEDIATE_HALT,18:49,19:42,70.0,381.0,1
178,Delhi → Mumbai,DEL-MUM,22949,BDTS DEE SFAST,T2_SUPERFAST,6,TS-DEL-MUM-22949-006,BRC,VADODARA JN,Gujarat,GJ,SB-GJ,ANND,ANAND JN,Gujarat,GJ,SB-GJ,0,INTRA-SB-GJ,SB-GJ,INTERMEDIATE_HALT,19:47,20:16,36.0,417.0,1
179,Delhi → Mumbai,DEL-MUM,22949,BDTS DEE SFAST,T2_SUPERFAST,7,TS-DEL-MUM-22949-007,ANND,ANAND JN,Gujarat,GJ,SB-GJ,ND,NADIAD JN,Gujarat,GJ,SB-GJ,0,INTRA-SB-GJ,SB-GJ,INTERMEDIATE_HALT,20:18,20:41,18.0,435.0,1
180,Delhi → Mumbai,DEL-MUM,22949,BDTS DEE SFAST,T2_SUPERFAST,8,TS-DEL-MUM-22949-008,ND,NADIAD JN,Gujarat,GJ,SB-GJ,ADI,AHMEDABAD JN,Gujarat,GJ,SB-GJ,0,INTRA-SB-GJ,SB-GJ,INTERMEDIATE_HALT,20:43,21:35,46.0,481.0,1
181,Delhi → Mumbai,DEL-MUM,22949,BDTS DEE SFAST,T2_SUPERFAST,9,TS-DEL-MUM-22949-009,ADI,AHMEDABAD JN,Gujarat,GJ,SB-GJ,SBIB,SABARMATI BG,Gujarat,GJ,SB-GJ,0,INTRA-SB-GJ,SB-GJ,INTERMEDIATE_HALT,21:45,22:13,6.0,487.0,1
182,Delhi → Mumbai,DEL-MUM,22949,BDTS DEE SFAST,T2_SUPERFAST,10,TS-DEL-MUM-22949-010,SBIB,SABARMATI BG,Gujarat,GJ,SB-GJ,MSH,MAHESANA JN,Gujarat,GJ,SB-GJ,0,INTRA-SB-GJ,SB-GJ,INTERMEDIATE_HALT,22:15,22:56,62.0,549.0,1
183,Delhi → Mumbai,DEL-MUM,22949,BDTS DEE SFAST,T2_SUPERFAST,11,TS-DEL-MUM-22949-011,MSH,MAHESANA JN,Gujarat,GJ,SB-GJ,PNU,PALANPUR JN,Gujarat,GJ,SB-GJ,0,INTRA-SB-GJ,SB-GJ,INTERMEDIATE_HALT,22:58,00:23,65.0,614.0,2
184,Delhi → Mumbai,DEL-MUM,22949,BDTS DEE SFAST,T2_SUPERFAST,12,TS-DEL-MUM-22949-012,PNU,PALANPUR JN,Gujarat,GJ,SB-GJ,ABR,ABU ROAD,Rajasthan,RJ,SB-RJ,1,SB-GJ->SB-RJ,SB-XING-GJ-RJ,INTERMEDIATE_HALT,00:25,01:00,53.0,667.0,2
185,Delhi → Mumbai,DEL-MUM,22949,BDTS DEE SFAST,T2_SUPERFAST,13,TS-DEL-MUM-22949-013,ABR,ABU ROAD,Rajasthan,RJ,SB-RJ,PDWA,PINDWARA,Rajasthan,RJ,SB-RJ,0,INTRA-SB-RJ,SB-RJ,INTERMEDIATE_HALT,01:10,01:43,43.0,710.0,2
186,Delhi → Mumbai,DEL-MUM,22949,BDTS DEE SFAST,T2_SUPERFAST,14,TS-DEL-MUM-22949-014,PDWA,PINDWARA,Rajasthan,RJ,SB-RJ,FA,FALNA,Rajasthan,RJ,SB-RJ,0,INTRA-SB-RJ,SB-RJ,INTERMEDIATE_HALT,01:45,02:23,56.0,766.0,2
187,Delhi → Mumbai,DEL-MUM,22949,BDTS DEE SFAST,T2_SUPERFAST,15,TS-DEL-MUM-22949-015,FA,FALNA,Rajasthan,RJ,SB-RJ,RANI,RANI,Rajasthan,RJ,SB-RJ,0,INTRA-SB-RJ,SB-RJ,INTERMEDIATE_HALT,02:25,02:37,14.0,780.0,2
188,Delhi → Mumbai,DEL-MUM,22949,BDTS DEE SFAST,T2_SUPERFAST,16,TS-DEL-MUM-22949-016,RANI,RANI,Rajasthan,RJ,SB-RJ,AII,AJMER JN,Rajasthan,RJ,SB-RJ,0,INTRA-SB-RJ,SB-RJ,INTERMEDIATE_HALT,02:39,05:25,192.0,972.0,2
189,Delhi → Mumbai,DEL-MUM,22949,BDTS DEE SFAST,T2_SUPERFAST,17,TS-DEL-MUM-22949-017,AII,AJMER JN,Rajasthan,RJ,SB-RJ,KSG,KISHANGARH,Rajasthan,RJ,SB-RJ,0,INTRA-SB-RJ,SB-RJ,INTERMEDIATE_HALT,05:35,05:57,25.0,997.0,2
190,Delhi → Mumbai,DEL-MUM,22949,BDTS DEE SFAST,T2_SUPERFAST,18,TS-DEL-MUM-22949-018,KSG,KISHANGARH,Rajasthan,RJ,SB-RJ,FL,PHULERA,Rajasthan,RJ,SB-RJ,0,INTRA-SB-RJ,SB-RJ,INTERMEDIATE_HALT,05:59,06:40,54.0,1051.0,2
191,Delhi → Mumbai,DEL-MUM,22949,BDTS DEE SFAST,T2_SUPERFAST,19,TS-DEL-MUM-22949-019,FL,PHULERA,Rajasthan,RJ,SB-RJ,RGS,RINGAS JN,Rajasthan,RJ,SB-RJ,0,INTRA-SB-RJ,SB-RJ,INTERMEDIATE_HALT,06:42,07:37,67.0,1118.0,2
192,Delhi → Mumbai,DEL-MUM,22949,BDTS DEE SFAST,T2_SUPERFAST,20,TS-DEL-MUM-22949-020,RGS,RINGAS JN,Rajasthan,RJ,SB-RJ,SMPR,SHRI MADHOPUR,Rajasthan,RJ,SB-RJ,0,INTRA-SB-RJ,SB-RJ,INTERMEDIATE_HALT,07:40,07:50,10.0,1128.0,2
193,Delhi → Mumbai,DEL-MUM,22949,BDTS DEE SFAST,T2_SUPERFAST,21,TS-DEL-MUM-22949-021,SMPR,SHRI MADHOPUR,Rajasthan,RJ,SB-RJ,NMK,NIM KA THANA,Rajasthan,RJ,SB-RJ,0,INTRA-SB-RJ,SB-RJ,INTERMEDIATE_HALT,07:52,08:18,37.0,1165.0,2
194,Delhi → Mumbai,DEL-MUM,22949,BDTS DEE SFAST,T2_SUPERFAST,22,TS-DEL-MUM-22949-022,NMK,NIM KA THANA,Rajasthan,RJ,SB-RJ,NNL,NARNAUL,Haryana,HR,SB-HR,1,SB-RJ->SB-HR,SB-XING-RJ-HR,INTERMEDIATE_HALT,08:20,08:55,50.0,1215.0,2
195,Delhi → Mumbai,DEL-MUM,22949,BDTS DEE SFAST,T2_SUPERFAST,23,TS-DEL-MUM-22949-023,NNL,NARNAUL,Haryana,HR,SB-HR,RE,REWARI JN.,Haryana,HR,SB-HR,0,INTRA-SB-HR,SB-HR,INTERMEDIATE_HALT,08:57,10:03,52.0,1267.0,2
196,Delhi → Mumbai,DEL-MUM,22949,BDTS DEE SFAST,T2_SUPERFAST,24,TS-DEL-MUM-22949-024,RE,REWARI JN.,Haryana,HR,SB-HR,GGN,GURGAON,Haryana,HR,SB-HR,0,INTRA-SB-HR,SB-HR,INTERMEDIATE_HALT,10:05,10:45,51.0,1318.0,2
197,Delhi → Mumbai,DEL-MUM,22949,BDTS DEE SFAST,T2_SUPERFAST,25,TS-DEL-MUM-22949-025,GGN,GURGAON,Haryana,HR,SB-HR,DEE,DELHI SARAI ROHILLA,Delhi,DL,SB-DL,1,SB-HR->SB-DL,SB-XING-HR-DL,HALTN_TO_DESTINATION,10:47,11:45,27.0,1345.0,2
198,Delhi → Mumbai,DEL-MUM,12009,ADI SHATABDI EXP,T1_PREMIUM,1,TS-DEL-MUM-12009-001,MMCT,MUMBAI CENTRAL,Maharashtra,MH,SB-MH,BVI,BORIVALI,Maharashtra,MH,SB-MH,0,INTRA-SB-MH,SB-MH,SOURCE_TO_HALT1,06:20,06:43,30.0,30.0,1
199,Delhi → Mumbai,DEL-MUM,12009,ADI SHATABDI EXP,T1_PREMIUM,2,TS-DEL-MUM-12009-002,BVI,BORIVALI,Maharashtra,MH,SB-MH,VAPI,VAPI,Gujarat,GJ,SB-GJ,1,SB-MH->SB-GJ,SB-XING-MH-GJ,INTERMEDIATE_HALT,06:45,08:05,138.0,168.0,1
200,Delhi → Mumbai,DEL-MUM,12009,ADI SHATABDI EXP,T1_PREMIUM,3,TS-DEL-MUM-12009-003,VAPI,VAPI,Gujarat,GJ,SB-GJ,ST,SURAT,Gujarat,GJ,SB-GJ,0,INTRA-SB-GJ,SB-GJ,INTERMEDIATE_HALT,08:07,09:21,94.0,262.0,1
201,Delhi → Mumbai,DEL-MUM,12009,ADI SHATABDI EXP,T1_PREMIUM,4,TS-DEL-MUM-12009-004,ST,SURAT,Gujarat,GJ,SB-GJ,BH,BHARUCH JN,Gujarat,GJ,SB-GJ,0,INTRA-SB-GJ,SB-GJ,INTERMEDIATE_HALT,09:24,10:02,59.0,321.0,1
202,Delhi → Mumbai,DEL-MUM,12009,ADI SHATABDI EXP,T1_PREMIUM,5,TS-DEL-MUM-12009-005,BH,BHARUCH JN,Gujarat,GJ,SB-GJ,BRC,VADODARA JN,Gujarat,GJ,SB-GJ,0,INTRA-SB-GJ,SB-GJ,INTERMEDIATE_HALT,10:04,10:54,71.0,392.0,1
203,Delhi → Mumbai,DEL-MUM,12009,ADI SHATABDI EXP,T1_PREMIUM,6,TS-DEL-MUM-12009-006,BRC,VADODARA JN,Gujarat,GJ,SB-GJ,ANND,ANAND JN,Gujarat,GJ,SB-GJ,0,INTRA-SB-GJ,SB-GJ,INTERMEDIATE_HALT,10:59,11:30,35.0,427.0,1
204,Delhi → Mumbai,DEL-MUM,12009,ADI SHATABDI EXP,T1_PREMIUM,7,TS-DEL-MUM-12009-007,ANND,ANAND JN,Gujarat,GJ,SB-GJ,ND,NADIAD JN,Gujarat,GJ,SB-GJ,0,INTRA-SB-GJ,SB-GJ,INTERMEDIATE_HALT,11:32,11:46,19.0,446.0,1
205,Delhi → Mumbai,DEL-MUM,12009,ADI SHATABDI EXP,T1_PREMIUM,8,TS-DEL-MUM-12009-008,ND,NADIAD JN,Gujarat,GJ,SB-GJ,ADI,AHMEDABAD JN,Gujarat,GJ,SB-GJ,0,INTRA-SB-GJ,SB-GJ,HALTN_TO_DESTINATION,11:48,12:40,45.0,491.0,1
206,Delhi → Mumbai,DEL-MUM,12010,MMCT SHATABDI EX,T1_PREMIUM,1,TS-DEL-MUM-12010-001,ADI,AHMEDABAD JN,Gujarat,GJ,SB-GJ,ND,NADIAD JN,Gujarat,GJ,SB-GJ,0,INTRA-SB-GJ,SB-GJ,SOURCE_TO_HALT1,15:10,15:39,46.0,46.0,1
207,Delhi → Mumbai,DEL-MUM,12010,MMCT SHATABDI EX,T1_PREMIUM,2,TS-DEL-MUM-12010-002,ND,NADIAD JN,Gujarat,GJ,SB-GJ,ANND,ANAND JN,Gujarat,GJ,SB-GJ,0,INTRA-SB-GJ,SB-GJ,INTERMEDIATE_HALT,15:41,15:58,18.0,64.0,1
208,Delhi → Mumbai,DEL-MUM,12010,MMCT SHATABDI EX,T1_PREMIUM,3,TS-DEL-MUM-12010-003,ANND,ANAND JN,Gujarat,GJ,SB-GJ,BRC,VADODARA JN,Gujarat,GJ,SB-GJ,0,INTRA-SB-GJ,SB-GJ,INTERMEDIATE_HALT,16:00,16:30,36.0,100.0,1
209,Delhi → Mumbai,DEL-MUM,12010,MMCT SHATABDI EX,T1_PREMIUM,4,TS-DEL-MUM-12010-004,BRC,VADODARA JN,Gujarat,GJ,SB-GJ,BH,BHARUCH JN,Gujarat,GJ,SB-GJ,0,INTRA-SB-GJ,SB-GJ,INTERMEDIATE_HALT,16:35,17:22,70.0,170.0,1
210,Delhi → Mumbai,DEL-MUM,12010,MMCT SHATABDI EX,T1_PREMIUM,5,TS-DEL-MUM-12010-005,BH,BHARUCH JN,Gujarat,GJ,SB-GJ,ST,SURAT,Gujarat,GJ,SB-GJ,0,INTRA-SB-GJ,SB-GJ,INTERMEDIATE_HALT,17:24,18:10,59.0,229.0,1
211,Delhi → Mumbai,DEL-MUM,12010,MMCT SHATABDI EX,T1_PREMIUM,6,TS-DEL-MUM-12010-006,ST,SURAT,Gujarat,GJ,SB-GJ,VAPI,VAPI,Gujarat,GJ,SB-GJ,0,INTRA-SB-GJ,SB-GJ,INTERMEDIATE_HALT,18:15,19:18,95.0,324.0,1
212,Delhi → Mumbai,DEL-MUM,12010,MMCT SHATABDI EX,T1_PREMIUM,7,TS-DEL-MUM-12010-007,VAPI,VAPI,Gujarat,GJ,SB-GJ,BVI,BORIVALI,Maharashtra,MH,SB-MH,1,SB-GJ->SB-MH,SB-XING-GJ-MH,INTERMEDIATE_HALT,19:20,20:48,138.0,462.0,1
213,Delhi → Mumbai,DEL-MUM,12010,MMCT SHATABDI EX,T1_PREMIUM,8,TS-DEL-MUM-12010-008,BVI,BORIVALI,Maharashtra,MH,SB-MH,MMCT,MUMBAI CENTRAL,Maharashtra,MH,SB-MH,0,INTRA-SB-MH,SB-MH,HALTN_TO_DESTINATION,20:50,21:45,29.0,491.0,1
214,Delhi → Howrah,DEL-HWH,12274,HWH DURONTO EXP,T1_PREMIUM,1,TS-DEL-HWH-12274-001,NDLS,NEW DELHI,Delhi,DL,SB-DL,CNB,KANPUR CENTRAL,Uttar Pradesh,UP,SB-UP,1,SB-DL->SB-UP,SB-XING-DL-UP,SOURCE_TO_HALT1,12:35,17:35,441.0,441.0,1
215,Delhi → Howrah,DEL-HWH,12274,HWH DURONTO EXP,T1_PREMIUM,2,TS-DEL-HWH-12274-002,CNB,KANPUR CENTRAL,Uttar Pradesh,UP,SB-UP,DDU,PT.DEEN DAYAL UPADHYAYA JN,Uttar Pradesh,UP,SB-UP,0,INTRA-SB-UP,SB-UP,INTERMEDIATE_HALT,17:40,22:03,347.0,788.0,1
216,Delhi → Howrah,DEL-HWH,12274,HWH DURONTO EXP,T1_PREMIUM,3,TS-DEL-HWH-12274-003,DDU,PT.DEEN DAYAL UPADHYAYA JN,Uttar Pradesh,UP,SB-UP,PNBE,PATNA JN,Bihar,BR,SB-BR,1,SB-UP->SB-BR,SB-XING-UP-BR,INTERMEDIATE_HALT,22:10,00:43,207.0,995.0,2
217,Delhi → Howrah,DEL-HWH,12274,HWH DURONTO EXP,T1_PREMIUM,4,TS-DEL-HWH-12274-004,PNBE,PATNA JN,Bihar,BR,SB-BR,JSME,JASIDIH JN,Jharkhand,JH,SB-JH,1,SB-BR->SB-JH,SB-XING-BR-JH,INTERMEDIATE_HALT,00:50,04:49,221.0,1216.0,2
218,Delhi → Howrah,DEL-HWH,12274,HWH DURONTO EXP,T1_PREMIUM,5,TS-DEL-HWH-12274-005,JSME,JASIDIH JN,Jharkhand,JH,SB-JH,ASN,ASANSOL JN,West Bengal,WB,SB-WB,1,SB-JH->SB-WB,SB-XING-JH-WB,INTERMEDIATE_HALT,04:51,07:26,111.0,1327.0,2
219,Delhi → Howrah,DEL-HWH,12274,HWH DURONTO EXP,T1_PREMIUM,6,TS-DEL-HWH-12274-006,ASN,ASANSOL JN,West Bengal,WB,SB-WB,HWH,HOWRAH JN,West Bengal,WB,SB-WB,0,INTRA-SB-WB,SB-WB,HALTN_TO_DESTINATION,07:31,10:35,200.0,1527.0,2
220,Delhi → Howrah,DEL-HWH,12302,HWH RAJDHANI,T1_PREMIUM,1,TS-DEL-HWH-12302-001,NDLS,NEW DELHI,Delhi,DL,SB-DL,CNB,KANPUR CENTRAL,Uttar Pradesh,UP,SB-UP,1,SB-DL->SB-UP,SB-XING-DL-UP,SOURCE_TO_HALT1,16:50,21:30,441.0,441.0,1
221,Delhi → Howrah,DEL-HWH,12302,HWH RAJDHANI,T1_PREMIUM,2,TS-DEL-HWH-12302-002,CNB,KANPUR CENTRAL,Uttar Pradesh,UP,SB-UP,PRYJ,PRAYAGRAJ JN,Uttar Pradesh,UP,SB-UP,0,INTRA-SB-UP,SB-UP,INTERMEDIATE_HALT,21:35,23:41,194.0,635.0,1
222,Delhi → Howrah,DEL-HWH,12302,HWH RAJDHANI,T1_PREMIUM,3,TS-DEL-HWH-12302-003,PRYJ,PRAYAGRAJ JN,Uttar Pradesh,UP,SB-UP,DDU,PT.DEEN DAYAL UPADHYAYA JN,Uttar Pradesh,UP,SB-UP,0,INTRA-SB-UP,SB-UP,INTERMEDIATE_HALT,23:43,01:33,153.0,788.0,2
223,Delhi → Howrah,DEL-HWH,12302,HWH RAJDHANI,T1_PREMIUM,4,TS-DEL-HWH-12302-004,DDU,PT.DEEN DAYAL UPADHYAYA JN,Uttar Pradesh,UP,SB-UP,GAYA,GAYA JN,Bihar,BR,SB-BR,1,SB-UP->SB-BR,SB-XING-UP-BR,INTERMEDIATE_HALT,01:40,03:57,204.0,992.0,2
224,Delhi → Howrah,DEL-HWH,12302,HWH RAJDHANI,T1_PREMIUM,5,TS-DEL-HWH-12302-005,GAYA,GAYA JN,Bihar,BR,SB-BR,PNME,PARASNATH,Jharkhand,JH,SB-JH,1,SB-BR->SB-JH,SB-XING-BR-JH,INTERMEDIATE_HALT,04:00,05:43,151.0,1143.0,2
225,Delhi → Howrah,DEL-HWH,12302,HWH RAJDHANI,T1_PREMIUM,6,TS-DEL-HWH-12302-006,PNME,PARASNATH,Jharkhand,JH,SB-JH,DHN,DHANBAD JN,Jharkhand,JH,SB-JH,0,INTRA-SB-JH,SB-JH,INTERMEDIATE_HALT,05:45,06:33,48.0,1191.0,2
226,Delhi → Howrah,DEL-HWH,12302,HWH RAJDHANI,T1_PREMIUM,7,TS-DEL-HWH-12302-007,DHN,DHANBAD JN,Jharkhand,JH,SB-JH,ASN,ASANSOL JN,West Bengal,WB,SB-WB,1,SB-JH->SB-WB,SB-XING-JH-WB,INTERMEDIATE_HALT,06:38,07:18,57.0,1248.0,2
227,Delhi → Howrah,DEL-HWH,12302,HWH RAJDHANI,T1_PREMIUM,8,TS-DEL-HWH-12302-008,ASN,ASANSOL JN,West Bengal,WB,SB-WB,HWH,HOWRAH JN,West Bengal,WB,SB-WB,0,INTRA-SB-WB,SB-WB,HALTN_TO_DESTINATION,07:20,09:55,201.0,1449.0,2
228,Delhi → Howrah,DEL-HWH,12304,POORVA EXPRESS,T2_SUPERFAST,1,TS-DEL-HWH-12304-001,NDLS,NEW DELHI,Delhi,DL,SB-DL,ALJN,ALIGARH JN,Uttar Pradesh,UP,SB-UP,1,SB-DL->SB-UP,SB-XING-DL-UP,SOURCE_TO_HALT1,17:40,19:13,132.0,132.0,1
229,Delhi → Howrah,DEL-HWH,12304,POORVA EXPRESS,T2_SUPERFAST,2,TS-DEL-HWH-12304-002,ALJN,ALIGARH JN,Uttar Pradesh,UP,SB-UP,TDL,TUNDLA JN,Uttar Pradesh,UP,SB-UP,0,INTRA-SB-UP,SB-UP,INTERMEDIATE_HALT,19:15,20:13,78.0,210.0,1
230,Delhi → Howrah,DEL-HWH,12304,POORVA EXPRESS,T2_SUPERFAST,3,TS-DEL-HWH-12304-003,TDL,TUNDLA JN,Uttar Pradesh,UP,SB-UP,ETW,ETAWAH JN,Uttar Pradesh,UP,SB-UP,0,INTRA-SB-UP,SB-UP,INTERMEDIATE_HALT,20:15,21:08,91.0,301.0,1
231,Delhi → Howrah,DEL-HWH,12304,POORVA EXPRESS,T2_SUPERFAST,4,TS-DEL-HWH-12304-004,ETW,ETAWAH JN,Uttar Pradesh,UP,SB-UP,CNB,KANPUR CENTRAL,Uttar Pradesh,UP,SB-UP,0,INTRA-SB-UP,SB-UP,INTERMEDIATE_HALT,21:10,22:55,140.0,441.0,1
232,Delhi → Howrah,DEL-HWH,12304,POORVA EXPRESS,T2_SUPERFAST,5,TS-DEL-HWH-12304-005,CNB,KANPUR CENTRAL,Uttar Pradesh,UP,SB-UP,PRYJ,PRAYAGRAJ JN,Uttar Pradesh,UP,SB-UP,0,INTRA-SB-UP,SB-UP,INTERMEDIATE_HALT,23:05,01:15,194.0,635.0,2
233,Delhi → Howrah,DEL-HWH,12304,POORVA EXPRESS,T2_SUPERFAST,6,TS-DEL-HWH-12304-006,PRYJ,PRAYAGRAJ JN,Uttar Pradesh,UP,SB-UP,DDU,PT.DEEN DAYAL UPADHYAYA JN,Uttar Pradesh,UP,SB-UP,0,INTRA-SB-UP,SB-UP,INTERMEDIATE_HALT,01:20,03:38,153.0,788.0,2
234,Delhi → Howrah,DEL-HWH,12304,POORVA EXPRESS,T2_SUPERFAST,7,TS-DEL-HWH-12304-007,DDU,PT.DEEN DAYAL UPADHYAYA JN,Uttar Pradesh,UP,SB-UP,BXR,BUXAR,Bihar,BR,SB-BR,1,SB-UP->SB-BR,SB-XING-UP-BR,INTERMEDIATE_HALT,03:45,05:03,90.0,878.0,2
235,Delhi → Howrah,DEL-HWH,12304,POORVA EXPRESS,T2_SUPERFAST,8,TS-DEL-HWH-12304-008,BXR,BUXAR,Bihar,BR,SB-BR,ARA,ARA,Bihar,BR,SB-BR,0,INTRA-SB-BR,SB-BR,INTERMEDIATE_HALT,05:05,05:45,68.0,946.0,2
236,Delhi → Howrah,DEL-HWH,12304,POORVA EXPRESS,T2_SUPERFAST,9,TS-DEL-HWH-12304-009,ARA,ARA,Bihar,BR,SB-BR,DNR,DANAPUR,Bihar,BR,SB-BR,0,INTRA-SB-BR,SB-BR,INTERMEDIATE_HALT,05:50,06:22,40.0,986.0,2
237,Delhi → Howrah,DEL-HWH,12304,POORVA EXPRESS,T2_SUPERFAST,10,TS-DEL-HWH-12304-010,DNR,DANAPUR,Bihar,BR,SB-BR,PNBE,PATNA JN,Bihar,BR,SB-BR,0,INTRA-SB-BR,SB-BR,INTERMEDIATE_HALT,06:24,06:48,9.0,995.0,2
238,Delhi → Howrah,DEL-HWH,12304,POORVA EXPRESS,T2_SUPERFAST,11,TS-DEL-HWH-12304-011,PNBE,PATNA JN,Bihar,BR,SB-BR,BKP,BAKHTIYARPUR JN,Bihar,BR,SB-BR,0,INTRA-SB-BR,SB-BR,INTERMEDIATE_HALT,06:55,07:34,46.0,1041.0,2
239,Delhi → Howrah,DEL-HWH,12304,POORVA EXPRESS,T2_SUPERFAST,12,TS-DEL-HWH-12304-012,BKP,BAKHTIYARPUR JN,Bihar,BR,SB-BR,BARH,BARH,Bihar,BR,SB-BR,0,INTRA-SB-BR,SB-BR,INTERMEDIATE_HALT,07:36,07:49,18.0,1059.0,2
240,Delhi → Howrah,DEL-HWH,12304,POORVA EXPRESS,T2_SUPERFAST,13,TS-DEL-HWH-12304-013,BARH,BARH,Bihar,BR,SB-BR,MKA,MOKAMA,Bihar,BR,SB-BR,0,INTRA-SB-BR,SB-BR,INTERMEDIATE_HALT,07:51,08:10,26.0,1085.0,2
241,Delhi → Howrah,DEL-HWH,12304,POORVA EXPRESS,T2_SUPERFAST,14,TS-DEL-HWH-12304-014,MKA,MOKAMA,Bihar,BR,SB-BR,KIUL,KIUL JN,Bihar,BR,SB-BR,0,INTRA-SB-BR,SB-BR,INTERMEDIATE_HALT,08:12,09:08,34.0,1119.0,2
242,Delhi → Howrah,DEL-HWH,12304,POORVA EXPRESS,T2_SUPERFAST,15,TS-DEL-HWH-12304-015,KIUL,KIUL JN,Bihar,BR,SB-BR,JMU,JAMUI,Bihar,BR,SB-BR,0,INTRA-SB-BR,SB-BR,INTERMEDIATE_HALT,09:10,09:39,28.0,1147.0,2
243,Delhi → Howrah,DEL-HWH,12304,POORVA EXPRESS,T2_SUPERFAST,16,TS-DEL-HWH-12304-016,JMU,JAMUI,Bihar,BR,SB-BR,JAJ,JHAJHA,Bihar,BR,SB-BR,0,INTRA-SB-BR,SB-BR,INTERMEDIATE_HALT,09:41,10:55,26.0,1173.0,2
244,Delhi → Howrah,DEL-HWH,12304,POORVA EXPRESS,T2_SUPERFAST,17,TS-DEL-HWH-12304-017,JAJ,JHAJHA,Bihar,BR,SB-BR,JSME,JASIDIH JN,Jharkhand,JH,SB-JH,1,SB-BR->SB-JH,SB-XING-BR-JH,INTERMEDIATE_HALT,11:00,11:31,43.0,1216.0,2
245,Delhi → Howrah,DEL-HWH,12304,POORVA EXPRESS,T2_SUPERFAST,18,TS-DEL-HWH-12304-018,JSME,JASIDIH JN,Jharkhand,JH,SB-JH,MDP,MADHUPUR JN,Jharkhand,JH,SB-JH,0,INTRA-SB-JH,SB-JH,INTERMEDIATE_HALT,11:35,11:55,29.0,1245.0,2
246,Delhi → Howrah,DEL-HWH,12304,POORVA EXPRESS,T2_SUPERFAST,19,TS-DEL-HWH-12304-019,MDP,MADHUPUR JN,Jharkhand,JH,SB-JH,JMT,JAMTARA,Jharkhand,JH,SB-JH,0,INTRA-SB-JH,SB-JH,INTERMEDIATE_HALT,11:57,12:27,42.0,1287.0,2
247,Delhi → Howrah,DEL-HWH,12304,POORVA EXPRESS,T2_SUPERFAST,20,TS-DEL-HWH-12304-020,JMT,JAMTARA,Jharkhand,JH,SB-JH,CRJ,CHITTARANJAN,West Bengal,WB,SB-WB,1,SB-JH->SB-WB,SB-XING-JH-WB,INTERMEDIATE_HALT,12:29,12:40,15.0,1302.0,2
248,Delhi → Howrah,DEL-HWH,12304,POORVA EXPRESS,T2_SUPERFAST,21,TS-DEL-HWH-12304-021,CRJ,CHITTARANJAN,West Bengal,WB,SB-WB,ASN,ASANSOL JN,West Bengal,WB,SB-WB,0,INTRA-SB-WB,SB-WB,INTERMEDIATE_HALT,12:42,13:16,25.0,1327.0,2
249,Delhi → Howrah,DEL-HWH,12304,POORVA EXPRESS,T2_SUPERFAST,22,TS-DEL-HWH-12304-022,ASN,ASANSOL JN,West Bengal,WB,SB-WB,DGR,DURGAPUR,West Bengal,WB,SB-WB,0,INTRA-SB-WB,SB-WB,INTERMEDIATE_HALT,13:26,13:54,42.0,1369.0,2
250,Delhi → Howrah,DEL-HWH,12304,POORVA EXPRESS,T2_SUPERFAST,23,TS-DEL-HWH-12304-023,DGR,DURGAPUR,West Bengal,WB,SB-WB,BWN,BARDHAMAN,West Bengal,WB,SB-WB,0,INTRA-SB-WB,SB-WB,INTERMEDIATE_HALT,13:56,15:03,63.0,1432.0,2
251,Delhi → Howrah,DEL-HWH,12304,POORVA EXPRESS,T2_SUPERFAST,24,TS-DEL-HWH-12304-024,BWN,BARDHAMAN,West Bengal,WB,SB-WB,HWH,HOWRAH JN,West Bengal,WB,SB-WB,0,INTRA-SB-WB,SB-WB,HALTN_TO_DESTINATION,15:05,17:00,95.0,1527.0,2
252,Delhi → Howrah,DEL-HWH,12306,KOLKATA RAJDHNI,T1_PREMIUM,1,TS-DEL-HWH-12306-001,NDLS,NEW DELHI,Delhi,DL,SB-DL,CNB,KANPUR CENTRAL,Uttar Pradesh,UP,SB-UP,1,SB-DL->SB-UP,SB-XING-DL-UP,SOURCE_TO_HALT1,16:50,21:30,441.0,441.0,1
253,Delhi → Howrah,DEL-HWH,12306,KOLKATA RAJDHNI,T1_PREMIUM,2,TS-DEL-HWH-12306-002,CNB,KANPUR CENTRAL,Uttar Pradesh,UP,SB-UP,PRYJ,PRAYAGRAJ JN,Uttar Pradesh,UP,SB-UP,0,INTRA-SB-UP,SB-UP,INTERMEDIATE_HALT,21:35,23:41,194.0,635.0,1
254,Delhi → Howrah,DEL-HWH,12306,KOLKATA RAJDHNI,T1_PREMIUM,3,TS-DEL-HWH-12306-003,PRYJ,PRAYAGRAJ JN,Uttar Pradesh,UP,SB-UP,DDU,PT.DEEN DAYAL UPADHYAYA JN,Uttar Pradesh,UP,SB-UP,0,INTRA-SB-UP,SB-UP,INTERMEDIATE_HALT,23:43,01:33,153.0,788.0,2
255,Delhi → Howrah,DEL-HWH,12306,KOLKATA RAJDHNI,T1_PREMIUM,4,TS-DEL-HWH-12306-004,DDU,PT.DEEN DAYAL UPADHYAYA JN,Uttar Pradesh,UP,SB-UP,PNBE,PATNA JN,Bihar,BR,SB-BR,1,SB-UP->SB-BR,SB-XING-UP-BR,INTERMEDIATE_HALT,01:40,04:18,207.0,995.0,2
256,Delhi → Howrah,DEL-HWH,12306,KOLKATA RAJDHNI,T1_PREMIUM,5,TS-DEL-HWH-12306-005,PNBE,PATNA JN,Bihar,BR,SB-BR,JSME,JASIDIH JN,Jharkhand,JH,SB-JH,1,SB-BR->SB-JH,SB-XING-BR-JH,INTERMEDIATE_HALT,04:25,07:39,221.0,1216.0,2
257,Delhi → Howrah,DEL-HWH,12306,KOLKATA RAJDHNI,T1_PREMIUM,6,TS-DEL-HWH-12306-006,JSME,JASIDIH JN,Jharkhand,JH,SB-JH,MDP,MADHUPUR JN,Jharkhand,JH,SB-JH,0,INTRA-SB-JH,SB-JH,INTERMEDIATE_HALT,07:43,08:04,29.0,1245.0,2
258,Delhi → Howrah,DEL-HWH,12306,KOLKATA RAJDHNI,T1_PREMIUM,7,TS-DEL-HWH-12306-007,MDP,MADHUPUR JN,Jharkhand,JH,SB-JH,BWN,BARDHAMAN,West Bengal,WB,SB-WB,1,SB-JH->SB-WB,SB-XING-JH-WB,INTERMEDIATE_HALT,08:06,10:35,187.0,1432.0,2
259,Delhi → Howrah,DEL-HWH,12306,KOLKATA RAJDHNI,T1_PREMIUM,8,TS-DEL-HWH-12306-008,BWN,BARDHAMAN,West Bengal,WB,SB-WB,HWH,HOWRAH JN,West Bengal,WB,SB-WB,0,INTRA-SB-WB,SB-WB,HALTN_TO_DESTINATION,10:37,12:15,95.0,1527.0,2
260,Delhi → Howrah,DEL-HWH,12314,SEALDAH RAJDHNI,T1_PREMIUM,1,TS-DEL-HWH-12314-001,NDLS,NEW DELHI,Delhi,DL,SB-DL,CNB,KANPUR CENTRAL,Uttar Pradesh,UP,SB-UP,1,SB-DL->SB-UP,SB-XING-DL-UP,SOURCE_TO_HALT1,16:30,21:10,441.0,441.0,1
261,Delhi → Howrah,DEL-HWH,12314,SEALDAH RAJDHNI,T1_PREMIUM,2,TS-DEL-HWH-12314-002,CNB,KANPUR CENTRAL,Uttar Pradesh,UP,SB-UP,DDU,PT.DEEN DAYAL UPADHYAYA JN,Uttar Pradesh,UP,SB-UP,0,INTRA-SB-UP,SB-UP,INTERMEDIATE_HALT,21:15,01:23,347.0,788.0,2
262,Delhi → Howrah,DEL-HWH,12314,SEALDAH RAJDHNI,T1_PREMIUM,3,TS-DEL-HWH-12314-003,DDU,PT.DEEN DAYAL UPADHYAYA JN,Uttar Pradesh,UP,SB-UP,GAYA,GAYA JN,Bihar,BR,SB-BR,1,SB-UP->SB-BR,SB-XING-UP-BR,INTERMEDIATE_HALT,01:30,03:42,204.0,992.0,2
263,Delhi → Howrah,DEL-HWH,12314,SEALDAH RAJDHNI,T1_PREMIUM,4,TS-DEL-HWH-12314-004,GAYA,GAYA JN,Bihar,BR,SB-BR,DHN,DHANBAD JN,Jharkhand,JH,SB-JH,1,SB-BR->SB-JH,SB-XING-BR-JH,INTERMEDIATE_HALT,03:45,06:18,199.0,1191.0,2
264,Delhi → Howrah,DEL-HWH,12314,SEALDAH RAJDHNI,T1_PREMIUM,5,TS-DEL-HWH-12314-005,DHN,DHANBAD JN,Jharkhand,JH,SB-JH,ASN,ASANSOL JN,West Bengal,WB,SB-WB,1,SB-JH->SB-WB,SB-XING-JH-WB,INTERMEDIATE_HALT,06:23,07:01,57.0,1248.0,2
265,Delhi → Howrah,DEL-HWH,12314,SEALDAH RAJDHNI,T1_PREMIUM,6,TS-DEL-HWH-12314-006,ASN,ASANSOL JN,West Bengal,WB,SB-WB,DGR,DURGAPUR,West Bengal,WB,SB-WB,0,INTRA-SB-WB,SB-WB,INTERMEDIATE_HALT,07:03,07:31,43.0,1291.0,2
266,Delhi → Howrah,DEL-HWH,12314,SEALDAH RAJDHNI,T1_PREMIUM,7,TS-DEL-HWH-12314-007,DGR,DURGAPUR,West Bengal,WB,SB-WB,SDAH,SEALDAH,West Bengal,WB,SB-WB,0,INTRA-SB-WB,SB-WB,HALTN_TO_DESTINATION,07:33,10:10,170.0,1461.0,2
267,Delhi → Howrah,DEL-HWH,12330,SAMPARK K EXP,T2_SUPERFAST,1,TS-DEL-HWH-12330-001,ANVT,ANAND VIHAR TERMINAL,Delhi,DL,SB-DL,GOY,GOVINDPURI,Uttar Pradesh,UP,SB-UP,1,SB-DL->SB-UP,SB-XING-DL-UP,SOURCE_TO_HALT1,20:20,01:00,424.0,424.0,2
268,Delhi → Howrah,DEL-HWH,12330,SAMPARK K EXP,T2_SUPERFAST,2,TS-DEL-HWH-12330-002,GOY,GOVINDPURI,Uttar Pradesh,UP,SB-UP,DDU,PT.DEEN DAYAL UPADHYAYA JN,Uttar Pradesh,UP,SB-UP,0,INTRA-SB-UP,SB-UP,INTERMEDIATE_HALT,01:05,06:03,350.0,774.0,2
269,Delhi → Howrah,DEL-HWH,12330,SAMPARK K EXP,T2_SUPERFAST,3,TS-DEL-HWH-12330-003,DDU,PT.DEEN DAYAL UPADHYAYA JN,Uttar Pradesh,UP,SB-UP,GAYA,GAYA JN,Bihar,BR,SB-BR,1,SB-UP->SB-BR,SB-XING-UP-BR,INTERMEDIATE_HALT,06:10,08:35,204.0,978.0,2
270,Delhi → Howrah,DEL-HWH,12330,SAMPARK K EXP,T2_SUPERFAST,4,TS-DEL-HWH-12330-004,GAYA,GAYA JN,Bihar,BR,SB-BR,DHN,DHANBAD JN,Jharkhand,JH,SB-JH,1,SB-BR->SB-JH,SB-XING-BR-JH,INTERMEDIATE_HALT,08:40,11:37,199.0,1177.0,2
271,Delhi → Howrah,DEL-HWH,12330,SAMPARK K EXP,T2_SUPERFAST,5,TS-DEL-HWH-12330-005,DHN,DHANBAD JN,Jharkhand,JH,SB-JH,ASN,ASANSOL JN,West Bengal,WB,SB-WB,1,SB-JH->SB-WB,SB-XING-JH-WB,INTERMEDIATE_HALT,11:42,12:43,58.0,1235.0,2
272,Delhi → Howrah,DEL-HWH,12330,SAMPARK K EXP,T2_SUPERFAST,6,TS-DEL-HWH-12330-006,ASN,ASANSOL JN,West Bengal,WB,SB-WB,DGR,DURGAPUR,West Bengal,WB,SB-WB,0,INTRA-SB-WB,SB-WB,INTERMEDIATE_HALT,12:53,13:25,42.0,1277.0,2
273,Delhi → Howrah,DEL-HWH,12330,SAMPARK K EXP,T2_SUPERFAST,7,TS-DEL-HWH-12330-007,DGR,DURGAPUR,West Bengal,WB,SB-WB,BWN,BARDHAMAN,West Bengal,WB,SB-WB,0,INTRA-SB-WB,SB-WB,INTERMEDIATE_HALT,13:27,14:23,63.0,1340.0,2
274,Delhi → Howrah,DEL-HWH,12330,SAMPARK K EXP,T2_SUPERFAST,8,TS-DEL-HWH-12330-008,BWN,BARDHAMAN,West Bengal,WB,SB-WB,SDAH,SEALDAH,West Bengal,WB,SB-WB,0,INTRA-SB-WB,SB-WB,HALTN_TO_DESTINATION,14:25,16:35,108.0,1448.0,2
275,Delhi → Howrah,DEL-HWH,12382,POORVA EXPRESS,T2_SUPERFAST,1,TS-DEL-HWH-12382-001,NDLS,NEW DELHI,Delhi,DL,SB-DL,ALJN,ALIGARH JN,Uttar Pradesh,UP,SB-UP,1,SB-DL->SB-UP,SB-XING-DL-UP,SOURCE_TO_HALT1,17:40,19:13,132.0,132.0,1
276,Delhi → Howrah,DEL-HWH,12382,POORVA EXPRESS,T2_SUPERFAST,2,TS-DEL-HWH-12382-002,ALJN,ALIGARH JN,Uttar Pradesh,UP,SB-UP,TDL,TUNDLA JN,Uttar Pradesh,UP,SB-UP,0,INTRA-SB-UP,SB-UP,INTERMEDIATE_HALT,19:15,20:13,78.0,210.0,1
277,Delhi → Howrah,DEL-HWH,12382,POORVA EXPRESS,T2_SUPERFAST,3,TS-DEL-HWH-12382-003,TDL,TUNDLA JN,Uttar Pradesh,UP,SB-UP,ETW,ETAWAH JN,Uttar Pradesh,UP,SB-UP,0,INTRA-SB-UP,SB-UP,INTERMEDIATE_HALT,20:15,21:08,91.0,301.0,1
278,Delhi → Howrah,DEL-HWH,12382,POORVA EXPRESS,T2_SUPERFAST,4,TS-DEL-HWH-12382-004,ETW,ETAWAH JN,Uttar Pradesh,UP,SB-UP,CNB,KANPUR CENTRAL,Uttar Pradesh,UP,SB-UP,0,INTRA-SB-UP,SB-UP,INTERMEDIATE_HALT,21:10,22:55,140.0,441.0,1
279,Delhi → Howrah,DEL-HWH,12382,POORVA EXPRESS,T2_SUPERFAST,5,TS-DEL-HWH-12382-005,CNB,KANPUR CENTRAL,Uttar Pradesh,UP,SB-UP,PRYJ,PRAYAGRAJ JN,Uttar Pradesh,UP,SB-UP,0,INTRA-SB-UP,SB-UP,INTERMEDIATE_HALT,23:05,01:40,194.0,635.0,2
280,Delhi → Howrah,DEL-HWH,12382,POORVA EXPRESS,T2_SUPERFAST,6,TS-DEL-HWH-12382-006,PRYJ,PRAYAGRAJ JN,Uttar Pradesh,UP,SB-UP,JNH,JANGHAI JN,Uttar Pradesh,UP,SB-UP,0,INTRA-SB-UP,SB-UP,INTERMEDIATE_HALT,01:45,02:58,60.0,695.0,2
281,Delhi → Howrah,DEL-HWH,12382,POORVA EXPRESS,T2_SUPERFAST,7,TS-DEL-HWH-12382-007,JNH,JANGHAI JN,Uttar Pradesh,UP,SB-UP,BSB,VARANASI,Uttar Pradesh,UP,SB-UP,0,INTRA-SB-UP,SB-UP,INTERMEDIATE_HALT,03:00,04:35,75.0,770.0,2
282,Delhi → Howrah,DEL-HWH,12382,POORVA EXPRESS,T2_SUPERFAST,8,TS-DEL-HWH-12382-008,BSB,VARANASI,Uttar Pradesh,UP,SB-UP,DDU,PT.DEEN DAYAL UPADHYAYA JN,Uttar Pradesh,UP,SB-UP,0,INTRA-SB-UP,SB-UP,INTERMEDIATE_HALT,04:45,06:20,18.0,788.0,2
283,Delhi → Howrah,DEL-HWH,12382,POORVA EXPRESS,T2_SUPERFAST,9,TS-DEL-HWH-12382-009,DDU,PT.DEEN DAYAL UPADHYAYA JN,Uttar Pradesh,UP,SB-UP,BBU,BHABUA ROAD,Bihar,BR,SB-BR,1,SB-UP->SB-BR,SB-XING-UP-BR,INTERMEDIATE_HALT,06:25,07:04,53.0,841.0,2
284,Delhi → Howrah,DEL-HWH,12382,POORVA EXPRESS,T2_SUPERFAST,10,TS-DEL-HWH-12382-010,BBU,BHABUA ROAD,Bihar,BR,SB-BR,SSM,SASARAM,Bihar,BR,SB-BR,0,INTRA-SB-BR,SB-BR,INTERMEDIATE_HALT,07:06,07:34,48.0,889.0,2
285,Delhi → Howrah,DEL-HWH,12382,POORVA EXPRESS,T2_SUPERFAST,11,TS-DEL-HWH-12382-011,SSM,SASARAM,Bihar,BR,SB-BR,DOS,DEHRI ON SONE,Bihar,BR,SB-BR,0,INTRA-SB-BR,SB-BR,INTERMEDIATE_HALT,07:36,07:52,18.0,907.0,2
286,Delhi → Howrah,DEL-HWH,12382,POORVA EXPRESS,T2_SUPERFAST,12,TS-DEL-HWH-12382-012,DOS,DEHRI ON SONE,Bihar,BR,SB-BR,AUBR,ANUGRAHA N ROAD,Bihar,BR,SB-BR,0,INTRA-SB-BR,SB-BR,INTERMEDIATE_HALT,07:54,08:08,16.0,923.0,2
287,Delhi → Howrah,DEL-HWH,12382,POORVA EXPRESS,T2_SUPERFAST,13,TS-DEL-HWH-12382-013,AUBR,ANUGRAHA N ROAD,Bihar,BR,SB-BR,RFJ,RAFIGANJ,Bihar,BR,SB-BR,0,INTRA-SB-BR,SB-BR,INTERMEDIATE_HALT,08:10,08:31,31.0,954.0,2
288,Delhi → Howrah,DEL-HWH,12382,POORVA EXPRESS,T2_SUPERFAST,14,TS-DEL-HWH-12382-014,RFJ,RAFIGANJ,Bihar,BR,SB-BR,GAYA,GAYA JN,Bihar,BR,SB-BR,0,INTRA-SB-BR,SB-BR,INTERMEDIATE_HALT,08:33,09:05,38.0,992.0,2
289,Delhi → Howrah,DEL-HWH,12382,POORVA EXPRESS,T2_SUPERFAST,15,TS-DEL-HWH-12382-015,GAYA,GAYA JN,Bihar,BR,SB-BR,KQR,KODERMA,Jharkhand,JH,SB-JH,1,SB-BR->SB-JH,SB-XING-BR-JH,INTERMEDIATE_HALT,09:10,10:25,76.0,1068.0,2
290,Delhi → Howrah,DEL-HWH,12382,POORVA EXPRESS,T2_SUPERFAST,16,TS-DEL-HWH-12382-016,KQR,KODERMA,Jharkhand,JH,SB-JH,PNME,PARASNATH,Jharkhand,JH,SB-JH,0,INTRA-SB-JH,SB-JH,INTERMEDIATE_HALT,10:27,11:11,75.0,1143.0,2
291,Delhi → Howrah,DEL-HWH,12382,POORVA EXPRESS,T2_SUPERFAST,17,TS-DEL-HWH-12382-017,PNME,PARASNATH,Jharkhand,JH,SB-JH,DHN,DHANBAD JN,Jharkhand,JH,SB-JH,0,INTRA-SB-JH,SB-JH,INTERMEDIATE_HALT,11:13,12:00,48.0,1191.0,2
292,Delhi → Howrah,DEL-HWH,12382,POORVA EXPRESS,T2_SUPERFAST,18,TS-DEL-HWH-12382-018,DHN,DHANBAD JN,Jharkhand,JH,SB-JH,ASN,ASANSOL JN,West Bengal,WB,SB-WB,1,SB-JH->SB-WB,SB-XING-JH-WB,INTERMEDIATE_HALT,12:05,13:16,58.0,1249.0,2
293,Delhi → Howrah,DEL-HWH,12382,POORVA EXPRESS,T2_SUPERFAST,19,TS-DEL-HWH-12382-019,ASN,ASANSOL JN,West Bengal,WB,SB-WB,DGR,DURGAPUR,West Bengal,WB,SB-WB,0,INTRA-SB-WB,SB-WB,INTERMEDIATE_HALT,13:26,13:54,42.0,1291.0,2
294,Delhi → Howrah,DEL-HWH,12382,POORVA EXPRESS,T2_SUPERFAST,20,TS-DEL-HWH-12382-020,DGR,DURGAPUR,West Bengal,WB,SB-WB,BWN,BARDHAMAN,West Bengal,WB,SB-WB,0,INTRA-SB-WB,SB-WB,INTERMEDIATE_HALT,13:56,15:03,63.0,1354.0,2
295,Delhi → Howrah,DEL-HWH,12382,POORVA EXPRESS,T2_SUPERFAST,21,TS-DEL-HWH-12382-021,BWN,BARDHAMAN,West Bengal,WB,SB-WB,HWH,HOWRAH JN,West Bengal,WB,SB-WB,0,INTRA-SB-WB,SB-WB,HALTN_TO_DESTINATION,15:05,17:00,95.0,1449.0,2
296,Delhi → Howrah,DEL-HWH,13066,AMRIT BHARAT EXP,T3_EXPRESS_PASSENGER,1,TS-DEL-HWH-13066-001,ANVT,ANAND VIHAR TERMINAL,Delhi,DL,SB-DL,GZB,GHAZIABAD,Uttar Pradesh,UP,SB-UP,1,SB-DL->SB-UP,SB-XING-DL-UP,SOURCE_TO_HALT1,05:15,06:01,13.0,13.0,1
297,Delhi → Howrah,DEL-HWH,13066,AMRIT BHARAT EXP,T3_EXPRESS_PASSENGER,2,TS-DEL-HWH-13066-002,GZB,GHAZIABAD,Uttar Pradesh,UP,SB-UP,HPU,HAPUR,Uttar Pradesh,UP,SB-UP,0,INTRA-SB-UP,SB-UP,INTERMEDIATE_HALT,06:03,06:44,37.0,50.0,1
298,Delhi → Howrah,DEL-HWH,13066,AMRIT BHARAT EXP,T3_EXPRESS_PASSENGER,3,TS-DEL-HWH-13066-003,HPU,HAPUR,Uttar Pradesh,UP,SB-UP,GJL,GAJRAULA JN,Uttar Pradesh,UP,SB-UP,0,INTRA-SB-UP,SB-UP,INTERMEDIATE_HALT,06:46,07:27,50.0,100.0,1
299,Delhi → Howrah,DEL-HWH,13066,AMRIT BHARAT EXP,T3_EXPRESS_PASSENGER,4,TS-DEL-HWH-13066-004,GJL,GAJRAULA JN,Uttar Pradesh,UP,SB-UP,MB,MORADABAD,Uttar Pradesh,UP,SB-UP,0,INTRA-SB-UP,SB-UP,INTERMEDIATE_HALT,07:29,09:05,54.0,154.0,1
300,Delhi → Howrah,DEL-HWH,13066,AMRIT BHARAT EXP,T3_EXPRESS_PASSENGER,5,TS-DEL-HWH-13066-005,MB,MORADABAD,Uttar Pradesh,UP,SB-UP,BE,BAREILLY(NR),Uttar Pradesh,UP,SB-UP,0,INTRA-SB-UP,SB-UP,INTERMEDIATE_HALT,09:10,10:36,90.0,244.0,1
301,Delhi → Howrah,DEL-HWH,13066,AMRIT BHARAT EXP,T3_EXPRESS_PASSENGER,6,TS-DEL-HWH-13066-006,BE,BAREILLY(NR),Uttar Pradesh,UP,SB-UP,SPN,SHAHJAHANPUR JN,Uttar Pradesh,UP,SB-UP,0,INTRA-SB-UP,SB-UP,INTERMEDIATE_HALT,10:38,11:48,71.0,315.0,1
302,Delhi → Howrah,DEL-HWH,13066,AMRIT BHARAT EXP,T3_EXPRESS_PASSENGER,7,TS-DEL-HWH-13066-007,SPN,SHAHJAHANPUR JN,Uttar Pradesh,UP,SB-UP,LKO,LUCKNOW JN,Uttar Pradesh,UP,SB-UP,0,INTRA-SB-UP,SB-UP,INTERMEDIATE_HALT,11:50,16:05,164.0,479.0,1
303,Delhi → Howrah,DEL-HWH,13066,AMRIT BHARAT EXP,T3_EXPRESS_PASSENGER,8,TS-DEL-HWH-13066-008,LKO,LUCKNOW JN,Uttar Pradesh,UP,SB-UP,NHH,NIHALGARH,Uttar Pradesh,UP,SB-UP,0,INTRA-SB-UP,SB-UP,INTERMEDIATE_HALT,16:15,17:43,89.0,568.0,1
304,Delhi → Howrah,DEL-HWH,13066,AMRIT BHARAT EXP,T3_EXPRESS_PASSENGER,9,TS-DEL-HWH-13066-009,NHH,NIHALGARH,Uttar Pradesh,UP,SB-UP,SLN,SULTANPUR,Uttar Pradesh,UP,SB-UP,0,INTRA-SB-UP,SB-UP,INTERMEDIATE_HALT,17:45,18:30,51.0,619.0,1
305,Delhi → Howrah,DEL-HWH,13066,AMRIT BHARAT EXP,T3_EXPRESS_PASSENGER,10,TS-DEL-HWH-13066-010,SLN,SULTANPUR,Uttar Pradesh,UP,SB-UP,JOP,JAUNPUR CITY,Uttar Pradesh,UP,SB-UP,0,INTRA-SB-UP,SB-UP,INTERMEDIATE_HALT,18:35,19:26,86.0,705.0,1
306,Delhi → Howrah,DEL-HWH,13066,AMRIT BHARAT EXP,T3_EXPRESS_PASSENGER,11,TS-DEL-HWH-13066-011,JOP,JAUNPUR CITY,Uttar Pradesh,UP,SB-UP,BSB,VARANASI,Uttar Pradesh,UP,SB-UP,0,INTRA-SB-UP,SB-UP,INTERMEDIATE_HALT,19:28,21:40,57.0,762.0,1
307,Delhi → Howrah,DEL-HWH,13066,AMRIT BHARAT EXP,T3_EXPRESS_PASSENGER,12,TS-DEL-HWH-13066-012,BSB,VARANASI,Uttar Pradesh,UP,SB-UP,DDU,PT.DEEN DAYAL UPADHYAYA JN,Uttar Pradesh,UP,SB-UP,0,INTRA-SB-UP,SB-UP,INTERMEDIATE_HALT,21:50,22:40,19.0,781.0,1
308,Delhi → Howrah,DEL-HWH,13066,AMRIT BHARAT EXP,T3_EXPRESS_PASSENGER,13,TS-DEL-HWH-13066-013,DDU,PT.DEEN DAYAL UPADHYAYA JN,Uttar Pradesh,UP,SB-UP,BBU,BHABUA ROAD,Bihar,BR,SB-BR,1,SB-UP->SB-BR,SB-XING-UP-BR,INTERMEDIATE_HALT,22:45,23:24,53.0,834.0,1
309,Delhi → Howrah,DEL-HWH,13066,AMRIT BHARAT EXP,T3_EXPRESS_PASSENGER,14,TS-DEL-HWH-13066-014,BBU,BHABUA ROAD,Bihar,BR,SB-BR,SSM,SASARAM,Bihar,BR,SB-BR,0,INTRA-SB-BR,SB-BR,INTERMEDIATE_HALT,23:26,23:53,47.0,881.0,1
310,Delhi → Howrah,DEL-HWH,13066,AMRIT BHARAT EXP,T3_EXPRESS_PASSENGER,15,TS-DEL-HWH-13066-015,SSM,SASARAM,Bihar,BR,SB-BR,DOS,DEHRI ON SONE,Bihar,BR,SB-BR,0,INTRA-SB-BR,SB-BR,INTERMEDIATE_HALT,23:55,00:08,18.0,899.0,2
311,Delhi → Howrah,DEL-HWH,13066,AMRIT BHARAT EXP,T3_EXPRESS_PASSENGER,16,TS-DEL-HWH-13066-016,DOS,DEHRI ON SONE,Bihar,BR,SB-BR,AUBR,ANUGRAHA N ROAD,Bihar,BR,SB-BR,0,INTRA-SB-BR,SB-BR,INTERMEDIATE_HALT,00:10,00:24,17.0,916.0,2
312,Delhi → Howrah,DEL-HWH,13066,AMRIT BHARAT EXP,T3_EXPRESS_PASSENGER,17,TS-DEL-HWH-13066-017,AUBR,ANUGRAHA N ROAD,Bihar,BR,SB-BR,GAYA,GAYA JN,Bihar,BR,SB-BR,0,INTRA-SB-BR,SB-BR,INTERMEDIATE_HALT,00:26,01:45,68.0,984.0,2
313,Delhi → Howrah,DEL-HWH,13066,AMRIT BHARAT EXP,T3_EXPRESS_PASSENGER,18,TS-DEL-HWH-13066-018,GAYA,GAYA JN,Bihar,BR,SB-BR,KQR,KODERMA,Jharkhand,JH,SB-JH,1,SB-BR->SB-JH,SB-XING-BR-JH,INTERMEDIATE_HALT,01:50,03:07,76.0,1060.0,2
314,Delhi → Howrah,DEL-HWH,13066,AMRIT BHARAT EXP,T3_EXPRESS_PASSENGER,19,TS-DEL-HWH-13066-019,KQR,KODERMA,Jharkhand,JH,SB-JH,PNME,PARASNATH,Jharkhand,JH,SB-JH,0,INTRA-SB-JH,SB-JH,INTERMEDIATE_HALT,03:09,04:04,76.0,1136.0,2
315,Delhi → Howrah,DEL-HWH,13066,AMRIT BHARAT EXP,T3_EXPRESS_PASSENGER,20,TS-DEL-HWH-13066-020,PNME,PARASNATH,Jharkhand,JH,SB-JH,GMO,NSC BOSE J GOMO,Jharkhand,JH,SB-JH,0,INTRA-SB-JH,SB-JH,INTERMEDIATE_HALT,04:06,04:25,18.0,1154.0,2
316,Delhi → Howrah,DEL-HWH,13066,AMRIT BHARAT EXP,T3_EXPRESS_PASSENGER,21,TS-DEL-HWH-13066-021,GMO,NSC BOSE J GOMO,Jharkhand,JH,SB-JH,DHN,DHANBAD JN,Jharkhand,JH,SB-JH,0,INTRA-SB-JH,SB-JH,INTERMEDIATE_HALT,04:27,05:00,30.0,1184.0,2
317,Delhi → Howrah,DEL-HWH,13066,AMRIT BHARAT EXP,T3_EXPRESS_PASSENGER,22,TS-DEL-HWH-13066-022,DHN,DHANBAD JN,Jharkhand,JH,SB-JH,ASN,ASANSOL JN,West Bengal,WB,SB-WB,1,SB-JH->SB-WB,SB-XING-JH-WB,INTERMEDIATE_HALT,05:05,06:20,57.0,1241.0,2
318,Delhi → Howrah,DEL-HWH,13066,AMRIT BHARAT EXP,T3_EXPRESS_PASSENGER,23,TS-DEL-HWH-13066-023,ASN,ASANSOL JN,West Bengal,WB,SB-WB,DGR,DURGAPUR,West Bengal,WB,SB-WB,0,INTRA-SB-WB,SB-WB,INTERMEDIATE_HALT,06:22,06:52,42.0,1283.0,2
319,Delhi → Howrah,DEL-HWH,13066,AMRIT BHARAT EXP,T3_EXPRESS_PASSENGER,24,TS-DEL-HWH-13066-024,DGR,DURGAPUR,West Bengal,WB,SB-WB,BWN,BARDHAMAN,West Bengal,WB,SB-WB,0,INTRA-SB-WB,SB-WB,INTERMEDIATE_HALT,06:54,07:53,63.0,1346.0,2
320,Delhi → Howrah,DEL-HWH,13066,AMRIT BHARAT EXP,T3_EXPRESS_PASSENGER,25,TS-DEL-HWH-13066-025,BWN,BARDHAMAN,West Bengal,WB,SB-WB,BDC,BANDEL,West Bengal,WB,SB-WB,0,INTRA-SB-WB,SB-WB,INTERMEDIATE_HALT,07:55,09:05,68.0,1414.0,2
321,Delhi → Howrah,DEL-HWH,13066,AMRIT BHARAT EXP,T3_EXPRESS_PASSENGER,26,TS-DEL-HWH-13066-026,BDC,BANDEL,West Bengal,WB,SB-WB,HWH,HOWRAH JN,West Bengal,WB,SB-WB,0,INTRA-SB-WB,SB-WB,HALTN_TO_DESTINATION,09:07,10:50,39.0,1453.0,2
322,Delhi → Howrah,DEL-HWH,22858,ANVT SRC SF EXP,T2_SUPERFAST,1,TS-DEL-HWH-22858-001,ANVT,ANAND VIHAR TERMINAL,Delhi,DL,SB-DL,ALJN,ALIGARH JN,Uttar Pradesh,UP,SB-UP,1,SB-DL->SB-UP,SB-XING-DL-UP,SOURCE_TO_HALT1,13:25,15:00,119.0,119.0,1
323,Delhi → Howrah,DEL-HWH,22858,ANVT SRC SF EXP,T2_SUPERFAST,2,TS-DEL-HWH-22858-002,ALJN,ALIGARH JN,Uttar Pradesh,UP,SB-UP,CNB,KANPUR CENTRAL,Uttar Pradesh,UP,SB-UP,0,INTRA-SB-UP,SB-UP,INTERMEDIATE_HALT,15:02,19:25,309.0,428.0,1
324,Delhi → Howrah,DEL-HWH,22858,ANVT SRC SF EXP,T2_SUPERFAST,3,TS-DEL-HWH-22858-003,CNB,KANPUR CENTRAL,Uttar Pradesh,UP,SB-UP,PRYJ,PRAYAGRAJ JN,Uttar Pradesh,UP,SB-UP,0,INTRA-SB-UP,SB-UP,INTERMEDIATE_HALT,19:30,22:00,194.0,622.0,1
325,Delhi → Howrah,DEL-HWH,22858,ANVT SRC SF EXP,T2_SUPERFAST,4,TS-DEL-HWH-22858-004,PRYJ,PRAYAGRAJ JN,Uttar Pradesh,UP,SB-UP,DDU,PT.DEEN DAYAL UPADHYAYA JN,Uttar Pradesh,UP,SB-UP,0,INTRA-SB-UP,SB-UP,INTERMEDIATE_HALT,22:05,02:18,153.0,775.0,2
326,Delhi → Howrah,DEL-HWH,22858,ANVT SRC SF EXP,T2_SUPERFAST,5,TS-DEL-HWH-22858-005,DDU,PT.DEEN DAYAL UPADHYAYA JN,Uttar Pradesh,UP,SB-UP,GAYA,GAYA JN,Bihar,BR,SB-BR,1,SB-UP->SB-BR,SB-XING-UP-BR,INTERMEDIATE_HALT,02:25,05:05,204.0,979.0,2
327,Delhi → Howrah,DEL-HWH,22858,ANVT SRC SF EXP,T2_SUPERFAST,6,TS-DEL-HWH-22858-006,GAYA,GAYA JN,Bihar,BR,SB-BR,GMO,NSC BOSE J GOMO,Jharkhand,JH,SB-JH,1,SB-BR->SB-JH,SB-XING-BR-JH,INTERMEDIATE_HALT,05:10,08:00,169.0,1148.0,2
328,Delhi → Howrah,DEL-HWH,22858,ANVT SRC SF EXP,T2_SUPERFAST,7,TS-DEL-HWH-22858-007,GMO,NSC BOSE J GOMO,Jharkhand,JH,SB-JH,KNF,KHANODIH,Jharkhand,JH,SB-JH,0,INTRA-SB-JH,SB-JH,INTERMEDIATE_HALT,08:05,08:18,11.0,1159.0,2
329,Delhi → Howrah,DEL-HWH,22858,ANVT SRC SF EXP,T2_SUPERFAST,8,TS-DEL-HWH-22858-008,KNF,KHANODIH,Jharkhand,JH,SB-JH,PRR,PURULIA JN,West Bengal,WB,SB-WB,1,SB-JH->SB-WB,SB-XING-JH-WB,INTERMEDIATE_HALT,08:19,10:18,81.0,1240.0,2
330,Delhi → Howrah,DEL-HWH,22858,ANVT SRC SF EXP,T2_SUPERFAST,9,TS-DEL-HWH-22858-009,PRR,PURULIA JN,West Bengal,WB,SB-WB,TATA,TATANAGAR JN,Jharkhand,JH,SB-JH,1,SB-WB->SB-JH,SB-XING-WB-JH,INTERMEDIATE_HALT,10:20,12:20,90.0,1330.0,2
331,Delhi → Howrah,DEL-HWH,22858,ANVT SRC SF EXP,T2_SUPERFAST,10,TS-DEL-HWH-22858-010,TATA,TATANAGAR JN,Jharkhand,JH,SB-JH,KGP,KHARAGPUR JN,West Bengal,WB,SB-WB,1,SB-JH->SB-WB,SB-XING-JH-WB,INTERMEDIATE_HALT,12:25,14:20,135.0,1465.0,2
332,Delhi → Howrah,DEL-HWH,22858,ANVT SRC SF EXP,T2_SUPERFAST,11,TS-DEL-HWH-22858-011,KGP,KHARAGPUR JN,West Bengal,WB,SB-WB,SRC,SANTRAGACHI JN,West Bengal,WB,SB-WB,0,INTRA-SB-WB,SB-WB,HALTN_TO_DESTINATION,14:25,17:40,108.0,1573.0,2
333,Delhi → Howrah,DEL-HWH,12273,NDLS DURONTO EX,T1_PREMIUM,1,TS-DEL-HWH-12273-001,HWH,HOWRAH JN,West Bengal,WB,SB-WB,ASN,ASANSOL JN,West Bengal,WB,SB-WB,0,INTRA-SB-WB,SB-WB,SOURCE_TO_HALT1,08:45,10:50,200.0,200.0,1
334,Delhi → Howrah,DEL-HWH,12273,NDLS DURONTO EX,T1_PREMIUM,2,TS-DEL-HWH-12273-002,ASN,ASANSOL JN,West Bengal,WB,SB-WB,JSME,JASIDIH JN,Jharkhand,JH,SB-JH,1,SB-WB->SB-JH,SB-XING-WB-JH,INTERMEDIATE_HALT,10:55,12:08,111.0,311.0,1
335,Delhi → Howrah,DEL-HWH,12273,NDLS DURONTO EX,T1_PREMIUM,3,TS-DEL-HWH-12273-003,JSME,JASIDIH JN,Jharkhand,JH,SB-JH,PNBE,PATNA JN,Bihar,BR,SB-BR,1,SB-JH->SB-BR,SB-XING-JH-BR,INTERMEDIATE_HALT,12:10,16:03,221.0,532.0,1
336,Delhi → Howrah,DEL-HWH,12273,NDLS DURONTO EX,T1_PREMIUM,4,TS-DEL-HWH-12273-004,PNBE,PATNA JN,Bihar,BR,SB-BR,DDU,PT.DEEN DAYAL UPADHYAYA JN,Uttar Pradesh,UP,SB-UP,1,SB-BR->SB-UP,SB-XING-BR-UP,INTERMEDIATE_HALT,16:10,20:08,207.0,739.0,1
337,Delhi → Howrah,DEL-HWH,12273,NDLS DURONTO EX,T1_PREMIUM,5,TS-DEL-HWH-12273-005,DDU,PT.DEEN DAYAL UPADHYAYA JN,Uttar Pradesh,UP,SB-UP,CNB,KANPUR CENTRAL,Uttar Pradesh,UP,SB-UP,0,INTRA-SB-UP,SB-UP,INTERMEDIATE_HALT,20:15,00:50,347.0,1086.0,2
338,Delhi → Howrah,DEL-HWH,12273,NDLS DURONTO EX,T1_PREMIUM,6,TS-DEL-HWH-12273-006,CNB,KANPUR CENTRAL,Uttar Pradesh,UP,SB-UP,NDLS,NEW DELHI,Delhi,DL,SB-DL,1,SB-UP->SB-DL,SB-XING-UP-DL,HALTN_TO_DESTINATION,00:55,06:40,441.0,1527.0,2
339,Delhi → Howrah,DEL-HWH,12301,RAJDHANI EXPRES,T1_PREMIUM,1,TS-DEL-HWH-12301-001,HWH,HOWRAH JN,West Bengal,WB,SB-WB,ASN,ASANSOL JN,West Bengal,WB,SB-WB,0,INTRA-SB-WB,SB-WB,SOURCE_TO_HALT1,16:50,18:47,200.0,200.0,1
340,Delhi → Howrah,DEL-HWH,12301,RAJDHANI EXPRES,T1_PREMIUM,2,TS-DEL-HWH-12301-002,ASN,ASANSOL JN,West Bengal,WB,SB-WB,DHN,DHANBAD JN,Jharkhand,JH,SB-JH,1,SB-WB->SB-JH,SB-XING-WB-JH,INTERMEDIATE_HALT,18:49,19:55,58.0,258.0,1
341,Delhi → Howrah,DEL-HWH,12301,RAJDHANI EXPRES,T1_PREMIUM,3,TS-DEL-HWH-12301-003,DHN,DHANBAD JN,Jharkhand,JH,SB-JH,PNME,PARASNATH,Jharkhand,JH,SB-JH,0,INTRA-SB-JH,SB-JH,INTERMEDIATE_HALT,20:00,20:30,48.0,306.0,1
342,Delhi → Howrah,DEL-HWH,12301,RAJDHANI EXPRES,T1_PREMIUM,4,TS-DEL-HWH-12301-004,PNME,PARASNATH,Jharkhand,JH,SB-JH,GAYA,GAYA JN,Bihar,BR,SB-BR,1,SB-JH->SB-BR,SB-XING-JH-BR,INTERMEDIATE_HALT,20:32,22:32,151.0,457.0,1
343,Delhi → Howrah,DEL-HWH,12301,RAJDHANI EXPRES,T1_PREMIUM,5,TS-DEL-HWH-12301-005,GAYA,GAYA JN,Bihar,BR,SB-BR,DDU,PT.DEEN DAYAL UPADHYAYA JN,Uttar Pradesh,UP,SB-UP,1,SB-BR->SB-UP,SB-XING-BR-UP,INTERMEDIATE_HALT,22:35,00:43,204.0,661.0,2
344,Delhi → Howrah,DEL-HWH,12301,RAJDHANI EXPRES,T1_PREMIUM,6,TS-DEL-HWH-12301-006,DDU,PT.DEEN DAYAL UPADHYAYA JN,Uttar Pradesh,UP,SB-UP,PRYJ,PRAYAGRAJ JN,Uttar Pradesh,UP,SB-UP,0,INTRA-SB-UP,SB-UP,INTERMEDIATE_HALT,00:50,02:40,153.0,814.0,2
345,Delhi → Howrah,DEL-HWH,12301,RAJDHANI EXPRES,T1_PREMIUM,7,TS-DEL-HWH-12301-007,PRYJ,PRAYAGRAJ JN,Uttar Pradesh,UP,SB-UP,CNB,KANPUR CENTRAL,Uttar Pradesh,UP,SB-UP,0,INTRA-SB-UP,SB-UP,INTERMEDIATE_HALT,02:42,04:45,194.0,1008.0,2
346,Delhi → Howrah,DEL-HWH,12301,RAJDHANI EXPRES,T1_PREMIUM,8,TS-DEL-HWH-12301-008,CNB,KANPUR CENTRAL,Uttar Pradesh,UP,SB-UP,NDLS,NEW DELHI,Delhi,DL,SB-DL,1,SB-UP->SB-DL,SB-XING-UP-DL,HALTN_TO_DESTINATION,04:50,10:05,441.0,1449.0,2
347,Delhi → Howrah,DEL-HWH,12303,POORVA EXPRESS,T2_SUPERFAST,1,TS-DEL-HWH-12303-001,HWH,HOWRAH JN,West Bengal,WB,SB-WB,BWN,BARDHAMAN,West Bengal,WB,SB-WB,0,INTRA-SB-WB,SB-WB,SOURCE_TO_HALT1,08:00,08:55,95.0,95.0,1
348,Delhi → Howrah,DEL-HWH,12303,POORVA EXPRESS,T2_SUPERFAST,2,TS-DEL-HWH-12303-002,BWN,BARDHAMAN,West Bengal,WB,SB-WB,DGR,DURGAPUR,West Bengal,WB,SB-WB,0,INTRA-SB-WB,SB-WB,INTERMEDIATE_HALT,08:57,09:47,63.0,158.0,1
349,Delhi → Howrah,DEL-HWH,12303,POORVA EXPRESS,T2_SUPERFAST,3,TS-DEL-HWH-12303-003,DGR,DURGAPUR,West Bengal,WB,SB-WB,ASN,ASANSOL JN,West Bengal,WB,SB-WB,0,INTRA-SB-WB,SB-WB,INTERMEDIATE_HALT,09:49,10:21,42.0,200.0,1
350,Delhi → Howrah,DEL-HWH,12303,POORVA EXPRESS,T2_SUPERFAST,4,TS-DEL-HWH-12303-004,ASN,ASANSOL JN,West Bengal,WB,SB-WB,CRJ,CHITTARANJAN,West Bengal,WB,SB-WB,0,INTRA-SB-WB,SB-WB,INTERMEDIATE_HALT,10:26,10:48,25.0,225.0,1
351,Delhi → Howrah,DEL-HWH,12303,POORVA EXPRESS,T2_SUPERFAST,5,TS-DEL-HWH-12303-005,CRJ,CHITTARANJAN,West Bengal,WB,SB-WB,JMT,JAMTARA,Jharkhand,JH,SB-JH,1,SB-WB->SB-JH,SB-XING-WB-JH,INTERMEDIATE_HALT,10:50,11:03,15.0,240.0,1
352,Delhi → Howrah,DEL-HWH,12303,POORVA EXPRESS,T2_SUPERFAST,6,TS-DEL-HWH-12303-006,JMT,JAMTARA,Jharkhand,JH,SB-JH,MDP,MADHUPUR JN,Jharkhand,JH,SB-JH,0,INTRA-SB-JH,SB-JH,INTERMEDIATE_HALT,11:05,11:30,42.0,282.0,1
353,Delhi → Howrah,DEL-HWH,12303,POORVA EXPRESS,T2_SUPERFAST,7,TS-DEL-HWH-12303-007,MDP,MADHUPUR JN,Jharkhand,JH,SB-JH,JSME,JASIDIH JN,Jharkhand,JH,SB-JH,0,INTRA-SB-JH,SB-JH,INTERMEDIATE_HALT,11:32,11:53,29.0,311.0,1
354,Delhi → Howrah,DEL-HWH,12303,POORVA EXPRESS,T2_SUPERFAST,8,TS-DEL-HWH-12303-008,JSME,JASIDIH JN,Jharkhand,JH,SB-JH,JAJ,JHAJHA,Bihar,BR,SB-BR,1,SB-JH->SB-BR,SB-XING-JH-BR,INTERMEDIATE_HALT,11:57,13:05,44.0,355.0,1
355,Delhi → Howrah,DEL-HWH,12303,POORVA EXPRESS,T2_SUPERFAST,9,TS-DEL-HWH-12303-009,JAJ,JHAJHA,Bihar,BR,SB-BR,JMU,JAMUI,Bihar,BR,SB-BR,0,INTRA-SB-BR,SB-BR,INTERMEDIATE_HALT,13:10,13:28,26.0,381.0,1
356,Delhi → Howrah,DEL-HWH,12303,POORVA EXPRESS,T2_SUPERFAST,10,TS-DEL-HWH-12303-010,JMU,JAMUI,Bihar,BR,SB-BR,KIUL,KIUL JN,Bihar,BR,SB-BR,0,INTRA-SB-BR,SB-BR,INTERMEDIATE_HALT,13:30,13:56,28.0,409.0,1
357,Delhi → Howrah,DEL-HWH,12303,POORVA EXPRESS,T2_SUPERFAST,11,TS-DEL-HWH-12303-011,KIUL,KIUL JN,Bihar,BR,SB-BR,MKA,MOKAMA,Bihar,BR,SB-BR,0,INTRA-SB-BR,SB-BR,INTERMEDIATE_HALT,13:58,14:22,34.0,443.0,1
358,Delhi → Howrah,DEL-HWH,12303,POORVA EXPRESS,T2_SUPERFAST,12,TS-DEL-HWH-12303-012,MKA,MOKAMA,Bihar,BR,SB-BR,BARH,BARH,Bihar,BR,SB-BR,0,INTRA-SB-BR,SB-BR,INTERMEDIATE_HALT,14:24,14:41,25.0,468.0,1
359,Delhi → Howrah,DEL-HWH,12303,POORVA EXPRESS,T2_SUPERFAST,13,TS-DEL-HWH-12303-013,BARH,BARH,Bihar,BR,SB-BR,BKP,BAKHTIYARPUR JN,Bihar,BR,SB-BR,0,INTRA-SB-BR,SB-BR,INTERMEDIATE_HALT,14:43,14:57,18.0,486.0,1
360,Delhi → Howrah,DEL-HWH,12303,POORVA EXPRESS,T2_SUPERFAST,14,TS-DEL-HWH-12303-014,BKP,BAKHTIYARPUR JN,Bihar,BR,SB-BR,PNBE,PATNA JN,Bihar,BR,SB-BR,0,INTRA-SB-BR,SB-BR,INTERMEDIATE_HALT,14:59,15:43,46.0,532.0,1
361,Delhi → Howrah,DEL-HWH,12303,POORVA EXPRESS,T2_SUPERFAST,15,TS-DEL-HWH-12303-015,PNBE,PATNA JN,Bihar,BR,SB-BR,DNR,DANAPUR,Bihar,BR,SB-BR,0,INTRA-SB-BR,SB-BR,INTERMEDIATE_HALT,15:50,16:04,10.0,542.0,1
362,Delhi → Howrah,DEL-HWH,12303,POORVA EXPRESS,T2_SUPERFAST,16,TS-DEL-HWH-12303-016,DNR,DANAPUR,Bihar,BR,SB-BR,ARA,ARA,Bihar,BR,SB-BR,0,INTRA-SB-BR,SB-BR,INTERMEDIATE_HALT,16:06,16:35,39.0,581.0,1
363,Delhi → Howrah,DEL-HWH,12303,POORVA EXPRESS,T2_SUPERFAST,17,TS-DEL-HWH-12303-017,ARA,ARA,Bihar,BR,SB-BR,BXR,BUXAR,Bihar,BR,SB-BR,0,INTRA-SB-BR,SB-BR,INTERMEDIATE_HALT,16:40,17:18,69.0,650.0,1
364,Delhi → Howrah,DEL-HWH,12303,POORVA EXPRESS,T2_SUPERFAST,18,TS-DEL-HWH-12303-018,BXR,BUXAR,Bihar,BR,SB-BR,DDU,PT.DEEN DAYAL UPADHYAYA JN,Uttar Pradesh,UP,SB-UP,1,SB-BR->SB-UP,SB-XING-BR-UP,INTERMEDIATE_HALT,17:20,19:28,89.0,739.0,1
365,Delhi → Howrah,DEL-HWH,12303,POORVA EXPRESS,T2_SUPERFAST,19,TS-DEL-HWH-12303-019,DDU,PT.DEEN DAYAL UPADHYAYA JN,Uttar Pradesh,UP,SB-UP,PRYJ,PRAYAGRAJ JN,Uttar Pradesh,UP,SB-UP,0,INTRA-SB-UP,SB-UP,INTERMEDIATE_HALT,19:35,21:35,153.0,892.0,1
366,Delhi → Howrah,DEL-HWH,12303,POORVA EXPRESS,T2_SUPERFAST,20,TS-DEL-HWH-12303-020,PRYJ,PRAYAGRAJ JN,Uttar Pradesh,UP,SB-UP,CNB,KANPUR CENTRAL,Uttar Pradesh,UP,SB-UP,0,INTRA-SB-UP,SB-UP,INTERMEDIATE_HALT,21:40,00:02,194.0,1086.0,2
367,Delhi → Howrah,DEL-HWH,12303,POORVA EXPRESS,T2_SUPERFAST,21,TS-DEL-HWH-12303-021,CNB,KANPUR CENTRAL,Uttar Pradesh,UP,SB-UP,ETW,ETAWAH JN,Uttar Pradesh,UP,SB-UP,0,INTRA-SB-UP,SB-UP,INTERMEDIATE_HALT,00:07,01:29,140.0,1226.0,2
368,Delhi → Howrah,DEL-HWH,12303,POORVA EXPRESS,T2_SUPERFAST,22,TS-DEL-HWH-12303-022,ETW,ETAWAH JN,Uttar Pradesh,UP,SB-UP,TDL,TUNDLA JN,Uttar Pradesh,UP,SB-UP,0,INTRA-SB-UP,SB-UP,INTERMEDIATE_HALT,01:31,02:48,92.0,1318.0,2
369,Delhi → Howrah,DEL-HWH,12303,POORVA EXPRESS,T2_SUPERFAST,23,TS-DEL-HWH-12303-023,TDL,TUNDLA JN,Uttar Pradesh,UP,SB-UP,ALJN,ALIGARH JN,Uttar Pradesh,UP,SB-UP,0,INTRA-SB-UP,SB-UP,INTERMEDIATE_HALT,02:50,03:38,78.0,1396.0,2
370,Delhi → Howrah,DEL-HWH,12303,POORVA EXPRESS,T2_SUPERFAST,24,TS-DEL-HWH-12303-024,ALJN,ALIGARH JN,Uttar Pradesh,UP,SB-UP,NDLS,NEW DELHI,Delhi,DL,SB-DL,1,SB-UP->SB-DL,SB-XING-UP-DL,HALTN_TO_DESTINATION,03:40,06:05,131.0,1527.0,2
371,Delhi → Howrah,DEL-HWH,12305,RAJDHANI EXPRES,T1_PREMIUM,1,TS-DEL-HWH-12305-001,HWH,HOWRAH JN,West Bengal,WB,SB-WB,BWN,BARDHAMAN,West Bengal,WB,SB-WB,0,INTRA-SB-WB,SB-WB,SOURCE_TO_HALT1,14:05,14:57,95.0,95.0,1
372,Delhi → Howrah,DEL-HWH,12305,RAJDHANI EXPRES,T1_PREMIUM,2,TS-DEL-HWH-12305-002,BWN,BARDHAMAN,West Bengal,WB,SB-WB,MDP,MADHUPUR JN,Jharkhand,JH,SB-JH,1,SB-WB->SB-JH,SB-XING-WB-JH,INTERMEDIATE_HALT,14:59,17:02,187.0,282.0,1
373,Delhi → Howrah,DEL-HWH,12305,RAJDHANI EXPRES,T1_PREMIUM,3,TS-DEL-HWH-12305-003,MDP,MADHUPUR JN,Jharkhand,JH,SB-JH,JSME,JASIDIH JN,Jharkhand,JH,SB-JH,0,INTRA-SB-JH,SB-JH,INTERMEDIATE_HALT,17:05,17:29,29.0,311.0,1
374,Delhi → Howrah,DEL-HWH,12305,RAJDHANI EXPRES,T1_PREMIUM,4,TS-DEL-HWH-12305-004,JSME,JASIDIH JN,Jharkhand,JH,SB-JH,PNBE,PATNA JN,Bihar,BR,SB-BR,1,SB-JH->SB-BR,SB-XING-JH-BR,INTERMEDIATE_HALT,17:33,21:28,221.0,532.0,1
375,Delhi → Howrah,DEL-HWH,12305,RAJDHANI EXPRES,T1_PREMIUM,5,TS-DEL-HWH-12305-005,PNBE,PATNA JN,Bihar,BR,SB-BR,DDU,PT.DEEN DAYAL UPADHYAYA JN,Uttar Pradesh,UP,SB-UP,1,SB-BR->SB-UP,SB-XING-BR-UP,INTERMEDIATE_HALT,21:35,00:43,207.0,739.0,2
376,Delhi → Howrah,DEL-HWH,12305,RAJDHANI EXPRES,T1_PREMIUM,6,TS-DEL-HWH-12305-006,DDU,PT.DEEN DAYAL UPADHYAYA JN,Uttar Pradesh,UP,SB-UP,PRYJ,PRAYAGRAJ JN,Uttar Pradesh,UP,SB-UP,0,INTRA-SB-UP,SB-UP,INTERMEDIATE_HALT,00:50,02:40,153.0,892.0,2
377,Delhi → Howrah,DEL-HWH,12305,RAJDHANI EXPRES,T1_PREMIUM,7,TS-DEL-HWH-12305-007,PRYJ,PRAYAGRAJ JN,Uttar Pradesh,UP,SB-UP,CNB,KANPUR CENTRAL,Uttar Pradesh,UP,SB-UP,0,INTRA-SB-UP,SB-UP,INTERMEDIATE_HALT,02:42,04:45,194.0,1086.0,2
378,Delhi → Howrah,DEL-HWH,12305,RAJDHANI EXPRES,T1_PREMIUM,8,TS-DEL-HWH-12305-008,CNB,KANPUR CENTRAL,Uttar Pradesh,UP,SB-UP,NDLS,NEW DELHI,Delhi,DL,SB-DL,1,SB-UP->SB-DL,SB-XING-UP-DL,HALTN_TO_DESTINATION,04:50,10:05,441.0,1527.0,2
379,Delhi → Howrah,DEL-HWH,12313,RAJDHANI EXPRES,T1_PREMIUM,1,TS-DEL-HWH-12313-001,SDAH,SEALDAH,West Bengal,WB,SB-WB,DGR,DURGAPUR,West Bengal,WB,SB-WB,0,INTRA-SB-WB,SB-WB,SOURCE_TO_HALT1,16:50,18:38,171.0,171.0,1
380,Delhi → Howrah,DEL-HWH,12313,RAJDHANI EXPRES,T1_PREMIUM,2,TS-DEL-HWH-12313-002,DGR,DURGAPUR,West Bengal,WB,SB-WB,ASN,ASANSOL JN,West Bengal,WB,SB-WB,0,INTRA-SB-WB,SB-WB,INTERMEDIATE_HALT,18:40,19:06,42.0,213.0,1
381,Delhi → Howrah,DEL-HWH,12313,RAJDHANI EXPRES,T1_PREMIUM,3,TS-DEL-HWH-12313-003,ASN,ASANSOL JN,West Bengal,WB,SB-WB,DHN,DHANBAD JN,Jharkhand,JH,SB-JH,1,SB-WB->SB-JH,SB-XING-WB-JH,INTERMEDIATE_HALT,19:10,20:20,57.0,270.0,1
382,Delhi → Howrah,DEL-HWH,12313,RAJDHANI EXPRES,T1_PREMIUM,4,TS-DEL-HWH-12313-004,DHN,DHANBAD JN,Jharkhand,JH,SB-JH,GAYA,GAYA JN,Bihar,BR,SB-BR,1,SB-JH->SB-BR,SB-XING-JH-BR,INTERMEDIATE_HALT,20:25,22:57,199.0,469.0,1
383,Delhi → Howrah,DEL-HWH,12313,RAJDHANI EXPRES,T1_PREMIUM,5,TS-DEL-HWH-12313-005,GAYA,GAYA JN,Bihar,BR,SB-BR,DDU,PT.DEEN DAYAL UPADHYAYA JN,Uttar Pradesh,UP,SB-UP,1,SB-BR->SB-UP,SB-XING-BR-UP,INTERMEDIATE_HALT,23:00,01:13,204.0,673.0,2
384,Delhi → Howrah,DEL-HWH,12313,RAJDHANI EXPRES,T1_PREMIUM,6,TS-DEL-HWH-12313-006,DDU,PT.DEEN DAYAL UPADHYAYA JN,Uttar Pradesh,UP,SB-UP,CNB,KANPUR CENTRAL,Uttar Pradesh,UP,SB-UP,0,INTRA-SB-UP,SB-UP,INTERMEDIATE_HALT,01:20,05:15,347.0,1020.0,2
385,Delhi → Howrah,DEL-HWH,12313,RAJDHANI EXPRES,T1_PREMIUM,7,TS-DEL-HWH-12313-007,CNB,KANPUR CENTRAL,Uttar Pradesh,UP,SB-UP,NDLS,NEW DELHI,Delhi,DL,SB-DL,1,SB-UP->SB-DL,SB-XING-UP-DL,HALTN_TO_DESTINATION,05:20,10:50,441.0,1461.0,2
386,Delhi → Howrah,DEL-HWH,12329,SAMPARK K EXP,T2_SUPERFAST,1,TS-DEL-HWH-12329-001,SDAH,SEALDAH,West Bengal,WB,SB-WB,BWN,BARDHAMAN,West Bengal,WB,SB-WB,0,INTRA-SB-WB,SB-WB,SOURCE_TO_HALT1,13:10,14:29,107.0,107.0,1
387,Delhi → Howrah,DEL-HWH,12329,SAMPARK K EXP,T2_SUPERFAST,2,TS-DEL-HWH-12329-002,BWN,BARDHAMAN,West Bengal,WB,SB-WB,DGR,DURGAPUR,West Bengal,WB,SB-WB,0,INTRA-SB-WB,SB-WB,INTERMEDIATE_HALT,14:31,15:15,64.0,171.0,1
388,Delhi → Howrah,DEL-HWH,12329,SAMPARK K EXP,T2_SUPERFAST,3,TS-DEL-HWH-12329-003,DGR,DURGAPUR,West Bengal,WB,SB-WB,ASN,ASANSOL JN,West Bengal,WB,SB-WB,0,INTRA-SB-WB,SB-WB,INTERMEDIATE_HALT,15:17,15:52,42.0,213.0,1
389,Delhi → Howrah,DEL-HWH,12329,SAMPARK K EXP,T2_SUPERFAST,4,TS-DEL-HWH-12329-004,ASN,ASANSOL JN,West Bengal,WB,SB-WB,DHN,DHANBAD JN,Jharkhand,JH,SB-JH,1,SB-WB->SB-JH,SB-XING-WB-JH,INTERMEDIATE_HALT,15:57,17:10,57.0,270.0,1
390,Delhi → Howrah,DEL-HWH,12329,SAMPARK K EXP,T2_SUPERFAST,5,TS-DEL-HWH-12329-005,DHN,DHANBAD JN,Jharkhand,JH,SB-JH,GAYA,GAYA JN,Bihar,BR,SB-BR,1,SB-JH->SB-BR,SB-XING-JH-BR,INTERMEDIATE_HALT,17:15,19:55,199.0,469.0,1
391,Delhi → Howrah,DEL-HWH,12329,SAMPARK K EXP,T2_SUPERFAST,6,TS-DEL-HWH-12329-006,GAYA,GAYA JN,Bihar,BR,SB-BR,DDU,PT.DEEN DAYAL UPADHYAYA JN,Uttar Pradesh,UP,SB-UP,1,SB-BR->SB-UP,SB-XING-BR-UP,INTERMEDIATE_HALT,20:00,22:33,204.0,673.0,1
392,Delhi → Howrah,DEL-HWH,12329,SAMPARK K EXP,T2_SUPERFAST,7,TS-DEL-HWH-12329-007,DDU,PT.DEEN DAYAL UPADHYAYA JN,Uttar Pradesh,UP,SB-UP,GOY,GOVINDPURI,Uttar Pradesh,UP,SB-UP,0,INTRA-SB-UP,SB-UP,INTERMEDIATE_HALT,22:40,03:05,351.0,1024.0,2
393,Delhi → Howrah,DEL-HWH,12329,SAMPARK K EXP,T2_SUPERFAST,8,TS-DEL-HWH-12329-008,GOY,GOVINDPURI,Uttar Pradesh,UP,SB-UP,ANVT,ANAND VIHAR TERMINAL,Delhi,DL,SB-DL,1,SB-UP->SB-DL,SB-XING-UP-DL,HALTN_TO_DESTINATION,03:10,08:50,424.0,1448.0,2
394,Delhi → Howrah,DEL-HWH,12381,POORVA EXPRESS,T2_SUPERFAST,1,TS-DEL-HWH-12381-001,HWH,HOWRAH JN,West Bengal,WB,SB-WB,BWN,BARDHAMAN,West Bengal,WB,SB-WB,0,INTRA-SB-WB,SB-WB,SOURCE_TO_HALT1,08:15,09:07,95.0,95.0,1
395,Delhi → Howrah,DEL-HWH,12381,POORVA EXPRESS,T2_SUPERFAST,2,TS-DEL-HWH-12381-002,BWN,BARDHAMAN,West Bengal,WB,SB-WB,DGR,DURGAPUR,West Bengal,WB,SB-WB,0,INTRA-SB-WB,SB-WB,INTERMEDIATE_HALT,09:09,10:01,63.0,158.0,1
396,Delhi → Howrah,DEL-HWH,12381,POORVA EXPRESS,T2_SUPERFAST,3,TS-DEL-HWH-12381-003,DGR,DURGAPUR,West Bengal,WB,SB-WB,ASN,ASANSOL JN,West Bengal,WB,SB-WB,0,INTRA-SB-WB,SB-WB,INTERMEDIATE_HALT,10:03,10:33,42.0,200.0,1
397,Delhi → Howrah,DEL-HWH,12381,POORVA EXPRESS,T2_SUPERFAST,4,TS-DEL-HWH-12381-004,ASN,ASANSOL JN,West Bengal,WB,SB-WB,DHN,DHANBAD JN,Jharkhand,JH,SB-JH,1,SB-WB->SB-JH,SB-XING-WB-JH,INTERMEDIATE_HALT,10:38,11:55,58.0,258.0,1
398,Delhi → Howrah,DEL-HWH,12381,POORVA EXPRESS,T2_SUPERFAST,5,TS-DEL-HWH-12381-005,DHN,DHANBAD JN,Jharkhand,JH,SB-JH,PNME,PARASNATH,Jharkhand,JH,SB-JH,0,INTRA-SB-JH,SB-JH,INTERMEDIATE_HALT,12:00,12:34,48.0,306.0,1
399,Delhi → Howrah,DEL-HWH,12381,POORVA EXPRESS,T2_SUPERFAST,6,TS-DEL-HWH-12381-006,PNME,PARASNATH,Jharkhand,JH,SB-JH,KQR,KODERMA,Jharkhand,JH,SB-JH,0,INTRA-SB-JH,SB-JH,INTERMEDIATE_HALT,12:36,13:19,75.0,381.0,1
400,Delhi → Howrah,DEL-HWH,12381,POORVA EXPRESS,T2_SUPERFAST,7,TS-DEL-HWH-12381-007,KQR,KODERMA,Jharkhand,JH,SB-JH,GAYA,GAYA JN,Bihar,BR,SB-BR,1,SB-JH->SB-BR,SB-XING-JH-BR,INTERMEDIATE_HALT,13:21,14:40,76.0,457.0,1
401,Delhi → Howrah,DEL-HWH,12381,POORVA EXPRESS,T2_SUPERFAST,8,TS-DEL-HWH-12381-008,GAYA,GAYA JN,Bihar,BR,SB-BR,RFJ,RAFIGANJ,Bihar,BR,SB-BR,0,INTRA-SB-BR,SB-BR,INTERMEDIATE_HALT,14:45,15:14,38.0,495.0,1
402,Delhi → Howrah,DEL-HWH,12381,POORVA EXPRESS,T2_SUPERFAST,9,TS-DEL-HWH-12381-009,RFJ,RAFIGANJ,Bihar,BR,SB-BR,AUBR,ANUGRAHA N ROAD,Bihar,BR,SB-BR,0,INTRA-SB-BR,SB-BR,INTERMEDIATE_HALT,15:16,15:36,31.0,526.0,1
403,Delhi → Howrah,DEL-HWH,12381,POORVA EXPRESS,T2_SUPERFAST,10,TS-DEL-HWH-12381-010,AUBR,ANUGRAHA N ROAD,Bihar,BR,SB-BR,DOS,DEHRI ON SONE,Bihar,BR,SB-BR,0,INTRA-SB-BR,SB-BR,INTERMEDIATE_HALT,15:38,15:52,16.0,542.0,1
404,Delhi → Howrah,DEL-HWH,12381,POORVA EXPRESS,T2_SUPERFAST,11,TS-DEL-HWH-12381-011,DOS,DEHRI ON SONE,Bihar,BR,SB-BR,SSM,SASARAM,Bihar,BR,SB-BR,0,INTRA-SB-BR,SB-BR,INTERMEDIATE_HALT,15:54,16:08,18.0,560.0,1
405,Delhi → Howrah,DEL-HWH,12381,POORVA EXPRESS,T2_SUPERFAST,12,TS-DEL-HWH-12381-012,SSM,SASARAM,Bihar,BR,SB-BR,BBU,BHABUA ROAD,Bihar,BR,SB-BR,0,INTRA-SB-BR,SB-BR,INTERMEDIATE_HALT,16:10,16:36,48.0,608.0,1
406,Delhi → Howrah,DEL-HWH,12381,POORVA EXPRESS,T2_SUPERFAST,13,TS-DEL-HWH-12381-013,BBU,BHABUA ROAD,Bihar,BR,SB-BR,DDU,PT.DEEN DAYAL UPADHYAYA JN,Uttar Pradesh,UP,SB-UP,1,SB-BR->SB-UP,SB-XING-BR-UP,INTERMEDIATE_HALT,16:38,17:50,53.0,661.0,1
407,Delhi → Howrah,DEL-HWH,12381,POORVA EXPRESS,T2_SUPERFAST,14,TS-DEL-HWH-12381-014,DDU,PT.DEEN DAYAL UPADHYAYA JN,Uttar Pradesh,UP,SB-UP,BSB,VARANASI,Uttar Pradesh,UP,SB-UP,0,INTRA-SB-UP,SB-UP,INTERMEDIATE_HALT,17:55,18:45,18.0,679.0,1
408,Delhi → Howrah,DEL-HWH,12381,POORVA EXPRESS,T2_SUPERFAST,15,TS-DEL-HWH-12381-015,BSB,VARANASI,Uttar Pradesh,UP,SB-UP,JNH,JANGHAI JN,Uttar Pradesh,UP,SB-UP,0,INTRA-SB-UP,SB-UP,INTERMEDIATE_HALT,18:55,19:58,75.0,754.0,1
409,Delhi → Howrah,DEL-HWH,12381,POORVA EXPRESS,T2_SUPERFAST,16,TS-DEL-HWH-12381-016,JNH,JANGHAI JN,Uttar Pradesh,UP,SB-UP,PRYJ,PRAYAGRAJ JN,Uttar Pradesh,UP,SB-UP,0,INTRA-SB-UP,SB-UP,INTERMEDIATE_HALT,20:00,21:30,60.0,814.0,1
410,Delhi → Howrah,DEL-HWH,12381,POORVA EXPRESS,T2_SUPERFAST,17,TS-DEL-HWH-12381-017,PRYJ,PRAYAGRAJ JN,Uttar Pradesh,UP,SB-UP,CNB,KANPUR CENTRAL,Uttar Pradesh,UP,SB-UP,0,INTRA-SB-UP,SB-UP,INTERMEDIATE_HALT,21:35,00:02,194.0,1008.0,2
411,Delhi → Howrah,DEL-HWH,12381,POORVA EXPRESS,T2_SUPERFAST,18,TS-DEL-HWH-12381-018,CNB,KANPUR CENTRAL,Uttar Pradesh,UP,SB-UP,ETW,ETAWAH JN,Uttar Pradesh,UP,SB-UP,0,INTRA-SB-UP,SB-UP,INTERMEDIATE_HALT,00:07,01:29,140.0,1148.0,2
412,Delhi → Howrah,DEL-HWH,12381,POORVA EXPRESS,T2_SUPERFAST,19,TS-DEL-HWH-12381-019,ETW,ETAWAH JN,Uttar Pradesh,UP,SB-UP,TDL,TUNDLA JN,Uttar Pradesh,UP,SB-UP,0,INTRA-SB-UP,SB-UP,INTERMEDIATE_HALT,01:31,02:48,91.0,1239.0,2
413,Delhi → Howrah,DEL-HWH,12381,POORVA EXPRESS,T2_SUPERFAST,20,TS-DEL-HWH-12381-020,TDL,TUNDLA JN,Uttar Pradesh,UP,SB-UP,ALJN,ALIGARH JN,Uttar Pradesh,UP,SB-UP,0,INTRA-SB-UP,SB-UP,INTERMEDIATE_HALT,02:50,03:38,78.0,1317.0,2
414,Delhi → Howrah,DEL-HWH,12381,POORVA EXPRESS,T2_SUPERFAST,21,TS-DEL-HWH-12381-021,ALJN,ALIGARH JN,Uttar Pradesh,UP,SB-UP,NDLS,NEW DELHI,Delhi,DL,SB-DL,1,SB-UP->SB-DL,SB-XING-UP-DL,HALTN_TO_DESTINATION,03:40,06:05,132.0,1449.0,2
415,Delhi → Howrah,DEL-HWH,13065,AMRIT BHARAT EXP,T3_EXPRESS_PASSENGER,1,TS-DEL-HWH-13065-001,HWH,HOWRAH JN,West Bengal,WB,SB-WB,BDC,BANDEL,West Bengal,WB,SB-WB,0,INTRA-SB-WB,SB-WB,SOURCE_TO_HALT1,23:10,00:01,39.0,39.0,2
416,Delhi → Howrah,DEL-HWH,13065,AMRIT BHARAT EXP,T3_EXPRESS_PASSENGER,2,TS-DEL-HWH-13065-002,BDC,BANDEL,West Bengal,WB,SB-WB,BWN,BARDHAMAN,West Bengal,WB,SB-WB,0,INTRA-SB-WB,SB-WB,INTERMEDIATE_HALT,00:03,01:04,68.0,107.0,2
417,Delhi → Howrah,DEL-HWH,13065,AMRIT BHARAT EXP,T3_EXPRESS_PASSENGER,3,TS-DEL-HWH-13065-003,BWN,BARDHAMAN,West Bengal,WB,SB-WB,DGR,DURGAPUR,West Bengal,WB,SB-WB,0,INTRA-SB-WB,SB-WB,INTERMEDIATE_HALT,01:06,01:55,63.0,170.0,2
418,Delhi → Howrah,DEL-HWH,13065,AMRIT BHARAT EXP,T3_EXPRESS_PASSENGER,4,TS-DEL-HWH-13065-004,DGR,DURGAPUR,West Bengal,WB,SB-WB,ASN,ASANSOL JN,West Bengal,WB,SB-WB,0,INTRA-SB-WB,SB-WB,INTERMEDIATE_HALT,01:57,02:26,42.0,212.0,2
419,Delhi → Howrah,DEL-HWH,13065,AMRIT BHARAT EXP,T3_EXPRESS_PASSENGER,5,TS-DEL-HWH-13065-005,ASN,ASANSOL JN,West Bengal,WB,SB-WB,DHN,DHANBAD JN,Jharkhand,JH,SB-JH,1,SB-WB->SB-JH,SB-XING-WB-JH,INTERMEDIATE_HALT,02:28,04:00,57.0,269.0,2
420,Delhi → Howrah,DEL-HWH,13065,AMRIT BHARAT EXP,T3_EXPRESS_PASSENGER,6,TS-DEL-HWH-13065-006,DHN,DHANBAD JN,Jharkhand,JH,SB-JH,GMO,NSC BOSE J GOMO,Jharkhand,JH,SB-JH,0,INTRA-SB-JH,SB-JH,INTERMEDIATE_HALT,04:05,04:30,30.0,299.0,2
421,Delhi → Howrah,DEL-HWH,13065,AMRIT BHARAT EXP,T3_EXPRESS_PASSENGER,7,TS-DEL-HWH-13065-007,GMO,NSC BOSE J GOMO,Jharkhand,JH,SB-JH,PNME,PARASNATH,Jharkhand,JH,SB-JH,0,INTRA-SB-JH,SB-JH,INTERMEDIATE_HALT,04:32,04:55,18.0,317.0,2
422,Delhi → Howrah,DEL-HWH,13065,AMRIT BHARAT EXP,T3_EXPRESS_PASSENGER,8,TS-DEL-HWH-13065-008,PNME,PARASNATH,Jharkhand,JH,SB-JH,KQR,KODERMA,Jharkhand,JH,SB-JH,0,INTRA-SB-JH,SB-JH,INTERMEDIATE_HALT,04:57,05:55,76.0,393.0,2
423,Delhi → Howrah,DEL-HWH,13065,AMRIT BHARAT EXP,T3_EXPRESS_PASSENGER,9,TS-DEL-HWH-13065-009,KQR,KODERMA,Jharkhand,JH,SB-JH,GAYA,GAYA JN,Bihar,BR,SB-BR,1,SB-JH->SB-BR,SB-XING-JH-BR,INTERMEDIATE_HALT,05:57,07:25,76.0,469.0,2
424,Delhi → Howrah,DEL-HWH,13065,AMRIT BHARAT EXP,T3_EXPRESS_PASSENGER,10,TS-DEL-HWH-13065-010,GAYA,GAYA JN,Bihar,BR,SB-BR,AUBR,ANUGRAHA N ROAD,Bihar,BR,SB-BR,0,INTRA-SB-BR,SB-BR,INTERMEDIATE_HALT,07:30,08:12,68.0,537.0,2
425,Delhi → Howrah,DEL-HWH,13065,AMRIT BHARAT EXP,T3_EXPRESS_PASSENGER,11,TS-DEL-HWH-13065-011,AUBR,ANUGRAHA N ROAD,Bihar,BR,SB-BR,DOS,DEHRI ON SONE,Bihar,BR,SB-BR,0,INTRA-SB-BR,SB-BR,INTERMEDIATE_HALT,08:14,08:30,17.0,554.0,2
426,Delhi → Howrah,DEL-HWH,13065,AMRIT BHARAT EXP,T3_EXPRESS_PASSENGER,12,TS-DEL-HWH-13065-012,DOS,DEHRI ON SONE,Bihar,BR,SB-BR,SSM,SASARAM,Bihar,BR,SB-BR,0,INTRA-SB-BR,SB-BR,INTERMEDIATE_HALT,08:32,08:48,18.0,572.0,2
427,Delhi → Howrah,DEL-HWH,13065,AMRIT BHARAT EXP,T3_EXPRESS_PASSENGER,13,TS-DEL-HWH-13065-013,SSM,SASARAM,Bihar,BR,SB-BR,BBU,BHABUA ROAD,Bihar,BR,SB-BR,0,INTRA-SB-BR,SB-BR,INTERMEDIATE_HALT,08:50,09:25,47.0,619.0,2
428,Delhi → Howrah,DEL-HWH,13065,AMRIT BHARAT EXP,T3_EXPRESS_PASSENGER,14,TS-DEL-HWH-13065-014,BBU,BHABUA ROAD,Bihar,BR,SB-BR,DDU,PT.DEEN DAYAL UPADHYAYA JN,Uttar Pradesh,UP,SB-UP,1,SB-BR->SB-UP,SB-XING-BR-UP,INTERMEDIATE_HALT,09:27,10:45,53.0,672.0,2
429,Delhi → Howrah,DEL-HWH,13065,AMRIT BHARAT EXP,T3_EXPRESS_PASSENGER,15,TS-DEL-HWH-13065-015,DDU,PT.DEEN DAYAL UPADHYAYA JN,Uttar Pradesh,UP,SB-UP,BSB,VARANASI,Uttar Pradesh,UP,SB-UP,0,INTRA-SB-UP,SB-UP,INTERMEDIATE_HALT,10:50,11:50,19.0,691.0,2
430,Delhi → Howrah,DEL-HWH,13065,AMRIT BHARAT EXP,T3_EXPRESS_PASSENGER,16,TS-DEL-HWH-13065-016,BSB,VARANASI,Uttar Pradesh,UP,SB-UP,JOP,JAUNPUR CITY,Uttar Pradesh,UP,SB-UP,0,INTRA-SB-UP,SB-UP,INTERMEDIATE_HALT,12:00,13:06,57.0,748.0,2
431,Delhi → Howrah,DEL-HWH,13065,AMRIT BHARAT EXP,T3_EXPRESS_PASSENGER,17,TS-DEL-HWH-13065-017,JOP,JAUNPUR CITY,Uttar Pradesh,UP,SB-UP,SLN,SULTANPUR,Uttar Pradesh,UP,SB-UP,0,INTRA-SB-UP,SB-UP,INTERMEDIATE_HALT,13:08,14:20,86.0,834.0,2
432,Delhi → Howrah,DEL-HWH,13065,AMRIT BHARAT EXP,T3_EXPRESS_PASSENGER,18,TS-DEL-HWH-13065-018,SLN,SULTANPUR,Uttar Pradesh,UP,SB-UP,NHH,NIHALGARH,Uttar Pradesh,UP,SB-UP,0,INTRA-SB-UP,SB-UP,INTERMEDIATE_HALT,14:25,14:54,51.0,885.0,2
433,Delhi → Howrah,DEL-HWH,13065,AMRIT BHARAT EXP,T3_EXPRESS_PASSENGER,19,TS-DEL-HWH-13065-019,NHH,NIHALGARH,Uttar Pradesh,UP,SB-UP,UTR,UTRAHTIA,Uttar Pradesh,UP,SB-UP,0,INTRA-SB-UP,SB-UP,INTERMEDIATE_HALT,14:56,15:51,77.0,962.0,2
434,Delhi → Howrah,DEL-HWH,13065,AMRIT BHARAT EXP,T3_EXPRESS_PASSENGER,20,TS-DEL-HWH-13065-020,UTR,UTRAHTIA,Uttar Pradesh,UP,SB-UP,LKO,LUCKNOW JN,Uttar Pradesh,UP,SB-UP,0,INTRA-SB-UP,SB-UP,INTERMEDIATE_HALT,15:56,16:50,12.0,974.0,2
435,Delhi → Howrah,DEL-HWH,13065,AMRIT BHARAT EXP,T3_EXPRESS_PASSENGER,21,TS-DEL-HWH-13065-021,LKO,LUCKNOW JN,Uttar Pradesh,UP,SB-UP,AMG,ALAMNAGAR,Bihar,BR,SB-BR,1,SB-UP->SB-BR,SB-XING-UP-BR,INTERMEDIATE_HALT,17:00,17:34,6.0,980.0,2
436,Delhi → Howrah,DEL-HWH,13065,AMRIT BHARAT EXP,T3_EXPRESS_PASSENGER,22,TS-DEL-HWH-13065-022,AMG,ALAMNAGAR,Bihar,BR,SB-BR,SPN,SHAHJAHANPUR JN,Uttar Pradesh,UP,SB-UP,1,SB-BR->SB-UP,SB-XING-BR-UP,INTERMEDIATE_HALT,17:44,19:56,158.0,1138.0,2
437,Delhi → Howrah,DEL-HWH,13065,AMRIT BHARAT EXP,T3_EXPRESS_PASSENGER,23,TS-DEL-HWH-13065-023,SPN,SHAHJAHANPUR JN,Uttar Pradesh,UP,SB-UP,BE,BAREILLY(NR),Uttar Pradesh,UP,SB-UP,0,INTRA-SB-UP,SB-UP,INTERMEDIATE_HALT,19:58,20:58,71.0,1209.0,2
438,Delhi → Howrah,DEL-HWH,13065,AMRIT BHARAT EXP,T3_EXPRESS_PASSENGER,24,TS-DEL-HWH-13065-024,BE,BAREILLY(NR),Uttar Pradesh,UP,SB-UP,MB,MORADABAD,Uttar Pradesh,UP,SB-UP,0,INTRA-SB-UP,SB-UP,INTERMEDIATE_HALT,21:00,22:38,90.0,1299.0,2
439,Delhi → Howrah,DEL-HWH,13065,AMRIT BHARAT EXP,T3_EXPRESS_PASSENGER,25,TS-DEL-HWH-13065-025,MB,MORADABAD,Uttar Pradesh,UP,SB-UP,GJL,GAJRAULA JN,Uttar Pradesh,UP,SB-UP,0,INTRA-SB-UP,SB-UP,INTERMEDIATE_HALT,22:48,23:30,54.0,1353.0,2
440,Delhi → Howrah,DEL-HWH,13065,AMRIT BHARAT EXP,T3_EXPRESS_PASSENGER,26,TS-DEL-HWH-13065-026,GJL,GAJRAULA JN,Uttar Pradesh,UP,SB-UP,HPU,HAPUR,Uttar Pradesh,UP,SB-UP,0,INTRA-SB-UP,SB-UP,INTERMEDIATE_HALT,23:32,00:13,50.0,1403.0,3
441,Delhi → Howrah,DEL-HWH,13065,AMRIT BHARAT EXP,T3_EXPRESS_PASSENGER,27,TS-DEL-HWH-13065-027,HPU,HAPUR,Uttar Pradesh,UP,SB-UP,GZB,GHAZIABAD,Uttar Pradesh,UP,SB-UP,0,INTRA-SB-UP,SB-UP,INTERMEDIATE_HALT,00:15,01:41,37.0,1440.0,3
442,Delhi → Howrah,DEL-HWH,13065,AMRIT BHARAT EXP,T3_EXPRESS_PASSENGER,28,TS-DEL-HWH-13065-028,GZB,GHAZIABAD,Uttar Pradesh,UP,SB-UP,ANVT,ANAND VIHAR TERMINAL,Delhi,DL,SB-DL,1,SB-UP->SB-DL,SB-XING-UP-DL,HALTN_TO_DESTINATION,01:43,02:50,13.0,1453.0,3
443,Delhi → Howrah,DEL-HWH,22857,SRC ANVT SF EXP,T2_SUPERFAST,1,TS-DEL-HWH-22857-001,SRC,SANTRAGACHI JN,West Bengal,WB,SB-WB,KGP,KHARAGPUR JN,West Bengal,WB,SB-WB,0,INTRA-SB-WB,SB-WB,SOURCE_TO_HALT1,10:00,11:20,108.0,108.0,1
444,Delhi → Howrah,DEL-HWH,22857,SRC ANVT SF EXP,T2_SUPERFAST,2,TS-DEL-HWH-22857-002,KGP,KHARAGPUR JN,West Bengal,WB,SB-WB,TATA,TATANAGAR JN,Jharkhand,JH,SB-JH,1,SB-WB->SB-JH,SB-XING-WB-JH,INTERMEDIATE_HALT,11:25,13:15,135.0,243.0,1
445,Delhi → Howrah,DEL-HWH,22857,SRC ANVT SF EXP,T2_SUPERFAST,3,TS-DEL-HWH-22857-003,TATA,TATANAGAR JN,Jharkhand,JH,SB-JH,PRR,PURULIA JN,West Bengal,WB,SB-WB,1,SB-JH->SB-WB,SB-XING-JH-WB,INTERMEDIATE_HALT,13:20,14:58,90.0,333.0,1
446,Delhi → Howrah,DEL-HWH,22857,SRC ANVT SF EXP,T2_SUPERFAST,4,TS-DEL-HWH-22857-004,PRR,PURULIA JN,West Bengal,WB,SB-WB,KNF,KHANODIH,Jharkhand,JH,SB-JH,1,SB-WB->SB-JH,SB-XING-WB-JH,INTERMEDIATE_HALT,15:00,16:35,81.0,414.0,1
447,Delhi → Howrah,DEL-HWH,22857,SRC ANVT SF EXP,T2_SUPERFAST,5,TS-DEL-HWH-22857-005,KNF,KHANODIH,Jharkhand,JH,SB-JH,GMO,NSC BOSE J GOMO,Jharkhand,JH,SB-JH,0,INTRA-SB-JH,SB-JH,INTERMEDIATE_HALT,16:36,17:10,11.0,425.0,1
448,Delhi → Howrah,DEL-HWH,22857,SRC ANVT SF EXP,T2_SUPERFAST,6,TS-DEL-HWH-22857-006,GMO,NSC BOSE J GOMO,Jharkhand,JH,SB-JH,GAYA,GAYA JN,Bihar,BR,SB-BR,1,SB-JH->SB-BR,SB-XING-JH-BR,INTERMEDIATE_HALT,17:15,19:40,169.0,594.0,1
449,Delhi → Howrah,DEL-HWH,22857,SRC ANVT SF EXP,T2_SUPERFAST,7,TS-DEL-HWH-22857-007,GAYA,GAYA JN,Bihar,BR,SB-BR,DDU,PT.DEEN DAYAL UPADHYAYA JN,Uttar Pradesh,UP,SB-UP,1,SB-BR->SB-UP,SB-XING-BR-UP,INTERMEDIATE_HALT,19:45,22:33,204.0,798.0,1
450,Delhi → Howrah,DEL-HWH,22857,SRC ANVT SF EXP,T2_SUPERFAST,8,TS-DEL-HWH-22857-008,DDU,PT.DEEN DAYAL UPADHYAYA JN,Uttar Pradesh,UP,SB-UP,PRYJ,PRAYAGRAJ JN,Uttar Pradesh,UP,SB-UP,0,INTRA-SB-UP,SB-UP,INTERMEDIATE_HALT,22:40,00:35,153.0,951.0,2
451,Delhi → Howrah,DEL-HWH,22857,SRC ANVT SF EXP,T2_SUPERFAST,9,TS-DEL-HWH-22857-009,PRYJ,PRAYAGRAJ JN,Uttar Pradesh,UP,SB-UP,CNB,KANPUR CENTRAL,Uttar Pradesh,UP,SB-UP,0,INTRA-SB-UP,SB-UP,INTERMEDIATE_HALT,00:40,03:05,194.0,1145.0,2
452,Delhi → Howrah,DEL-HWH,22857,SRC ANVT SF EXP,T2_SUPERFAST,10,TS-DEL-HWH-22857-010,CNB,KANPUR CENTRAL,Uttar Pradesh,UP,SB-UP,ALJN,ALIGARH JN,Uttar Pradesh,UP,SB-UP,0,INTRA-SB-UP,SB-UP,INTERMEDIATE_HALT,03:10,06:38,309.0,1454.0,2
453,Delhi → Howrah,DEL-HWH,22857,SRC ANVT SF EXP,T2_SUPERFAST,11,TS-DEL-HWH-22857-011,ALJN,ALIGARH JN,Uttar Pradesh,UP,SB-UP,ANVT,ANAND VIHAR TERMINAL,Delhi,DL,SB-DL,1,SB-UP->SB-DL,SB-XING-UP-DL,HALTN_TO_DESTINATION,06:40,08:50,119.0,1573.0,2
454,Delhi → Howrah,DEL-HWH,12003,SWARAN SHATABDI,T1_PREMIUM,1,TS-DEL-HWH-12003-001,LJN,LUCKNOW LJN,Uttar Pradesh,UP,SB-UP,ON,UNNAO JN,Uttar Pradesh,UP,SB-UP,0,INTRA-SB-UP,SB-UP,SOURCE_TO_HALT1,15:30,16:19,56.0,56.0,1
455,Delhi → Howrah,DEL-HWH,12003,SWARAN SHATABDI,T1_PREMIUM,2,TS-DEL-HWH-12003-002,ON,UNNAO JN,Uttar Pradesh,UP,SB-UP,CNB,KANPUR CENTRAL,Uttar Pradesh,UP,SB-UP,0,INTRA-SB-UP,SB-UP,INTERMEDIATE_HALT,16:21,16:48,18.0,74.0,1
456,Delhi → Howrah,DEL-HWH,12003,SWARAN SHATABDI,T1_PREMIUM,3,TS-DEL-HWH-12003-003,CNB,KANPUR CENTRAL,Uttar Pradesh,UP,SB-UP,PHD,PHAPHUND,Uttar Pradesh,UP,SB-UP,0,INTRA-SB-UP,SB-UP,INTERMEDIATE_HALT,16:53,17:47,83.0,157.0,1
457,Delhi → Howrah,DEL-HWH,12003,SWARAN SHATABDI,T1_PREMIUM,4,TS-DEL-HWH-12003-004,PHD,PHAPHUND,Uttar Pradesh,UP,SB-UP,ETW,ETAWAH JN,Uttar Pradesh,UP,SB-UP,0,INTRA-SB-UP,SB-UP,INTERMEDIATE_HALT,17:48,18:18,56.0,213.0,1
458,Delhi → Howrah,DEL-HWH,12003,SWARAN SHATABDI,T1_PREMIUM,5,TS-DEL-HWH-12003-005,ETW,ETAWAH JN,Uttar Pradesh,UP,SB-UP,TDL,TUNDLA JN,Uttar Pradesh,UP,SB-UP,0,INTRA-SB-UP,SB-UP,INTERMEDIATE_HALT,18:20,19:26,92.0,305.0,1
459,Delhi → Howrah,DEL-HWH,12003,SWARAN SHATABDI,T1_PREMIUM,6,TS-DEL-HWH-12003-006,TDL,TUNDLA JN,Uttar Pradesh,UP,SB-UP,ALJN,ALIGARH JN,Uttar Pradesh,UP,SB-UP,0,INTRA-SB-UP,SB-UP,INTERMEDIATE_HALT,19:28,20:15,78.0,383.0,1
460,Delhi → Howrah,DEL-HWH,12003,SWARAN SHATABDI,T1_PREMIUM,7,TS-DEL-HWH-12003-007,ALJN,ALIGARH JN,Uttar Pradesh,UP,SB-UP,GZB,GHAZIABAD,Uttar Pradesh,UP,SB-UP,0,INTRA-SB-UP,SB-UP,INTERMEDIATE_HALT,20:17,21:38,106.0,489.0,1
461,Delhi → Howrah,DEL-HWH,12003,SWARAN SHATABDI,T1_PREMIUM,8,TS-DEL-HWH-12003-008,GZB,GHAZIABAD,Uttar Pradesh,UP,SB-UP,NDLS,NEW DELHI,Delhi,DL,SB-DL,1,SB-UP->SB-DL,SB-XING-UP-DL,HALTN_TO_DESTINATION,21:40,22:35,25.0,514.0,1
462,Delhi → Howrah,DEL-HWH,12004,SHATABDI EXPRESS,T1_PREMIUM,1,TS-DEL-HWH-12004-001,NDLS,NEW DELHI,Delhi,DL,SB-DL,GZB,GHAZIABAD,Uttar Pradesh,UP,SB-UP,1,SB-DL->SB-UP,SB-XING-DL-UP,SOURCE_TO_HALT1,06:10,06:40,26.0,26.0,1
463,Delhi → Howrah,DEL-HWH,12004,SHATABDI EXPRESS,T1_PREMIUM,2,TS-DEL-HWH-12004-002,GZB,GHAZIABAD,Uttar Pradesh,UP,SB-UP,ALJN,ALIGARH JN,Uttar Pradesh,UP,SB-UP,0,INTRA-SB-UP,SB-UP,INTERMEDIATE_HALT,06:42,07:47,106.0,132.0,1
464,Delhi → Howrah,DEL-HWH,12004,SHATABDI EXPRESS,T1_PREMIUM,3,TS-DEL-HWH-12004-003,ALJN,ALIGARH JN,Uttar Pradesh,UP,SB-UP,TDL,TUNDLA JN,Uttar Pradesh,UP,SB-UP,0,INTRA-SB-UP,SB-UP,INTERMEDIATE_HALT,07:49,08:45,78.0,210.0,1
465,Delhi → Howrah,DEL-HWH,12004,SHATABDI EXPRESS,T1_PREMIUM,4,TS-DEL-HWH-12004-004,TDL,TUNDLA JN,Uttar Pradesh,UP,SB-UP,ETW,ETAWAH JN,Uttar Pradesh,UP,SB-UP,0,INTRA-SB-UP,SB-UP,INTERMEDIATE_HALT,08:47,09:40,91.0,301.0,1
466,Delhi → Howrah,DEL-HWH,12004,SHATABDI EXPRESS,T1_PREMIUM,5,TS-DEL-HWH-12004-005,ETW,ETAWAH JN,Uttar Pradesh,UP,SB-UP,PHD,PHAPHUND,Uttar Pradesh,UP,SB-UP,0,INTRA-SB-UP,SB-UP,INTERMEDIATE_HALT,09:42,10:14,57.0,358.0,1
467,Delhi → Howrah,DEL-HWH,12004,SHATABDI EXPRESS,T1_PREMIUM,6,TS-DEL-HWH-12004-006,PHD,PHAPHUND,Uttar Pradesh,UP,SB-UP,CNB,KANPUR CENTRAL,Uttar Pradesh,UP,SB-UP,0,INTRA-SB-UP,SB-UP,INTERMEDIATE_HALT,10:15,11:23,83.0,441.0,1
468,Delhi → Howrah,DEL-HWH,12004,SHATABDI EXPRESS,T1_PREMIUM,7,TS-DEL-HWH-12004-007,CNB,KANPUR CENTRAL,Uttar Pradesh,UP,SB-UP,ON,UNNAO JN,Uttar Pradesh,UP,SB-UP,0,INTRA-SB-UP,SB-UP,INTERMEDIATE_HALT,11:28,11:54,17.0,458.0,1
469,Delhi → Howrah,DEL-HWH,12004,SHATABDI EXPRESS,T1_PREMIUM,8,TS-DEL-HWH-12004-008,ON,UNNAO JN,Uttar Pradesh,UP,SB-UP,LJN,LUCKNOW LJN,Uttar Pradesh,UP,SB-UP,0,INTRA-SB-UP,SB-UP,HALTN_TO_DESTINATION,11:56,13:00,56.0,514.0,1
470,Delhi → Chennai,DEL-MAS,12270,NZM MAS DURONTO,T1_PREMIUM,1,TS-DEL-MAS-12270-001,NZM,HAZRAT NIZAMUDDIN JN,Delhi,DL,SB-DL,GWL,GWALIOR JN,Madhya Pradesh,MP,SB-MP,1,SB-DL->SB-MP,SB-XING-DL-MP,SOURCE_TO_HALT1,15:55,19:18,305.0,305.0,1
471,Delhi → Chennai,DEL-MAS,12270,NZM MAS DURONTO,T1_PREMIUM,2,TS-DEL-MAS-12270-002,GWL,GWALIOR JN,Madhya Pradesh,MP,SB-MP,VGLJ,VIRANGANA LAKSHMIBAI JHANSI JN,Uttar Pradesh,UP,SB-UP,1,SB-MP->SB-UP,SB-XING-MP-UP,INTERMEDIATE_HALT,19:20,20:45,99.0,404.0,1
472,Delhi → Chennai,DEL-MAS,12270,NZM MAS DURONTO,T1_PREMIUM,3,TS-DEL-MAS-12270-003,VGLJ,VIRANGANA LAKSHMIBAI JHANSI JN,Uttar Pradesh,UP,SB-UP,RKMP,RANI KAMALAPATI,Madhya Pradesh,MP,SB-MP,1,SB-UP->SB-MP,SB-XING-UP-MP,INTERMEDIATE_HALT,20:50,00:12,295.0,699.0,2
473,Delhi → Chennai,DEL-MAS,12270,NZM MAS DURONTO,T1_PREMIUM,4,TS-DEL-MAS-12270-004,RKMP,RANI KAMALAPATI,Madhya Pradesh,MP,SB-MP,NGP,NAGPUR JN,Maharashtra,MH,SB-MH,1,SB-MP->SB-MH,SB-XING-MP-MH,INTERMEDIATE_HALT,00:20,05:35,381.0,1080.0,2
474,Delhi → Chennai,DEL-MAS,12270,NZM MAS DURONTO,T1_PREMIUM,5,TS-DEL-MAS-12270-005,NGP,NAGPUR JN,Maharashtra,MH,SB-MH,BPQ,BALHARSHAH,Maharashtra,MH,SB-MH,0,INTRA-SB-MH,SB-MH,INTERMEDIATE_HALT,05:40,08:30,209.0,1289.0,2
475,Delhi → Chennai,DEL-MAS,12270,NZM MAS DURONTO,T1_PREMIUM,6,TS-DEL-MAS-12270-006,BPQ,BALHARSHAH,Maharashtra,MH,SB-MH,BZA,VIJAYAWADA JN,Andhra Pradesh,AP,SB-AP,1,SB-MH->SB-AP,SB-XING-MH-AP,INTERMEDIATE_HALT,08:35,14:20,452.0,1741.0,2
476,Delhi → Chennai,DEL-MAS,12270,NZM MAS DURONTO,T1_PREMIUM,7,TS-DEL-MAS-12270-007,BZA,VIJAYAWADA JN,Andhra Pradesh,AP,SB-AP,MAS,PURATCHI THALAIVAR DR. MGR CTL,Tamil Nadu,TN,SB-TN,1,SB-AP->SB-TN,SB-XING-AP-TN,HALTN_TO_DESTINATION,14:30,20:50,428.0,2169.0,2
477,Delhi → Chennai,DEL-MAS,12434,NZM MAS RAJDHANI,T1_PREMIUM,1,TS-DEL-MAS-12434-001,NZM,HAZRAT NIZAMUDDIN JN,Delhi,DL,SB-DL,AGC,AGRA CANTT JN,Uttar Pradesh,UP,SB-UP,1,SB-DL->SB-UP,SB-XING-DL-UP,SOURCE_TO_HALT1,15:35,17:25,187.0,187.0,1
478,Delhi → Chennai,DEL-MAS,12434,NZM MAS RAJDHANI,T1_PREMIUM,2,TS-DEL-MAS-12434-002,AGC,AGRA CANTT JN,Uttar Pradesh,UP,SB-UP,GWL,GWALIOR JN,Madhya Pradesh,MP,SB-MP,1,SB-UP->SB-MP,SB-XING-UP-MP,INTERMEDIATE_HALT,17:27,18:53,118.0,305.0,1
479,Delhi → Chennai,DEL-MAS,12434,NZM MAS RAJDHANI,T1_PREMIUM,3,TS-DEL-MAS-12434-003,GWL,GWALIOR JN,Madhya Pradesh,MP,SB-MP,VGLJ,VIRANGANA LAKSHMIBAI JHANSI JN,Uttar Pradesh,UP,SB-UP,1,SB-MP->SB-UP,SB-XING-MP-UP,INTERMEDIATE_HALT,18:55,20:10,99.0,404.0,1
480,Delhi → Chennai,DEL-MAS,12434,NZM MAS RAJDHANI,T1_PREMIUM,4,TS-DEL-MAS-12434-004,VGLJ,VIRANGANA LAKSHMIBAI JHANSI JN,Uttar Pradesh,UP,SB-UP,BPL,BHOPAL JN,Madhya Pradesh,MP,SB-MP,1,SB-UP->SB-MP,SB-XING-UP-MP,INTERMEDIATE_HALT,20:15,23:30,289.0,693.0,1
481,Delhi → Chennai,DEL-MAS,12434,NZM MAS RAJDHANI,T1_PREMIUM,5,TS-DEL-MAS-12434-005,BPL,BHOPAL JN,Madhya Pradesh,MP,SB-MP,NGP,NAGPUR JN,Maharashtra,MH,SB-MH,1,SB-MP->SB-MH,SB-XING-MP-MH,INTERMEDIATE_HALT,23:40,05:05,387.0,1080.0,2
482,Delhi → Chennai,DEL-MAS,12434,NZM MAS RAJDHANI,T1_PREMIUM,6,TS-DEL-MAS-12434-006,NGP,NAGPUR JN,Maharashtra,MH,SB-MH,BPQ,BALHARSHAH,Maharashtra,MH,SB-MH,0,INTRA-SB-MH,SB-MH,INTERMEDIATE_HALT,05:10,08:00,209.0,1289.0,2
483,Delhi → Chennai,DEL-MAS,12434,NZM MAS RAJDHANI,T1_PREMIUM,7,TS-DEL-MAS-12434-007,BPQ,BALHARSHAH,Maharashtra,MH,SB-MH,WL,WARANGAL,Telangana,TS,SB-TS,1,SB-MH->SB-TS,SB-XING-MH-TS,INTERMEDIATE_HALT,08:05,11:14,246.0,1535.0,2
484,Delhi → Chennai,DEL-MAS,12434,NZM MAS RAJDHANI,T1_PREMIUM,8,TS-DEL-MAS-12434-008,WL,WARANGAL,Telangana,TS,SB-TS,BZA,VIJAYAWADA JN,Andhra Pradesh,AP,SB-AP,1,SB-TS->SB-AP,SB-XING-TS-AP,INTERMEDIATE_HALT,11:15,14:20,206.0,1741.0,2
485,Delhi → Chennai,DEL-MAS,12434,NZM MAS RAJDHANI,T1_PREMIUM,9,TS-DEL-MAS-12434-009,BZA,VIJAYAWADA JN,Andhra Pradesh,AP,SB-AP,MAS,PURATCHI THALAIVAR DR. MGR CTL,Tamil Nadu,TN,SB-TN,1,SB-AP->SB-TN,SB-XING-AP-TN,HALTN_TO_DESTINATION,14:30,20:50,428.0,2169.0,2
486,Delhi → Chennai,DEL-MAS,12612,MAS GARIB RATH,T3_EXPRESS_PASSENGER,1,TS-DEL-MAS-12612-001,NZM,HAZRAT NIZAMUDDIN JN,Delhi,DL,SB-DL,AGC,AGRA CANTT JN,Uttar Pradesh,UP,SB-UP,1,SB-DL->SB-UP,SB-XING-DL-UP,SOURCE_TO_HALT1,15:35,17:25,187.0,187.0,1
487,Delhi → Chennai,DEL-MAS,12612,MAS GARIB RATH,T3_EXPRESS_PASSENGER,2,TS-DEL-MAS-12612-002,AGC,AGRA CANTT JN,Uttar Pradesh,UP,SB-UP,GWL,GWALIOR JN,Madhya Pradesh,MP,SB-MP,1,SB-UP->SB-MP,SB-XING-UP-MP,INTERMEDIATE_HALT,17:27,18:53,118.0,305.0,1
488,Delhi → Chennai,DEL-MAS,12612,MAS GARIB RATH,T3_EXPRESS_PASSENGER,3,TS-DEL-MAS-12612-003,GWL,GWALIOR JN,Madhya Pradesh,MP,SB-MP,VGLJ,VIRANGANA LAKSHMIBAI JHANSI JN,Uttar Pradesh,UP,SB-UP,1,SB-MP->SB-UP,SB-XING-MP-UP,INTERMEDIATE_HALT,18:55,20:10,99.0,404.0,1
489,Delhi → Chennai,DEL-MAS,12612,MAS GARIB RATH,T3_EXPRESS_PASSENGER,4,TS-DEL-MAS-12612-004,VGLJ,VIRANGANA LAKSHMIBAI JHANSI JN,Uttar Pradesh,UP,SB-UP,BPL,BHOPAL JN,Madhya Pradesh,MP,SB-MP,1,SB-UP->SB-MP,SB-XING-UP-MP,INTERMEDIATE_HALT,20:15,23:30,289.0,693.0,1
490,Delhi → Chennai,DEL-MAS,12612,MAS GARIB RATH,T3_EXPRESS_PASSENGER,5,TS-DEL-MAS-12612-005,BPL,BHOPAL JN,Madhya Pradesh,MP,SB-MP,NGP,NAGPUR JN,Maharashtra,MH,SB-MH,1,SB-MP->SB-MH,SB-XING-MP-MH,INTERMEDIATE_HALT,23:40,05:05,387.0,1080.0,2
491,Delhi → Chennai,DEL-MAS,12612,MAS GARIB RATH,T3_EXPRESS_PASSENGER,6,TS-DEL-MAS-12612-006,NGP,NAGPUR JN,Maharashtra,MH,SB-MH,BPQ,BALHARSHAH,Maharashtra,MH,SB-MH,0,INTRA-SB-MH,SB-MH,INTERMEDIATE_HALT,05:10,08:00,209.0,1289.0,2
492,Delhi → Chennai,DEL-MAS,12612,MAS GARIB RATH,T3_EXPRESS_PASSENGER,7,TS-DEL-MAS-12612-007,BPQ,BALHARSHAH,Maharashtra,MH,SB-MH,BZA,VIJAYAWADA JN,Andhra Pradesh,AP,SB-AP,1,SB-MH->SB-AP,SB-XING-MH-AP,INTERMEDIATE_HALT,08:05,14:20,452.0,1741.0,2
493,Delhi → Chennai,DEL-MAS,12612,MAS GARIB RATH,T3_EXPRESS_PASSENGER,8,TS-DEL-MAS-12612-008,BZA,VIJAYAWADA JN,Andhra Pradesh,AP,SB-AP,OGL,ONGOLE,Andhra Pradesh,AP,SB-AP,0,INTRA-SB-AP,SB-AP,INTERMEDIATE_HALT,14:30,16:29,138.0,1879.0,2
494,Delhi → Chennai,DEL-MAS,12612,MAS GARIB RATH,T3_EXPRESS_PASSENGER,9,TS-DEL-MAS-12612-009,OGL,ONGOLE,Andhra Pradesh,AP,SB-AP,GDR,GUDUR JN,Andhra Pradesh,AP,SB-AP,0,INTRA-SB-AP,SB-AP,INTERMEDIATE_HALT,16:30,18:29,155.0,2034.0,2
495,Delhi → Chennai,DEL-MAS,12612,MAS GARIB RATH,T3_EXPRESS_PASSENGER,10,TS-DEL-MAS-12612-010,GDR,GUDUR JN,Andhra Pradesh,AP,SB-AP,MAS,PURATCHI THALAIVAR DR. MGR CTL,Tamil Nadu,TN,SB-TN,1,SB-AP->SB-TN,SB-XING-AP-TN,HALTN_TO_DESTINATION,18:30,21:00,135.0,2169.0,2
496,Delhi → Chennai,DEL-MAS,12616,GRAND TRUNK EXP,T2_SUPERFAST,1,TS-DEL-MAS-12616-001,NDLS,NEW DELHI,Delhi,DL,SB-DL,MTJ,MATHURA JN,Uttar Pradesh,UP,SB-UP,1,SB-DL->SB-UP,SB-XING-DL-UP,SOURCE_TO_HALT1,16:10,17:40,141.0,141.0,1
497,Delhi → Chennai,DEL-MAS,12616,GRAND TRUNK EXP,T2_SUPERFAST,2,TS-DEL-MAS-12616-002,MTJ,MATHURA JN,Uttar Pradesh,UP,SB-UP,BFP,BILOCHPURA,Uttar Pradesh,UP,SB-UP,0,INTRA-SB-UP,SB-UP,INTERMEDIATE_HALT,17:45,18:18,48.0,189.0,1
498,Delhi → Chennai,DEL-MAS,12616,GRAND TRUNK EXP,T2_SUPERFAST,3,TS-DEL-MAS-12616-003,BFP,BILOCHPURA,Uttar Pradesh,UP,SB-UP,AGC,AGRA CANTT JN,Uttar Pradesh,UP,SB-UP,0,INTRA-SB-UP,SB-UP,INTERMEDIATE_HALT,18:20,18:30,5.0,194.0,1
499,Delhi → Chennai,DEL-MAS,12616,GRAND TRUNK EXP,T2_SUPERFAST,4,TS-DEL-MAS-12616-004,AGC,AGRA CANTT JN,Uttar Pradesh,UP,SB-UP,DHO,DHAULPUR,Rajasthan,RJ,SB-RJ,1,SB-UP->SB-RJ,SB-XING-UP-RJ,INTERMEDIATE_HALT,18:35,19:30,52.0,246.0,1
500,Delhi → Chennai,DEL-MAS,12616,GRAND TRUNK EXP,T2_SUPERFAST,5,TS-DEL-MAS-12616-005,DHO,DHAULPUR,Rajasthan,RJ,SB-RJ,MRA,MORENA,Madhya Pradesh,MP,SB-MP,1,SB-RJ->SB-MP,SB-XING-RJ-MP,INTERMEDIATE_HALT,19:32,20:21,28.0,274.0,1
501,Delhi → Chennai,DEL-MAS,12616,GRAND TRUNK EXP,T2_SUPERFAST,6,TS-DEL-MAS-12616-006,MRA,MORENA,Madhya Pradesh,MP,SB-MP,GWL,GWALIOR JN,Madhya Pradesh,MP,SB-MP,0,INTRA-SB-MP,SB-MP,INTERMEDIATE_HALT,20:23,20:53,38.0,312.0,1
502,Delhi → Chennai,DEL-MAS,12616,GRAND TRUNK EXP,T2_SUPERFAST,7,TS-DEL-MAS-12616-007,GWL,GWALIOR JN,Madhya Pradesh,MP,SB-MP,VGLJ,VIRANGANA LAKSHMIBAI JHANSI JN,Uttar Pradesh,UP,SB-UP,1,SB-MP->SB-UP,SB-XING-MP-UP,INTERMEDIATE_HALT,20:55,22:55,99.0,411.0,1
503,Delhi → Chennai,DEL-MAS,12616,GRAND TRUNK EXP,T2_SUPERFAST,8,TS-DEL-MAS-12616-008,VGLJ,VIRANGANA LAKSHMIBAI JHANSI JN,Uttar Pradesh,UP,SB-UP,BINA,BINA JN,Madhya Pradesh,MP,SB-MP,1,SB-UP->SB-MP,SB-XING-UP-MP,INTERMEDIATE_HALT,23:03,01:20,151.0,562.0,2
504,Delhi → Chennai,DEL-MAS,12616,GRAND TRUNK EXP,T2_SUPERFAST,9,TS-DEL-MAS-12616-009,BINA,BINA JN,Madhya Pradesh,MP,SB-MP,BAQ,GANJ BASODA,Madhya Pradesh,MP,SB-MP,0,INTRA-SB-MP,SB-MP,INTERMEDIATE_HALT,01:25,01:56,46.0,608.0,2
505,Delhi → Chennai,DEL-MAS,12616,GRAND TRUNK EXP,T2_SUPERFAST,10,TS-DEL-MAS-12616-010,BAQ,GANJ BASODA,Madhya Pradesh,MP,SB-MP,BHS,VIDISHA,Madhya Pradesh,MP,SB-MP,0,INTRA-SB-MP,SB-MP,INTERMEDIATE_HALT,01:58,02:23,39.0,647.0,2
506,Delhi → Chennai,DEL-MAS,12616,GRAND TRUNK EXP,T2_SUPERFAST,11,TS-DEL-MAS-12616-011,BHS,VIDISHA,Madhya Pradesh,MP,SB-MP,BPL,BHOPAL JN,Madhya Pradesh,MP,SB-MP,0,INTRA-SB-MP,SB-MP,INTERMEDIATE_HALT,02:25,03:15,54.0,701.0,2
507,Delhi → Chennai,DEL-MAS,12616,GRAND TRUNK EXP,T2_SUPERFAST,12,TS-DEL-MAS-12616-012,BPL,BHOPAL JN,Madhya Pradesh,MP,SB-MP,RKMP,RANI KAMALAPATI,Madhya Pradesh,MP,SB-MP,0,INTRA-SB-MP,SB-MP,INTERMEDIATE_HALT,03:20,03:33,6.0,707.0,2
508,Delhi → Chennai,DEL-MAS,12616,GRAND TRUNK EXP,T2_SUPERFAST,13,TS-DEL-MAS-12616-013,RKMP,RANI KAMALAPATI,Madhya Pradesh,MP,SB-MP,NDPM,NARMADAPURAM,Madhya Pradesh,MP,SB-MP,0,INTRA-SB-MP,SB-MP,INTERMEDIATE_HALT,03:35,04:28,68.0,775.0,2
509,Delhi → Chennai,DEL-MAS,12616,GRAND TRUNK EXP,T2_SUPERFAST,14,TS-DEL-MAS-12616-014,NDPM,NARMADAPURAM,Madhya Pradesh,MP,SB-MP,ET,ITARSI JN,Madhya Pradesh,MP,SB-MP,0,INTRA-SB-MP,SB-MP,INTERMEDIATE_HALT,04:30,05:15,17.0,792.0,2
510,Delhi → Chennai,DEL-MAS,12616,GRAND TRUNK EXP,T2_SUPERFAST,15,TS-DEL-MAS-12616-015,ET,ITARSI JN,Madhya Pradesh,MP,SB-MP,GDYA,GHORADONGRI,Madhya Pradesh,MP,SB-MP,0,INTRA-SB-MP,SB-MP,INTERMEDIATE_HALT,05:25,06:35,71.0,863.0,2
511,Delhi → Chennai,DEL-MAS,12616,GRAND TRUNK EXP,T2_SUPERFAST,16,TS-DEL-MAS-12616-016,GDYA,GHORADONGRI,Madhya Pradesh,MP,SB-MP,BZU,BETUL,Madhya Pradesh,MP,SB-MP,0,INTRA-SB-MP,SB-MP,INTERMEDIATE_HALT,06:36,07:08,36.0,899.0,2
512,Delhi → Chennai,DEL-MAS,12616,GRAND TRUNK EXP,T2_SUPERFAST,17,TS-DEL-MAS-12616-017,BZU,BETUL,Madhya Pradesh,MP,SB-MP,AMLA,AMLA JN,Madhya Pradesh,MP,SB-MP,0,INTRA-SB-MP,SB-MP,INTERMEDIATE_HALT,07:10,07:38,23.0,922.0,2
513,Delhi → Chennai,DEL-MAS,12616,GRAND TRUNK EXP,T2_SUPERFAST,18,TS-DEL-MAS-12616-018,AMLA,AMLA JN,Madhya Pradesh,MP,SB-MP,PAR,PANDHURNA,Madhya Pradesh,MP,SB-MP,0,INTRA-SB-MP,SB-MP,INTERMEDIATE_HALT,07:40,08:40,63.0,985.0,2
514,Delhi → Chennai,DEL-MAS,12616,GRAND TRUNK EXP,T2_SUPERFAST,19,TS-DEL-MAS-12616-019,PAR,PANDHURNA,Madhya Pradesh,MP,SB-MP,NRKR,NARKHER,Maharashtra,MH,SB-MH,1,SB-MP->SB-MH,SB-XING-MP-MH,INTERMEDIATE_HALT,08:41,08:54,19.0,1004.0,2
515,Delhi → Chennai,DEL-MAS,12616,GRAND TRUNK EXP,T2_SUPERFAST,20,TS-DEL-MAS-12616-020,NRKR,NARKHER,Maharashtra,MH,SB-MH,NGP,NAGPUR JN,Maharashtra,MH,SB-MH,0,INTRA-SB-MH,SB-MH,INTERMEDIATE_HALT,08:55,10:15,84.0,1088.0,2
516,Delhi → Chennai,DEL-MAS,12616,GRAND TRUNK EXP,T2_SUPERFAST,21,TS-DEL-MAS-12616-021,NGP,NAGPUR JN,Maharashtra,MH,SB-MH,SEGM,SEVAGRAM,Maharashtra,MH,SB-MH,0,INTRA-SB-MH,SB-MH,INTERMEDIATE_HALT,10:20,11:16,76.0,1164.0,2
517,Delhi → Chennai,DEL-MAS,12616,GRAND TRUNK EXP,T2_SUPERFAST,22,TS-DEL-MAS-12616-022,SEGM,SEVAGRAM,Maharashtra,MH,SB-MH,HGT,HINGANGHAT,Maharashtra,MH,SB-MH,0,INTRA-SB-MH,SB-MH,INTERMEDIATE_HALT,11:18,11:44,33.0,1197.0,2
518,Delhi → Chennai,DEL-MAS,12616,GRAND TRUNK EXP,T2_SUPERFAST,23,TS-DEL-MAS-12616-023,HGT,HINGANGHAT,Maharashtra,MH,SB-MH,CD,CHANDRAPUR,Maharashtra,MH,SB-MH,0,INTRA-SB-MH,SB-MH,INTERMEDIATE_HALT,11:45,13:08,86.0,1283.0,2
519,Delhi → Chennai,DEL-MAS,12616,GRAND TRUNK EXP,T2_SUPERFAST,24,TS-DEL-MAS-12616-024,CD,CHANDRAPUR,Maharashtra,MH,SB-MH,BPQ,BALHARSHAH,Maharashtra,MH,SB-MH,0,INTRA-SB-MH,SB-MH,INTERMEDIATE_HALT,13:10,14:20,13.0,1296.0,2
520,Delhi → Chennai,DEL-MAS,12616,GRAND TRUNK EXP,T2_SUPERFAST,25,TS-DEL-MAS-12616-025,BPQ,BALHARSHAH,Maharashtra,MH,SB-MH,SKZR,SIRPUR KAGHAZNAGAR,Telangana,TS,SB-TS,1,SB-MH->SB-TS,SB-XING-MH-TS,INTERMEDIATE_HALT,14:25,15:19,70.0,1366.0,2
521,Delhi → Chennai,DEL-MAS,12616,GRAND TRUNK EXP,T2_SUPERFAST,26,TS-DEL-MAS-12616-026,SKZR,SIRPUR KAGHAZNAGAR,Telangana,TS,SB-TS,BPA,BELAMPALLI,Telangana,TS,SB-TS,0,INTRA-SB-TS,SB-TS,INTERMEDIATE_HALT,15:20,15:44,39.0,1405.0,2
522,Delhi → Chennai,DEL-MAS,12616,GRAND TRUNK EXP,T2_SUPERFAST,27,TS-DEL-MAS-12616-027,BPA,BELAMPALLI,Telangana,TS,SB-TS,MCI,MANCHERAL,Telangana,TS,SB-TS,0,INTRA-SB-TS,SB-TS,INTERMEDIATE_HALT,15:45,15:59,20.0,1425.0,2
523,Delhi → Chennai,DEL-MAS,12616,GRAND TRUNK EXP,T2_SUPERFAST,28,TS-DEL-MAS-12616-028,MCI,MANCHERAL,Telangana,TS,SB-TS,RDM,RAMGUNDAM,Telangana,TS,SB-TS,0,INTRA-SB-TS,SB-TS,INTERMEDIATE_HALT,16:00,16:09,14.0,1439.0,2
524,Delhi → Chennai,DEL-MAS,12616,GRAND TRUNK EXP,T2_SUPERFAST,29,TS-DEL-MAS-12616-029,RDM,RAMGUNDAM,Telangana,TS,SB-TS,WL,WARANGAL,Telangana,TS,SB-TS,0,INTRA-SB-TS,SB-TS,INTERMEDIATE_HALT,16:10,17:48,103.0,1542.0,2
525,Delhi → Chennai,DEL-MAS,12616,GRAND TRUNK EXP,T2_SUPERFAST,30,TS-DEL-MAS-12616-030,WL,WARANGAL,Telangana,TS,SB-TS,KMT,KHAMMAM,Telangana,TS,SB-TS,0,INTRA-SB-TS,SB-TS,INTERMEDIATE_HALT,17:50,19:19,106.0,1648.0,2
526,Delhi → Chennai,DEL-MAS,12616,GRAND TRUNK EXP,T2_SUPERFAST,31,TS-DEL-MAS-12616-031,KMT,KHAMMAM,Telangana,TS,SB-TS,BZA,VIJAYAWADA JN,Andhra Pradesh,AP,SB-AP,1,SB-TS->SB-AP,SB-XING-TS-AP,INTERMEDIATE_HALT,19:20,21:25,101.0,1749.0,2
527,Delhi → Chennai,DEL-MAS,12616,GRAND TRUNK EXP,T2_SUPERFAST,32,TS-DEL-MAS-12616-032,BZA,VIJAYAWADA JN,Andhra Pradesh,AP,SB-AP,TEL,TENALI JN,Andhra Pradesh,AP,SB-AP,0,INTRA-SB-AP,SB-AP,INTERMEDIATE_HALT,21:35,22:04,31.0,1780.0,2
528,Delhi → Chennai,DEL-MAS,12616,GRAND TRUNK EXP,T2_SUPERFAST,33,TS-DEL-MAS-12616-033,TEL,TENALI JN,Andhra Pradesh,AP,SB-AP,CLX,CHIRALA,Andhra Pradesh,AP,SB-AP,0,INTRA-SB-AP,SB-AP,INTERMEDIATE_HALT,22:05,22:59,58.0,1838.0,2
529,Delhi → Chennai,DEL-MAS,12616,GRAND TRUNK EXP,T2_SUPERFAST,34,TS-DEL-MAS-12616-034,CLX,CHIRALA,Andhra Pradesh,AP,SB-AP,OGL,ONGOLE,Andhra Pradesh,AP,SB-AP,0,INTRA-SB-AP,SB-AP,INTERMEDIATE_HALT,23:00,23:44,49.0,1887.0,2
530,Delhi → Chennai,DEL-MAS,12616,GRAND TRUNK EXP,T2_SUPERFAST,35,TS-DEL-MAS-12616-035,OGL,ONGOLE,Andhra Pradesh,AP,SB-AP,NLR,NELLORE,Andhra Pradesh,AP,SB-AP,0,INTRA-SB-AP,SB-AP,INTERMEDIATE_HALT,23:45,01:14,116.0,2003.0,3
531,Delhi → Chennai,DEL-MAS,12616,GRAND TRUNK EXP,T2_SUPERFAST,36,TS-DEL-MAS-12616-036,NLR,NELLORE,Andhra Pradesh,AP,SB-AP,GDR,GUDUR JN,Andhra Pradesh,AP,SB-AP,0,INTRA-SB-AP,SB-AP,INTERMEDIATE_HALT,01:15,02:03,39.0,2042.0,3
532,Delhi → Chennai,DEL-MAS,12616,GRAND TRUNK EXP,T2_SUPERFAST,37,TS-DEL-MAS-12616-037,GDR,GUDUR JN,Andhra Pradesh,AP,SB-AP,MAS,PURATCHI THALAIVAR DR. MGR CTL,Tamil Nadu,TN,SB-TN,1,SB-AP->SB-TN,SB-XING-AP-TN,HALTN_TO_DESTINATION,02:05,04:40,135.0,2177.0,3
533,Delhi → Chennai,DEL-MAS,12622,TAMILNADU SF EXP,T2_SUPERFAST,1,TS-DEL-MAS-12622-001,NDLS,NEW DELHI,Delhi,DL,SB-DL,AGC,AGRA CANTT JN,Uttar Pradesh,UP,SB-UP,1,SB-DL->SB-UP,SB-XING-DL-UP,SOURCE_TO_HALT1,21:05,23:25,194.0,194.0,1
534,Delhi → Chennai,DEL-MAS,12622,TAMILNADU SF EXP,T2_SUPERFAST,2,TS-DEL-MAS-12622-002,AGC,AGRA CANTT JN,Uttar Pradesh,UP,SB-UP,GWL,GWALIOR JN,Madhya Pradesh,MP,SB-MP,1,SB-UP->SB-MP,SB-XING-UP-MP,INTERMEDIATE_HALT,23:27,01:13,118.0,312.0,2
535,Delhi → Chennai,DEL-MAS,12622,TAMILNADU SF EXP,T2_SUPERFAST,3,TS-DEL-MAS-12622-003,GWL,GWALIOR JN,Madhya Pradesh,MP,SB-MP,VGLJ,VIRANGANA LAKSHMIBAI JHANSI JN,Uttar Pradesh,UP,SB-UP,1,SB-MP->SB-UP,SB-XING-MP-UP,INTERMEDIATE_HALT,01:15,02:30,99.0,411.0,2
536,Delhi → Chennai,DEL-MAS,12622,TAMILNADU SF EXP,T2_SUPERFAST,4,TS-DEL-MAS-12622-004,VGLJ,VIRANGANA LAKSHMIBAI JHANSI JN,Uttar Pradesh,UP,SB-UP,BPL,BHOPAL JN,Madhya Pradesh,MP,SB-MP,1,SB-UP->SB-MP,SB-XING-UP-MP,INTERMEDIATE_HALT,02:38,06:45,290.0,701.0,2
537,Delhi → Chennai,DEL-MAS,12622,TAMILNADU SF EXP,T2_SUPERFAST,5,TS-DEL-MAS-12622-005,BPL,BHOPAL JN,Madhya Pradesh,MP,SB-MP,ET,ITARSI JN,Madhya Pradesh,MP,SB-MP,0,INTRA-SB-MP,SB-MP,INTERMEDIATE_HALT,06:50,08:35,91.0,792.0,2
538,Delhi → Chennai,DEL-MAS,12622,TAMILNADU SF EXP,T2_SUPERFAST,6,TS-DEL-MAS-12622-006,ET,ITARSI JN,Madhya Pradesh,MP,SB-MP,NGP,NAGPUR JN,Maharashtra,MH,SB-MH,1,SB-MP->SB-MH,SB-XING-MP-MH,INTERMEDIATE_HALT,08:40,13:05,296.0,1088.0,2
539,Delhi → Chennai,DEL-MAS,12622,TAMILNADU SF EXP,T2_SUPERFAST,7,TS-DEL-MAS-12622-007,NGP,NAGPUR JN,Maharashtra,MH,SB-MH,BPQ,BALHARSHAH,Maharashtra,MH,SB-MH,0,INTRA-SB-MH,SB-MH,INTERMEDIATE_HALT,13:10,16:20,208.0,1296.0,2
540,Delhi → Chennai,DEL-MAS,12622,TAMILNADU SF EXP,T2_SUPERFAST,8,TS-DEL-MAS-12622-008,BPQ,BALHARSHAH,Maharashtra,MH,SB-MH,WL,WARANGAL,Telangana,TS,SB-TS,1,SB-MH->SB-TS,SB-XING-MH-TS,INTERMEDIATE_HALT,16:25,19:48,246.0,1542.0,2
541,Delhi → Chennai,DEL-MAS,12622,TAMILNADU SF EXP,T2_SUPERFAST,9,TS-DEL-MAS-12622-009,WL,WARANGAL,Telangana,TS,SB-TS,KMT,KHAMMAM,Telangana,TS,SB-TS,0,INTRA-SB-TS,SB-TS,INTERMEDIATE_HALT,19:50,20:59,108.0,1650.0,2
542,Delhi → Chennai,DEL-MAS,12622,TAMILNADU SF EXP,T2_SUPERFAST,10,TS-DEL-MAS-12622-010,KMT,KHAMMAM,Telangana,TS,SB-TS,BZA,VIJAYAWADA JN,Andhra Pradesh,AP,SB-AP,1,SB-TS->SB-AP,SB-XING-TS-AP,INTERMEDIATE_HALT,21:00,23:00,101.0,1751.0,2
543,Delhi → Chennai,DEL-MAS,12622,TAMILNADU SF EXP,T2_SUPERFAST,11,TS-DEL-MAS-12622-011,BZA,VIJAYAWADA JN,Andhra Pradesh,AP,SB-AP,MAS,PURATCHI THALAIVAR DR. MGR CTL,Tamil Nadu,TN,SB-TN,1,SB-AP->SB-TN,SB-XING-AP-TN,HALTN_TO_DESTINATION,23:10,06:35,428.0,2179.0,3
544,Delhi → Chennai,DEL-MAS,12269,MAS NZM DURONTO,T1_PREMIUM,1,TS-DEL-MAS-12269-001,MAS,PURATCHI THALAIVAR DR. MGR CTL,Tamil Nadu,TN,SB-TN,BZA,VIJAYAWADA JN,Andhra Pradesh,AP,SB-AP,1,SB-TN->SB-AP,SB-XING-TN-AP,SOURCE_TO_HALT1,06:35,12:10,428.0,428.0,1
545,Delhi → Chennai,DEL-MAS,12269,MAS NZM DURONTO,T1_PREMIUM,2,TS-DEL-MAS-12269-002,BZA,VIJAYAWADA JN,Andhra Pradesh,AP,SB-AP,BPQ,BALHARSHAH,Maharashtra,MH,SB-MH,1,SB-AP->SB-MH,SB-XING-AP-MH,INTERMEDIATE_HALT,12:20,17:55,452.0,880.0,1
546,Delhi → Chennai,DEL-MAS,12269,MAS NZM DURONTO,T1_PREMIUM,3,TS-DEL-MAS-12269-003,BPQ,BALHARSHAH,Maharashtra,MH,SB-MH,NGP,NAGPUR JN,Maharashtra,MH,SB-MH,0,INTRA-SB-MH,SB-MH,INTERMEDIATE_HALT,18:00,20:40,209.0,1089.0,1
547,Delhi → Chennai,DEL-MAS,12269,MAS NZM DURONTO,T1_PREMIUM,4,TS-DEL-MAS-12269-004,NGP,NAGPUR JN,Maharashtra,MH,SB-MH,RKMP,RANI KAMALAPATI,Madhya Pradesh,MP,SB-MP,1,SB-MH->SB-MP,SB-XING-MH-MP,INTERMEDIATE_HALT,20:45,02:04,381.0,1470.0,2
548,Delhi → Chennai,DEL-MAS,12269,MAS NZM DURONTO,T1_PREMIUM,5,TS-DEL-MAS-12269-005,RKMP,RANI KAMALAPATI,Madhya Pradesh,MP,SB-MP,VGLJ,VIRANGANA LAKSHMIBAI JHANSI JN,Uttar Pradesh,UP,SB-UP,1,SB-MP->SB-UP,SB-XING-MP-UP,INTERMEDIATE_HALT,02:12,05:30,296.0,1766.0,2
549,Delhi → Chennai,DEL-MAS,12269,MAS NZM DURONTO,T1_PREMIUM,6,TS-DEL-MAS-12269-006,VGLJ,VIRANGANA LAKSHMIBAI JHANSI JN,Uttar Pradesh,UP,SB-UP,GWL,GWALIOR JN,Madhya Pradesh,MP,SB-MP,1,SB-UP->SB-MP,SB-XING-UP-MP,INTERMEDIATE_HALT,05:35,06:33,98.0,1864.0,2
550,Delhi → Chennai,DEL-MAS,12269,MAS NZM DURONTO,T1_PREMIUM,7,TS-DEL-MAS-12269-007,GWL,GWALIOR JN,Madhya Pradesh,MP,SB-MP,NZM,HAZRAT NIZAMUDDIN JN,Delhi,DL,SB-DL,1,SB-MP->SB-DL,SB-XING-MP-DL,HALTN_TO_DESTINATION,06:35,10:40,305.0,2169.0,2
551,Delhi → Chennai,DEL-MAS,12433,MAS NZM RAJDHANI,T1_PREMIUM,1,TS-DEL-MAS-12433-001,MAS,PURATCHI THALAIVAR DR. MGR CTL,Tamil Nadu,TN,SB-TN,BZA,VIJAYAWADA JN,Andhra Pradesh,AP,SB-AP,1,SB-TN->SB-AP,SB-XING-TN-AP,SOURCE_TO_HALT1,06:05,11:30,428.0,428.0,1
552,Delhi → Chennai,DEL-MAS,12433,MAS NZM RAJDHANI,T1_PREMIUM,2,TS-DEL-MAS-12433-002,BZA,VIJAYAWADA JN,Andhra Pradesh,AP,SB-AP,WL,WARANGAL,Telangana,TS,SB-TS,1,SB-AP->SB-TS,SB-XING-AP-TS,INTERMEDIATE_HALT,11:40,14:18,207.0,635.0,1
553,Delhi → Chennai,DEL-MAS,12433,MAS NZM RAJDHANI,T1_PREMIUM,3,TS-DEL-MAS-12433-003,WL,WARANGAL,Telangana,TS,SB-TS,BPQ,BALHARSHAH,Maharashtra,MH,SB-MH,1,SB-TS->SB-MH,SB-XING-TS-MH,INTERMEDIATE_HALT,14:20,17:40,245.0,880.0,1
554,Delhi → Chennai,DEL-MAS,12433,MAS NZM RAJDHANI,T1_PREMIUM,4,TS-DEL-MAS-12433-004,BPQ,BALHARSHAH,Maharashtra,MH,SB-MH,NGP,NAGPUR JN,Maharashtra,MH,SB-MH,0,INTRA-SB-MH,SB-MH,INTERMEDIATE_HALT,17:45,20:25,209.0,1089.0,1
555,Delhi → Chennai,DEL-MAS,12433,MAS NZM RAJDHANI,T1_PREMIUM,5,TS-DEL-MAS-12433-005,NGP,NAGPUR JN,Maharashtra,MH,SB-MH,BPL,BHOPAL JN,Madhya Pradesh,MP,SB-MP,1,SB-MH->SB-MP,SB-XING-MH-MP,INTERMEDIATE_HALT,20:30,02:05,387.0,1476.0,2
556,Delhi → Chennai,DEL-MAS,12433,MAS NZM RAJDHANI,T1_PREMIUM,6,TS-DEL-MAS-12433-006,BPL,BHOPAL JN,Madhya Pradesh,MP,SB-MP,VGLJ,VIRANGANA LAKSHMIBAI JHANSI JN,Uttar Pradesh,UP,SB-UP,1,SB-MP->SB-UP,SB-XING-MP-UP,INTERMEDIATE_HALT,02:15,05:20,290.0,1766.0,2
557,Delhi → Chennai,DEL-MAS,12433,MAS NZM RAJDHANI,T1_PREMIUM,7,TS-DEL-MAS-12433-007,VGLJ,VIRANGANA LAKSHMIBAI JHANSI JN,Uttar Pradesh,UP,SB-UP,GWL,GWALIOR JN,Madhya Pradesh,MP,SB-MP,1,SB-UP->SB-MP,SB-XING-UP-MP,INTERMEDIATE_HALT,05:25,06:23,98.0,1864.0,2
558,Delhi → Chennai,DEL-MAS,12433,MAS NZM RAJDHANI,T1_PREMIUM,8,TS-DEL-MAS-12433-008,GWL,GWALIOR JN,Madhya Pradesh,MP,SB-MP,AGC,AGRA CANTT JN,Uttar Pradesh,UP,SB-UP,1,SB-MP->SB-UP,SB-XING-MP-UP,INTERMEDIATE_HALT,06:25,07:50,118.0,1982.0,2
559,Delhi → Chennai,DEL-MAS,12433,MAS NZM RAJDHANI,T1_PREMIUM,9,TS-DEL-MAS-12433-009,AGC,AGRA CANTT JN,Uttar Pradesh,UP,SB-UP,NZM,HAZRAT NIZAMUDDIN JN,Delhi,DL,SB-DL,1,SB-UP->SB-DL,SB-XING-UP-DL,HALTN_TO_DESTINATION,07:52,10:30,187.0,2169.0,2
560,Delhi → Chennai,DEL-MAS,12611,NZM GARIB RATH,T3_EXPRESS_PASSENGER,1,TS-DEL-MAS-12611-001,MAS,PURATCHI THALAIVAR DR. MGR CTL,Tamil Nadu,TN,SB-TN,GDR,GUDUR JN,Andhra Pradesh,AP,SB-AP,1,SB-TN->SB-AP,SB-XING-TN-AP,SOURCE_TO_HALT1,06:00,07:39,135.0,135.0,1
561,Delhi → Chennai,DEL-MAS,12611,NZM GARIB RATH,T3_EXPRESS_PASSENGER,2,TS-DEL-MAS-12611-002,GDR,GUDUR JN,Andhra Pradesh,AP,SB-AP,OGL,ONGOLE,Andhra Pradesh,AP,SB-AP,0,INTRA-SB-AP,SB-AP,INTERMEDIATE_HALT,07:40,09:29,155.0,290.0,1
562,Delhi → Chennai,DEL-MAS,12611,NZM GARIB RATH,T3_EXPRESS_PASSENGER,3,TS-DEL-MAS-12611-003,OGL,ONGOLE,Andhra Pradesh,AP,SB-AP,BZA,VIJAYAWADA JN,Andhra Pradesh,AP,SB-AP,0,INTRA-SB-AP,SB-AP,INTERMEDIATE_HALT,09:30,11:30,138.0,428.0,1
563,Delhi → Chennai,DEL-MAS,12611,NZM GARIB RATH,T3_EXPRESS_PASSENGER,4,TS-DEL-MAS-12611-004,BZA,VIJAYAWADA JN,Andhra Pradesh,AP,SB-AP,WL,WARANGAL,Telangana,TS,SB-TS,1,SB-AP->SB-TS,SB-XING-AP-TS,INTERMEDIATE_HALT,11:40,14:18,207.0,635.0,1
564,Delhi → Chennai,DEL-MAS,12611,NZM GARIB RATH,T3_EXPRESS_PASSENGER,5,TS-DEL-MAS-12611-005,WL,WARANGAL,Telangana,TS,SB-TS,BPQ,BALHARSHAH,Maharashtra,MH,SB-MH,1,SB-TS->SB-MH,SB-XING-TS-MH,INTERMEDIATE_HALT,14:20,17:40,245.0,880.0,1
565,Delhi → Chennai,DEL-MAS,12611,NZM GARIB RATH,T3_EXPRESS_PASSENGER,6,TS-DEL-MAS-12611-006,BPQ,BALHARSHAH,Maharashtra,MH,SB-MH,NGP,NAGPUR JN,Maharashtra,MH,SB-MH,0,INTRA-SB-MH,SB-MH,INTERMEDIATE_HALT,17:45,20:25,209.0,1089.0,1
566,Delhi → Chennai,DEL-MAS,12611,NZM GARIB RATH,T3_EXPRESS_PASSENGER,7,TS-DEL-MAS-12611-007,NGP,NAGPUR JN,Maharashtra,MH,SB-MH,BPL,BHOPAL JN,Madhya Pradesh,MP,SB-MP,1,SB-MH->SB-MP,SB-XING-MH-MP,INTERMEDIATE_HALT,20:30,02:05,387.0,1476.0,2
567,Delhi → Chennai,DEL-MAS,12611,NZM GARIB RATH,T3_EXPRESS_PASSENGER,8,TS-DEL-MAS-12611-008,BPL,BHOPAL JN,Madhya Pradesh,MP,SB-MP,VGLJ,VIRANGANA LAKSHMIBAI JHANSI JN,Uttar Pradesh,UP,SB-UP,1,SB-MP->SB-UP,SB-XING-MP-UP,INTERMEDIATE_HALT,02:15,05:20,290.0,1766.0,2
568,Delhi → Chennai,DEL-MAS,12611,NZM GARIB RATH,T3_EXPRESS_PASSENGER,9,TS-DEL-MAS-12611-009,VGLJ,VIRANGANA LAKSHMIBAI JHANSI JN,Uttar Pradesh,UP,SB-UP,GWL,GWALIOR JN,Madhya Pradesh,MP,SB-MP,1,SB-UP->SB-MP,SB-XING-UP-MP,INTERMEDIATE_HALT,05:25,06:23,98.0,1864.0,2
569,Delhi → Chennai,DEL-MAS,12611,NZM GARIB RATH,T3_EXPRESS_PASSENGER,10,TS-DEL-MAS-12611-010,GWL,GWALIOR JN,Madhya Pradesh,MP,SB-MP,AGC,AGRA CANTT JN,Uttar Pradesh,UP,SB-UP,1,SB-MP->SB-UP,SB-XING-MP-UP,INTERMEDIATE_HALT,06:25,07:50,118.0,1982.0,2
570,Delhi → Chennai,DEL-MAS,12611,NZM GARIB RATH,T3_EXPRESS_PASSENGER,11,TS-DEL-MAS-12611-011,AGC,AGRA CANTT JN,Uttar Pradesh,UP,SB-UP,NZM,HAZRAT NIZAMUDDIN JN,Delhi,DL,SB-DL,1,SB-UP->SB-DL,SB-XING-UP-DL,HALTN_TO_DESTINATION,07:52,10:30,187.0,2169.0,2
571,Delhi → Chennai,DEL-MAS,12615,GRAND TRUNK EXP,T2_SUPERFAST,1,TS-DEL-MAS-12615-001,MAS,PURATCHI THALAIVAR DR. MGR CTL,Tamil Nadu,TN,SB-TN,GDR,GUDUR JN,Andhra Pradesh,AP,SB-AP,1,SB-TN->SB-AP,SB-XING-TN-AP,SOURCE_TO_HALT1,18:15,20:28,135.0,135.0,1
572,Delhi → Chennai,DEL-MAS,12615,GRAND TRUNK EXP,T2_SUPERFAST,2,TS-DEL-MAS-12615-002,GDR,GUDUR JN,Andhra Pradesh,AP,SB-AP,NLR,NELLORE,Andhra Pradesh,AP,SB-AP,0,INTRA-SB-AP,SB-AP,INTERMEDIATE_HALT,20:30,20:58,39.0,174.0,1
573,Delhi → Chennai,DEL-MAS,12615,GRAND TRUNK EXP,T2_SUPERFAST,3,TS-DEL-MAS-12615-003,NLR,NELLORE,Andhra Pradesh,AP,SB-AP,OGL,ONGOLE,Andhra Pradesh,AP,SB-AP,0,INTRA-SB-AP,SB-AP,INTERMEDIATE_HALT,21:00,22:28,116.0,290.0,1
574,Delhi → Chennai,DEL-MAS,12615,GRAND TRUNK EXP,T2_SUPERFAST,4,TS-DEL-MAS-12615-004,OGL,ONGOLE,Andhra Pradesh,AP,SB-AP,CLX,CHIRALA,Andhra Pradesh,AP,SB-AP,0,INTRA-SB-AP,SB-AP,INTERMEDIATE_HALT,22:30,23:13,49.0,339.0,1
575,Delhi → Chennai,DEL-MAS,12615,GRAND TRUNK EXP,T2_SUPERFAST,5,TS-DEL-MAS-12615-005,CLX,CHIRALA,Andhra Pradesh,AP,SB-AP,TEL,TENALI JN,Andhra Pradesh,AP,SB-AP,0,INTRA-SB-AP,SB-AP,INTERMEDIATE_HALT,23:15,00:08,58.0,397.0,2
576,Delhi → Chennai,DEL-MAS,12615,GRAND TRUNK EXP,T2_SUPERFAST,6,TS-DEL-MAS-12615-006,TEL,TENALI JN,Andhra Pradesh,AP,SB-AP,BZA,VIJAYAWADA JN,Andhra Pradesh,AP,SB-AP,0,INTRA-SB-AP,SB-AP,INTERMEDIATE_HALT,00:10,00:45,31.0,428.0,2
577,Delhi → Chennai,DEL-MAS,12615,GRAND TRUNK EXP,T2_SUPERFAST,7,TS-DEL-MAS-12615-007,BZA,VIJAYAWADA JN,Andhra Pradesh,AP,SB-AP,KMT,KHAMMAM,Telangana,TS,SB-TS,1,SB-AP->SB-TS,SB-XING-AP-TS,INTERMEDIATE_HALT,00:55,02:29,101.0,529.0,2
578,Delhi → Chennai,DEL-MAS,12615,GRAND TRUNK EXP,T2_SUPERFAST,8,TS-DEL-MAS-12615-008,KMT,KHAMMAM,Telangana,TS,SB-TS,WL,WARANGAL,Telangana,TS,SB-TS,0,INTRA-SB-TS,SB-TS,INTERMEDIATE_HALT,02:30,03:58,106.0,635.0,2
579,Delhi → Chennai,DEL-MAS,12615,GRAND TRUNK EXP,T2_SUPERFAST,9,TS-DEL-MAS-12615-009,WL,WARANGAL,Telangana,TS,SB-TS,RDM,RAMGUNDAM,Telangana,TS,SB-TS,0,INTRA-SB-TS,SB-TS,INTERMEDIATE_HALT,04:00,05:29,103.0,738.0,2
580,Delhi → Chennai,DEL-MAS,12615,GRAND TRUNK EXP,T2_SUPERFAST,10,TS-DEL-MAS-12615-010,RDM,RAMGUNDAM,Telangana,TS,SB-TS,MCI,MANCHERAL,Telangana,TS,SB-TS,0,INTRA-SB-TS,SB-TS,INTERMEDIATE_HALT,05:30,05:49,14.0,752.0,2
581,Delhi → Chennai,DEL-MAS,12615,GRAND TRUNK EXP,T2_SUPERFAST,11,TS-DEL-MAS-12615-011,MCI,MANCHERAL,Telangana,TS,SB-TS,SKZR,SIRPUR KAGHAZNAGAR,Telangana,TS,SB-TS,0,INTRA-SB-TS,SB-TS,INTERMEDIATE_HALT,05:50,06:44,59.0,811.0,2
582,Delhi → Chennai,DEL-MAS,12615,GRAND TRUNK EXP,T2_SUPERFAST,12,TS-DEL-MAS-12615-012,SKZR,SIRPUR KAGHAZNAGAR,Telangana,TS,SB-TS,BPQ,BALHARSHAH,Maharashtra,MH,SB-MH,1,SB-TS->SB-MH,SB-XING-TS-MH,INTERMEDIATE_HALT,06:45,08:05,69.0,880.0,2
583,Delhi → Chennai,DEL-MAS,12615,GRAND TRUNK EXP,T2_SUPERFAST,13,TS-DEL-MAS-12615-013,BPQ,BALHARSHAH,Maharashtra,MH,SB-MH,CD,CHANDRAPUR,Maharashtra,MH,SB-MH,0,INTRA-SB-MH,SB-MH,INTERMEDIATE_HALT,08:10,08:25,14.0,894.0,2
584,Delhi → Chennai,DEL-MAS,12615,GRAND TRUNK EXP,T2_SUPERFAST,14,TS-DEL-MAS-12615-014,CD,CHANDRAPUR,Maharashtra,MH,SB-MH,HGT,HINGANGHAT,Maharashtra,MH,SB-MH,0,INTRA-SB-MH,SB-MH,INTERMEDIATE_HALT,08:27,09:29,86.0,980.0,2
585,Delhi → Chennai,DEL-MAS,12615,GRAND TRUNK EXP,T2_SUPERFAST,15,TS-DEL-MAS-12615-015,HGT,HINGANGHAT,Maharashtra,MH,SB-MH,SEGM,SEVAGRAM,Maharashtra,MH,SB-MH,0,INTRA-SB-MH,SB-MH,INTERMEDIATE_HALT,09:30,10:03,33.0,1013.0,2
586,Delhi → Chennai,DEL-MAS,12615,GRAND TRUNK EXP,T2_SUPERFAST,16,TS-DEL-MAS-12615-016,SEGM,SEVAGRAM,Maharashtra,MH,SB-MH,NGP,NAGPUR JN,Maharashtra,MH,SB-MH,0,INTRA-SB-MH,SB-MH,INTERMEDIATE_HALT,10:05,11:25,76.0,1089.0,2
587,Delhi → Chennai,DEL-MAS,12615,GRAND TRUNK EXP,T2_SUPERFAST,17,TS-DEL-MAS-12615-017,NGP,NAGPUR JN,Maharashtra,MH,SB-MH,NRKR,NARKHER,Maharashtra,MH,SB-MH,0,INTRA-SB-MH,SB-MH,INTERMEDIATE_HALT,11:30,12:33,84.0,1173.0,2
588,Delhi → Chennai,DEL-MAS,12615,GRAND TRUNK EXP,T2_SUPERFAST,18,TS-DEL-MAS-12615-018,NRKR,NARKHER,Maharashtra,MH,SB-MH,PAR,PANDHURNA,Madhya Pradesh,MP,SB-MP,1,SB-MH->SB-MP,SB-XING-MH-MP,INTERMEDIATE_HALT,12:34,12:49,18.0,1191.0,2
589,Delhi → Chennai,DEL-MAS,12615,GRAND TRUNK EXP,T2_SUPERFAST,19,TS-DEL-MAS-12615-019,PAR,PANDHURNA,Madhya Pradesh,MP,SB-MP,AMLA,AMLA JN,Madhya Pradesh,MP,SB-MP,0,INTRA-SB-MP,SB-MP,INTERMEDIATE_HALT,12:50,13:48,64.0,1255.0,2
590,Delhi → Chennai,DEL-MAS,12615,GRAND TRUNK EXP,T2_SUPERFAST,20,TS-DEL-MAS-12615-020,AMLA,AMLA JN,Madhya Pradesh,MP,SB-MP,BZU,BETUL,Madhya Pradesh,MP,SB-MP,0,INTRA-SB-MP,SB-MP,INTERMEDIATE_HALT,13:50,14:08,23.0,1278.0,2
591,Delhi → Chennai,DEL-MAS,12615,GRAND TRUNK EXP,T2_SUPERFAST,21,TS-DEL-MAS-12615-021,BZU,BETUL,Madhya Pradesh,MP,SB-MP,GDYA,GHORADONGRI,Madhya Pradesh,MP,SB-MP,0,INTRA-SB-MP,SB-MP,INTERMEDIATE_HALT,14:10,14:49,36.0,1314.0,2
592,Delhi → Chennai,DEL-MAS,12615,GRAND TRUNK EXP,T2_SUPERFAST,22,TS-DEL-MAS-12615-022,GDYA,GHORADONGRI,Madhya Pradesh,MP,SB-MP,ET,ITARSI JN,Madhya Pradesh,MP,SB-MP,0,INTRA-SB-MP,SB-MP,INTERMEDIATE_HALT,14:50,16:40,71.0,1385.0,2
593,Delhi → Chennai,DEL-MAS,12615,GRAND TRUNK EXP,T2_SUPERFAST,23,TS-DEL-MAS-12615-023,ET,ITARSI JN,Madhya Pradesh,MP,SB-MP,NDPM,NARMADAPURAM,Madhya Pradesh,MP,SB-MP,0,INTRA-SB-MP,SB-MP,INTERMEDIATE_HALT,16:50,17:08,17.0,1402.0,2
594,Delhi → Chennai,DEL-MAS,12615,GRAND TRUNK EXP,T2_SUPERFAST,24,TS-DEL-MAS-12615-024,NDPM,NARMADAPURAM,Madhya Pradesh,MP,SB-MP,RKMP,RANI KAMALAPATI,Madhya Pradesh,MP,SB-MP,0,INTRA-SB-MP,SB-MP,INTERMEDIATE_HALT,17:10,18:18,68.0,1470.0,2
595,Delhi → Chennai,DEL-MAS,12615,GRAND TRUNK EXP,T2_SUPERFAST,25,TS-DEL-MAS-12615-025,RKMP,RANI KAMALAPATI,Madhya Pradesh,MP,SB-MP,BPL,BHOPAL JN,Madhya Pradesh,MP,SB-MP,0,INTRA-SB-MP,SB-MP,INTERMEDIATE_HALT,18:20,18:40,6.0,1476.0,2
596,Delhi → Chennai,DEL-MAS,12615,GRAND TRUNK EXP,T2_SUPERFAST,26,TS-DEL-MAS-12615-026,BPL,BHOPAL JN,Madhya Pradesh,MP,SB-MP,BHS,VIDISHA,Madhya Pradesh,MP,SB-MP,0,INTRA-SB-MP,SB-MP,INTERMEDIATE_HALT,18:45,19:20,54.0,1530.0,2
597,Delhi → Chennai,DEL-MAS,12615,GRAND TRUNK EXP,T2_SUPERFAST,27,TS-DEL-MAS-12615-027,BHS,VIDISHA,Madhya Pradesh,MP,SB-MP,BAQ,GANJ BASODA,Madhya Pradesh,MP,SB-MP,0,INTRA-SB-MP,SB-MP,INTERMEDIATE_HALT,19:22,19:53,39.0,1569.0,2
598,Delhi → Chennai,DEL-MAS,12615,GRAND TRUNK EXP,T2_SUPERFAST,28,TS-DEL-MAS-12615-028,BAQ,GANJ BASODA,Madhya Pradesh,MP,SB-MP,BINA,BINA JN,Madhya Pradesh,MP,SB-MP,0,INTRA-SB-MP,SB-MP,INTERMEDIATE_HALT,19:55,20:50,46.0,1615.0,2
599,Delhi → Chennai,DEL-MAS,12615,GRAND TRUNK EXP,T2_SUPERFAST,29,TS-DEL-MAS-12615-029,BINA,BINA JN,Madhya Pradesh,MP,SB-MP,VGLJ,VIRANGANA LAKSHMIBAI JHANSI JN,Uttar Pradesh,UP,SB-UP,1,SB-MP->SB-UP,SB-XING-MP-UP,INTERMEDIATE_HALT,20:55,22:50,151.0,1766.0,2
600,Delhi → Chennai,DEL-MAS,12615,GRAND TRUNK EXP,T2_SUPERFAST,30,TS-DEL-MAS-12615-030,VGLJ,VIRANGANA LAKSHMIBAI JHANSI JN,Uttar Pradesh,UP,SB-UP,GWL,GWALIOR JN,Madhya Pradesh,MP,SB-MP,1,SB-UP->SB-MP,SB-XING-UP-MP,INTERMEDIATE_HALT,22:55,23:55,99.0,1865.0,2
601,Delhi → Chennai,DEL-MAS,12615,GRAND TRUNK EXP,T2_SUPERFAST,31,TS-DEL-MAS-12615-031,GWL,GWALIOR JN,Madhya Pradesh,MP,SB-MP,MRA,MORENA,Madhya Pradesh,MP,SB-MP,0,INTRA-SB-MP,SB-MP,INTERMEDIATE_HALT,23:57,00:26,38.0,1903.0,3
602,Delhi → Chennai,DEL-MAS,12615,GRAND TRUNK EXP,T2_SUPERFAST,32,TS-DEL-MAS-12615-032,MRA,MORENA,Madhya Pradesh,MP,SB-MP,DHO,DHAULPUR,Rajasthan,RJ,SB-RJ,1,SB-MP->SB-RJ,SB-XING-MP-RJ,INTERMEDIATE_HALT,00:28,01:13,28.0,1931.0,3
603,Delhi → Chennai,DEL-MAS,12615,GRAND TRUNK EXP,T2_SUPERFAST,33,TS-DEL-MAS-12615-033,DHO,DHAULPUR,Rajasthan,RJ,SB-RJ,AGC,AGRA CANTT JN,Uttar Pradesh,UP,SB-UP,1,SB-RJ->SB-UP,SB-XING-RJ-UP,INTERMEDIATE_HALT,01:15,01:48,52.0,1983.0,3
604,Delhi → Chennai,DEL-MAS,12615,GRAND TRUNK EXP,T2_SUPERFAST,34,TS-DEL-MAS-12615-034,AGC,AGRA CANTT JN,Uttar Pradesh,UP,SB-UP,BFP,BILOCHPURA,Uttar Pradesh,UP,SB-UP,0,INTRA-SB-UP,SB-UP,INTERMEDIATE_HALT,01:53,02:05,5.0,1988.0,3
605,Delhi → Chennai,DEL-MAS,12615,GRAND TRUNK EXP,T2_SUPERFAST,35,TS-DEL-MAS-12615-035,BFP,BILOCHPURA,Uttar Pradesh,UP,SB-UP,MTJ,MATHURA JN,Uttar Pradesh,UP,SB-UP,0,INTRA-SB-UP,SB-UP,INTERMEDIATE_HALT,02:07,02:35,48.0,2036.0,3
606,Delhi → Chennai,DEL-MAS,12615,GRAND TRUNK EXP,T2_SUPERFAST,36,TS-DEL-MAS-12615-036,MTJ,MATHURA JN,Uttar Pradesh,UP,SB-UP,NZM,HAZRAT NIZAMUDDIN JN,Delhi,DL,SB-DL,1,SB-UP->SB-DL,SB-XING-UP-DL,INTERMEDIATE_HALT,02:40,04:40,134.0,2170.0,3
607,Delhi → Chennai,DEL-MAS,12615,GRAND TRUNK EXP,T2_SUPERFAST,37,TS-DEL-MAS-12615-037,NZM,HAZRAT NIZAMUDDIN JN,Delhi,DL,SB-DL,NDLS,NEW DELHI,Delhi,DL,SB-DL,0,INTRA-SB-DL,SB-DL,HALTN_TO_DESTINATION,04:42,05:10,7.0,2177.0,3
608,Delhi → Chennai,DEL-MAS,12621,TAMILNADU SF EXP,T2_SUPERFAST,1,TS-DEL-MAS-12621-001,MAS,PURATCHI THALAIVAR DR. MGR CTL,Tamil Nadu,TN,SB-TN,BZA,VIJAYAWADA JN,Andhra Pradesh,AP,SB-AP,1,SB-TN->SB-AP,SB-XING-TN-AP,SOURCE_TO_HALT1,22:00,03:40,428.0,428.0,2
609,Delhi → Chennai,DEL-MAS,12621,TAMILNADU SF EXP,T2_SUPERFAST,2,TS-DEL-MAS-12621-002,BZA,VIJAYAWADA JN,Andhra Pradesh,AP,SB-AP,KMT,KHAMMAM,Telangana,TS,SB-TS,1,SB-AP->SB-TS,SB-XING-AP-TS,INTERMEDIATE_HALT,03:50,05:19,101.0,529.0,2
610,Delhi → Chennai,DEL-MAS,12621,TAMILNADU SF EXP,T2_SUPERFAST,3,TS-DEL-MAS-12621-003,KMT,KHAMMAM,Telangana,TS,SB-TS,WL,WARANGAL,Telangana,TS,SB-TS,0,INTRA-SB-TS,SB-TS,INTERMEDIATE_HALT,05:20,06:53,106.0,635.0,2
611,Delhi → Chennai,DEL-MAS,12621,TAMILNADU SF EXP,T2_SUPERFAST,4,TS-DEL-MAS-12621-004,WL,WARANGAL,Telangana,TS,SB-TS,BPQ,BALHARSHAH,Maharashtra,MH,SB-MH,1,SB-TS->SB-MH,SB-XING-TS-MH,INTERMEDIATE_HALT,06:55,10:30,245.0,880.0,2
612,Delhi → Chennai,DEL-MAS,12621,TAMILNADU SF EXP,T2_SUPERFAST,5,TS-DEL-MAS-12621-005,BPQ,BALHARSHAH,Maharashtra,MH,SB-MH,NGP,NAGPUR JN,Maharashtra,MH,SB-MH,0,INTRA-SB-MH,SB-MH,INTERMEDIATE_HALT,10:35,13:45,209.0,1089.0,2
613,Delhi → Chennai,DEL-MAS,12621,TAMILNADU SF EXP,T2_SUPERFAST,6,TS-DEL-MAS-12621-006,NGP,NAGPUR JN,Maharashtra,MH,SB-MH,ET,ITARSI JN,Madhya Pradesh,MP,SB-MP,1,SB-MH->SB-MP,SB-XING-MH-MP,INTERMEDIATE_HALT,13:50,18:30,296.0,1385.0,2
614,Delhi → Chennai,DEL-MAS,12621,TAMILNADU SF EXP,T2_SUPERFAST,7,TS-DEL-MAS-12621-007,ET,ITARSI JN,Madhya Pradesh,MP,SB-MP,BPL,BHOPAL JN,Madhya Pradesh,MP,SB-MP,0,INTRA-SB-MP,SB-MP,INTERMEDIATE_HALT,18:35,20:10,91.0,1476.0,2
615,Delhi → Chennai,DEL-MAS,12621,TAMILNADU SF EXP,T2_SUPERFAST,8,TS-DEL-MAS-12621-008,BPL,BHOPAL JN,Madhya Pradesh,MP,SB-MP,VGLJ,VIRANGANA LAKSHMIBAI JHANSI JN,Uttar Pradesh,UP,SB-UP,1,SB-MP->SB-UP,SB-XING-MP-UP,INTERMEDIATE_HALT,20:20,00:26,290.0,1766.0,3
616,Delhi → Chennai,DEL-MAS,12621,TAMILNADU SF EXP,T2_SUPERFAST,9,TS-DEL-MAS-12621-009,VGLJ,VIRANGANA LAKSHMIBAI JHANSI JN,Uttar Pradesh,UP,SB-UP,GWL,GWALIOR JN,Madhya Pradesh,MP,SB-MP,1,SB-UP->SB-MP,SB-XING-UP-MP,INTERMEDIATE_HALT,00:31,01:32,99.0,1865.0,3
617,Delhi → Chennai,DEL-MAS,12621,TAMILNADU SF EXP,T2_SUPERFAST,10,TS-DEL-MAS-12621-010,GWL,GWALIOR JN,Madhya Pradesh,MP,SB-MP,AGC,AGRA CANTT JN,Uttar Pradesh,UP,SB-UP,1,SB-MP->SB-UP,SB-XING-MP-UP,INTERMEDIATE_HALT,01:34,03:05,118.0,1983.0,3
618,Delhi → Chennai,DEL-MAS,12621,TAMILNADU SF EXP,T2_SUPERFAST,11,TS-DEL-MAS-12621-011,AGC,AGRA CANTT JN,Uttar Pradesh,UP,SB-UP,NZM,HAZRAT NIZAMUDDIN JN,Delhi,DL,SB-DL,1,SB-UP->SB-DL,SB-XING-UP-DL,INTERMEDIATE_HALT,03:07,06:00,187.0,2170.0,3
619,Delhi → Chennai,DEL-MAS,12621,TAMILNADU SF EXP,T2_SUPERFAST,12,TS-DEL-MAS-12621-012,NZM,HAZRAT NIZAMUDDIN JN,Delhi,DL,SB-DL,NDLS,NEW DELHI,Delhi,DL,SB-DL,0,INTRA-SB-DL,SB-DL,HALTN_TO_DESTINATION,06:02,06:30,7.0,2177.0,3
620,Delhi → Chennai,DEL-MAS,12001,NDLS SHATABDI,T1_PREMIUM,1,TS-DEL-MAS-12001-001,RKMP,RANI KAMALAPATI,Madhya Pradesh,MP,SB-MP,BPL,BHOPAL JN,Madhya Pradesh,MP,SB-MP,0,INTRA-SB-MP,SB-MP,SOURCE_TO_HALT1,15:10,15:22,6.0,6.0,1
621,Delhi → Chennai,DEL-MAS,12001,NDLS SHATABDI,T1_PREMIUM,2,TS-DEL-MAS-12001-002,BPL,BHOPAL JN,Madhya Pradesh,MP,SB-MP,BINA,BINA JN,Madhya Pradesh,MP,SB-MP,0,INTRA-SB-MP,SB-MP,INTERMEDIATE_HALT,15:25,17:00,138.0,144.0,1
622,Delhi → Chennai,DEL-MAS,12001,NDLS SHATABDI,T1_PREMIUM,3,TS-DEL-MAS-12001-003,BINA,BINA JN,Madhya Pradesh,MP,SB-MP,LAR,LALITPUR,Uttar Pradesh,UP,SB-UP,1,SB-MP->SB-UP,SB-XING-MP-UP,INTERMEDIATE_HALT,17:02,17:35,63.0,207.0,1
623,Delhi → Chennai,DEL-MAS,12001,NDLS SHATABDI,T1_PREMIUM,4,TS-DEL-MAS-12001-004,LAR,LALITPUR,Uttar Pradesh,UP,SB-UP,VGLJ,VIRANGANA LAKSHMIBAI JHANSI JN,Uttar Pradesh,UP,SB-UP,0,INTRA-SB-UP,SB-UP,INTERMEDIATE_HALT,17:36,18:40,89.0,296.0,1
624,Delhi → Chennai,DEL-MAS,12001,NDLS SHATABDI,T1_PREMIUM,5,TS-DEL-MAS-12001-005,VGLJ,VIRANGANA LAKSHMIBAI JHANSI JN,Uttar Pradesh,UP,SB-UP,GWL,GWALIOR JN,Madhya Pradesh,MP,SB-MP,1,SB-UP->SB-MP,SB-XING-UP-MP,INTERMEDIATE_HALT,18:45,19:40,98.0,394.0,1
625,Delhi → Chennai,DEL-MAS,12001,NDLS SHATABDI,T1_PREMIUM,6,TS-DEL-MAS-12001-006,GWL,GWALIOR JN,Madhya Pradesh,MP,SB-MP,MRA,MORENA,Madhya Pradesh,MP,SB-MP,0,INTRA-SB-MP,SB-MP,INTERMEDIATE_HALT,19:45,20:10,39.0,433.0,1
626,Delhi → Chennai,DEL-MAS,12001,NDLS SHATABDI,T1_PREMIUM,7,TS-DEL-MAS-12001-007,MRA,MORENA,Madhya Pradesh,MP,SB-MP,DHO,DHAULPUR,Rajasthan,RJ,SB-RJ,1,SB-MP->SB-RJ,SB-XING-MP-RJ,INTERMEDIATE_HALT,20:11,20:45,27.0,460.0,1
627,Delhi → Chennai,DEL-MAS,12001,NDLS SHATABDI,T1_PREMIUM,8,TS-DEL-MAS-12001-008,DHO,DHAULPUR,Rajasthan,RJ,SB-RJ,AGC,AGRA CANTT JN,Uttar Pradesh,UP,SB-UP,1,SB-RJ->SB-UP,SB-XING-RJ-UP,INTERMEDIATE_HALT,20:46,21:20,53.0,513.0,1
628,Delhi → Chennai,DEL-MAS,12001,NDLS SHATABDI,T1_PREMIUM,9,TS-DEL-MAS-12001-009,AGC,AGRA CANTT JN,Uttar Pradesh,UP,SB-UP,MTJ,MATHURA JN,Uttar Pradesh,UP,SB-UP,0,INTRA-SB-UP,SB-UP,INTERMEDIATE_HALT,21:25,22:00,53.0,566.0,1
629,Delhi → Chennai,DEL-MAS,12001,NDLS SHATABDI,T1_PREMIUM,10,TS-DEL-MAS-12001-010,MTJ,MATHURA JN,Uttar Pradesh,UP,SB-UP,NDLS,NEW DELHI,Delhi,DL,SB-DL,1,SB-UP->SB-DL,SB-XING-UP-DL,HALTN_TO_DESTINATION,22:01,23:50,141.0,707.0,1
630,Delhi → Chennai,DEL-MAS,12002,SHATABDI EXPRES,T1_PREMIUM,1,TS-DEL-MAS-12002-001,NDLS,NEW DELHI,Delhi,DL,SB-DL,MTJ,MATHURA JN,Uttar Pradesh,UP,SB-UP,1,SB-DL->SB-UP,SB-XING-DL-UP,SOURCE_TO_HALT1,06:00,07:19,141.0,141.0,1
631,Delhi → Chennai,DEL-MAS,12002,SHATABDI EXPRES,T1_PREMIUM,2,TS-DEL-MAS-12002-002,MTJ,MATHURA JN,Uttar Pradesh,UP,SB-UP,AGC,AGRA CANTT JN,Uttar Pradesh,UP,SB-UP,0,INTRA-SB-UP,SB-UP,INTERMEDIATE_HALT,07:20,07:50,53.0,194.0,1
632,Delhi → Chennai,DEL-MAS,12002,SHATABDI EXPRES,T1_PREMIUM,3,TS-DEL-MAS-12002-003,AGC,AGRA CANTT JN,Uttar Pradesh,UP,SB-UP,DHO,DHAULPUR,Rajasthan,RJ,SB-RJ,1,SB-UP->SB-RJ,SB-XING-UP-RJ,INTERMEDIATE_HALT,07:55,08:39,52.0,246.0,1
633,Delhi → Chennai,DEL-MAS,12002,SHATABDI EXPRES,T1_PREMIUM,4,TS-DEL-MAS-12002-004,DHO,DHAULPUR,Rajasthan,RJ,SB-RJ,MRA,MORENA,Madhya Pradesh,MP,SB-MP,1,SB-RJ->SB-MP,SB-XING-RJ-MP,INTERMEDIATE_HALT,08:40,08:57,28.0,274.0,1
634,Delhi → Chennai,DEL-MAS,12002,SHATABDI EXPRES,T1_PREMIUM,5,TS-DEL-MAS-12002-005,MRA,MORENA,Madhya Pradesh,MP,SB-MP,GWL,GWALIOR JN,Madhya Pradesh,MP,SB-MP,0,INTRA-SB-MP,SB-MP,INTERMEDIATE_HALT,08:58,09:23,38.0,312.0,1
635,Delhi → Chennai,DEL-MAS,12002,SHATABDI EXPRES,T1_PREMIUM,6,TS-DEL-MAS-12002-006,GWL,GWALIOR JN,Madhya Pradesh,MP,SB-MP,VGLJ,VIRANGANA LAKSHMIBAI JHANSI JN,Uttar Pradesh,UP,SB-UP,1,SB-MP->SB-UP,SB-XING-MP-UP,INTERMEDIATE_HALT,09:28,10:45,99.0,411.0,1
636,Delhi → Chennai,DEL-MAS,12002,SHATABDI EXPRES,T1_PREMIUM,7,TS-DEL-MAS-12002-007,VGLJ,VIRANGANA LAKSHMIBAI JHANSI JN,Uttar Pradesh,UP,SB-UP,LAR,LALITPUR,Uttar Pradesh,UP,SB-UP,0,INTRA-SB-UP,SB-UP,INTERMEDIATE_HALT,10:50,11:42,88.0,499.0,1
637,Delhi → Chennai,DEL-MAS,12002,SHATABDI EXPRES,T1_PREMIUM,8,TS-DEL-MAS-12002-008,LAR,LALITPUR,Uttar Pradesh,UP,SB-UP,BINA,BINA JN,Madhya Pradesh,MP,SB-MP,1,SB-UP->SB-MP,SB-XING-UP-MP,INTERMEDIATE_HALT,11:43,12:40,63.0,562.0,1
638,Delhi → Chennai,DEL-MAS,12002,SHATABDI EXPRES,T1_PREMIUM,9,TS-DEL-MAS-12002-009,BINA,BINA JN,Madhya Pradesh,MP,SB-MP,BPL,BHOPAL JN,Madhya Pradesh,MP,SB-MP,0,INTRA-SB-MP,SB-MP,INTERMEDIATE_HALT,12:42,14:12,139.0,701.0,1
639,Delhi → Chennai,DEL-MAS,12002,SHATABDI EXPRES,T1_PREMIUM,10,TS-DEL-MAS-12002-010,BPL,BHOPAL JN,Madhya Pradesh,MP,SB-MP,RKMP,RANI KAMALAPATI,Madhya Pradesh,MP,SB-MP,0,INTRA-SB-MP,SB-MP,HALTN_TO_DESTINATION,14:15,14:40,6.0,707.0,1
640,Delhi → Chennai,DEL-MAS,12625,KERALA SF EXP,T2_SUPERFAST,1,TS-DEL-MAS-12625-001,TVC,THIRUVANANTHAPURAM CENTRAL,Kerala,KL,SB-KL,VAK,VARKALA,Kerala,KL,SB-KL,0,INTRA-SB-KL,SB-KL,SOURCE_TO_HALT1,12:15,12:51,41.0,41.0,1
641,Delhi → Chennai,DEL-MAS,12625,KERALA SF EXP,T2_SUPERFAST,2,TS-DEL-MAS-12625-002,VAK,VARKALA,Kerala,KL,SB-KL,QLN,KOLLAM JN,Kerala,KL,SB-KL,0,INTRA-SB-KL,SB-KL,INTERMEDIATE_HALT,12:52,13:15,23.0,64.0,1
642,Delhi → Chennai,DEL-MAS,12625,KERALA SF EXP,T2_SUPERFAST,3,TS-DEL-MAS-12625-003,QLN,KOLLAM JN,Kerala,KL,SB-KL,KYJ,KAYANKULAM JN,Kerala,KL,SB-KL,0,INTRA-SB-KL,SB-KL,INTERMEDIATE_HALT,13:18,13:51,41.0,105.0,1
643,Delhi → Chennai,DEL-MAS,12625,KERALA SF EXP,T2_SUPERFAST,4,TS-DEL-MAS-12625-004,KYJ,KAYANKULAM JN,Kerala,KL,SB-KL,MVLK,MAVELIKARA,Kerala,KL,SB-KL,0,INTRA-SB-KL,SB-KL,INTERMEDIATE_HALT,13:53,14:02,8.0,113.0,1
644,Delhi → Chennai,DEL-MAS,12625,KERALA SF EXP,T2_SUPERFAST,5,TS-DEL-MAS-12625-005,MVLK,MAVELIKARA,Kerala,KL,SB-KL,CNGR,CHENGANNUR,Kerala,KL,SB-KL,0,INTRA-SB-KL,SB-KL,INTERMEDIATE_HALT,14:03,14:15,13.0,126.0,1
645,Delhi → Chennai,DEL-MAS,12625,KERALA SF EXP,T2_SUPERFAST,6,TS-DEL-MAS-12625-006,CNGR,CHENGANNUR,Kerala,KL,SB-KL,TRVL,TIRUVALLA,Kerala,KL,SB-KL,0,INTRA-SB-KL,SB-KL,INTERMEDIATE_HALT,14:17,14:26,9.0,135.0,1
646,Delhi → Chennai,DEL-MAS,12625,KERALA SF EXP,T2_SUPERFAST,7,TS-DEL-MAS-12625-007,TRVL,TIRUVALLA,Kerala,KL,SB-KL,CGY,CHANGANASSERI,Kerala,KL,SB-KL,0,INTRA-SB-KL,SB-KL,INTERMEDIATE_HALT,14:27,14:35,8.0,143.0,1
647,Delhi → Chennai,DEL-MAS,12625,KERALA SF EXP,T2_SUPERFAST,8,TS-DEL-MAS-12625-008,CGY,CHANGANASSERI,Kerala,KL,SB-KL,KTYM,KOTTAYAM,Kerala,KL,SB-KL,0,INTRA-SB-KL,SB-KL,INTERMEDIATE_HALT,14:36,14:55,17.0,160.0,1
648,Delhi → Chennai,DEL-MAS,12625,KERALA SF EXP,T2_SUPERFAST,9,TS-DEL-MAS-12625-009,KTYM,KOTTAYAM,Kerala,KL,SB-KL,VARD,VAIKAM ROAD,Kerala,KL,SB-KL,0,INTRA-SB-KL,SB-KL,INTERMEDIATE_HALT,15:00,15:23,25.0,185.0,1
649,Delhi → Chennai,DEL-MAS,12625,KERALA SF EXP,T2_SUPERFAST,10,TS-DEL-MAS-12625-010,VARD,VAIKAM ROAD,Kerala,KL,SB-KL,ERN,ERNAKULAM TOWN,Kerala,KL,SB-KL,0,INTRA-SB-KL,SB-KL,INTERMEDIATE_HALT,15:24,16:05,35.0,220.0,1
650,Delhi → Chennai,DEL-MAS,12625,KERALA SF EXP,T2_SUPERFAST,11,TS-DEL-MAS-12625-011,ERN,ERNAKULAM TOWN,Kerala,KL,SB-KL,AWY,ALUVA,Kerala,KL,SB-KL,0,INTRA-SB-KL,SB-KL,INTERMEDIATE_HALT,16:10,16:30,17.0,237.0,1
651,Delhi → Chennai,DEL-MAS,12625,KERALA SF EXP,T2_SUPERFAST,12,TS-DEL-MAS-12625-012,AWY,ALUVA,Kerala,KL,SB-KL,TCR,THRISUR,Kerala,KL,SB-KL,0,INTRA-SB-KL,SB-KL,INTERMEDIATE_HALT,16:32,17:27,55.0,292.0,1
652,Delhi → Chennai,DEL-MAS,12625,KERALA SF EXP,T2_SUPERFAST,13,TS-DEL-MAS-12625-013,TCR,THRISUR,Kerala,KL,SB-KL,OTP,OTTAPPALAM,Kerala,KL,SB-KL,0,INTRA-SB-KL,SB-KL,INTERMEDIATE_HALT,17:30,18:44,44.0,336.0,1
653,Delhi → Chennai,DEL-MAS,12625,KERALA SF EXP,T2_SUPERFAST,14,TS-DEL-MAS-12625-014,OTP,OTTAPPALAM,Kerala,KL,SB-KL,PGT,PALAKKAD JN,Kerala,KL,SB-KL,0,INTRA-SB-KL,SB-KL,INTERMEDIATE_HALT,18:45,19:12,31.0,367.0,1
654,Delhi → Chennai,DEL-MAS,12625,KERALA SF EXP,T2_SUPERFAST,15,TS-DEL-MAS-12625-015,PGT,PALAKKAD JN,Kerala,KL,SB-KL,CBE,COIMBATORE JN,Tamil Nadu,TN,SB-TN,1,SB-KL->SB-TN,SB-XING-KL-TN,INTERMEDIATE_HALT,19:15,20:50,58.0,425.0,1
655,Delhi → Chennai,DEL-MAS,12625,KERALA SF EXP,T2_SUPERFAST,16,TS-DEL-MAS-12625-016,CBE,COIMBATORE JN,Tamil Nadu,TN,SB-TN,TUP,TIRUPPUR,Tamil Nadu,TN,SB-TN,0,INTRA-SB-TN,SB-TN,INTERMEDIATE_HALT,20:55,21:40,50.0,475.0,1
656,Delhi → Chennai,DEL-MAS,12625,KERALA SF EXP,T2_SUPERFAST,17,TS-DEL-MAS-12625-017,TUP,TIRUPPUR,Tamil Nadu,TN,SB-TN,ED,ERODE JN,Tamil Nadu,TN,SB-TN,0,INTRA-SB-TN,SB-TN,INTERMEDIATE_HALT,21:45,22:30,50.0,525.0,1
657,Delhi → Chennai,DEL-MAS,12625,KERALA SF EXP,T2_SUPERFAST,18,TS-DEL-MAS-12625-018,ED,ERODE JN,Tamil Nadu,TN,SB-TN,SA,SALEM JN,Tamil Nadu,TN,SB-TN,0,INTRA-SB-TN,SB-TN,INTERMEDIATE_HALT,22:40,23:30,60.0,585.0,1
658,Delhi → Chennai,DEL-MAS,12625,KERALA SF EXP,T2_SUPERFAST,19,TS-DEL-MAS-12625-019,SA,SALEM JN,Tamil Nadu,TN,SB-TN,JTJ,JOLARPETTAI JN,Tamil Nadu,TN,SB-TN,0,INTRA-SB-TN,SB-TN,INTERMEDIATE_HALT,23:35,01:30,123.0,708.0,2
659,Delhi → Chennai,DEL-MAS,12625,KERALA SF EXP,T2_SUPERFAST,20,TS-DEL-MAS-12625-020,JTJ,JOLARPETTAI JN,Tamil Nadu,TN,SB-TN,KPD,KATPADI JN,Tamil Nadu,TN,SB-TN,0,INTRA-SB-TN,SB-TN,INTERMEDIATE_HALT,01:35,02:50,84.0,792.0,2
660,Delhi → Chennai,DEL-MAS,12625,KERALA SF EXP,T2_SUPERFAST,21,TS-DEL-MAS-12625-021,KPD,KATPADI JN,Tamil Nadu,TN,SB-TN,CTO,CHITTOOR,Andhra Pradesh,AP,SB-AP,1,SB-TN->SB-AP,SB-XING-TN-AP,INTERMEDIATE_HALT,02:55,03:28,33.0,825.0,2
661,Delhi → Chennai,DEL-MAS,12625,KERALA SF EXP,T2_SUPERFAST,22,TS-DEL-MAS-12625-022,CTO,CHITTOOR,Andhra Pradesh,AP,SB-AP,TPTY,TIRUPATI,Andhra Pradesh,AP,SB-AP,0,INTRA-SB-AP,SB-AP,INTERMEDIATE_HALT,03:30,04:45,71.0,896.0,2
662,Delhi → Chennai,DEL-MAS,12625,KERALA SF EXP,T2_SUPERFAST,23,TS-DEL-MAS-12625-023,TPTY,TIRUPATI,Andhra Pradesh,AP,SB-AP,RU,RENIGUNTA JN,Andhra Pradesh,AP,SB-AP,0,INTRA-SB-AP,SB-AP,INTERMEDIATE_HALT,04:50,05:10,10.0,906.0,2
663,Delhi → Chennai,DEL-MAS,12625,KERALA SF EXP,T2_SUPERFAST,24,TS-DEL-MAS-12625-024,RU,RENIGUNTA JN,Andhra Pradesh,AP,SB-AP,GDR,GUDUR JN,Andhra Pradesh,AP,SB-AP,0,INTRA-SB-AP,SB-AP,INTERMEDIATE_HALT,05:20,06:40,83.0,989.0,2
664,Delhi → Chennai,DEL-MAS,12625,KERALA SF EXP,T2_SUPERFAST,25,TS-DEL-MAS-12625-025,GDR,GUDUR JN,Andhra Pradesh,AP,SB-AP,NLR,NELLORE,Andhra Pradesh,AP,SB-AP,0,INTRA-SB-AP,SB-AP,INTERMEDIATE_HALT,06:42,07:13,38.0,1027.0,2
665,Delhi → Chennai,DEL-MAS,12625,KERALA SF EXP,T2_SUPERFAST,26,TS-DEL-MAS-12625-026,NLR,NELLORE,Andhra Pradesh,AP,SB-AP,BZA,VIJAYAWADA JN,Andhra Pradesh,AP,SB-AP,0,INTRA-SB-AP,SB-AP,INTERMEDIATE_HALT,07:15,10:45,255.0,1282.0,2
666,Delhi → Chennai,DEL-MAS,12625,KERALA SF EXP,T2_SUPERFAST,27,TS-DEL-MAS-12625-027,BZA,VIJAYAWADA JN,Andhra Pradesh,AP,SB-AP,WL,WARANGAL,Telangana,TS,SB-TS,1,SB-AP->SB-TS,SB-XING-AP-TS,INTERMEDIATE_HALT,10:55,13:40,206.0,1488.0,2
667,Delhi → Chennai,DEL-MAS,12625,KERALA SF EXP,T2_SUPERFAST,28,TS-DEL-MAS-12625-028,WL,WARANGAL,Telangana,TS,SB-TS,RDM,RAMGUNDAM,Telangana,TS,SB-TS,0,INTRA-SB-TS,SB-TS,INTERMEDIATE_HALT,13:45,15:14,104.0,1592.0,2
668,Delhi → Chennai,DEL-MAS,12625,KERALA SF EXP,T2_SUPERFAST,29,TS-DEL-MAS-12625-029,RDM,RAMGUNDAM,Telangana,TS,SB-TS,SKZR,SIRPUR KAGHAZNAGAR,Telangana,TS,SB-TS,0,INTRA-SB-TS,SB-TS,INTERMEDIATE_HALT,15:15,17:14,72.0,1664.0,2
669,Delhi → Chennai,DEL-MAS,12625,KERALA SF EXP,T2_SUPERFAST,30,TS-DEL-MAS-12625-030,SKZR,SIRPUR KAGHAZNAGAR,Telangana,TS,SB-TS,BPQ,BALHARSHAH,Maharashtra,MH,SB-MH,1,SB-TS->SB-MH,SB-XING-TS-MH,INTERMEDIATE_HALT,17:15,18:10,70.0,1734.0,2
670,Delhi → Chennai,DEL-MAS,12625,KERALA SF EXP,T2_SUPERFAST,31,TS-DEL-MAS-12625-031,BPQ,BALHARSHAH,Maharashtra,MH,SB-MH,CD,CHANDRAPUR,Maharashtra,MH,SB-MH,0,INTRA-SB-MH,SB-MH,INTERMEDIATE_HALT,18:15,18:30,14.0,1748.0,2
671,Delhi → Chennai,DEL-MAS,12625,KERALA SF EXP,T2_SUPERFAST,32,TS-DEL-MAS-12625-032,CD,CHANDRAPUR,Maharashtra,MH,SB-MH,SEGM,SEVAGRAM,Maharashtra,MH,SB-MH,0,INTRA-SB-MH,SB-MH,INTERMEDIATE_HALT,18:32,20:03,119.0,1867.0,2
672,Delhi → Chennai,DEL-MAS,12625,KERALA SF EXP,T2_SUPERFAST,33,TS-DEL-MAS-12625-033,SEGM,SEVAGRAM,Maharashtra,MH,SB-MH,NGP,NAGPUR JN,Maharashtra,MH,SB-MH,0,INTRA-SB-MH,SB-MH,INTERMEDIATE_HALT,20:05,21:10,76.0,1943.0,2
673,Delhi → Chennai,DEL-MAS,12625,KERALA SF EXP,T2_SUPERFAST,34,TS-DEL-MAS-12625-034,NGP,NAGPUR JN,Maharashtra,MH,SB-MH,ET,ITARSI JN,Madhya Pradesh,MP,SB-MP,1,SB-MH->SB-MP,SB-XING-MH-MP,INTERMEDIATE_HALT,21:15,02:05,295.0,2238.0,3
674,Delhi → Chennai,DEL-MAS,12625,KERALA SF EXP,T2_SUPERFAST,35,TS-DEL-MAS-12625-035,ET,ITARSI JN,Madhya Pradesh,MP,SB-MP,BPL,BHOPAL JN,Madhya Pradesh,MP,SB-MP,0,INTRA-SB-MP,SB-MP,INTERMEDIATE_HALT,02:10,03:45,92.0,2330.0,3
675,Delhi → Chennai,DEL-MAS,12625,KERALA SF EXP,T2_SUPERFAST,36,TS-DEL-MAS-12625-036,BPL,BHOPAL JN,Madhya Pradesh,MP,SB-MP,BINA,BINA JN,Madhya Pradesh,MP,SB-MP,0,INTRA-SB-MP,SB-MP,INTERMEDIATE_HALT,03:55,05:40,138.0,2468.0,3
676,Delhi → Chennai,DEL-MAS,12625,KERALA SF EXP,T2_SUPERFAST,37,TS-DEL-MAS-12625-037,BINA,BINA JN,Madhya Pradesh,MP,SB-MP,VGLJ,VIRANGANA LAKSHMIBAI JHANSI JN,Uttar Pradesh,UP,SB-UP,1,SB-MP->SB-UP,SB-XING-MP-UP,INTERMEDIATE_HALT,05:45,07:25,152.0,2620.0,3
677,Delhi → Chennai,DEL-MAS,12625,KERALA SF EXP,T2_SUPERFAST,38,TS-DEL-MAS-12625-038,VGLJ,VIRANGANA LAKSHMIBAI JHANSI JN,Uttar Pradesh,UP,SB-UP,GWL,GWALIOR JN,Madhya Pradesh,MP,SB-MP,1,SB-UP->SB-MP,SB-XING-UP-MP,INTERMEDIATE_HALT,07:30,08:40,98.0,2718.0,3
678,Delhi → Chennai,DEL-MAS,12625,KERALA SF EXP,T2_SUPERFAST,39,TS-DEL-MAS-12625-039,GWL,GWALIOR JN,Madhya Pradesh,MP,SB-MP,AGC,AGRA CANTT JN,Uttar Pradesh,UP,SB-UP,1,SB-MP->SB-UP,SB-XING-MP-UP,INTERMEDIATE_HALT,08:42,10:10,119.0,2837.0,3
679,Delhi → Chennai,DEL-MAS,12625,KERALA SF EXP,T2_SUPERFAST,40,TS-DEL-MAS-12625-040,AGC,AGRA CANTT JN,Uttar Pradesh,UP,SB-UP,MTJ,MATHURA JN,Uttar Pradesh,UP,SB-UP,0,INTRA-SB-UP,SB-UP,INTERMEDIATE_HALT,10:15,10:50,53.0,2890.0,3
680,Delhi → Chennai,DEL-MAS,12625,KERALA SF EXP,T2_SUPERFAST,41,TS-DEL-MAS-12625-041,MTJ,MATHURA JN,Uttar Pradesh,UP,SB-UP,NZM,HAZRAT NIZAMUDDIN JN,Delhi,DL,SB-DL,1,SB-UP->SB-DL,SB-XING-UP-DL,INTERMEDIATE_HALT,10:52,12:50,133.0,3023.0,3
681,Delhi → Chennai,DEL-MAS,12625,KERALA SF EXP,T2_SUPERFAST,42,TS-DEL-MAS-12625-042,NZM,HAZRAT NIZAMUDDIN JN,Delhi,DL,SB-DL,NDLS,NEW DELHI,Delhi,DL,SB-DL,0,INTRA-SB-DL,SB-DL,HALTN_TO_DESTINATION,12:52,13:30,8.0,3031.0,3
682,Delhi → Chennai,DEL-MAS,12626,KERALA SF EXP,T2_SUPERFAST,1,TS-DEL-MAS-12626-001,NDLS,NEW DELHI,Delhi,DL,SB-DL,MTJ,MATHURA JN,Uttar Pradesh,UP,SB-UP,1,SB-DL->SB-UP,SB-XING-DL-UP,SOURCE_TO_HALT1,20:10,21:38,141.0,141.0,1
683,Delhi → Chennai,DEL-MAS,12626,KERALA SF EXP,T2_SUPERFAST,2,TS-DEL-MAS-12626-002,MTJ,MATHURA JN,Uttar Pradesh,UP,SB-UP,AGC,AGRA CANTT JN,Uttar Pradesh,UP,SB-UP,0,INTRA-SB-UP,SB-UP,INTERMEDIATE_HALT,21:40,22:25,53.0,194.0,1
684,Delhi → Chennai,DEL-MAS,12626,KERALA SF EXP,T2_SUPERFAST,3,TS-DEL-MAS-12626-003,AGC,AGRA CANTT JN,Uttar Pradesh,UP,SB-UP,GWL,GWALIOR JN,Madhya Pradesh,MP,SB-MP,1,SB-UP->SB-MP,SB-XING-UP-MP,INTERMEDIATE_HALT,22:30,00:03,118.0,312.0,2
685,Delhi → Chennai,DEL-MAS,12626,KERALA SF EXP,T2_SUPERFAST,4,TS-DEL-MAS-12626-004,GWL,GWALIOR JN,Madhya Pradesh,MP,SB-MP,VGLJ,VIRANGANA LAKSHMIBAI JHANSI JN,Uttar Pradesh,UP,SB-UP,1,SB-MP->SB-UP,SB-XING-MP-UP,INTERMEDIATE_HALT,00:05,01:30,99.0,411.0,2
686,Delhi → Chennai,DEL-MAS,12626,KERALA SF EXP,T2_SUPERFAST,5,TS-DEL-MAS-12626-005,VGLJ,VIRANGANA LAKSHMIBAI JHANSI JN,Uttar Pradesh,UP,SB-UP,BINA,BINA JN,Madhya Pradesh,MP,SB-MP,1,SB-UP->SB-MP,SB-XING-UP-MP,INTERMEDIATE_HALT,01:38,03:35,151.0,562.0,2
687,Delhi → Chennai,DEL-MAS,12626,KERALA SF EXP,T2_SUPERFAST,6,TS-DEL-MAS-12626-006,BINA,BINA JN,Madhya Pradesh,MP,SB-MP,BPL,BHOPAL JN,Madhya Pradesh,MP,SB-MP,0,INTRA-SB-MP,SB-MP,INTERMEDIATE_HALT,03:40,05:20,139.0,701.0,2
688,Delhi → Chennai,DEL-MAS,12626,KERALA SF EXP,T2_SUPERFAST,7,TS-DEL-MAS-12626-007,BPL,BHOPAL JN,Madhya Pradesh,MP,SB-MP,ET,ITARSI JN,Madhya Pradesh,MP,SB-MP,0,INTRA-SB-MP,SB-MP,INTERMEDIATE_HALT,05:25,07:05,91.0,792.0,2
689,Delhi → Chennai,DEL-MAS,12626,KERALA SF EXP,T2_SUPERFAST,8,TS-DEL-MAS-12626-008,ET,ITARSI JN,Madhya Pradesh,MP,SB-MP,NGP,NAGPUR JN,Maharashtra,MH,SB-MH,1,SB-MP->SB-MH,SB-XING-MP-MH,INTERMEDIATE_HALT,07:15,11:45,296.0,1088.0,2
690,Delhi → Chennai,DEL-MAS,12626,KERALA SF EXP,T2_SUPERFAST,9,TS-DEL-MAS-12626-009,NGP,NAGPUR JN,Maharashtra,MH,SB-MH,SEGM,SEVAGRAM,Maharashtra,MH,SB-MH,0,INTRA-SB-MH,SB-MH,INTERMEDIATE_HALT,11:50,12:43,76.0,1164.0,2
691,Delhi → Chennai,DEL-MAS,12626,KERALA SF EXP,T2_SUPERFAST,10,TS-DEL-MAS-12626-010,SEGM,SEVAGRAM,Maharashtra,MH,SB-MH,CD,CHANDRAPUR,Maharashtra,MH,SB-MH,0,INTRA-SB-MH,SB-MH,INTERMEDIATE_HALT,12:45,14:13,119.0,1283.0,2
692,Delhi → Chennai,DEL-MAS,12626,KERALA SF EXP,T2_SUPERFAST,11,TS-DEL-MAS-12626-011,CD,CHANDRAPUR,Maharashtra,MH,SB-MH,BPQ,BALHARSHAH,Maharashtra,MH,SB-MH,0,INTRA-SB-MH,SB-MH,INTERMEDIATE_HALT,14:15,15:10,13.0,1296.0,2
693,Delhi → Chennai,DEL-MAS,12626,KERALA SF EXP,T2_SUPERFAST,12,TS-DEL-MAS-12626-012,BPQ,BALHARSHAH,Maharashtra,MH,SB-MH,SKZR,SIRPUR KAGHAZNAGAR,Telangana,TS,SB-TS,1,SB-MH->SB-TS,SB-XING-MH-TS,INTERMEDIATE_HALT,15:15,16:09,70.0,1366.0,2
694,Delhi → Chennai,DEL-MAS,12626,KERALA SF EXP,T2_SUPERFAST,13,TS-DEL-MAS-12626-013,SKZR,SIRPUR KAGHAZNAGAR,Telangana,TS,SB-TS,RDM,RAMGUNDAM,Telangana,TS,SB-TS,0,INTRA-SB-TS,SB-TS,INTERMEDIATE_HALT,16:10,16:59,73.0,1439.0,2
695,Delhi → Chennai,DEL-MAS,12626,KERALA SF EXP,T2_SUPERFAST,14,TS-DEL-MAS-12626-014,RDM,RAMGUNDAM,Telangana,TS,SB-TS,WL,WARANGAL,Telangana,TS,SB-TS,0,INTRA-SB-TS,SB-TS,INTERMEDIATE_HALT,17:00,18:28,103.0,1542.0,2
696,Delhi → Chennai,DEL-MAS,12626,KERALA SF EXP,T2_SUPERFAST,15,TS-DEL-MAS-12626-015,WL,WARANGAL,Telangana,TS,SB-TS,BZA,VIJAYAWADA JN,Andhra Pradesh,AP,SB-AP,1,SB-TS->SB-AP,SB-XING-TS-AP,INTERMEDIATE_HALT,18:30,22:15,207.0,1749.0,2
697,Delhi → Chennai,DEL-MAS,12626,KERALA SF EXP,T2_SUPERFAST,16,TS-DEL-MAS-12626-016,BZA,VIJAYAWADA JN,Andhra Pradesh,AP,SB-AP,NLR,NELLORE,Andhra Pradesh,AP,SB-AP,0,INTRA-SB-AP,SB-AP,INTERMEDIATE_HALT,22:25,01:53,254.0,2003.0,3
698,Delhi → Chennai,DEL-MAS,12626,KERALA SF EXP,T2_SUPERFAST,17,TS-DEL-MAS-12626-017,NLR,NELLORE,Andhra Pradesh,AP,SB-AP,GDR,GUDUR JN,Andhra Pradesh,AP,SB-AP,0,INTRA-SB-AP,SB-AP,INTERMEDIATE_HALT,01:55,02:33,39.0,2042.0,3
699,Delhi → Chennai,DEL-MAS,12626,KERALA SF EXP,T2_SUPERFAST,18,TS-DEL-MAS-12626-018,GDR,GUDUR JN,Andhra Pradesh,AP,SB-AP,RU,RENIGUNTA JN,Andhra Pradesh,AP,SB-AP,0,INTRA-SB-AP,SB-AP,INTERMEDIATE_HALT,02:35,04:00,83.0,2125.0,3
700,Delhi → Chennai,DEL-MAS,12626,KERALA SF EXP,T2_SUPERFAST,19,TS-DEL-MAS-12626-019,RU,RENIGUNTA JN,Andhra Pradesh,AP,SB-AP,TPTY,TIRUPATI,Andhra Pradesh,AP,SB-AP,0,INTRA-SB-AP,SB-AP,INTERMEDIATE_HALT,04:10,04:35,10.0,2135.0,3
701,Delhi → Chennai,DEL-MAS,12626,KERALA SF EXP,T2_SUPERFAST,20,TS-DEL-MAS-12626-020,TPTY,TIRUPATI,Andhra Pradesh,AP,SB-AP,CTO,CHITTOOR,Andhra Pradesh,AP,SB-AP,0,INTRA-SB-AP,SB-AP,INTERMEDIATE_HALT,04:40,05:53,71.0,2206.0,3
702,Delhi → Chennai,DEL-MAS,12626,KERALA SF EXP,T2_SUPERFAST,21,TS-DEL-MAS-12626-021,CTO,CHITTOOR,Andhra Pradesh,AP,SB-AP,KPD,KATPADI JN,Tamil Nadu,TN,SB-TN,1,SB-AP->SB-TN,SB-XING-AP-TN,INTERMEDIATE_HALT,05:55,06:45,33.0,2239.0,3
703,Delhi → Chennai,DEL-MAS,12626,KERALA SF EXP,T2_SUPERFAST,22,TS-DEL-MAS-12626-022,KPD,KATPADI JN,Tamil Nadu,TN,SB-TN,JTJ,JOLARPETTAI JN,Tamil Nadu,TN,SB-TN,0,INTRA-SB-TN,SB-TN,INTERMEDIATE_HALT,06:50,08:05,84.0,2323.0,3
704,Delhi → Chennai,DEL-MAS,12626,KERALA SF EXP,T2_SUPERFAST,23,TS-DEL-MAS-12626-023,JTJ,JOLARPETTAI JN,Tamil Nadu,TN,SB-TN,SA,SALEM JN,Tamil Nadu,TN,SB-TN,0,INTRA-SB-TN,SB-TN,INTERMEDIATE_HALT,08:10,09:37,123.0,2446.0,3
705,Delhi → Chennai,DEL-MAS,12626,KERALA SF EXP,T2_SUPERFAST,24,TS-DEL-MAS-12626-024,SA,SALEM JN,Tamil Nadu,TN,SB-TN,ED,ERODE JN,Tamil Nadu,TN,SB-TN,0,INTRA-SB-TN,SB-TN,INTERMEDIATE_HALT,09:40,10:45,60.0,2506.0,3
706,Delhi → Chennai,DEL-MAS,12626,KERALA SF EXP,T2_SUPERFAST,25,TS-DEL-MAS-12626-025,ED,ERODE JN,Tamil Nadu,TN,SB-TN,TUP,TIRUPPUR,Tamil Nadu,TN,SB-TN,0,INTRA-SB-TN,SB-TN,INTERMEDIATE_HALT,10:55,11:38,50.0,2556.0,3
707,Delhi → Chennai,DEL-MAS,12626,KERALA SF EXP,T2_SUPERFAST,26,TS-DEL-MAS-12626-026,TUP,TIRUPPUR,Tamil Nadu,TN,SB-TN,CBE,COIMBATORE JN,Tamil Nadu,TN,SB-TN,0,INTRA-SB-TN,SB-TN,INTERMEDIATE_HALT,11:40,12:30,50.0,2606.0,3
708,Delhi → Chennai,DEL-MAS,12626,KERALA SF EXP,T2_SUPERFAST,27,TS-DEL-MAS-12626-027,CBE,COIMBATORE JN,Tamil Nadu,TN,SB-TN,PGT,PALAKKAD JN,Kerala,KL,SB-KL,1,SB-TN->SB-KL,SB-XING-TN-KL,INTERMEDIATE_HALT,12:35,13:52,56.0,2662.0,3
709,Delhi → Chennai,DEL-MAS,12626,KERALA SF EXP,T2_SUPERFAST,28,TS-DEL-MAS-12626-028,PGT,PALAKKAD JN,Kerala,KL,SB-KL,OTP,OTTAPPALAM,Kerala,KL,SB-KL,0,INTRA-SB-KL,SB-KL,INTERMEDIATE_HALT,13:55,14:19,32.0,2694.0,3
710,Delhi → Chennai,DEL-MAS,12626,KERALA SF EXP,T2_SUPERFAST,29,TS-DEL-MAS-12626-029,OTP,OTTAPPALAM,Kerala,KL,SB-KL,TCR,THRISUR,Kerala,KL,SB-KL,0,INTRA-SB-KL,SB-KL,INTERMEDIATE_HALT,14:20,15:21,44.0,2738.0,3
711,Delhi → Chennai,DEL-MAS,12626,KERALA SF EXP,T2_SUPERFAST,30,TS-DEL-MAS-12626-030,TCR,THRISUR,Kerala,KL,SB-KL,AWY,ALUVA,Kerala,KL,SB-KL,0,INTRA-SB-KL,SB-KL,INTERMEDIATE_HALT,15:23,16:08,55.0,2793.0,3
712,Delhi → Chennai,DEL-MAS,12626,KERALA SF EXP,T2_SUPERFAST,31,TS-DEL-MAS-12626-031,AWY,ALUVA,Kerala,KL,SB-KL,ERN,ERNAKULAM TOWN,Kerala,KL,SB-KL,0,INTRA-SB-KL,SB-KL,INTERMEDIATE_HALT,16:10,16:30,17.0,2810.0,3
713,Delhi → Chennai,DEL-MAS,12626,KERALA SF EXP,T2_SUPERFAST,32,TS-DEL-MAS-12626-032,ERN,ERNAKULAM TOWN,Kerala,KL,SB-KL,VARD,VAIKAM ROAD,Kerala,KL,SB-KL,0,INTRA-SB-KL,SB-KL,INTERMEDIATE_HALT,16:35,17:14,35.0,2845.0,3
714,Delhi → Chennai,DEL-MAS,12626,KERALA SF EXP,T2_SUPERFAST,33,TS-DEL-MAS-12626-033,VARD,VAIKAM ROAD,Kerala,KL,SB-KL,KTYM,KOTTAYAM,Kerala,KL,SB-KL,0,INTRA-SB-KL,SB-KL,INTERMEDIATE_HALT,17:15,17:52,25.0,2870.0,3
715,Delhi → Chennai,DEL-MAS,12626,KERALA SF EXP,T2_SUPERFAST,34,TS-DEL-MAS-12626-034,KTYM,KOTTAYAM,Kerala,KL,SB-KL,CGY,CHANGANASSERI,Kerala,KL,SB-KL,0,INTRA-SB-KL,SB-KL,INTERMEDIATE_HALT,17:55,18:13,17.0,2887.0,3
716,Delhi → Chennai,DEL-MAS,12626,KERALA SF EXP,T2_SUPERFAST,35,TS-DEL-MAS-12626-035,CGY,CHANGANASSERI,Kerala,KL,SB-KL,TRVL,TIRUVALLA,Kerala,KL,SB-KL,0,INTRA-SB-KL,SB-KL,INTERMEDIATE_HALT,18:14,18:23,8.0,2895.0,3
717,Delhi → Chennai,DEL-MAS,12626,KERALA SF EXP,T2_SUPERFAST,36,TS-DEL-MAS-12626-036,TRVL,TIRUVALLA,Kerala,KL,SB-KL,CNGR,CHENGANNUR,Kerala,KL,SB-KL,0,INTRA-SB-KL,SB-KL,INTERMEDIATE_HALT,18:24,18:35,9.0,2904.0,3
718,Delhi → Chennai,DEL-MAS,12626,KERALA SF EXP,T2_SUPERFAST,37,TS-DEL-MAS-12626-037,CNGR,CHENGANNUR,Kerala,KL,SB-KL,MVLK,MAVELIKARA,Kerala,KL,SB-KL,0,INTRA-SB-KL,SB-KL,INTERMEDIATE_HALT,18:37,18:49,13.0,2917.0,3
719,Delhi → Chennai,DEL-MAS,12626,KERALA SF EXP,T2_SUPERFAST,38,TS-DEL-MAS-12626-038,MVLK,MAVELIKARA,Kerala,KL,SB-KL,KYJ,KAYANKULAM JN,Kerala,KL,SB-KL,0,INTRA-SB-KL,SB-KL,INTERMEDIATE_HALT,18:50,19:18,8.0,2925.0,3
720,Delhi → Chennai,DEL-MAS,12626,KERALA SF EXP,T2_SUPERFAST,39,TS-DEL-MAS-12626-039,KYJ,KAYANKULAM JN,Kerala,KL,SB-KL,QLN,KOLLAM JN,Kerala,KL,SB-KL,0,INTRA-SB-KL,SB-KL,INTERMEDIATE_HALT,19:20,20:00,40.0,2965.0,3
721,Delhi → Chennai,DEL-MAS,12626,KERALA SF EXP,T2_SUPERFAST,40,TS-DEL-MAS-12626-040,QLN,KOLLAM JN,Kerala,KL,SB-KL,VAK,VARKALA,Kerala,KL,SB-KL,0,INTRA-SB-KL,SB-KL,INTERMEDIATE_HALT,20:02,20:22,24.0,2989.0,3
722,Delhi → Chennai,DEL-MAS,12626,KERALA SF EXP,T2_SUPERFAST,41,TS-DEL-MAS-12626-041,VAK,VARKALA,Kerala,KL,SB-KL,TVP,THIRUVANANTHAPURAM PETTAH,Kerala,KL,SB-KL,0,INTRA-SB-KL,SB-KL,INTERMEDIATE_HALT,20:23,20:59,38.0,3027.0,3
723,Delhi → Chennai,DEL-MAS,12626,KERALA SF EXP,T2_SUPERFAST,42,TS-DEL-MAS-12626-042,TVP,THIRUVANANTHAPURAM PETTAH,Kerala,KL,SB-KL,TVC,THIRUVANANTHAPURAM CENTRAL,Kerala,KL,SB-KL,0,INTRA-SB-KL,SB-KL,HALTN_TO_DESTINATION,21:00,21:50,3.0,3030.0,3
724,Mumbai → Chennai,MUM-MAS,12163,LTT MAS EXP,T2_SUPERFAST,1,TS-MUM-MAS-12163-001,LTT,LOKMANYATILAK,Maharashtra,MH,SB-MH,TNA,THANE,Maharashtra,MH,SB-MH,0,INTRA-SB-MH,SB-MH,SOURCE_TO_HALT1,18:30,18:42,17.0,17.0,1
725,Mumbai → Chennai,MUM-MAS,12163,LTT MAS EXP,T2_SUPERFAST,2,TS-MUM-MAS-12163-002,TNA,THANE,Maharashtra,MH,SB-MH,KYN,KALYAN JN,Maharashtra,MH,SB-MH,0,INTRA-SB-MH,SB-MH,INTERMEDIATE_HALT,18:45,19:07,20.0,37.0,1
726,Mumbai → Chennai,MUM-MAS,12163,LTT MAS EXP,T2_SUPERFAST,3,TS-MUM-MAS-12163-003,KYN,KALYAN JN,Maharashtra,MH,SB-MH,LNL,LONAVALA,Maharashtra,MH,SB-MH,0,INTRA-SB-MH,SB-MH,INTERMEDIATE_HALT,19:10,20:56,75.0,112.0,1
727,Mumbai → Chennai,MUM-MAS,12163,LTT MAS EXP,T2_SUPERFAST,4,TS-MUM-MAS-12163-004,LNL,LONAVALA,Maharashtra,MH,SB-MH,PUNE,PUNE JN,Maharashtra,MH,SB-MH,0,INTRA-SB-MH,SB-MH,INTERMEDIATE_HALT,20:58,22:05,64.0,176.0,1
728,Mumbai → Chennai,MUM-MAS,12163,LTT MAS EXP,T2_SUPERFAST,5,TS-MUM-MAS-12163-005,PUNE,PUNE JN,Maharashtra,MH,SB-MH,SUR,SOLAPUR JN,Maharashtra,MH,SB-MH,0,INTRA-SB-MH,SB-MH,INTERMEDIATE_HALT,22:10,01:45,263.0,439.0,2
729,Mumbai → Chennai,MUM-MAS,12163,LTT MAS EXP,T2_SUPERFAST,6,TS-MUM-MAS-12163-006,SUR,SOLAPUR JN,Maharashtra,MH,SB-MH,KLBG,KALABURAGI,Karnataka,KA,SB-KA,1,SB-MH->SB-KA,SB-XING-MH-KA,INTERMEDIATE_HALT,01:50,03:10,113.0,552.0,2
730,Mumbai → Chennai,MUM-MAS,12163,LTT MAS EXP,T2_SUPERFAST,7,TS-MUM-MAS-12163-007,KLBG,KALABURAGI,Karnataka,KA,SB-KA,WADI,WADI JN,Karnataka,KA,SB-KA,0,INTRA-SB-KA,SB-KA,INTERMEDIATE_HALT,03:13,04:13,37.0,589.0,2
731,Mumbai → Chennai,MUM-MAS,12163,LTT MAS EXP,T2_SUPERFAST,8,TS-MUM-MAS-12163-008,WADI,WADI JN,Karnataka,KA,SB-KA,YG,YADGIR,Karnataka,KA,SB-KA,0,INTRA-SB-KA,SB-KA,INTERMEDIATE_HALT,04:15,04:38,39.0,628.0,2
732,Mumbai → Chennai,MUM-MAS,12163,LTT MAS EXP,T2_SUPERFAST,9,TS-MUM-MAS-12163-009,YG,YADGIR,Karnataka,KA,SB-KA,SADP,SAIDAPUR,Karnataka,KA,SB-KA,0,INTRA-SB-KA,SB-KA,INTERMEDIATE_HALT,04:40,04:59,23.0,651.0,2
733,Mumbai → Chennai,MUM-MAS,12163,LTT MAS EXP,T2_SUPERFAST,10,TS-MUM-MAS-12163-010,SADP,SAIDAPUR,Karnataka,KA,SB-KA,RC,RAICHUR,Karnataka,KA,SB-KA,0,INTRA-SB-KA,SB-KA,INTERMEDIATE_HALT,05:00,05:53,45.0,696.0,2
734,Mumbai → Chennai,MUM-MAS,12163,LTT MAS EXP,T2_SUPERFAST,11,TS-MUM-MAS-12163-011,RC,RAICHUR,Karnataka,KA,SB-KA,MALM,MANTHRALAYAM RD,Andhra Pradesh,AP,SB-AP,1,SB-KA->SB-AP,SB-XING-KA-AP,INTERMEDIATE_HALT,05:55,06:18,29.0,725.0,2
735,Mumbai → Chennai,MUM-MAS,12163,LTT MAS EXP,T2_SUPERFAST,12,TS-MUM-MAS-12163-012,MALM,MANTHRALAYAM RD,Andhra Pradesh,AP,SB-AP,AD,ADONI,Andhra Pradesh,AP,SB-AP,0,INTRA-SB-AP,SB-AP,INTERMEDIATE_HALT,06:20,06:53,42.0,767.0,2
736,Mumbai → Chennai,MUM-MAS,12163,LTT MAS EXP,T2_SUPERFAST,13,TS-MUM-MAS-12163-013,AD,ADONI,Andhra Pradesh,AP,SB-AP,GTL,GUNTAKAL JN,Andhra Pradesh,AP,SB-AP,0,INTRA-SB-AP,SB-AP,INTERMEDIATE_HALT,06:55,08:00,51.0,818.0,2
737,Mumbai → Chennai,MUM-MAS,12163,LTT MAS EXP,T2_SUPERFAST,14,TS-MUM-MAS-12163-014,GTL,GUNTAKAL JN,Andhra Pradesh,AP,SB-AP,GY,GOOTY,Andhra Pradesh,AP,SB-AP,0,INTRA-SB-AP,SB-AP,INTERMEDIATE_HALT,08:10,08:33,29.0,847.0,2
738,Mumbai → Chennai,MUM-MAS,12163,LTT MAS EXP,T2_SUPERFAST,15,TS-MUM-MAS-12163-015,GY,GOOTY,Andhra Pradesh,AP,SB-AP,TU,TADIPATRI,Andhra Pradesh,AP,SB-AP,0,INTRA-SB-AP,SB-AP,INTERMEDIATE_HALT,08:35,09:18,48.0,895.0,2
739,Mumbai → Chennai,MUM-MAS,12163,LTT MAS EXP,T2_SUPERFAST,16,TS-MUM-MAS-12163-016,TU,TADIPATRI,Andhra Pradesh,AP,SB-AP,YA,YERRAGUNTLA,Andhra Pradesh,AP,SB-AP,0,INTRA-SB-AP,SB-AP,INTERMEDIATE_HALT,09:20,10:03,67.0,962.0,2
740,Mumbai → Chennai,MUM-MAS,12163,LTT MAS EXP,T2_SUPERFAST,17,TS-MUM-MAS-12163-017,YA,YERRAGUNTLA,Andhra Pradesh,AP,SB-AP,HX,CUDDAPAH,Andhra Pradesh,AP,SB-AP,0,INTRA-SB-AP,SB-AP,INTERMEDIATE_HALT,10:05,10:43,40.0,1002.0,2
741,Mumbai → Chennai,MUM-MAS,12163,LTT MAS EXP,T2_SUPERFAST,18,TS-MUM-MAS-12163-018,HX,CUDDAPAH,Andhra Pradesh,AP,SB-AP,RJP,RAZAMPETA,Andhra Pradesh,AP,SB-AP,0,INTRA-SB-AP,SB-AP,INTERMEDIATE_HALT,10:45,11:23,51.0,1053.0,2
742,Mumbai → Chennai,MUM-MAS,12163,LTT MAS EXP,T2_SUPERFAST,19,TS-MUM-MAS-12163-019,RJP,RAZAMPETA,Andhra Pradesh,AP,SB-AP,KOU,KODURU,Andhra Pradesh,AP,SB-AP,0,INTRA-SB-AP,SB-AP,INTERMEDIATE_HALT,11:25,11:53,33.0,1086.0,2
743,Mumbai → Chennai,MUM-MAS,12163,LTT MAS EXP,T2_SUPERFAST,20,TS-MUM-MAS-12163-020,KOU,KODURU,Andhra Pradesh,AP,SB-AP,RU,RENIGUNTA JN,Andhra Pradesh,AP,SB-AP,0,INTRA-SB-AP,SB-AP,INTERMEDIATE_HALT,11:55,12:55,41.0,1127.0,2
744,Mumbai → Chennai,MUM-MAS,12163,LTT MAS EXP,T2_SUPERFAST,21,TS-MUM-MAS-12163-021,RU,RENIGUNTA JN,Andhra Pradesh,AP,SB-AP,PUT,PUTTUR,Andhra Pradesh,AP,SB-AP,0,INTRA-SB-AP,SB-AP,INTERMEDIATE_HALT,13:00,13:28,24.0,1151.0,2
745,Mumbai → Chennai,MUM-MAS,12163,LTT MAS EXP,T2_SUPERFAST,22,TS-MUM-MAS-12163-022,PUT,PUTTUR,Andhra Pradesh,AP,SB-AP,TRT,TIRUTTANI,Tamil Nadu,TN,SB-TN,1,SB-AP->SB-TN,SB-XING-AP-TN,INTERMEDIATE_HALT,13:30,13:58,30.0,1181.0,2
746,Mumbai → Chennai,MUM-MAS,12163,LTT MAS EXP,T2_SUPERFAST,23,TS-MUM-MAS-12163-023,TRT,TIRUTTANI,Tamil Nadu,TN,SB-TN,AJJ,ARAKKONAM JN,Tamil Nadu,TN,SB-TN,0,INTRA-SB-TN,SB-TN,INTERMEDIATE_HALT,14:00,14:18,13.0,1194.0,2
747,Mumbai → Chennai,MUM-MAS,12163,LTT MAS EXP,T2_SUPERFAST,24,TS-MUM-MAS-12163-024,AJJ,ARAKKONAM JN,Tamil Nadu,TN,SB-TN,PER,PERAMBUR,Tamil Nadu,TN,SB-TN,0,INTRA-SB-TN,SB-TN,INTERMEDIATE_HALT,14:20,14:58,63.0,1257.0,2
748,Mumbai → Chennai,MUM-MAS,12163,LTT MAS EXP,T2_SUPERFAST,25,TS-MUM-MAS-12163-025,PER,PERAMBUR,Tamil Nadu,TN,SB-TN,MAS,PURATCHI THALAIVAR DR. MGR CTL,Tamil Nadu,TN,SB-TN,0,INTRA-SB-TN,SB-TN,HALTN_TO_DESTINATION,15:00,16:10,6.0,1263.0,2
749,Mumbai → Chennai,MUM-MAS,22157,CSMT MS SF MAIL,T2_SUPERFAST,1,TS-MUM-MAS-22157-001,CSMT,C SHIVAJI MAH T,Maharashtra,MH,SB-MH,DR,DADAR,Maharashtra,MH,SB-MH,0,INTRA-SB-MH,SB-MH,SOURCE_TO_HALT1,22:52,23:05,9.0,9.0,1
750,Mumbai → Chennai,MUM-MAS,22157,CSMT MS SF MAIL,T2_SUPERFAST,2,TS-MUM-MAS-22157-002,DR,DADAR,Maharashtra,MH,SB-MH,KYN,KALYAN JN,Maharashtra,MH,SB-MH,0,INTRA-SB-MH,SB-MH,INTERMEDIATE_HALT,23:08,23:52,44.0,53.0,1
751,Mumbai → Chennai,MUM-MAS,22157,CSMT MS SF MAIL,T2_SUPERFAST,3,TS-MUM-MAS-22157-003,KYN,KALYAN JN,Maharashtra,MH,SB-MH,LNL,LONAVALA,Maharashtra,MH,SB-MH,0,INTRA-SB-MH,SB-MH,INTERMEDIATE_HALT,23:55,01:35,75.0,128.0,2
752,Mumbai → Chennai,MUM-MAS,22157,CSMT MS SF MAIL,T2_SUPERFAST,4,TS-MUM-MAS-22157-004,LNL,LONAVALA,Maharashtra,MH,SB-MH,KK,KHADKI,Maharashtra,MH,SB-MH,0,INTRA-SB-MH,SB-MH,INTERMEDIATE_HALT,01:37,02:23,58.0,186.0,2
753,Mumbai → Chennai,MUM-MAS,22157,CSMT MS SF MAIL,T2_SUPERFAST,5,TS-MUM-MAS-22157-005,KK,KHADKI,Maharashtra,MH,SB-MH,PUNE,PUNE JN,Maharashtra,MH,SB-MH,0,INTRA-SB-MH,SB-MH,INTERMEDIATE_HALT,02:25,02:50,6.0,192.0,2
754,Mumbai → Chennai,MUM-MAS,22157,CSMT MS SF MAIL,T2_SUPERFAST,6,TS-MUM-MAS-22157-006,PUNE,PUNE JN,Maharashtra,MH,SB-MH,DD,DAUND JN,Maharashtra,MH,SB-MH,0,INTRA-SB-MH,SB-MH,INTERMEDIATE_HALT,02:55,04:05,75.0,267.0,2
755,Mumbai → Chennai,MUM-MAS,22157,CSMT MS SF MAIL,T2_SUPERFAST,7,TS-MUM-MAS-22157-007,DD,DAUND JN,Maharashtra,MH,SB-MH,JEUR,JEUR,Maharashtra,MH,SB-MH,0,INTRA-SB-MH,SB-MH,INTERMEDIATE_HALT,04:10,05:03,75.0,342.0,2
756,Mumbai → Chennai,MUM-MAS,22157,CSMT MS SF MAIL,T2_SUPERFAST,8,TS-MUM-MAS-22157-008,JEUR,JEUR,Maharashtra,MH,SB-MH,KWV,KURDUVADI JN,Maharashtra,MH,SB-MH,0,INTRA-SB-MH,SB-MH,INTERMEDIATE_HALT,05:05,05:33,34.0,376.0,2
757,Mumbai → Chennai,MUM-MAS,22157,CSMT MS SF MAIL,T2_SUPERFAST,9,TS-MUM-MAS-22157-009,KWV,KURDUVADI JN,Maharashtra,MH,SB-MH,SUR,SOLAPUR JN,Maharashtra,MH,SB-MH,0,INTRA-SB-MH,SB-MH,INTERMEDIATE_HALT,05:35,06:50,79.0,455.0,2
758,Mumbai → Chennai,MUM-MAS,22157,CSMT MS SF MAIL,T2_SUPERFAST,10,TS-MUM-MAS-22157-010,SUR,SOLAPUR JN,Maharashtra,MH,SB-MH,AKOR,AKALKOT ROAD,Maharashtra,MH,SB-MH,0,INTRA-SB-MH,SB-MH,INTERMEDIATE_HALT,06:55,07:26,35.0,490.0,2
759,Mumbai → Chennai,MUM-MAS,22157,CSMT MS SF MAIL,T2_SUPERFAST,11,TS-MUM-MAS-22157-011,AKOR,AKALKOT ROAD,Maharashtra,MH,SB-MH,DUD,DUDHANI,Maharashtra,MH,SB-MH,0,INTRA-SB-MH,SB-MH,INTERMEDIATE_HALT,07:28,07:50,28.0,518.0,2
760,Mumbai → Chennai,MUM-MAS,22157,CSMT MS SF MAIL,T2_SUPERFAST,12,TS-MUM-MAS-22157-012,DUD,DUDHANI,Maharashtra,MH,SB-MH,GUR,GANAGAPUR ROAD,Karnataka,KA,SB-KA,1,SB-MH->SB-KA,SB-XING-MH-KA,INTERMEDIATE_HALT,07:52,08:15,23.0,541.0,2
761,Mumbai → Chennai,MUM-MAS,22157,CSMT MS SF MAIL,T2_SUPERFAST,13,TS-MUM-MAS-22157-013,GUR,GANAGAPUR ROAD,Karnataka,KA,SB-KA,KLBG,KALABURAGI,Karnataka,KA,SB-KA,0,INTRA-SB-KA,SB-KA,INTERMEDIATE_HALT,08:17,08:47,27.0,568.0,2
762,Mumbai → Chennai,MUM-MAS,22157,CSMT MS SF MAIL,T2_SUPERFAST,14,TS-MUM-MAS-22157-014,KLBG,KALABURAGI,Karnataka,KA,SB-KA,SDB,SHAHABAD,Karnataka,KA,SB-KA,0,INTRA-SB-KA,SB-KA,INTERMEDIATE_HALT,08:50,09:18,26.0,594.0,2
763,Mumbai → Chennai,MUM-MAS,22157,CSMT MS SF MAIL,T2_SUPERFAST,15,TS-MUM-MAS-22157-015,SDB,SHAHABAD,Karnataka,KA,SB-KA,WADI,WADI JN,Karnataka,KA,SB-KA,0,INTRA-SB-KA,SB-KA,INTERMEDIATE_HALT,09:20,09:40,11.0,605.0,2
764,Mumbai → Chennai,MUM-MAS,22157,CSMT MS SF MAIL,T2_SUPERFAST,16,TS-MUM-MAS-22157-016,WADI,WADI JN,Karnataka,KA,SB-KA,NW,NALWAR,Karnataka,KA,SB-KA,0,INTRA-SB-KA,SB-KA,INTERMEDIATE_HALT,09:45,09:59,13.0,618.0,2
765,Mumbai → Chennai,MUM-MAS,22157,CSMT MS SF MAIL,T2_SUPERFAST,17,TS-MUM-MAS-22157-017,NW,NALWAR,Karnataka,KA,SB-KA,YG,YADGIR,Karnataka,KA,SB-KA,0,INTRA-SB-KA,SB-KA,INTERMEDIATE_HALT,10:00,10:18,25.0,643.0,2
766,Mumbai → Chennai,MUM-MAS,22157,CSMT MS SF MAIL,T2_SUPERFAST,18,TS-MUM-MAS-22157-018,YG,YADGIR,Karnataka,KA,SB-KA,SADP,SAIDAPUR,Karnataka,KA,SB-KA,0,INTRA-SB-KA,SB-KA,INTERMEDIATE_HALT,10:20,10:34,24.0,667.0,2
767,Mumbai → Chennai,MUM-MAS,22157,CSMT MS SF MAIL,T2_SUPERFAST,19,TS-MUM-MAS-22157-019,SADP,SAIDAPUR,Karnataka,KA,SB-KA,KSN,KRISHNA,Karnataka,KA,SB-KA,0,INTRA-SB-KA,SB-KA,INTERMEDIATE_HALT,10:35,10:50,20.0,687.0,2
768,Mumbai → Chennai,MUM-MAS,22157,CSMT MS SF MAIL,T2_SUPERFAST,20,TS-MUM-MAS-22157-020,KSN,KRISHNA,Karnataka,KA,SB-KA,RC,RAICHUR,Karnataka,KA,SB-KA,0,INTRA-SB-KA,SB-KA,INTERMEDIATE_HALT,11:00,11:28,25.0,712.0,2
769,Mumbai → Chennai,MUM-MAS,22157,CSMT MS SF MAIL,T2_SUPERFAST,21,TS-MUM-MAS-22157-021,RC,RAICHUR,Karnataka,KA,SB-KA,MTU,MATMARI,Karnataka,KA,SB-KA,0,INTRA-SB-KA,SB-KA,INTERMEDIATE_HALT,11:30,11:44,17.0,729.0,2
770,Mumbai → Chennai,MUM-MAS,22157,CSMT MS SF MAIL,T2_SUPERFAST,22,TS-MUM-MAS-22157-022,MTU,MATMARI,Karnataka,KA,SB-KA,MALM,MANTHRALAYAM RD,Andhra Pradesh,AP,SB-AP,1,SB-KA->SB-AP,SB-XING-KA-AP,INTERMEDIATE_HALT,11:45,11:53,12.0,741.0,2
771,Mumbai → Chennai,MUM-MAS,22157,CSMT MS SF MAIL,T2_SUPERFAST,23,TS-MUM-MAS-22157-023,MALM,MANTHRALAYAM RD,Andhra Pradesh,AP,SB-AP,KO,KOSGI,Andhra Pradesh,AP,SB-AP,0,INTRA-SB-AP,SB-AP,INTERMEDIATE_HALT,11:55,12:09,13.0,754.0,2
772,Mumbai → Chennai,MUM-MAS,22157,CSMT MS SF MAIL,T2_SUPERFAST,24,TS-MUM-MAS-22157-024,KO,KOSGI,Andhra Pradesh,AP,SB-AP,AD,ADONI,Andhra Pradesh,AP,SB-AP,0,INTRA-SB-AP,SB-AP,INTERMEDIATE_HALT,12:10,12:34,28.0,782.0,2
773,Mumbai → Chennai,MUM-MAS,22157,CSMT MS SF MAIL,T2_SUPERFAST,25,TS-MUM-MAS-22157-025,AD,ADONI,Andhra Pradesh,AP,SB-AP,GTL,GUNTAKAL JN,Andhra Pradesh,AP,SB-AP,0,INTRA-SB-AP,SB-AP,INTERMEDIATE_HALT,12:35,13:35,52.0,834.0,2
774,Mumbai → Chennai,MUM-MAS,22157,CSMT MS SF MAIL,T2_SUPERFAST,26,TS-MUM-MAS-22157-026,GTL,GUNTAKAL JN,Andhra Pradesh,AP,SB-AP,GY,GOOTY,Andhra Pradesh,AP,SB-AP,0,INTRA-SB-AP,SB-AP,INTERMEDIATE_HALT,13:45,14:13,28.0,862.0,2
775,Mumbai → Chennai,MUM-MAS,22157,CSMT MS SF MAIL,T2_SUPERFAST,27,TS-MUM-MAS-22157-027,GY,GOOTY,Andhra Pradesh,AP,SB-AP,TU,TADIPATRI,Andhra Pradesh,AP,SB-AP,0,INTRA-SB-AP,SB-AP,INTERMEDIATE_HALT,14:15,14:58,48.0,910.0,2
776,Mumbai → Chennai,MUM-MAS,22157,CSMT MS SF MAIL,T2_SUPERFAST,28,TS-MUM-MAS-22157-028,TU,TADIPATRI,Andhra Pradesh,AP,SB-AP,YA,YERRAGUNTLA,Andhra Pradesh,AP,SB-AP,0,INTRA-SB-AP,SB-AP,INTERMEDIATE_HALT,15:00,15:48,68.0,978.0,2
777,Mumbai → Chennai,MUM-MAS,22157,CSMT MS SF MAIL,T2_SUPERFAST,29,TS-MUM-MAS-22157-029,YA,YERRAGUNTLA,Andhra Pradesh,AP,SB-AP,HX,CUDDAPAH,Andhra Pradesh,AP,SB-AP,0,INTRA-SB-AP,SB-AP,INTERMEDIATE_HALT,15:50,16:33,40.0,1018.0,2
778,Mumbai → Chennai,MUM-MAS,22157,CSMT MS SF MAIL,T2_SUPERFAST,30,TS-MUM-MAS-22157-030,HX,CUDDAPAH,Andhra Pradesh,AP,SB-AP,RJP,RAZAMPETA,Andhra Pradesh,AP,SB-AP,0,INTRA-SB-AP,SB-AP,INTERMEDIATE_HALT,16:35,17:18,51.0,1069.0,2
779,Mumbai → Chennai,MUM-MAS,22157,CSMT MS SF MAIL,T2_SUPERFAST,31,TS-MUM-MAS-22157-031,RJP,RAZAMPETA,Andhra Pradesh,AP,SB-AP,RU,RENIGUNTA JN,Andhra Pradesh,AP,SB-AP,0,INTRA-SB-AP,SB-AP,INTERMEDIATE_HALT,17:20,18:50,74.0,1143.0,2
780,Mumbai → Chennai,MUM-MAS,22157,CSMT MS SF MAIL,T2_SUPERFAST,32,TS-MUM-MAS-22157-032,RU,RENIGUNTA JN,Andhra Pradesh,AP,SB-AP,AJJ,ARAKKONAM JN,Tamil Nadu,TN,SB-TN,1,SB-AP->SB-TN,SB-XING-AP-TN,INTERMEDIATE_HALT,19:00,20:18,66.0,1209.0,2
781,Mumbai → Chennai,MUM-MAS,22157,CSMT MS SF MAIL,T2_SUPERFAST,33,TS-MUM-MAS-22157-033,AJJ,ARAKKONAM JN,Tamil Nadu,TN,SB-TN,PER,PERAMBUR,Tamil Nadu,TN,SB-TN,0,INTRA-SB-TN,SB-TN,INTERMEDIATE_HALT,20:20,21:08,63.0,1272.0,2
782,Mumbai → Chennai,MUM-MAS,22157,CSMT MS SF MAIL,T2_SUPERFAST,34,TS-MUM-MAS-22157-034,PER,PERAMBUR,Tamil Nadu,TN,SB-TN,MS,CHENNAI EGMORE,Tamil Nadu,TN,SB-TN,0,INTRA-SB-TN,SB-TN,HALTN_TO_DESTINATION,21:10,22:15,12.0,1284.0,2
783,Mumbai → Chennai,MUM-MAS,22159,CSMT CHENNAI EXP,T2_SUPERFAST,1,TS-MUM-MAS-22159-001,CSMT,C SHIVAJI MAH T,Maharashtra,MH,SB-MH,DR,DADAR,Maharashtra,MH,SB-MH,0,INTRA-SB-MH,SB-MH,SOURCE_TO_HALT1,12:45,12:52,9.0,9.0,1
784,Mumbai → Chennai,MUM-MAS,22159,CSMT CHENNAI EXP,T2_SUPERFAST,2,TS-MUM-MAS-22159-002,DR,DADAR,Maharashtra,MH,SB-MH,TNA,THANE,Maharashtra,MH,SB-MH,0,INTRA-SB-MH,SB-MH,INTERMEDIATE_HALT,12:55,13:18,24.0,33.0,1
785,Mumbai → Chennai,MUM-MAS,22159,CSMT CHENNAI EXP,T2_SUPERFAST,3,TS-MUM-MAS-22159-003,TNA,THANE,Maharashtra,MH,SB-MH,KYN,KALYAN JN,Maharashtra,MH,SB-MH,0,INTRA-SB-MH,SB-MH,INTERMEDIATE_HALT,13:20,13:37,20.0,53.0,1
786,Mumbai → Chennai,MUM-MAS,22159,CSMT CHENNAI EXP,T2_SUPERFAST,4,TS-MUM-MAS-22159-004,KYN,KALYAN JN,Maharashtra,MH,SB-MH,KJT,KARJAT,Maharashtra,MH,SB-MH,0,INTRA-SB-MH,SB-MH,INTERMEDIATE_HALT,13:40,14:20,47.0,100.0,1
787,Mumbai → Chennai,MUM-MAS,22159,CSMT CHENNAI EXP,T2_SUPERFAST,5,TS-MUM-MAS-22159-005,KJT,KARJAT,Maharashtra,MH,SB-MH,LNL,LONAVALA,Maharashtra,MH,SB-MH,0,INTRA-SB-MH,SB-MH,INTERMEDIATE_HALT,14:25,15:08,28.0,128.0,1
788,Mumbai → Chennai,MUM-MAS,22159,CSMT CHENNAI EXP,T2_SUPERFAST,6,TS-MUM-MAS-22159-006,LNL,LONAVALA,Maharashtra,MH,SB-MH,KK,KHADKI,Maharashtra,MH,SB-MH,0,INTRA-SB-MH,SB-MH,INTERMEDIATE_HALT,15:10,15:54,58.0,186.0,1
789,Mumbai → Chennai,MUM-MAS,22159,CSMT CHENNAI EXP,T2_SUPERFAST,7,TS-MUM-MAS-22159-007,KK,KHADKI,Maharashtra,MH,SB-MH,PUNE,PUNE JN,Maharashtra,MH,SB-MH,0,INTRA-SB-MH,SB-MH,INTERMEDIATE_HALT,15:55,16:20,6.0,192.0,1
790,Mumbai → Chennai,MUM-MAS,22159,CSMT CHENNAI EXP,T2_SUPERFAST,8,TS-MUM-MAS-22159-008,PUNE,PUNE JN,Maharashtra,MH,SB-MH,DD,DAUND JN,Maharashtra,MH,SB-MH,0,INTRA-SB-MH,SB-MH,INTERMEDIATE_HALT,16:25,17:30,75.0,267.0,1
791,Mumbai → Chennai,MUM-MAS,22159,CSMT CHENNAI EXP,T2_SUPERFAST,9,TS-MUM-MAS-22159-009,DD,DAUND JN,Maharashtra,MH,SB-MH,KWV,KURDUVADI JN,Maharashtra,MH,SB-MH,0,INTRA-SB-MH,SB-MH,INTERMEDIATE_HALT,17:35,18:48,109.0,376.0,1
792,Mumbai → Chennai,MUM-MAS,22159,CSMT CHENNAI EXP,T2_SUPERFAST,10,TS-MUM-MAS-22159-010,KWV,KURDUVADI JN,Maharashtra,MH,SB-MH,SUR,SOLAPUR JN,Maharashtra,MH,SB-MH,0,INTRA-SB-MH,SB-MH,INTERMEDIATE_HALT,18:50,19:55,79.0,455.0,1
793,Mumbai → Chennai,MUM-MAS,22159,CSMT CHENNAI EXP,T2_SUPERFAST,11,TS-MUM-MAS-22159-011,SUR,SOLAPUR JN,Maharashtra,MH,SB-MH,KLBG,KALABURAGI,Karnataka,KA,SB-KA,1,SB-MH->SB-KA,SB-XING-MH-KA,INTERMEDIATE_HALT,20:00,21:22,113.0,568.0,1
794,Mumbai → Chennai,MUM-MAS,22159,CSMT CHENNAI EXP,T2_SUPERFAST,12,TS-MUM-MAS-22159-012,KLBG,KALABURAGI,Karnataka,KA,SB-KA,WADI,WADI JN,Karnataka,KA,SB-KA,0,INTRA-SB-KA,SB-KA,INTERMEDIATE_HALT,21:25,22:25,37.0,605.0,1
795,Mumbai → Chennai,MUM-MAS,22159,CSMT CHENNAI EXP,T2_SUPERFAST,13,TS-MUM-MAS-22159-013,WADI,WADI JN,Karnataka,KA,SB-KA,YG,YADGIR,Karnataka,KA,SB-KA,0,INTRA-SB-KA,SB-KA,INTERMEDIATE_HALT,22:30,23:03,38.0,643.0,1
796,Mumbai → Chennai,MUM-MAS,22159,CSMT CHENNAI EXP,T2_SUPERFAST,14,TS-MUM-MAS-22159-014,YG,YADGIR,Karnataka,KA,SB-KA,KSN,KRISHNA,Karnataka,KA,SB-KA,0,INTRA-SB-KA,SB-KA,INTERMEDIATE_HALT,23:05,23:30,44.0,687.0,1
797,Mumbai → Chennai,MUM-MAS,22159,CSMT CHENNAI EXP,T2_SUPERFAST,15,TS-MUM-MAS-22159-015,KSN,KRISHNA,Karnataka,KA,SB-KA,RC,RAICHUR,Karnataka,KA,SB-KA,0,INTRA-SB-KA,SB-KA,INTERMEDIATE_HALT,23:40,00:18,25.0,712.0,2
798,Mumbai → Chennai,MUM-MAS,22159,CSMT CHENNAI EXP,T2_SUPERFAST,16,TS-MUM-MAS-22159-016,RC,RAICHUR,Karnataka,KA,SB-KA,MALM,MANTHRALAYAM RD,Andhra Pradesh,AP,SB-AP,1,SB-KA->SB-AP,SB-XING-KA-AP,INTERMEDIATE_HALT,00:20,00:53,29.0,741.0,2
799,Mumbai → Chennai,MUM-MAS,22159,CSMT CHENNAI EXP,T2_SUPERFAST,17,TS-MUM-MAS-22159-017,MALM,MANTHRALAYAM RD,Andhra Pradesh,AP,SB-AP,AD,ADONI,Andhra Pradesh,AP,SB-AP,0,INTRA-SB-AP,SB-AP,INTERMEDIATE_HALT,00:55,01:24,41.0,782.0,2
800,Mumbai → Chennai,MUM-MAS,22159,CSMT CHENNAI EXP,T2_SUPERFAST,18,TS-MUM-MAS-22159-018,AD,ADONI,Andhra Pradesh,AP,SB-AP,GTL,GUNTAKAL JN,Andhra Pradesh,AP,SB-AP,0,INTRA-SB-AP,SB-AP,INTERMEDIATE_HALT,01:25,02:40,52.0,834.0,2
801,Mumbai → Chennai,MUM-MAS,22159,CSMT CHENNAI EXP,T2_SUPERFAST,19,TS-MUM-MAS-22159-019,GTL,GUNTAKAL JN,Andhra Pradesh,AP,SB-AP,GY,GOOTY,Andhra Pradesh,AP,SB-AP,0,INTRA-SB-AP,SB-AP,INTERMEDIATE_HALT,02:45,03:08,28.0,862.0,2
802,Mumbai → Chennai,MUM-MAS,22159,CSMT CHENNAI EXP,T2_SUPERFAST,20,TS-MUM-MAS-22159-020,GY,GOOTY,Andhra Pradesh,AP,SB-AP,TU,TADIPATRI,Andhra Pradesh,AP,SB-AP,0,INTRA-SB-AP,SB-AP,INTERMEDIATE_HALT,03:10,03:54,48.0,910.0,2
803,Mumbai → Chennai,MUM-MAS,22159,CSMT CHENNAI EXP,T2_SUPERFAST,21,TS-MUM-MAS-22159-021,TU,TADIPATRI,Andhra Pradesh,AP,SB-AP,YA,YERRAGUNTLA,Andhra Pradesh,AP,SB-AP,0,INTRA-SB-AP,SB-AP,INTERMEDIATE_HALT,03:55,04:38,68.0,978.0,2
804,Mumbai → Chennai,MUM-MAS,22159,CSMT CHENNAI EXP,T2_SUPERFAST,22,TS-MUM-MAS-22159-022,YA,YERRAGUNTLA,Andhra Pradesh,AP,SB-AP,HX,CUDDAPAH,Andhra Pradesh,AP,SB-AP,0,INTRA-SB-AP,SB-AP,INTERMEDIATE_HALT,04:40,05:13,40.0,1018.0,2
805,Mumbai → Chennai,MUM-MAS,22159,CSMT CHENNAI EXP,T2_SUPERFAST,23,TS-MUM-MAS-22159-023,HX,CUDDAPAH,Andhra Pradesh,AP,SB-AP,RJP,RAZAMPETA,Andhra Pradesh,AP,SB-AP,0,INTRA-SB-AP,SB-AP,INTERMEDIATE_HALT,05:15,05:58,51.0,1069.0,2
806,Mumbai → Chennai,MUM-MAS,22159,CSMT CHENNAI EXP,T2_SUPERFAST,24,TS-MUM-MAS-22159-024,RJP,RAZAMPETA,Andhra Pradesh,AP,SB-AP,KOU,KODURU,Andhra Pradesh,AP,SB-AP,0,INTRA-SB-AP,SB-AP,INTERMEDIATE_HALT,06:00,06:24,33.0,1102.0,2
807,Mumbai → Chennai,MUM-MAS,22159,CSMT CHENNAI EXP,T2_SUPERFAST,25,TS-MUM-MAS-22159-025,KOU,KODURU,Andhra Pradesh,AP,SB-AP,RU,RENIGUNTA JN,Andhra Pradesh,AP,SB-AP,0,INTRA-SB-AP,SB-AP,INTERMEDIATE_HALT,06:25,07:30,41.0,1143.0,2
808,Mumbai → Chennai,MUM-MAS,22159,CSMT CHENNAI EXP,T2_SUPERFAST,26,TS-MUM-MAS-22159-026,RU,RENIGUNTA JN,Andhra Pradesh,AP,SB-AP,PUT,PUTTUR,Andhra Pradesh,AP,SB-AP,0,INTRA-SB-AP,SB-AP,INTERMEDIATE_HALT,07:35,07:58,23.0,1166.0,2
809,Mumbai → Chennai,MUM-MAS,22159,CSMT CHENNAI EXP,T2_SUPERFAST,27,TS-MUM-MAS-22159-027,PUT,PUTTUR,Andhra Pradesh,AP,SB-AP,TRT,TIRUTTANI,Tamil Nadu,TN,SB-TN,1,SB-AP->SB-TN,SB-XING-AP-TN,INTERMEDIATE_HALT,08:00,08:28,31.0,1197.0,2
810,Mumbai → Chennai,MUM-MAS,22159,CSMT CHENNAI EXP,T2_SUPERFAST,28,TS-MUM-MAS-22159-028,TRT,TIRUTTANI,Tamil Nadu,TN,SB-TN,AJJ,ARAKKONAM JN,Tamil Nadu,TN,SB-TN,0,INTRA-SB-TN,SB-TN,INTERMEDIATE_HALT,08:30,08:58,12.0,1209.0,2
811,Mumbai → Chennai,MUM-MAS,22159,CSMT CHENNAI EXP,T2_SUPERFAST,29,TS-MUM-MAS-22159-029,AJJ,ARAKKONAM JN,Tamil Nadu,TN,SB-TN,TRL,TIRUVALLUR,Tamil Nadu,TN,SB-TN,0,INTRA-SB-TN,SB-TN,INTERMEDIATE_HALT,09:00,09:28,27.0,1236.0,2
812,Mumbai → Chennai,MUM-MAS,22159,CSMT CHENNAI EXP,T2_SUPERFAST,30,TS-MUM-MAS-22159-030,TRL,TIRUVALLUR,Tamil Nadu,TN,SB-TN,PER,PERAMBUR,Tamil Nadu,TN,SB-TN,0,INTRA-SB-TN,SB-TN,INTERMEDIATE_HALT,09:30,10:03,36.0,1272.0,2
813,Mumbai → Chennai,MUM-MAS,22159,CSMT CHENNAI EXP,T2_SUPERFAST,31,TS-MUM-MAS-22159-031,PER,PERAMBUR,Tamil Nadu,TN,SB-TN,MAS,PURATCHI THALAIVAR DR. MGR CTL,Tamil Nadu,TN,SB-TN,0,INTRA-SB-TN,SB-TN,HALTN_TO_DESTINATION,10:05,10:45,7.0,1279.0,2
814,Mumbai → Chennai,MUM-MAS,22179,LTT CHENNAI EXP,T2_SUPERFAST,1,TS-MUM-MAS-22179-001,LTT,LOKMANYATILAK,Maharashtra,MH,SB-MH,KYN,KALYAN JN,Maharashtra,MH,SB-MH,0,INTRA-SB-MH,SB-MH,SOURCE_TO_HALT1,13:15,14:02,37.0,37.0,1
815,Mumbai → Chennai,MUM-MAS,22179,LTT CHENNAI EXP,T2_SUPERFAST,2,TS-MUM-MAS-22179-002,KYN,KALYAN JN,Maharashtra,MH,SB-MH,PUNE,PUNE JN,Maharashtra,MH,SB-MH,0,INTRA-SB-MH,SB-MH,INTERMEDIATE_HALT,14:05,16:35,139.0,176.0,1
816,Mumbai → Chennai,MUM-MAS,22179,LTT CHENNAI EXP,T2_SUPERFAST,3,TS-MUM-MAS-22179-003,PUNE,PUNE JN,Maharashtra,MH,SB-MH,SUR,SOLAPUR JN,Maharashtra,MH,SB-MH,0,INTRA-SB-MH,SB-MH,INTERMEDIATE_HALT,16:40,20:30,263.0,439.0,1
817,Mumbai → Chennai,MUM-MAS,22179,LTT CHENNAI EXP,T2_SUPERFAST,4,TS-MUM-MAS-22179-004,SUR,SOLAPUR JN,Maharashtra,MH,SB-MH,KLBG,KALABURAGI,Karnataka,KA,SB-KA,1,SB-MH->SB-KA,SB-XING-MH-KA,INTERMEDIATE_HALT,20:35,21:57,113.0,552.0,1
818,Mumbai → Chennai,MUM-MAS,22179,LTT CHENNAI EXP,T2_SUPERFAST,5,TS-MUM-MAS-22179-005,KLBG,KALABURAGI,Karnataka,KA,SB-KA,WADI,WADI JN,Karnataka,KA,SB-KA,0,INTRA-SB-KA,SB-KA,INTERMEDIATE_HALT,22:00,23:05,37.0,589.0,1
819,Mumbai → Chennai,MUM-MAS,22179,LTT CHENNAI EXP,T2_SUPERFAST,6,TS-MUM-MAS-22179-006,WADI,WADI JN,Karnataka,KA,SB-KA,YG,YADGIR,Karnataka,KA,SB-KA,0,INTRA-SB-KA,SB-KA,INTERMEDIATE_HALT,23:10,23:38,39.0,628.0,1
820,Mumbai → Chennai,MUM-MAS,22179,LTT CHENNAI EXP,T2_SUPERFAST,7,TS-MUM-MAS-22179-007,YG,YADGIR,Karnataka,KA,SB-KA,RC,RAICHUR,Karnataka,KA,SB-KA,0,INTRA-SB-KA,SB-KA,INTERMEDIATE_HALT,23:40,00:38,68.0,696.0,2
821,Mumbai → Chennai,MUM-MAS,22179,LTT CHENNAI EXP,T2_SUPERFAST,8,TS-MUM-MAS-22179-008,RC,RAICHUR,Karnataka,KA,SB-KA,MALM,MANTHRALAYAM RD,Andhra Pradesh,AP,SB-AP,1,SB-KA->SB-AP,SB-XING-KA-AP,INTERMEDIATE_HALT,00:40,01:03,29.0,725.0,2
822,Mumbai → Chennai,MUM-MAS,22179,LTT CHENNAI EXP,T2_SUPERFAST,9,TS-MUM-MAS-22179-009,MALM,MANTHRALAYAM RD,Andhra Pradesh,AP,SB-AP,AD,ADONI,Andhra Pradesh,AP,SB-AP,0,INTRA-SB-AP,SB-AP,INTERMEDIATE_HALT,01:05,01:38,42.0,767.0,2
823,Mumbai → Chennai,MUM-MAS,22179,LTT CHENNAI EXP,T2_SUPERFAST,10,TS-MUM-MAS-22179-010,AD,ADONI,Andhra Pradesh,AP,SB-AP,GTL,GUNTAKAL JN,Andhra Pradesh,AP,SB-AP,0,INTRA-SB-AP,SB-AP,INTERMEDIATE_HALT,01:40,02:45,51.0,818.0,2
824,Mumbai → Chennai,MUM-MAS,22179,LTT CHENNAI EXP,T2_SUPERFAST,11,TS-MUM-MAS-22179-011,GTL,GUNTAKAL JN,Andhra Pradesh,AP,SB-AP,GY,GOOTY,Andhra Pradesh,AP,SB-AP,0,INTRA-SB-AP,SB-AP,INTERMEDIATE_HALT,02:50,03:19,29.0,847.0,2
825,Mumbai → Chennai,MUM-MAS,22179,LTT CHENNAI EXP,T2_SUPERFAST,12,TS-MUM-MAS-22179-012,GY,GOOTY,Andhra Pradesh,AP,SB-AP,YA,YERRAGUNTLA,Andhra Pradesh,AP,SB-AP,0,INTRA-SB-AP,SB-AP,INTERMEDIATE_HALT,03:20,04:48,115.0,962.0,2
826,Mumbai → Chennai,MUM-MAS,22179,LTT CHENNAI EXP,T2_SUPERFAST,13,TS-MUM-MAS-22179-013,YA,YERRAGUNTLA,Andhra Pradesh,AP,SB-AP,HX,CUDDAPAH,Andhra Pradesh,AP,SB-AP,0,INTRA-SB-AP,SB-AP,INTERMEDIATE_HALT,04:50,05:23,40.0,1002.0,2
827,Mumbai → Chennai,MUM-MAS,22179,LTT CHENNAI EXP,T2_SUPERFAST,14,TS-MUM-MAS-22179-014,HX,CUDDAPAH,Andhra Pradesh,AP,SB-AP,RU,RENIGUNTA JN,Andhra Pradesh,AP,SB-AP,0,INTRA-SB-AP,SB-AP,INTERMEDIATE_HALT,05:25,07:50,125.0,1127.0,2
828,Mumbai → Chennai,MUM-MAS,22179,LTT CHENNAI EXP,T2_SUPERFAST,15,TS-MUM-MAS-22179-015,RU,RENIGUNTA JN,Andhra Pradesh,AP,SB-AP,AJJ,ARAKKONAM JN,Tamil Nadu,TN,SB-TN,1,SB-AP->SB-TN,SB-XING-AP-TN,INTERMEDIATE_HALT,08:00,09:13,67.0,1194.0,2
829,Mumbai → Chennai,MUM-MAS,22179,LTT CHENNAI EXP,T2_SUPERFAST,16,TS-MUM-MAS-22179-016,AJJ,ARAKKONAM JN,Tamil Nadu,TN,SB-TN,PER,PERAMBUR,Tamil Nadu,TN,SB-TN,0,INTRA-SB-TN,SB-TN,INTERMEDIATE_HALT,09:15,10:13,63.0,1257.0,2
830,Mumbai → Chennai,MUM-MAS,22179,LTT CHENNAI EXP,T2_SUPERFAST,17,TS-MUM-MAS-22179-017,PER,PERAMBUR,Tamil Nadu,TN,SB-TN,MAS,PURATCHI THALAIVAR DR. MGR CTL,Tamil Nadu,TN,SB-TN,0,INTRA-SB-TN,SB-TN,HALTN_TO_DESTINATION,10:15,10:55,6.0,1263.0,2
831,Mumbai → Chennai,MUM-MAS,12164,MAS LTT SF EXP,T2_SUPERFAST,1,TS-MUM-MAS-12164-001,MAS,PURATCHI THALAIVAR DR. MGR CTL,Tamil Nadu,TN,SB-TN,AJJ,ARAKKONAM JN,Tamil Nadu,TN,SB-TN,0,INTRA-SB-TN,SB-TN,SOURCE_TO_HALT1,18:25,19:23,69.0,69.0,1
832,Mumbai → Chennai,MUM-MAS,12164,MAS LTT SF EXP,T2_SUPERFAST,2,TS-MUM-MAS-12164-002,AJJ,ARAKKONAM JN,Tamil Nadu,TN,SB-TN,TRT,TIRUTTANI,Tamil Nadu,TN,SB-TN,0,INTRA-SB-TN,SB-TN,INTERMEDIATE_HALT,19:25,19:38,13.0,82.0,1
833,Mumbai → Chennai,MUM-MAS,12164,MAS LTT SF EXP,T2_SUPERFAST,3,TS-MUM-MAS-12164-003,TRT,TIRUTTANI,Tamil Nadu,TN,SB-TN,PUT,PUTTUR,Andhra Pradesh,AP,SB-AP,1,SB-TN->SB-AP,SB-XING-TN-AP,INTERMEDIATE_HALT,19:40,20:08,30.0,112.0,1
834,Mumbai → Chennai,MUM-MAS,12164,MAS LTT SF EXP,T2_SUPERFAST,4,TS-MUM-MAS-12164-004,PUT,PUTTUR,Andhra Pradesh,AP,SB-AP,RU,RENIGUNTA JN,Andhra Pradesh,AP,SB-AP,0,INTRA-SB-AP,SB-AP,INTERMEDIATE_HALT,20:10,20:45,24.0,136.0,1
835,Mumbai → Chennai,MUM-MAS,12164,MAS LTT SF EXP,T2_SUPERFAST,5,TS-MUM-MAS-12164-005,RU,RENIGUNTA JN,Andhra Pradesh,AP,SB-AP,KOU,KODURU,Andhra Pradesh,AP,SB-AP,0,INTRA-SB-AP,SB-AP,INTERMEDIATE_HALT,20:50,21:24,40.0,176.0,1
836,Mumbai → Chennai,MUM-MAS,12164,MAS LTT SF EXP,T2_SUPERFAST,6,TS-MUM-MAS-12164-006,KOU,KODURU,Andhra Pradesh,AP,SB-AP,RJP,RAZAMPETA,Andhra Pradesh,AP,SB-AP,0,INTRA-SB-AP,SB-AP,INTERMEDIATE_HALT,21:25,21:49,34.0,210.0,1
837,Mumbai → Chennai,MUM-MAS,12164,MAS LTT SF EXP,T2_SUPERFAST,7,TS-MUM-MAS-12164-007,RJP,RAZAMPETA,Andhra Pradesh,AP,SB-AP,HX,CUDDAPAH,Andhra Pradesh,AP,SB-AP,0,INTRA-SB-AP,SB-AP,INTERMEDIATE_HALT,21:50,22:33,51.0,261.0,1
838,Mumbai → Chennai,MUM-MAS,12164,MAS LTT SF EXP,T2_SUPERFAST,8,TS-MUM-MAS-12164-008,HX,CUDDAPAH,Andhra Pradesh,AP,SB-AP,YA,YERRAGUNTLA,Andhra Pradesh,AP,SB-AP,0,INTRA-SB-AP,SB-AP,INTERMEDIATE_HALT,22:35,22:59,40.0,301.0,1
839,Mumbai → Chennai,MUM-MAS,12164,MAS LTT SF EXP,T2_SUPERFAST,9,TS-MUM-MAS-12164-009,YA,YERRAGUNTLA,Andhra Pradesh,AP,SB-AP,TU,TADIPATRI,Andhra Pradesh,AP,SB-AP,0,INTRA-SB-AP,SB-AP,INTERMEDIATE_HALT,23:00,23:54,67.0,368.0,1
840,Mumbai → Chennai,MUM-MAS,12164,MAS LTT SF EXP,T2_SUPERFAST,10,TS-MUM-MAS-12164-010,TU,TADIPATRI,Andhra Pradesh,AP,SB-AP,GY,GOOTY,Andhra Pradesh,AP,SB-AP,0,INTRA-SB-AP,SB-AP,INTERMEDIATE_HALT,23:55,00:54,48.0,416.0,2
841,Mumbai → Chennai,MUM-MAS,12164,MAS LTT SF EXP,T2_SUPERFAST,11,TS-MUM-MAS-12164-011,GY,GOOTY,Andhra Pradesh,AP,SB-AP,GTL,GUNTAKAL JN,Andhra Pradesh,AP,SB-AP,0,INTRA-SB-AP,SB-AP,INTERMEDIATE_HALT,00:55,01:25,29.0,445.0,2
842,Mumbai → Chennai,MUM-MAS,12164,MAS LTT SF EXP,T2_SUPERFAST,12,TS-MUM-MAS-12164-012,GTL,GUNTAKAL JN,Andhra Pradesh,AP,SB-AP,AD,ADONI,Andhra Pradesh,AP,SB-AP,0,INTRA-SB-AP,SB-AP,INTERMEDIATE_HALT,01:35,02:19,51.0,496.0,2
843,Mumbai → Chennai,MUM-MAS,12164,MAS LTT SF EXP,T2_SUPERFAST,13,TS-MUM-MAS-12164-013,AD,ADONI,Andhra Pradesh,AP,SB-AP,MALM,MANTHRALAYAM RD,Andhra Pradesh,AP,SB-AP,0,INTRA-SB-AP,SB-AP,INTERMEDIATE_HALT,02:20,02:49,41.0,537.0,2
844,Mumbai → Chennai,MUM-MAS,12164,MAS LTT SF EXP,T2_SUPERFAST,14,TS-MUM-MAS-12164-014,MALM,MANTHRALAYAM RD,Andhra Pradesh,AP,SB-AP,RC,RAICHUR,Karnataka,KA,SB-KA,1,SB-AP->SB-KA,SB-XING-AP-KA,INTERMEDIATE_HALT,02:50,03:28,30.0,567.0,2
845,Mumbai → Chennai,MUM-MAS,12164,MAS LTT SF EXP,T2_SUPERFAST,15,TS-MUM-MAS-12164-015,RC,RAICHUR,Karnataka,KA,SB-KA,SADP,SAIDAPUR,Karnataka,KA,SB-KA,0,INTRA-SB-KA,SB-KA,INTERMEDIATE_HALT,03:30,04:09,45.0,612.0,2
846,Mumbai → Chennai,MUM-MAS,12164,MAS LTT SF EXP,T2_SUPERFAST,16,TS-MUM-MAS-12164-016,SADP,SAIDAPUR,Karnataka,KA,SB-KA,YG,YADGIR,Karnataka,KA,SB-KA,0,INTRA-SB-KA,SB-KA,INTERMEDIATE_HALT,04:10,04:28,23.0,635.0,2
847,Mumbai → Chennai,MUM-MAS,12164,MAS LTT SF EXP,T2_SUPERFAST,17,TS-MUM-MAS-12164-017,YG,YADGIR,Karnataka,KA,SB-KA,WADI,WADI JN,Karnataka,KA,SB-KA,0,INTRA-SB-KA,SB-KA,INTERMEDIATE_HALT,04:30,05:30,39.0,674.0,2
848,Mumbai → Chennai,MUM-MAS,12164,MAS LTT SF EXP,T2_SUPERFAST,18,TS-MUM-MAS-12164-018,WADI,WADI JN,Karnataka,KA,SB-KA,KLBG,KALABURAGI,Karnataka,KA,SB-KA,0,INTRA-SB-KA,SB-KA,INTERMEDIATE_HALT,05:32,06:12,37.0,711.0,2
849,Mumbai → Chennai,MUM-MAS,12164,MAS LTT SF EXP,T2_SUPERFAST,19,TS-MUM-MAS-12164-019,KLBG,KALABURAGI,Karnataka,KA,SB-KA,SUR,SOLAPUR JN,Maharashtra,MH,SB-MH,1,SB-KA->SB-MH,SB-XING-KA-MH,INTERMEDIATE_HALT,06:15,07:40,113.0,824.0,2
850,Mumbai → Chennai,MUM-MAS,12164,MAS LTT SF EXP,T2_SUPERFAST,20,TS-MUM-MAS-12164-020,SUR,SOLAPUR JN,Maharashtra,MH,SB-MH,PUNE,PUNE JN,Maharashtra,MH,SB-MH,0,INTRA-SB-MH,SB-MH,INTERMEDIATE_HALT,07:45,11:40,262.0,1086.0,2
851,Mumbai → Chennai,MUM-MAS,12164,MAS LTT SF EXP,T2_SUPERFAST,21,TS-MUM-MAS-12164-021,PUNE,PUNE JN,Maharashtra,MH,SB-MH,LNL,LONAVALA,Maharashtra,MH,SB-MH,0,INTRA-SB-MH,SB-MH,INTERMEDIATE_HALT,11:45,12:40,65.0,1151.0,2
852,Mumbai → Chennai,MUM-MAS,12164,MAS LTT SF EXP,T2_SUPERFAST,22,TS-MUM-MAS-12164-022,LNL,LONAVALA,Maharashtra,MH,SB-MH,KYN,KALYAN JN,Maharashtra,MH,SB-MH,0,INTRA-SB-MH,SB-MH,INTERMEDIATE_HALT,12:42,14:17,74.0,1225.0,2
853,Mumbai → Chennai,MUM-MAS,12164,MAS LTT SF EXP,T2_SUPERFAST,23,TS-MUM-MAS-12164-023,KYN,KALYAN JN,Maharashtra,MH,SB-MH,TNA,THANE,Maharashtra,MH,SB-MH,0,INTRA-SB-MH,SB-MH,INTERMEDIATE_HALT,14:20,14:37,21.0,1246.0,2
854,Mumbai → Chennai,MUM-MAS,12164,MAS LTT SF EXP,T2_SUPERFAST,24,TS-MUM-MAS-12164-024,TNA,THANE,Maharashtra,MH,SB-MH,LTT,LOKMANYATILAK,Maharashtra,MH,SB-MH,0,INTRA-SB-MH,SB-MH,HALTN_TO_DESTINATION,14:40,15:55,17.0,1263.0,2
855,Mumbai → Chennai,MUM-MAS,22158,MS CSMT SF EXP,T2_SUPERFAST,1,TS-MUM-MAS-22158-001,MS,CHENNAI EGMORE,Tamil Nadu,TN,SB-TN,AJJ,ARAKKONAM JN,Tamil Nadu,TN,SB-TN,0,INTRA-SB-TN,SB-TN,SOURCE_TO_HALT1,06:35,07:53,75.0,75.0,1
856,Mumbai → Chennai,MUM-MAS,22158,MS CSMT SF EXP,T2_SUPERFAST,2,TS-MUM-MAS-22158-002,AJJ,ARAKKONAM JN,Tamil Nadu,TN,SB-TN,RU,RENIGUNTA JN,Andhra Pradesh,AP,SB-AP,1,SB-TN->SB-AP,SB-XING-TN-AP,INTERMEDIATE_HALT,07:55,09:15,66.0,141.0,1
857,Mumbai → Chennai,MUM-MAS,22158,MS CSMT SF EXP,T2_SUPERFAST,3,TS-MUM-MAS-22158-003,RU,RENIGUNTA JN,Andhra Pradesh,AP,SB-AP,RJP,RAZAMPETA,Andhra Pradesh,AP,SB-AP,0,INTRA-SB-AP,SB-AP,INTERMEDIATE_HALT,09:20,10:13,74.0,215.0,1
858,Mumbai → Chennai,MUM-MAS,22158,MS CSMT SF EXP,T2_SUPERFAST,4,TS-MUM-MAS-22158-004,RJP,RAZAMPETA,Andhra Pradesh,AP,SB-AP,HX,CUDDAPAH,Andhra Pradesh,AP,SB-AP,0,INTRA-SB-AP,SB-AP,INTERMEDIATE_HALT,10:15,11:08,51.0,266.0,1
859,Mumbai → Chennai,MUM-MAS,22158,MS CSMT SF EXP,T2_SUPERFAST,5,TS-MUM-MAS-22158-005,HX,CUDDAPAH,Andhra Pradesh,AP,SB-AP,YA,YERRAGUNTLA,Andhra Pradesh,AP,SB-AP,0,INTRA-SB-AP,SB-AP,INTERMEDIATE_HALT,11:10,11:33,40.0,306.0,1
860,Mumbai → Chennai,MUM-MAS,22158,MS CSMT SF EXP,T2_SUPERFAST,6,TS-MUM-MAS-22158-006,YA,YERRAGUNTLA,Andhra Pradesh,AP,SB-AP,TU,TADIPATRI,Andhra Pradesh,AP,SB-AP,0,INTRA-SB-AP,SB-AP,INTERMEDIATE_HALT,11:35,12:34,68.0,374.0,1
861,Mumbai → Chennai,MUM-MAS,22158,MS CSMT SF EXP,T2_SUPERFAST,7,TS-MUM-MAS-22158-007,TU,TADIPATRI,Andhra Pradesh,AP,SB-AP,GY,GOOTY,Andhra Pradesh,AP,SB-AP,0,INTRA-SB-AP,SB-AP,INTERMEDIATE_HALT,12:35,13:28,48.0,422.0,1
862,Mumbai → Chennai,MUM-MAS,22158,MS CSMT SF EXP,T2_SUPERFAST,8,TS-MUM-MAS-22158-008,GY,GOOTY,Andhra Pradesh,AP,SB-AP,GTL,GUNTAKAL JN,Andhra Pradesh,AP,SB-AP,0,INTRA-SB-AP,SB-AP,INTERMEDIATE_HALT,13:30,14:05,28.0,450.0,1
863,Mumbai → Chennai,MUM-MAS,22158,MS CSMT SF EXP,T2_SUPERFAST,9,TS-MUM-MAS-22158-009,GTL,GUNTAKAL JN,Andhra Pradesh,AP,SB-AP,AD,ADONI,Andhra Pradesh,AP,SB-AP,0,INTRA-SB-AP,SB-AP,INTERMEDIATE_HALT,14:15,15:04,55.0,505.0,1
864,Mumbai → Chennai,MUM-MAS,22158,MS CSMT SF EXP,T2_SUPERFAST,10,TS-MUM-MAS-22158-010,AD,ADONI,Andhra Pradesh,AP,SB-AP,KO,KOSGI,Andhra Pradesh,AP,SB-AP,0,INTRA-SB-AP,SB-AP,INTERMEDIATE_HALT,15:05,15:29,28.0,533.0,1
865,Mumbai → Chennai,MUM-MAS,22158,MS CSMT SF EXP,T2_SUPERFAST,11,TS-MUM-MAS-22158-011,KO,KOSGI,Andhra Pradesh,AP,SB-AP,MALM,MANTHRALAYAM RD,Andhra Pradesh,AP,SB-AP,0,INTRA-SB-AP,SB-AP,INTERMEDIATE_HALT,15:30,15:43,13.0,546.0,1
866,Mumbai → Chennai,MUM-MAS,22158,MS CSMT SF EXP,T2_SUPERFAST,12,TS-MUM-MAS-22158-012,MALM,MANTHRALAYAM RD,Andhra Pradesh,AP,SB-AP,MTU,MATMARI,Karnataka,KA,SB-KA,1,SB-AP->SB-KA,SB-XING-AP-KA,INTERMEDIATE_HALT,15:45,15:54,12.0,558.0,1
867,Mumbai → Chennai,MUM-MAS,22158,MS CSMT SF EXP,T2_SUPERFAST,13,TS-MUM-MAS-22158-013,MTU,MATMARI,Karnataka,KA,SB-KA,RC,RAICHUR,Karnataka,KA,SB-KA,0,INTRA-SB-KA,SB-KA,INTERMEDIATE_HALT,15:55,16:28,17.0,575.0,1
868,Mumbai → Chennai,MUM-MAS,22158,MS CSMT SF EXP,T2_SUPERFAST,14,TS-MUM-MAS-22158-014,RC,RAICHUR,Karnataka,KA,SB-KA,KSN,KRISHNA,Karnataka,KA,SB-KA,0,INTRA-SB-KA,SB-KA,INTERMEDIATE_HALT,16:30,16:55,25.0,600.0,1
869,Mumbai → Chennai,MUM-MAS,22158,MS CSMT SF EXP,T2_SUPERFAST,15,TS-MUM-MAS-22158-015,KSN,KRISHNA,Karnataka,KA,SB-KA,SADP,SAIDAPUR,Karnataka,KA,SB-KA,0,INTRA-SB-KA,SB-KA,INTERMEDIATE_HALT,17:05,17:24,21.0,621.0,1
870,Mumbai → Chennai,MUM-MAS,22158,MS CSMT SF EXP,T2_SUPERFAST,16,TS-MUM-MAS-22158-016,SADP,SAIDAPUR,Karnataka,KA,SB-KA,YG,YADGIR,Karnataka,KA,SB-KA,0,INTRA-SB-KA,SB-KA,INTERMEDIATE_HALT,17:25,17:43,23.0,644.0,1
871,Mumbai → Chennai,MUM-MAS,22158,MS CSMT SF EXP,T2_SUPERFAST,17,TS-MUM-MAS-22158-017,YG,YADGIR,Karnataka,KA,SB-KA,NW,NALWAR,Karnataka,KA,SB-KA,0,INTRA-SB-KA,SB-KA,INTERMEDIATE_HALT,17:45,18:04,25.0,669.0,1
872,Mumbai → Chennai,MUM-MAS,22158,MS CSMT SF EXP,T2_SUPERFAST,18,TS-MUM-MAS-22158-018,NW,NALWAR,Karnataka,KA,SB-KA,WADI,WADI JN,Karnataka,KA,SB-KA,0,INTRA-SB-KA,SB-KA,INTERMEDIATE_HALT,18:05,18:50,14.0,683.0,1
873,Mumbai → Chennai,MUM-MAS,22158,MS CSMT SF EXP,T2_SUPERFAST,19,TS-MUM-MAS-22158-019,WADI,WADI JN,Karnataka,KA,SB-KA,SDB,SHAHABAD,Karnataka,KA,SB-KA,0,INTRA-SB-KA,SB-KA,INTERMEDIATE_HALT,18:55,19:08,10.0,693.0,1
874,Mumbai → Chennai,MUM-MAS,22158,MS CSMT SF EXP,T2_SUPERFAST,20,TS-MUM-MAS-22158-020,SDB,SHAHABAD,Karnataka,KA,SB-KA,KLBG,KALABURAGI,Karnataka,KA,SB-KA,0,INTRA-SB-KA,SB-KA,INTERMEDIATE_HALT,19:10,19:30,26.0,719.0,1
875,Mumbai → Chennai,MUM-MAS,22158,MS CSMT SF EXP,T2_SUPERFAST,21,TS-MUM-MAS-22158-021,KLBG,KALABURAGI,Karnataka,KA,SB-KA,GUR,GANAGAPUR ROAD,Karnataka,KA,SB-KA,0,INTRA-SB-KA,SB-KA,INTERMEDIATE_HALT,19:33,20:00,27.0,746.0,1
876,Mumbai → Chennai,MUM-MAS,22158,MS CSMT SF EXP,T2_SUPERFAST,22,TS-MUM-MAS-22158-022,GUR,GANAGAPUR ROAD,Karnataka,KA,SB-KA,DUD,DUDHANI,Maharashtra,MH,SB-MH,1,SB-KA->SB-MH,SB-XING-KA-MH,INTERMEDIATE_HALT,20:02,20:24,23.0,769.0,1
877,Mumbai → Chennai,MUM-MAS,22158,MS CSMT SF EXP,T2_SUPERFAST,23,TS-MUM-MAS-22158-023,DUD,DUDHANI,Maharashtra,MH,SB-MH,AKOR,AKALKOT ROAD,Maharashtra,MH,SB-MH,0,INTRA-SB-MH,SB-MH,INTERMEDIATE_HALT,20:25,20:53,28.0,797.0,1
878,Mumbai → Chennai,MUM-MAS,22158,MS CSMT SF EXP,T2_SUPERFAST,24,TS-MUM-MAS-22158-024,AKOR,AKALKOT ROAD,Maharashtra,MH,SB-MH,SUR,SOLAPUR JN,Maharashtra,MH,SB-MH,0,INTRA-SB-MH,SB-MH,INTERMEDIATE_HALT,20:55,21:45,35.0,832.0,1
879,Mumbai → Chennai,MUM-MAS,22158,MS CSMT SF EXP,T2_SUPERFAST,25,TS-MUM-MAS-22158-025,SUR,SOLAPUR JN,Maharashtra,MH,SB-MH,KWV,KURDUVADI JN,Maharashtra,MH,SB-MH,0,INTRA-SB-MH,SB-MH,INTERMEDIATE_HALT,21:50,22:48,79.0,911.0,1
880,Mumbai → Chennai,MUM-MAS,22158,MS CSMT SF EXP,T2_SUPERFAST,26,TS-MUM-MAS-22158-026,KWV,KURDUVADI JN,Maharashtra,MH,SB-MH,JEUR,JEUR,Maharashtra,MH,SB-MH,0,INTRA-SB-MH,SB-MH,INTERMEDIATE_HALT,22:50,23:18,34.0,945.0,1
881,Mumbai → Chennai,MUM-MAS,22158,MS CSMT SF EXP,T2_SUPERFAST,27,TS-MUM-MAS-22158-027,JEUR,JEUR,Maharashtra,MH,SB-MH,DD,DAUND JN,Maharashtra,MH,SB-MH,0,INTRA-SB-MH,SB-MH,INTERMEDIATE_HALT,23:20,00:30,75.0,1020.0,2
882,Mumbai → Chennai,MUM-MAS,22158,MS CSMT SF EXP,T2_SUPERFAST,28,TS-MUM-MAS-22158-028,DD,DAUND JN,Maharashtra,MH,SB-MH,PUNE,PUNE JN,Maharashtra,MH,SB-MH,0,INTRA-SB-MH,SB-MH,INTERMEDIATE_HALT,00:35,01:45,75.0,1095.0,2
883,Mumbai → Chennai,MUM-MAS,22158,MS CSMT SF EXP,T2_SUPERFAST,29,TS-MUM-MAS-22158-029,PUNE,PUNE JN,Maharashtra,MH,SB-MH,KK,KHADKI,Maharashtra,MH,SB-MH,0,INTRA-SB-MH,SB-MH,INTERMEDIATE_HALT,01:50,02:00,6.0,1101.0,2
884,Mumbai → Chennai,MUM-MAS,22158,MS CSMT SF EXP,T2_SUPERFAST,30,TS-MUM-MAS-22158-030,KK,KHADKI,Maharashtra,MH,SB-MH,LNL,LONAVALA,Maharashtra,MH,SB-MH,0,INTRA-SB-MH,SB-MH,INTERMEDIATE_HALT,02:02,02:50,58.0,1159.0,2
885,Mumbai → Chennai,MUM-MAS,22158,MS CSMT SF EXP,T2_SUPERFAST,31,TS-MUM-MAS-22158-031,LNL,LONAVALA,Maharashtra,MH,SB-MH,KYN,KALYAN JN,Maharashtra,MH,SB-MH,0,INTRA-SB-MH,SB-MH,INTERMEDIATE_HALT,02:52,04:17,75.0,1234.0,2
886,Mumbai → Chennai,MUM-MAS,22158,MS CSMT SF EXP,T2_SUPERFAST,32,TS-MUM-MAS-22158-032,KYN,KALYAN JN,Maharashtra,MH,SB-MH,DR,DADAR,Maharashtra,MH,SB-MH,0,INTRA-SB-MH,SB-MH,INTERMEDIATE_HALT,04:20,05:17,44.0,1278.0,2
887,Mumbai → Chennai,MUM-MAS,22158,MS CSMT SF EXP,T2_SUPERFAST,33,TS-MUM-MAS-22158-033,DR,DADAR,Maharashtra,MH,SB-MH,CSMT,C SHIVAJI MAH T,Maharashtra,MH,SB-MH,0,INTRA-SB-MH,SB-MH,HALTN_TO_DESTINATION,05:20,05:50,9.0,1287.0,2
888,Mumbai → Chennai,MUM-MAS,22160,MAS CSMT SF EXP,T2_SUPERFAST,1,TS-MUM-MAS-22160-001,MAS,PURATCHI THALAIVAR DR. MGR CTL,Tamil Nadu,TN,SB-TN,TRL,TIRUVALLUR,Tamil Nadu,TN,SB-TN,0,INTRA-SB-TN,SB-TN,SOURCE_TO_HALT1,13:15,13:48,42.0,42.0,1
889,Mumbai → Chennai,MUM-MAS,22160,MAS CSMT SF EXP,T2_SUPERFAST,2,TS-MUM-MAS-22160-002,TRL,TIRUVALLUR,Tamil Nadu,TN,SB-TN,AJJ,ARAKKONAM JN,Tamil Nadu,TN,SB-TN,0,INTRA-SB-TN,SB-TN,INTERMEDIATE_HALT,13:50,14:20,27.0,69.0,1
890,Mumbai → Chennai,MUM-MAS,22160,MAS CSMT SF EXP,T2_SUPERFAST,3,TS-MUM-MAS-22160-003,AJJ,ARAKKONAM JN,Tamil Nadu,TN,SB-TN,TRT,TIRUTTANI,Tamil Nadu,TN,SB-TN,0,INTRA-SB-TN,SB-TN,INTERMEDIATE_HALT,14:22,14:40,13.0,82.0,1
891,Mumbai → Chennai,MUM-MAS,22160,MAS CSMT SF EXP,T2_SUPERFAST,4,TS-MUM-MAS-22160-004,TRT,TIRUTTANI,Tamil Nadu,TN,SB-TN,PUT,PUTTUR,Andhra Pradesh,AP,SB-AP,1,SB-TN->SB-AP,SB-XING-TN-AP,INTERMEDIATE_HALT,14:42,15:13,30.0,112.0,1
892,Mumbai → Chennai,MUM-MAS,22160,MAS CSMT SF EXP,T2_SUPERFAST,5,TS-MUM-MAS-22160-005,PUT,PUTTUR,Andhra Pradesh,AP,SB-AP,RU,RENIGUNTA JN,Andhra Pradesh,AP,SB-AP,0,INTRA-SB-AP,SB-AP,INTERMEDIATE_HALT,15:15,15:45,24.0,136.0,1
893,Mumbai → Chennai,MUM-MAS,22160,MAS CSMT SF EXP,T2_SUPERFAST,6,TS-MUM-MAS-22160-006,RU,RENIGUNTA JN,Andhra Pradesh,AP,SB-AP,KOU,KODURU,Andhra Pradesh,AP,SB-AP,0,INTRA-SB-AP,SB-AP,INTERMEDIATE_HALT,15:50,16:23,40.0,176.0,1
894,Mumbai → Chennai,MUM-MAS,22160,MAS CSMT SF EXP,T2_SUPERFAST,7,TS-MUM-MAS-22160-007,KOU,KODURU,Andhra Pradesh,AP,SB-AP,RJP,RAZAMPETA,Andhra Pradesh,AP,SB-AP,0,INTRA-SB-AP,SB-AP,INTERMEDIATE_HALT,16:25,16:48,34.0,210.0,1
895,Mumbai → Chennai,MUM-MAS,22160,MAS CSMT SF EXP,T2_SUPERFAST,8,TS-MUM-MAS-22160-008,RJP,RAZAMPETA,Andhra Pradesh,AP,SB-AP,HX,CUDDAPAH,Andhra Pradesh,AP,SB-AP,0,INTRA-SB-AP,SB-AP,INTERMEDIATE_HALT,16:50,17:38,51.0,261.0,1
896,Mumbai → Chennai,MUM-MAS,22160,MAS CSMT SF EXP,T2_SUPERFAST,9,TS-MUM-MAS-22160-009,HX,CUDDAPAH,Andhra Pradesh,AP,SB-AP,YA,YERRAGUNTLA,Andhra Pradesh,AP,SB-AP,0,INTRA-SB-AP,SB-AP,INTERMEDIATE_HALT,17:40,18:13,40.0,301.0,1
897,Mumbai → Chennai,MUM-MAS,22160,MAS CSMT SF EXP,T2_SUPERFAST,10,TS-MUM-MAS-22160-010,YA,YERRAGUNTLA,Andhra Pradesh,AP,SB-AP,TU,TADIPATRI,Andhra Pradesh,AP,SB-AP,0,INTRA-SB-AP,SB-AP,INTERMEDIATE_HALT,18:15,19:03,67.0,368.0,1
898,Mumbai → Chennai,MUM-MAS,22160,MAS CSMT SF EXP,T2_SUPERFAST,11,TS-MUM-MAS-22160-011,TU,TADIPATRI,Andhra Pradesh,AP,SB-AP,GY,GOOTY,Andhra Pradesh,AP,SB-AP,0,INTRA-SB-AP,SB-AP,INTERMEDIATE_HALT,19:05,19:53,48.0,416.0,1
899,Mumbai → Chennai,MUM-MAS,22160,MAS CSMT SF EXP,T2_SUPERFAST,12,TS-MUM-MAS-22160-012,GY,GOOTY,Andhra Pradesh,AP,SB-AP,GTL,GUNTAKAL JN,Andhra Pradesh,AP,SB-AP,0,INTRA-SB-AP,SB-AP,INTERMEDIATE_HALT,19:55,20:25,29.0,445.0,1
900,Mumbai → Chennai,MUM-MAS,22160,MAS CSMT SF EXP,T2_SUPERFAST,13,TS-MUM-MAS-22160-013,GTL,GUNTAKAL JN,Andhra Pradesh,AP,SB-AP,AD,ADONI,Andhra Pradesh,AP,SB-AP,0,INTRA-SB-AP,SB-AP,INTERMEDIATE_HALT,20:35,21:23,51.0,496.0,1
901,Mumbai → Chennai,MUM-MAS,22160,MAS CSMT SF EXP,T2_SUPERFAST,14,TS-MUM-MAS-22160-014,AD,ADONI,Andhra Pradesh,AP,SB-AP,MALM,MANTHRALAYAM RD,Andhra Pradesh,AP,SB-AP,0,INTRA-SB-AP,SB-AP,INTERMEDIATE_HALT,21:25,21:58,41.0,537.0,1
902,Mumbai → Chennai,MUM-MAS,22160,MAS CSMT SF EXP,T2_SUPERFAST,15,TS-MUM-MAS-22160-015,MALM,MANTHRALAYAM RD,Andhra Pradesh,AP,SB-AP,RC,RAICHUR,Karnataka,KA,SB-KA,1,SB-AP->SB-KA,SB-XING-AP-KA,INTERMEDIATE_HALT,22:00,22:43,30.0,567.0,1
903,Mumbai → Chennai,MUM-MAS,22160,MAS CSMT SF EXP,T2_SUPERFAST,16,TS-MUM-MAS-22160-016,RC,RAICHUR,Karnataka,KA,SB-KA,KSN,KRISHNA,Karnataka,KA,SB-KA,0,INTRA-SB-KA,SB-KA,INTERMEDIATE_HALT,22:45,23:10,25.0,592.0,1
904,Mumbai → Chennai,MUM-MAS,22160,MAS CSMT SF EXP,T2_SUPERFAST,17,TS-MUM-MAS-22160-017,KSN,KRISHNA,Karnataka,KA,SB-KA,YG,YADGIR,Karnataka,KA,SB-KA,0,INTRA-SB-KA,SB-KA,INTERMEDIATE_HALT,23:20,23:43,43.0,635.0,1
905,Mumbai → Chennai,MUM-MAS,22160,MAS CSMT SF EXP,T2_SUPERFAST,18,TS-MUM-MAS-22160-018,YG,YADGIR,Karnataka,KA,SB-KA,WADI,WADI JN,Karnataka,KA,SB-KA,0,INTRA-SB-KA,SB-KA,INTERMEDIATE_HALT,23:45,01:15,39.0,674.0,2
906,Mumbai → Chennai,MUM-MAS,22160,MAS CSMT SF EXP,T2_SUPERFAST,19,TS-MUM-MAS-22160-019,WADI,WADI JN,Karnataka,KA,SB-KA,KLBG,KALABURAGI,Karnataka,KA,SB-KA,0,INTRA-SB-KA,SB-KA,INTERMEDIATE_HALT,01:20,01:50,37.0,711.0,2
907,Mumbai → Chennai,MUM-MAS,22160,MAS CSMT SF EXP,T2_SUPERFAST,20,TS-MUM-MAS-22160-020,KLBG,KALABURAGI,Karnataka,KA,SB-KA,SUR,SOLAPUR JN,Maharashtra,MH,SB-MH,1,SB-KA->SB-MH,SB-XING-KA-MH,INTERMEDIATE_HALT,01:53,04:00,113.0,824.0,2
908,Mumbai → Chennai,MUM-MAS,22160,MAS CSMT SF EXP,T2_SUPERFAST,21,TS-MUM-MAS-22160-021,SUR,SOLAPUR JN,Maharashtra,MH,SB-MH,KWV,KURDUVADI JN,Maharashtra,MH,SB-MH,0,INTRA-SB-MH,SB-MH,INTERMEDIATE_HALT,04:05,05:03,78.0,902.0,2
909,Mumbai → Chennai,MUM-MAS,22160,MAS CSMT SF EXP,T2_SUPERFAST,22,TS-MUM-MAS-22160-022,KWV,KURDUVADI JN,Maharashtra,MH,SB-MH,DD,DAUND JN,Maharashtra,MH,SB-MH,0,INTRA-SB-MH,SB-MH,INTERMEDIATE_HALT,05:05,06:45,110.0,1012.0,2
910,Mumbai → Chennai,MUM-MAS,22160,MAS CSMT SF EXP,T2_SUPERFAST,23,TS-MUM-MAS-22160-023,DD,DAUND JN,Maharashtra,MH,SB-MH,PUNE,PUNE JN,Maharashtra,MH,SB-MH,0,INTRA-SB-MH,SB-MH,INTERMEDIATE_HALT,06:50,08:10,74.0,1086.0,2
911,Mumbai → Chennai,MUM-MAS,22160,MAS CSMT SF EXP,T2_SUPERFAST,24,TS-MUM-MAS-22160-024,PUNE,PUNE JN,Maharashtra,MH,SB-MH,KK,KHADKI,Maharashtra,MH,SB-MH,0,INTRA-SB-MH,SB-MH,INTERMEDIATE_HALT,08:20,08:30,7.0,1093.0,2
912,Mumbai → Chennai,MUM-MAS,22160,MAS CSMT SF EXP,T2_SUPERFAST,25,TS-MUM-MAS-22160-025,KK,KHADKI,Maharashtra,MH,SB-MH,KYN,KALYAN JN,Maharashtra,MH,SB-MH,0,INTRA-SB-MH,SB-MH,INTERMEDIATE_HALT,08:32,10:47,134.0,1227.0,2
913,Mumbai → Chennai,MUM-MAS,22160,MAS CSMT SF EXP,T2_SUPERFAST,26,TS-MUM-MAS-22160-026,KYN,KALYAN JN,Maharashtra,MH,SB-MH,TNA,THANE,Maharashtra,MH,SB-MH,0,INTRA-SB-MH,SB-MH,INTERMEDIATE_HALT,10:50,11:22,20.0,1247.0,2
914,Mumbai → Chennai,MUM-MAS,22160,MAS CSMT SF EXP,T2_SUPERFAST,27,TS-MUM-MAS-22160-027,TNA,THANE,Maharashtra,MH,SB-MH,DR,DADAR,Maharashtra,MH,SB-MH,0,INTRA-SB-MH,SB-MH,INTERMEDIATE_HALT,11:25,11:52,25.0,1272.0,2
915,Mumbai → Chennai,MUM-MAS,22160,MAS CSMT SF EXP,T2_SUPERFAST,28,TS-MUM-MAS-22160-028,DR,DADAR,Maharashtra,MH,SB-MH,CSMT,C SHIVAJI MAH T,Maharashtra,MH,SB-MH,0,INTRA-SB-MH,SB-MH,HALTN_TO_DESTINATION,11:55,12:30,8.0,1280.0,2
916,Mumbai → Chennai,MUM-MAS,22180,MAS LTT SF EXP,T2_SUPERFAST,1,TS-MUM-MAS-22180-001,MAS,PURATCHI THALAIVAR DR. MGR CTL,Tamil Nadu,TN,SB-TN,AJJ,ARAKKONAM JN,Tamil Nadu,TN,SB-TN,0,INTRA-SB-TN,SB-TN,SOURCE_TO_HALT1,15:50,16:48,69.0,69.0,1
917,Mumbai → Chennai,MUM-MAS,22180,MAS LTT SF EXP,T2_SUPERFAST,2,TS-MUM-MAS-22180-002,AJJ,ARAKKONAM JN,Tamil Nadu,TN,SB-TN,RU,RENIGUNTA JN,Andhra Pradesh,AP,SB-AP,1,SB-TN->SB-AP,SB-XING-TN-AP,INTERMEDIATE_HALT,16:50,18:05,67.0,136.0,1
918,Mumbai → Chennai,MUM-MAS,22180,MAS LTT SF EXP,T2_SUPERFAST,3,TS-MUM-MAS-22180-003,RU,RENIGUNTA JN,Andhra Pradesh,AP,SB-AP,HX,CUDDAPAH,Andhra Pradesh,AP,SB-AP,0,INTRA-SB-AP,SB-AP,INTERMEDIATE_HALT,18:15,19:58,125.0,261.0,1
919,Mumbai → Chennai,MUM-MAS,22180,MAS LTT SF EXP,T2_SUPERFAST,4,TS-MUM-MAS-22180-004,HX,CUDDAPAH,Andhra Pradesh,AP,SB-AP,YA,YERRAGUNTLA,Andhra Pradesh,AP,SB-AP,0,INTRA-SB-AP,SB-AP,INTERMEDIATE_HALT,20:00,20:34,40.0,301.0,1
920,Mumbai → Chennai,MUM-MAS,22180,MAS LTT SF EXP,T2_SUPERFAST,5,TS-MUM-MAS-22180-005,YA,YERRAGUNTLA,Andhra Pradesh,AP,SB-AP,GY,GOOTY,Andhra Pradesh,AP,SB-AP,0,INTRA-SB-AP,SB-AP,INTERMEDIATE_HALT,20:35,22:43,115.0,416.0,1
921,Mumbai → Chennai,MUM-MAS,22180,MAS LTT SF EXP,T2_SUPERFAST,6,TS-MUM-MAS-22180-006,GY,GOOTY,Andhra Pradesh,AP,SB-AP,GTL,GUNTAKAL JN,Andhra Pradesh,AP,SB-AP,0,INTRA-SB-AP,SB-AP,INTERMEDIATE_HALT,22:45,23:15,29.0,445.0,1
922,Mumbai → Chennai,MUM-MAS,22180,MAS LTT SF EXP,T2_SUPERFAST,7,TS-MUM-MAS-22180-007,GTL,GUNTAKAL JN,Andhra Pradesh,AP,SB-AP,AD,ADONI,Andhra Pradesh,AP,SB-AP,0,INTRA-SB-AP,SB-AP,INTERMEDIATE_HALT,23:20,00:08,51.0,496.0,2
923,Mumbai → Chennai,MUM-MAS,22180,MAS LTT SF EXP,T2_SUPERFAST,8,TS-MUM-MAS-22180-008,AD,ADONI,Andhra Pradesh,AP,SB-AP,MALM,MANTHRALAYAM RD,Andhra Pradesh,AP,SB-AP,0,INTRA-SB-AP,SB-AP,INTERMEDIATE_HALT,00:10,00:38,41.0,537.0,2
924,Mumbai → Chennai,MUM-MAS,22180,MAS LTT SF EXP,T2_SUPERFAST,9,TS-MUM-MAS-22180-009,MALM,MANTHRALAYAM RD,Andhra Pradesh,AP,SB-AP,RC,RAICHUR,Karnataka,KA,SB-KA,1,SB-AP->SB-KA,SB-XING-AP-KA,INTERMEDIATE_HALT,00:40,01:18,30.0,567.0,2
925,Mumbai → Chennai,MUM-MAS,22180,MAS LTT SF EXP,T2_SUPERFAST,10,TS-MUM-MAS-22180-010,RC,RAICHUR,Karnataka,KA,SB-KA,YG,YADGIR,Karnataka,KA,SB-KA,0,INTRA-SB-KA,SB-KA,INTERMEDIATE_HALT,01:20,02:23,68.0,635.0,2
926,Mumbai → Chennai,MUM-MAS,22180,MAS LTT SF EXP,T2_SUPERFAST,11,TS-MUM-MAS-22180-011,YG,YADGIR,Karnataka,KA,SB-KA,WADI,WADI JN,Karnataka,KA,SB-KA,0,INTRA-SB-KA,SB-KA,INTERMEDIATE_HALT,02:25,03:20,39.0,674.0,2
927,Mumbai → Chennai,MUM-MAS,22180,MAS LTT SF EXP,T2_SUPERFAST,12,TS-MUM-MAS-22180-012,WADI,WADI JN,Karnataka,KA,SB-KA,KLBG,KALABURAGI,Karnataka,KA,SB-KA,0,INTRA-SB-KA,SB-KA,INTERMEDIATE_HALT,03:25,03:57,37.0,711.0,2
928,Mumbai → Chennai,MUM-MAS,22180,MAS LTT SF EXP,T2_SUPERFAST,13,TS-MUM-MAS-22180-013,KLBG,KALABURAGI,Karnataka,KA,SB-KA,SUR,SOLAPUR JN,Maharashtra,MH,SB-MH,1,SB-KA->SB-MH,SB-XING-KA-MH,INTERMEDIATE_HALT,04:00,06:35,113.0,824.0,2
929,Mumbai → Chennai,MUM-MAS,22180,MAS LTT SF EXP,T2_SUPERFAST,14,TS-MUM-MAS-22180-014,SUR,SOLAPUR JN,Maharashtra,MH,SB-MH,PUNE,PUNE JN,Maharashtra,MH,SB-MH,0,INTRA-SB-MH,SB-MH,INTERMEDIATE_HALT,06:40,11:00,262.0,1086.0,2
930,Mumbai → Chennai,MUM-MAS,22180,MAS LTT SF EXP,T2_SUPERFAST,15,TS-MUM-MAS-22180-015,PUNE,PUNE JN,Maharashtra,MH,SB-MH,KYN,KALYAN JN,Maharashtra,MH,SB-MH,0,INTRA-SB-MH,SB-MH,INTERMEDIATE_HALT,11:05,13:22,141.0,1227.0,2
931,Mumbai → Chennai,MUM-MAS,22180,MAS LTT SF EXP,T2_SUPERFAST,16,TS-MUM-MAS-22180-016,KYN,KALYAN JN,Maharashtra,MH,SB-MH,LTT,LOKMANYATILAK,Maharashtra,MH,SB-MH,0,INTRA-SB-MH,SB-MH,HALTN_TO_DESTINATION,13:25,14:30,38.0,1265.0,2
932,Mumbai → Howrah,MUM-HWH,12101,JNANESHWARI EXP,T2_SUPERFAST,1,TS-MUM-HWH-12101-001,LTT,LOKMANYATILAK,Maharashtra,MH,SB-MH,KYN,KALYAN JN,Maharashtra,MH,SB-MH,0,INTRA-SB-MH,SB-MH,SOURCE_TO_HALT1,20:35,21:12,37.0,37.0,1
933,Mumbai → Howrah,MUM-HWH,12101,JNANESHWARI EXP,T2_SUPERFAST,2,TS-MUM-HWH-12101-002,KYN,KALYAN JN,Maharashtra,MH,SB-MH,BSL,BHUSAVAL JN,Maharashtra,MH,SB-MH,0,INTRA-SB-MH,SB-MH,INTERMEDIATE_HALT,21:15,02:50,391.0,428.0,2
934,Mumbai → Howrah,MUM-HWH,12101,JNANESHWARI EXP,T2_SUPERFAST,3,TS-MUM-HWH-12101-003,BSL,BHUSAVAL JN,Maharashtra,MH,SB-MH,AK,AKOLA JN,Maharashtra,MH,SB-MH,0,INTRA-SB-MH,SB-MH,INTERMEDIATE_HALT,02:55,04:50,140.0,568.0,2
935,Mumbai → Howrah,MUM-HWH,12101,JNANESHWARI EXP,T2_SUPERFAST,4,TS-MUM-HWH-12101-004,AK,AKOLA JN,Maharashtra,MH,SB-MH,BD,BADNERA JN,Maharashtra,MH,SB-MH,0,INTRA-SB-MH,SB-MH,INTERMEDIATE_HALT,04:55,06:20,79.0,647.0,2
936,Mumbai → Howrah,MUM-HWH,12101,JNANESHWARI EXP,T2_SUPERFAST,5,TS-MUM-HWH-12101-005,BD,BADNERA JN,Maharashtra,MH,SB-MH,NGP,NAGPUR JN,Maharashtra,MH,SB-MH,0,INTRA-SB-MH,SB-MH,INTERMEDIATE_HALT,06:23,09:35,174.0,821.0,2
937,Mumbai → Howrah,MUM-HWH,12101,JNANESHWARI EXP,T2_SUPERFAST,6,TS-MUM-HWH-12101-006,NGP,NAGPUR JN,Maharashtra,MH,SB-MH,G,GONDIA JN,Maharashtra,MH,SB-MH,0,INTRA-SB-MH,SB-MH,INTERMEDIATE_HALT,09:40,11:18,131.0,952.0,2
938,Mumbai → Howrah,MUM-HWH,12101,JNANESHWARI EXP,T2_SUPERFAST,7,TS-MUM-HWH-12101-007,G,GONDIA JN,Maharashtra,MH,SB-MH,RJN,RAJNANDGAON,Chhattisgarh,CG,SB-CG,1,SB-MH->SB-CG,SB-XING-MH-CG,INTERMEDIATE_HALT,11:20,12:40,104.0,1056.0,2
939,Mumbai → Howrah,MUM-HWH,12101,JNANESHWARI EXP,T2_SUPERFAST,8,TS-MUM-HWH-12101-008,RJN,RAJNANDGAON,Chhattisgarh,CG,SB-CG,DURG,DURG,Chhattisgarh,CG,SB-CG,0,INTRA-SB-CG,SB-CG,INTERMEDIATE_HALT,12:42,13:30,31.0,1087.0,2
940,Mumbai → Howrah,MUM-HWH,12101,JNANESHWARI EXP,T2_SUPERFAST,9,TS-MUM-HWH-12101-009,DURG,DURG,Chhattisgarh,CG,SB-CG,R,RAIPUR JN,Chhattisgarh,CG,SB-CG,0,INTRA-SB-CG,SB-CG,INTERMEDIATE_HALT,13:35,14:10,36.0,1123.0,2
941,Mumbai → Howrah,MUM-HWH,12101,JNANESHWARI EXP,T2_SUPERFAST,10,TS-MUM-HWH-12101-010,R,RAIPUR JN,Chhattisgarh,CG,SB-CG,BSP,BILASPUR JN,Chhattisgarh,CG,SB-CG,0,INTRA-SB-CG,SB-CG,INTERMEDIATE_HALT,14:15,16:05,116.0,1239.0,2
942,Mumbai → Howrah,MUM-HWH,12101,JNANESHWARI EXP,T2_SUPERFAST,11,TS-MUM-HWH-12101-011,BSP,BILASPUR JN,Chhattisgarh,CG,SB-CG,JSG,JHARSUGUDA JN,Odisha,OD,SB-OD,1,SB-CG->SB-OD,SB-XING-CG-OD,INTERMEDIATE_HALT,16:20,19:15,204.0,1443.0,2
943,Mumbai → Howrah,MUM-HWH,12101,JNANESHWARI EXP,T2_SUPERFAST,12,TS-MUM-HWH-12101-012,JSG,JHARSUGUDA JN,Odisha,OD,SB-OD,ROU,ROURKELA,Odisha,OD,SB-OD,0,INTRA-SB-OD,SB-OD,INTERMEDIATE_HALT,19:17,20:42,102.0,1545.0,2
944,Mumbai → Howrah,MUM-HWH,12101,JNANESHWARI EXP,T2_SUPERFAST,13,TS-MUM-HWH-12101-013,ROU,ROURKELA,Odisha,OD,SB-OD,CKP,CHAKARADHARPUR,Jharkhand,JH,SB-JH,1,SB-OD->SB-JH,SB-XING-OD-JH,INTERMEDIATE_HALT,20:50,22:15,101.0,1646.0,2
945,Mumbai → Howrah,MUM-HWH,12101,JNANESHWARI EXP,T2_SUPERFAST,14,TS-MUM-HWH-12101-014,CKP,CHAKARADHARPUR,Jharkhand,JH,SB-JH,TATA,TATANAGAR JN,Jharkhand,JH,SB-JH,0,INTRA-SB-JH,SB-JH,INTERMEDIATE_HALT,22:20,23:13,62.0,1708.0,2
946,Mumbai → Howrah,MUM-HWH,12101,JNANESHWARI EXP,T2_SUPERFAST,15,TS-MUM-HWH-12101-015,TATA,TATANAGAR JN,Jharkhand,JH,SB-JH,KGP,KHARAGPUR JN,West Bengal,WB,SB-WB,1,SB-JH->SB-WB,SB-XING-JH-WB,INTERMEDIATE_HALT,23:20,01:25,134.0,1842.0,3
947,Mumbai → Howrah,MUM-HWH,12101,JNANESHWARI EXP,T2_SUPERFAST,16,TS-MUM-HWH-12101-016,KGP,KHARAGPUR JN,West Bengal,WB,SB-WB,SRC,SANTRAGACHI JN,West Bengal,WB,SB-WB,0,INTRA-SB-WB,SB-WB,INTERMEDIATE_HALT,01:30,03:03,109.0,1951.0,3
948,Mumbai → Howrah,MUM-HWH,12101,JNANESHWARI EXP,T2_SUPERFAST,17,TS-MUM-HWH-12101-017,SRC,SANTRAGACHI JN,West Bengal,WB,SB-WB,SHM,SHALIMAR,West Bengal,WB,SB-WB,0,INTRA-SB-WB,SB-WB,HALTN_TO_DESTINATION,03:05,04:35,5.0,1956.0,3
949,Mumbai → Howrah,MUM-HWH,12151,LTT SHM SF EXP,T2_SUPERFAST,1,TS-MUM-HWH-12151-001,LTT,LOKMANYATILAK,Maharashtra,MH,SB-MH,KYN,KALYAN JN,Maharashtra,MH,SB-MH,0,INTRA-SB-MH,SB-MH,SOURCE_TO_HALT1,20:35,21:12,37.0,37.0,1
950,Mumbai → Howrah,MUM-HWH,12151,LTT SHM SF EXP,T2_SUPERFAST,2,TS-MUM-HWH-12151-002,KYN,KALYAN JN,Maharashtra,MH,SB-MH,NK,NASIK ROAD,Maharashtra,MH,SB-MH,0,INTRA-SB-MH,SB-MH,INTERMEDIATE_HALT,21:15,23:40,134.0,171.0,1
951,Mumbai → Howrah,MUM-HWH,12151,LTT SHM SF EXP,T2_SUPERFAST,3,TS-MUM-HWH-12151-003,NK,NASIK ROAD,Maharashtra,MH,SB-MH,BSL,BHUSAVAL JN,Maharashtra,MH,SB-MH,0,INTRA-SB-MH,SB-MH,INTERMEDIATE_HALT,23:45,03:00,257.0,428.0,2
952,Mumbai → Howrah,MUM-HWH,12151,LTT SHM SF EXP,T2_SUPERFAST,4,TS-MUM-HWH-12151-004,BSL,BHUSAVAL JN,Maharashtra,MH,SB-MH,AK,AKOLA JN,Maharashtra,MH,SB-MH,0,INTRA-SB-MH,SB-MH,INTERMEDIATE_HALT,03:05,05:05,140.0,568.0,2
953,Mumbai → Howrah,MUM-HWH,12151,LTT SHM SF EXP,T2_SUPERFAST,5,TS-MUM-HWH-12151-005,AK,AKOLA JN,Maharashtra,MH,SB-MH,BD,BADNERA JN,Maharashtra,MH,SB-MH,0,INTRA-SB-MH,SB-MH,INTERMEDIATE_HALT,05:10,06:47,79.0,647.0,2
954,Mumbai → Howrah,MUM-HWH,12151,LTT SHM SF EXP,T2_SUPERFAST,6,TS-MUM-HWH-12151-006,BD,BADNERA JN,Maharashtra,MH,SB-MH,NGP,NAGPUR JN,Maharashtra,MH,SB-MH,0,INTRA-SB-MH,SB-MH,INTERMEDIATE_HALT,06:50,10:15,174.0,821.0,2
955,Mumbai → Howrah,MUM-HWH,12151,LTT SHM SF EXP,T2_SUPERFAST,7,TS-MUM-HWH-12151-007,NGP,NAGPUR JN,Maharashtra,MH,SB-MH,G,GONDIA JN,Maharashtra,MH,SB-MH,0,INTRA-SB-MH,SB-MH,INTERMEDIATE_HALT,10:20,11:53,131.0,952.0,2
956,Mumbai → Howrah,MUM-HWH,12151,LTT SHM SF EXP,T2_SUPERFAST,8,TS-MUM-HWH-12151-008,G,GONDIA JN,Maharashtra,MH,SB-MH,RJN,RAJNANDGAON,Chhattisgarh,CG,SB-CG,1,SB-MH->SB-CG,SB-XING-MH-CG,INTERMEDIATE_HALT,11:55,13:23,104.0,1056.0,2
957,Mumbai → Howrah,MUM-HWH,12151,LTT SHM SF EXP,T2_SUPERFAST,9,TS-MUM-HWH-12151-009,RJN,RAJNANDGAON,Chhattisgarh,CG,SB-CG,DURG,DURG,Chhattisgarh,CG,SB-CG,0,INTRA-SB-CG,SB-CG,INTERMEDIATE_HALT,13:25,14:10,31.0,1087.0,2
958,Mumbai → Howrah,MUM-HWH,12151,LTT SHM SF EXP,T2_SUPERFAST,10,TS-MUM-HWH-12151-010,DURG,DURG,Chhattisgarh,CG,SB-CG,R,RAIPUR JN,Chhattisgarh,CG,SB-CG,0,INTRA-SB-CG,SB-CG,INTERMEDIATE_HALT,14:15,14:50,36.0,1123.0,2
959,Mumbai → Howrah,MUM-HWH,12151,LTT SHM SF EXP,T2_SUPERFAST,11,TS-MUM-HWH-12151-011,R,RAIPUR JN,Chhattisgarh,CG,SB-CG,BSP,BILASPUR JN,Chhattisgarh,CG,SB-CG,0,INTRA-SB-CG,SB-CG,INTERMEDIATE_HALT,14:55,16:35,116.0,1239.0,2
960,Mumbai → Howrah,MUM-HWH,12151,LTT SHM SF EXP,T2_SUPERFAST,12,TS-MUM-HWH-12151-012,BSP,BILASPUR JN,Chhattisgarh,CG,SB-CG,RIG,RAIGARH,Chhattisgarh,CG,SB-CG,0,INTRA-SB-CG,SB-CG,INTERMEDIATE_HALT,16:50,18:33,133.0,1372.0,2
961,Mumbai → Howrah,MUM-HWH,12151,LTT SHM SF EXP,T2_SUPERFAST,13,TS-MUM-HWH-12151-013,RIG,RAIGARH,Chhattisgarh,CG,SB-CG,JSG,JHARSUGUDA JN,Odisha,OD,SB-OD,1,SB-CG->SB-OD,SB-XING-CG-OD,INTERMEDIATE_HALT,18:35,20:03,71.0,1443.0,2
962,Mumbai → Howrah,MUM-HWH,12151,LTT SHM SF EXP,T2_SUPERFAST,14,TS-MUM-HWH-12151-014,JSG,JHARSUGUDA JN,Odisha,OD,SB-OD,ROU,ROURKELA,Odisha,OD,SB-OD,0,INTRA-SB-OD,SB-OD,INTERMEDIATE_HALT,20:05,21:22,102.0,1545.0,2
963,Mumbai → Howrah,MUM-HWH,12151,LTT SHM SF EXP,T2_SUPERFAST,15,TS-MUM-HWH-12151-015,ROU,ROURKELA,Odisha,OD,SB-OD,CKP,CHAKARADHARPUR,Jharkhand,JH,SB-JH,1,SB-OD->SB-JH,SB-XING-OD-JH,INTERMEDIATE_HALT,21:30,23:00,101.0,1646.0,2
964,Mumbai → Howrah,MUM-HWH,12151,LTT SHM SF EXP,T2_SUPERFAST,16,TS-MUM-HWH-12151-016,CKP,CHAKARADHARPUR,Jharkhand,JH,SB-JH,PRR,PURULIA JN,West Bengal,WB,SB-WB,1,SB-JH->SB-WB,SB-XING-JH-WB,INTERMEDIATE_HALT,23:02,01:00,116.0,1762.0,3
965,Mumbai → Howrah,MUM-HWH,12151,LTT SHM SF EXP,T2_SUPERFAST,17,TS-MUM-HWH-12151-017,PRR,PURULIA JN,West Bengal,WB,SB-WB,ADRA,ADRA,West Bengal,WB,SB-WB,0,INTRA-SB-WB,SB-WB,INTERMEDIATE_HALT,01:05,02:00,39.0,1801.0,3
966,Mumbai → Howrah,MUM-HWH,12151,LTT SHM SF EXP,T2_SUPERFAST,18,TS-MUM-HWH-12151-018,ADRA,ADRA,West Bengal,WB,SB-WB,BQA,BANKURA,West Bengal,WB,SB-WB,0,INTRA-SB-WB,SB-WB,INTERMEDIATE_HALT,02:05,02:50,53.0,1854.0,3
967,Mumbai → Howrah,MUM-HWH,12151,LTT SHM SF EXP,T2_SUPERFAST,19,TS-MUM-HWH-12151-019,BQA,BANKURA,West Bengal,WB,SB-WB,MDN,MIDNAPORE,West Bengal,WB,SB-WB,0,INTRA-SB-WB,SB-WB,INTERMEDIATE_HALT,02:52,04:23,103.0,1957.0,3
968,Mumbai → Howrah,MUM-HWH,12151,LTT SHM SF EXP,T2_SUPERFAST,20,TS-MUM-HWH-12151-020,MDN,MIDNAPORE,West Bengal,WB,SB-WB,KGP,KHARAGPUR JN,West Bengal,WB,SB-WB,0,INTRA-SB-WB,SB-WB,INTERMEDIATE_HALT,04:25,04:50,13.0,1970.0,3
969,Mumbai → Howrah,MUM-HWH,12151,LTT SHM SF EXP,T2_SUPERFAST,21,TS-MUM-HWH-12151-021,KGP,KHARAGPUR JN,West Bengal,WB,SB-WB,SRC,SANTRAGACHI JN,West Bengal,WB,SB-WB,0,INTRA-SB-WB,SB-WB,INTERMEDIATE_HALT,04:55,06:28,108.0,2078.0,3
970,Mumbai → Howrah,MUM-HWH,12151,LTT SHM SF EXP,T2_SUPERFAST,22,TS-MUM-HWH-12151-022,SRC,SANTRAGACHI JN,West Bengal,WB,SB-WB,SHM,SHALIMAR,West Bengal,WB,SB-WB,0,INTRA-SB-WB,SB-WB,HALTN_TO_DESTINATION,06:30,07:45,5.0,2083.0,3
971,Mumbai → Howrah,MUM-HWH,12261,HOWRAH DURONTO,T1_PREMIUM,1,TS-MUM-HWH-12261-001,CSMT,C SHIVAJI MAH T,Maharashtra,MH,SB-MH,KYN,KALYAN JN,Maharashtra,MH,SB-MH,0,INTRA-SB-MH,SB-MH,SOURCE_TO_HALT1,17:15,17:59,53.0,53.0,1
972,Mumbai → Howrah,MUM-HWH,12261,HOWRAH DURONTO,T1_PREMIUM,2,TS-MUM-HWH-12261-002,KYN,KALYAN JN,Maharashtra,MH,SB-MH,BSL,BHUSAVAL JN,Maharashtra,MH,SB-MH,0,INTRA-SB-MH,SB-MH,INTERMEDIATE_HALT,18:01,22:55,391.0,444.0,1
973,Mumbai → Howrah,MUM-HWH,12261,HOWRAH DURONTO,T1_PREMIUM,3,TS-MUM-HWH-12261-003,BSL,BHUSAVAL JN,Maharashtra,MH,SB-MH,AK,AKOLA JN,Maharashtra,MH,SB-MH,0,INTRA-SB-MH,SB-MH,INTERMEDIATE_HALT,23:00,00:38,140.0,584.0,2
974,Mumbai → Howrah,MUM-HWH,12261,HOWRAH DURONTO,T1_PREMIUM,4,TS-MUM-HWH-12261-004,AK,AKOLA JN,Maharashtra,MH,SB-MH,NGP,NAGPUR JN,Maharashtra,MH,SB-MH,0,INTRA-SB-MH,SB-MH,INTERMEDIATE_HALT,00:40,04:10,253.0,837.0,2
975,Mumbai → Howrah,MUM-HWH,12261,HOWRAH DURONTO,T1_PREMIUM,5,TS-MUM-HWH-12261-005,NGP,NAGPUR JN,Maharashtra,MH,SB-MH,R,RAIPUR JN,Chhattisgarh,CG,SB-CG,1,SB-MH->SB-CG,SB-XING-MH-CG,INTERMEDIATE_HALT,04:15,08:13,302.0,1139.0,2
976,Mumbai → Howrah,MUM-HWH,12261,HOWRAH DURONTO,T1_PREMIUM,6,TS-MUM-HWH-12261-006,R,RAIPUR JN,Chhattisgarh,CG,SB-CG,BSP,BILASPUR JN,Chhattisgarh,CG,SB-CG,0,INTRA-SB-CG,SB-CG,INTERMEDIATE_HALT,08:15,09:50,110.0,1249.0,2
977,Mumbai → Howrah,MUM-HWH,12261,HOWRAH DURONTO,T1_PREMIUM,7,TS-MUM-HWH-12261-007,BSP,BILASPUR JN,Chhattisgarh,CG,SB-CG,TATA,TATANAGAR JN,Jharkhand,JH,SB-JH,1,SB-CG->SB-JH,SB-XING-CG-JH,INTERMEDIATE_HALT,10:00,16:10,470.0,1719.0,2
978,Mumbai → Howrah,MUM-HWH,12261,HOWRAH DURONTO,T1_PREMIUM,8,TS-MUM-HWH-12261-008,TATA,TATANAGAR JN,Jharkhand,JH,SB-JH,HWH,HOWRAH JN,West Bengal,WB,SB-WB,1,SB-JH->SB-WB,SB-XING-JH-WB,HALTN_TO_DESTINATION,16:20,20:40,250.0,1969.0,2
979,Mumbai → Howrah,MUM-HWH,12322,KOLKATA MAIL,T2_SUPERFAST,1,TS-MUM-HWH-12322-001,CSMT,C SHIVAJI MAH T,Maharashtra,MH,SB-MH,DR,DADAR,Maharashtra,MH,SB-MH,0,INTRA-SB-MH,SB-MH,SOURCE_TO_HALT1,22:15,22:27,9.0,9.0,1
980,Mumbai → Howrah,MUM-HWH,12322,KOLKATA MAIL,T2_SUPERFAST,2,TS-MUM-HWH-12322-002,DR,DADAR,Maharashtra,MH,SB-MH,KYN,KALYAN JN,Maharashtra,MH,SB-MH,0,INTRA-SB-MH,SB-MH,INTERMEDIATE_HALT,22:30,23:12,44.0,53.0,1
981,Mumbai → Howrah,MUM-HWH,12322,KOLKATA MAIL,T2_SUPERFAST,3,TS-MUM-HWH-12322-003,KYN,KALYAN JN,Maharashtra,MH,SB-MH,KSRA,KASARA,Maharashtra,MH,SB-MH,0,INTRA-SB-MH,SB-MH,INTERMEDIATE_HALT,23:15,00:17,68.0,121.0,2
982,Mumbai → Howrah,MUM-HWH,12322,KOLKATA MAIL,T2_SUPERFAST,4,TS-MUM-HWH-12322-004,KSRA,KASARA,Maharashtra,MH,SB-MH,NK,NASIK ROAD,Maharashtra,MH,SB-MH,0,INTRA-SB-MH,SB-MH,INTERMEDIATE_HALT,00:20,01:35,66.0,187.0,2
983,Mumbai → Howrah,MUM-HWH,12322,KOLKATA MAIL,T2_SUPERFAST,5,TS-MUM-HWH-12322-005,NK,NASIK ROAD,Maharashtra,MH,SB-MH,MMR,MANMAD JN,Maharashtra,MH,SB-MH,0,INTRA-SB-MH,SB-MH,INTERMEDIATE_HALT,01:40,02:37,73.0,260.0,2
984,Mumbai → Howrah,MUM-HWH,12322,KOLKATA MAIL,T2_SUPERFAST,6,TS-MUM-HWH-12322-006,MMR,MANMAD JN,Maharashtra,MH,SB-MH,CSN,CHALISGAON JN,Maharashtra,MH,SB-MH,0,INTRA-SB-MH,SB-MH,INTERMEDIATE_HALT,02:40,03:33,68.0,328.0,2
985,Mumbai → Howrah,MUM-HWH,12322,KOLKATA MAIL,T2_SUPERFAST,7,TS-MUM-HWH-12322-007,CSN,CHALISGAON JN,Maharashtra,MH,SB-MH,JL,JALGAON JN,Maharashtra,MH,SB-MH,0,INTRA-SB-MH,SB-MH,INTERMEDIATE_HALT,03:35,04:48,92.0,420.0,2
986,Mumbai → Howrah,MUM-HWH,12322,KOLKATA MAIL,T2_SUPERFAST,8,TS-MUM-HWH-12322-008,JL,JALGAON JN,Maharashtra,MH,SB-MH,BSL,BHUSAVAL JN,Maharashtra,MH,SB-MH,0,INTRA-SB-MH,SB-MH,INTERMEDIATE_HALT,04:50,05:20,24.0,444.0,2
987,Mumbai → Howrah,MUM-HWH,12322,KOLKATA MAIL,T2_SUPERFAST,9,TS-MUM-HWH-12322-009,BSL,BHUSAVAL JN,Maharashtra,MH,SB-MH,BAU,BURHANPUR,Madhya Pradesh,MP,SB-MP,1,SB-MH->SB-MP,SB-XING-MH-MP,INTERMEDIATE_HALT,05:25,06:08,55.0,499.0,2
988,Mumbai → Howrah,MUM-HWH,12322,KOLKATA MAIL,T2_SUPERFAST,10,TS-MUM-HWH-12322-010,BAU,BURHANPUR,Madhya Pradesh,MP,SB-MP,KNW,KHANDWA JN,Madhya Pradesh,MP,SB-MP,0,INTRA-SB-MP,SB-MP,INTERMEDIATE_HALT,06:10,07:23,69.0,568.0,2
989,Mumbai → Howrah,MUM-HWH,12322,KOLKATA MAIL,T2_SUPERFAST,11,TS-MUM-HWH-12322-011,KNW,KHANDWA JN,Madhya Pradesh,MP,SB-MP,HD,HARDA,Madhya Pradesh,MP,SB-MP,0,INTRA-SB-MP,SB-MP,INTERMEDIATE_HALT,07:25,08:30,102.0,670.0,2
990,Mumbai → Howrah,MUM-HWH,12322,KOLKATA MAIL,T2_SUPERFAST,12,TS-MUM-HWH-12322-012,HD,HARDA,Madhya Pradesh,MP,SB-MP,ET,ITARSI JN,Madhya Pradesh,MP,SB-MP,0,INTRA-SB-MP,SB-MP,INTERMEDIATE_HALT,08:32,09:50,75.0,745.0,2
991,Mumbai → Howrah,MUM-HWH,12322,KOLKATA MAIL,T2_SUPERFAST,13,TS-MUM-HWH-12322-013,ET,ITARSI JN,Madhya Pradesh,MP,SB-MP,PPI,PIPARIYA,Madhya Pradesh,MP,SB-MP,0,INTRA-SB-MP,SB-MP,INTERMEDIATE_HALT,10:00,10:46,68.0,813.0,2
992,Mumbai → Howrah,MUM-HWH,12322,KOLKATA MAIL,T2_SUPERFAST,14,TS-MUM-HWH-12322-014,PPI,PIPARIYA,Madhya Pradesh,MP,SB-MP,GAR,GADARWARA,Madhya Pradesh,MP,SB-MP,0,INTRA-SB-MP,SB-MP,INTERMEDIATE_HALT,10:48,11:20,49.0,862.0,2
993,Mumbai → Howrah,MUM-HWH,12322,KOLKATA MAIL,T2_SUPERFAST,15,TS-MUM-HWH-12322-015,GAR,GADARWARA,Madhya Pradesh,MP,SB-MP,KY,KARELI,Madhya Pradesh,MP,SB-MP,0,INTRA-SB-MP,SB-MP,INTERMEDIATE_HALT,11:22,11:40,29.0,891.0,2
994,Mumbai → Howrah,MUM-HWH,12322,KOLKATA MAIL,T2_SUPERFAST,16,TS-MUM-HWH-12322-016,KY,KARELI,Madhya Pradesh,MP,SB-MP,NU,NARSINGHPUR,Maharashtra,MH,SB-MH,1,SB-MP->SB-MH,SB-XING-MP-MH,INTERMEDIATE_HALT,11:42,11:54,15.0,906.0,2
995,Mumbai → Howrah,MUM-HWH,12322,KOLKATA MAIL,T2_SUPERFAST,17,TS-MUM-HWH-12322-017,NU,NARSINGHPUR,Maharashtra,MH,SB-MH,SRID,SRIDHAM,Madhya Pradesh,MP,SB-MP,1,SB-MH->SB-MP,SB-XING-MH-MP,INTERMEDIATE_HALT,11:56,12:20,31.0,937.0,2
996,Mumbai → Howrah,MUM-HWH,12322,KOLKATA MAIL,T2_SUPERFAST,18,TS-MUM-HWH-12322-018,SRID,SRIDHAM,Madhya Pradesh,MP,SB-MP,JBP,JABALPUR,Madhya Pradesh,MP,SB-MP,0,INTRA-SB-MP,SB-MP,INTERMEDIATE_HALT,12:22,13:20,54.0,991.0,2
997,Mumbai → Howrah,MUM-HWH,12322,KOLKATA MAIL,T2_SUPERFAST,19,TS-MUM-HWH-12322-019,JBP,JABALPUR,Madhya Pradesh,MP,SB-MP,KTE,KATNI,Madhya Pradesh,MP,SB-MP,0,INTRA-SB-MP,SB-MP,INTERMEDIATE_HALT,13:30,14:35,90.0,1081.0,2
998,Mumbai → Howrah,MUM-HWH,12322,KOLKATA MAIL,T2_SUPERFAST,20,TS-MUM-HWH-12322-020,KTE,KATNI,Madhya Pradesh,MP,SB-MP,MYR,MAIHAR,Madhya Pradesh,MP,SB-MP,0,INTRA-SB-MP,SB-MP,INTERMEDIATE_HALT,14:40,15:28,63.0,1144.0,2
999,Mumbai → Howrah,MUM-HWH,12322,KOLKATA MAIL,T2_SUPERFAST,21,TS-MUM-HWH-12322-021,MYR,MAIHAR,Madhya Pradesh,MP,SB-MP,STA,SATNA,Madhya Pradesh,MP,SB-MP,0,INTRA-SB-MP,SB-MP,INTERMEDIATE_HALT,15:30,16:20,35.0,1179.0,2
1000,Mumbai → Howrah,MUM-HWH,12322,KOLKATA MAIL,T2_SUPERFAST,22,TS-MUM-HWH-12322-022,STA,SATNA,Madhya Pradesh,MP,SB-MP,MKP,MANIKPUR JN,Uttar Pradesh,UP,SB-UP,1,SB-MP->SB-UP,SB-XING-MP-UP,INTERMEDIATE_HALT,16:25,17:50,78.0,1257.0,2
1001,Mumbai → Howrah,MUM-HWH,12322,KOLKATA MAIL,T2_SUPERFAST,23,TS-MUM-HWH-12322-023,MKP,MANIKPUR JN,Uttar Pradesh,UP,SB-UP,SRJ,SHANKARGARH,Madhya Pradesh,MP,SB-MP,1,SB-UP->SB-MP,SB-XING-UP-MP,INTERMEDIATE_HALT,17:52,18:43,55.0,1312.0,2
1002,Mumbai → Howrah,MUM-HWH,12322,KOLKATA MAIL,T2_SUPERFAST,24,TS-MUM-HWH-12322-024,SRJ,SHANKARGARH,Madhya Pradesh,MP,SB-MP,PCOI,PRAYAGRAJ CHHEOKI,Uttar Pradesh,UP,SB-UP,1,SB-MP->SB-UP,SB-XING-MP-UP,INTERMEDIATE_HALT,18:44,19:30,37.0,1349.0,2
1003,Mumbai → Howrah,MUM-HWH,12322,KOLKATA MAIL,T2_SUPERFAST,25,TS-MUM-HWH-12322-025,PCOI,PRAYAGRAJ CHHEOKI,Uttar Pradesh,UP,SB-UP,BDL,VINDHYACHAL,Uttar Pradesh,UP,SB-UP,0,INTRA-SB-UP,SB-UP,INTERMEDIATE_HALT,19:35,20:20,74.0,1423.0,2
1004,Mumbai → Howrah,MUM-HWH,12322,KOLKATA MAIL,T2_SUPERFAST,26,TS-MUM-HWH-12322-026,BDL,VINDHYACHAL,Uttar Pradesh,UP,SB-UP,MZP,MIRZAPUR,Uttar Pradesh,UP,SB-UP,0,INTRA-SB-UP,SB-UP,INTERMEDIATE_HALT,20:22,20:35,7.0,1430.0,2
1005,Mumbai → Howrah,MUM-HWH,12322,KOLKATA MAIL,T2_SUPERFAST,27,TS-MUM-HWH-12322-027,MZP,MIRZAPUR,Uttar Pradesh,UP,SB-UP,CAR,CHUNAR,Uttar Pradesh,UP,SB-UP,0,INTRA-SB-UP,SB-UP,INTERMEDIATE_HALT,20:40,21:13,31.0,1461.0,2
1006,Mumbai → Howrah,MUM-HWH,12322,KOLKATA MAIL,T2_SUPERFAST,28,TS-MUM-HWH-12322-028,CAR,CHUNAR,Uttar Pradesh,UP,SB-UP,DDU,PT.DEEN DAYAL UPADHYAYA JN,Uttar Pradesh,UP,SB-UP,0,INTRA-SB-UP,SB-UP,INTERMEDIATE_HALT,21:15,22:48,32.0,1493.0,2
1007,Mumbai → Howrah,MUM-HWH,12322,KOLKATA MAIL,T2_SUPERFAST,29,TS-MUM-HWH-12322-029,DDU,PT.DEEN DAYAL UPADHYAYA JN,Uttar Pradesh,UP,SB-UP,BBU,BHABUA ROAD,Bihar,BR,SB-BR,1,SB-UP->SB-BR,SB-XING-UP-BR,INTERMEDIATE_HALT,22:55,23:36,53.0,1546.0,2
1008,Mumbai → Howrah,MUM-HWH,12322,KOLKATA MAIL,T2_SUPERFAST,30,TS-MUM-HWH-12322-030,BBU,BHABUA ROAD,Bihar,BR,SB-BR,SSM,SASARAM,Bihar,BR,SB-BR,0,INTRA-SB-BR,SB-BR,INTERMEDIATE_HALT,23:38,00:08,48.0,1594.0,3
1009,Mumbai → Howrah,MUM-HWH,12322,KOLKATA MAIL,T2_SUPERFAST,31,TS-MUM-HWH-12322-031,SSM,SASARAM,Bihar,BR,SB-BR,DOS,DEHRI ON SONE,Bihar,BR,SB-BR,0,INTRA-SB-BR,SB-BR,INTERMEDIATE_HALT,00:10,00:24,18.0,1612.0,3
1010,Mumbai → Howrah,MUM-HWH,12322,KOLKATA MAIL,T2_SUPERFAST,32,TS-MUM-HWH-12322-032,DOS,DEHRI ON SONE,Bihar,BR,SB-BR,AUBR,ANUGRAHA N ROAD,Bihar,BR,SB-BR,0,INTRA-SB-BR,SB-BR,INTERMEDIATE_HALT,00:26,00:40,16.0,1628.0,3
1011,Mumbai → Howrah,MUM-HWH,12322,KOLKATA MAIL,T2_SUPERFAST,33,TS-MUM-HWH-12322-033,AUBR,ANUGRAHA N ROAD,Bihar,BR,SB-BR,GAYA,GAYA JN,Bihar,BR,SB-BR,0,INTRA-SB-BR,SB-BR,INTERMEDIATE_HALT,00:42,02:05,69.0,1697.0,3
1012,Mumbai → Howrah,MUM-HWH,12322,KOLKATA MAIL,T2_SUPERFAST,34,TS-MUM-HWH-12322-034,GAYA,GAYA JN,Bihar,BR,SB-BR,KQR,KODERMA,Jharkhand,JH,SB-JH,1,SB-BR->SB-JH,SB-XING-BR-JH,INTERMEDIATE_HALT,02:10,03:28,76.0,1773.0,3
1013,Mumbai → Howrah,MUM-HWH,12322,KOLKATA MAIL,T2_SUPERFAST,35,TS-MUM-HWH-12322-035,KQR,KODERMA,Jharkhand,JH,SB-JH,PSB,PARSABAD,Jharkhand,JH,SB-JH,0,INTRA-SB-JH,SB-JH,INTERMEDIATE_HALT,03:30,03:45,26.0,1799.0,3
1014,Mumbai → Howrah,MUM-HWH,12322,KOLKATA MAIL,T2_SUPERFAST,36,TS-MUM-HWH-12322-036,PSB,PARSABAD,Jharkhand,JH,SB-JH,HZD,HAZARIBAGH RD,Jharkhand,JH,SB-JH,0,INTRA-SB-JH,SB-JH,INTERMEDIATE_HALT,03:47,03:58,22.0,1821.0,3
1015,Mumbai → Howrah,MUM-HWH,12322,KOLKATA MAIL,T2_SUPERFAST,37,TS-MUM-HWH-12322-037,HZD,HAZARIBAGH RD,Jharkhand,JH,SB-JH,PNME,PARASNATH,Jharkhand,JH,SB-JH,0,INTRA-SB-JH,SB-JH,INTERMEDIATE_HALT,04:00,04:19,28.0,1849.0,3
1016,Mumbai → Howrah,MUM-HWH,12322,KOLKATA MAIL,T2_SUPERFAST,38,TS-MUM-HWH-12322-038,PNME,PARASNATH,Jharkhand,JH,SB-JH,GMO,NSC BOSE J GOMO,Jharkhand,JH,SB-JH,0,INTRA-SB-JH,SB-JH,INTERMEDIATE_HALT,04:21,04:40,17.0,1866.0,3
1017,Mumbai → Howrah,MUM-HWH,12322,KOLKATA MAIL,T2_SUPERFAST,39,TS-MUM-HWH-12322-039,GMO,NSC BOSE J GOMO,Jharkhand,JH,SB-JH,DHN,DHANBAD JN,Jharkhand,JH,SB-JH,0,INTRA-SB-JH,SB-JH,INTERMEDIATE_HALT,04:45,06:00,30.0,1896.0,3
1018,Mumbai → Howrah,MUM-HWH,12322,KOLKATA MAIL,T2_SUPERFAST,40,TS-MUM-HWH-12322-040,DHN,DHANBAD JN,Jharkhand,JH,SB-JH,BRR,BARAKAR,West Bengal,WB,SB-WB,1,SB-JH->SB-WB,SB-XING-JH-WB,INTERMEDIATE_HALT,06:05,06:39,42.0,1938.0,3
1019,Mumbai → Howrah,MUM-HWH,12322,KOLKATA MAIL,T2_SUPERFAST,41,TS-MUM-HWH-12322-041,BRR,BARAKAR,West Bengal,WB,SB-WB,ASN,ASANSOL JN,West Bengal,WB,SB-WB,0,INTRA-SB-WB,SB-WB,INTERMEDIATE_HALT,06:41,07:26,16.0,1954.0,3
1020,Mumbai → Howrah,MUM-HWH,12322,KOLKATA MAIL,T2_SUPERFAST,42,TS-MUM-HWH-12322-042,ASN,ASANSOL JN,West Bengal,WB,SB-WB,RNG,RANIGANJ,West Bengal,WB,SB-WB,0,INTRA-SB-WB,SB-WB,INTERMEDIATE_HALT,07:36,07:54,18.0,1972.0,3
1021,Mumbai → Howrah,MUM-HWH,12322,KOLKATA MAIL,T2_SUPERFAST,43,TS-MUM-HWH-12322-043,RNG,RANIGANJ,West Bengal,WB,SB-WB,DGR,DURGAPUR,West Bengal,WB,SB-WB,0,INTRA-SB-WB,SB-WB,INTERMEDIATE_HALT,07:56,08:12,24.0,1996.0,3
1022,Mumbai → Howrah,MUM-HWH,12322,KOLKATA MAIL,T2_SUPERFAST,44,TS-MUM-HWH-12322-044,DGR,DURGAPUR,West Bengal,WB,SB-WB,PAN,PANAGARH,West Bengal,WB,SB-WB,0,INTRA-SB-WB,SB-WB,INTERMEDIATE_HALT,08:16,08:28,15.0,2011.0,3
1023,Mumbai → Howrah,MUM-HWH,12322,KOLKATA MAIL,T2_SUPERFAST,45,TS-MUM-HWH-12322-045,PAN,PANAGARH,West Bengal,WB,SB-WB,BWN,BARDHAMAN,West Bengal,WB,SB-WB,0,INTRA-SB-WB,SB-WB,INTERMEDIATE_HALT,08:30,09:28,48.0,2059.0,3
1024,Mumbai → Howrah,MUM-HWH,12322,KOLKATA MAIL,T2_SUPERFAST,46,TS-MUM-HWH-12322-046,BWN,BARDHAMAN,West Bengal,WB,SB-WB,HWH,HOWRAH JN,West Bengal,WB,SB-WB,0,INTRA-SB-WB,SB-WB,HALTN_TO_DESTINATION,09:30,11:10,95.0,2154.0,3
1025,Mumbai → Howrah,MUM-HWH,12809,HOWRAH MAIL,T2_SUPERFAST,1,TS-MUM-HWH-12809-001,CSMT,C SHIVAJI MAH T,Maharashtra,MH,SB-MH,DR,DADAR,Maharashtra,MH,SB-MH,0,INTRA-SB-MH,SB-MH,SOURCE_TO_HALT1,21:10,21:22,9.0,9.0,1
1026,Mumbai → Howrah,MUM-HWH,12809,HOWRAH MAIL,T2_SUPERFAST,2,TS-MUM-HWH-12809-002,DR,DADAR,Maharashtra,MH,SB-MH,TNA,THANE,Maharashtra,MH,SB-MH,0,INTRA-SB-MH,SB-MH,INTERMEDIATE_HALT,21:25,21:43,24.0,33.0,1
1027,Mumbai → Howrah,MUM-HWH,12809,HOWRAH MAIL,T2_SUPERFAST,3,TS-MUM-HWH-12809-003,TNA,THANE,Maharashtra,MH,SB-MH,KYN,KALYAN JN,Maharashtra,MH,SB-MH,0,INTRA-SB-MH,SB-MH,INTERMEDIATE_HALT,21:45,22:07,20.0,53.0,1
1028,Mumbai → Howrah,MUM-HWH,12809,HOWRAH MAIL,T2_SUPERFAST,4,TS-MUM-HWH-12809-004,KYN,KALYAN JN,Maharashtra,MH,SB-MH,KSRA,KASARA,Maharashtra,MH,SB-MH,0,INTRA-SB-MH,SB-MH,INTERMEDIATE_HALT,22:10,23:12,68.0,121.0,1
1029,Mumbai → Howrah,MUM-HWH,12809,HOWRAH MAIL,T2_SUPERFAST,5,TS-MUM-HWH-12809-005,KSRA,KASARA,Maharashtra,MH,SB-MH,IGP,IGATPURI,Maharashtra,MH,SB-MH,0,INTRA-SB-MH,SB-MH,INTERMEDIATE_HALT,23:15,23:42,16.0,137.0,1
1030,Mumbai → Howrah,MUM-HWH,12809,HOWRAH MAIL,T2_SUPERFAST,6,TS-MUM-HWH-12809-006,IGP,IGATPURI,Maharashtra,MH,SB-MH,DVL,DEVLALI,Maharashtra,MH,SB-MH,0,INTRA-SB-MH,SB-MH,INTERMEDIATE_HALT,23:47,00:19,45.0,182.0,2
1031,Mumbai → Howrah,MUM-HWH,12809,HOWRAH MAIL,T2_SUPERFAST,7,TS-MUM-HWH-12809-007,DVL,DEVLALI,Maharashtra,MH,SB-MH,NK,NASIK ROAD,Maharashtra,MH,SB-MH,0,INTRA-SB-MH,SB-MH,INTERMEDIATE_HALT,00:20,00:27,5.0,187.0,2
1032,Mumbai → Howrah,MUM-HWH,12809,HOWRAH MAIL,T2_SUPERFAST,8,TS-MUM-HWH-12809-008,NK,NASIK ROAD,Maharashtra,MH,SB-MH,MMR,MANMAD JN,Maharashtra,MH,SB-MH,0,INTRA-SB-MH,SB-MH,INTERMEDIATE_HALT,00:30,01:27,73.0,260.0,2
1033,Mumbai → Howrah,MUM-HWH,12809,HOWRAH MAIL,T2_SUPERFAST,9,TS-MUM-HWH-12809-009,MMR,MANMAD JN,Maharashtra,MH,SB-MH,CSN,CHALISGAON JN,Maharashtra,MH,SB-MH,0,INTRA-SB-MH,SB-MH,INTERMEDIATE_HALT,01:30,02:20,68.0,328.0,2
1034,Mumbai → Howrah,MUM-HWH,12809,HOWRAH MAIL,T2_SUPERFAST,10,TS-MUM-HWH-12809-010,CSN,CHALISGAON JN,Maharashtra,MH,SB-MH,JL,JALGAON JN,Maharashtra,MH,SB-MH,0,INTRA-SB-MH,SB-MH,INTERMEDIATE_HALT,02:22,03:20,92.0,420.0,2
1035,Mumbai → Howrah,MUM-HWH,12809,HOWRAH MAIL,T2_SUPERFAST,11,TS-MUM-HWH-12809-011,JL,JALGAON JN,Maharashtra,MH,SB-MH,BSL,BHUSAVAL JN,Maharashtra,MH,SB-MH,0,INTRA-SB-MH,SB-MH,INTERMEDIATE_HALT,03:22,04:05,24.0,444.0,2
1036,Mumbai → Howrah,MUM-HWH,12809,HOWRAH MAIL,T2_SUPERFAST,12,TS-MUM-HWH-12809-012,BSL,BHUSAVAL JN,Maharashtra,MH,SB-MH,MKU,MALKAPUR,Maharashtra,MH,SB-MH,0,INTRA-SB-MH,SB-MH,INTERMEDIATE_HALT,04:10,04:50,51.0,495.0,2
1037,Mumbai → Howrah,MUM-HWH,12809,HOWRAH MAIL,T2_SUPERFAST,13,TS-MUM-HWH-12809-013,MKU,MALKAPUR,Maharashtra,MH,SB-MH,NN,NANDURA,Maharashtra,MH,SB-MH,0,INTRA-SB-MH,SB-MH,INTERMEDIATE_HALT,04:52,05:15,28.0,523.0,2
1038,Mumbai → Howrah,MUM-HWH,12809,HOWRAH MAIL,T2_SUPERFAST,14,TS-MUM-HWH-12809-014,NN,NANDURA,Maharashtra,MH,SB-MH,JM,JALAMB JN,Maharashtra,MH,SB-MH,0,INTRA-SB-MH,SB-MH,INTERMEDIATE_HALT,05:17,05:29,12.0,535.0,2
1039,Mumbai → Howrah,MUM-HWH,12809,HOWRAH MAIL,T2_SUPERFAST,15,TS-MUM-HWH-12809-015,JM,JALAMB JN,Maharashtra,MH,SB-MH,SEG,SHEGAON,Maharashtra,MH,SB-MH,0,INTRA-SB-MH,SB-MH,INTERMEDIATE_HALT,05:30,05:40,13.0,548.0,2
1040,Mumbai → Howrah,MUM-HWH,12809,HOWRAH MAIL,T2_SUPERFAST,16,TS-MUM-HWH-12809-016,SEG,SHEGAON,Maharashtra,MH,SB-MH,AK,AKOLA JN,Maharashtra,MH,SB-MH,0,INTRA-SB-MH,SB-MH,INTERMEDIATE_HALT,05:42,06:20,37.0,585.0,2
1041,Mumbai → Howrah,MUM-HWH,12809,HOWRAH MAIL,T2_SUPERFAST,17,TS-MUM-HWH-12809-017,AK,AKOLA JN,Maharashtra,MH,SB-MH,MZR,MURTAJAPUR JN,Maharashtra,MH,SB-MH,0,INTRA-SB-MH,SB-MH,INTERMEDIATE_HALT,06:25,06:58,37.0,622.0,2
1042,Mumbai → Howrah,MUM-HWH,12809,HOWRAH MAIL,T2_SUPERFAST,18,TS-MUM-HWH-12809-018,MZR,MURTAJAPUR JN,Maharashtra,MH,SB-MH,BD,BADNERA JN,Maharashtra,MH,SB-MH,0,INTRA-SB-MH,SB-MH,INTERMEDIATE_HALT,07:00,08:10,42.0,664.0,2
1043,Mumbai → Howrah,MUM-HWH,12809,HOWRAH MAIL,T2_SUPERFAST,19,TS-MUM-HWH-12809-019,BD,BADNERA JN,Maharashtra,MH,SB-MH,DMN,DHAMANGAON,Maharashtra,MH,SB-MH,0,INTRA-SB-MH,SB-MH,INTERMEDIATE_HALT,08:15,08:43,45.0,709.0,2
1044,Mumbai → Howrah,MUM-HWH,12809,HOWRAH MAIL,T2_SUPERFAST,20,TS-MUM-HWH-12809-020,DMN,DHAMANGAON,Maharashtra,MH,SB-MH,PLO,PULGAON JN,Maharashtra,MH,SB-MH,0,INTRA-SB-MH,SB-MH,INTERMEDIATE_HALT,08:45,09:04,20.0,729.0,2
1045,Mumbai → Howrah,MUM-HWH,12809,HOWRAH MAIL,T2_SUPERFAST,21,TS-MUM-HWH-12809-021,PLO,PULGAON JN,Maharashtra,MH,SB-MH,WR,WARDHA JN,Maharashtra,MH,SB-MH,0,INTRA-SB-MH,SB-MH,INTERMEDIATE_HALT,09:05,09:28,30.0,759.0,2
1046,Mumbai → Howrah,MUM-HWH,12809,HOWRAH MAIL,T2_SUPERFAST,22,TS-MUM-HWH-12809-022,WR,WARDHA JN,Maharashtra,MH,SB-MH,NGP,NAGPUR JN,Maharashtra,MH,SB-MH,0,INTRA-SB-MH,SB-MH,INTERMEDIATE_HALT,09:30,11:15,79.0,838.0,2
1047,Mumbai → Howrah,MUM-HWH,12809,HOWRAH MAIL,T2_SUPERFAST,23,TS-MUM-HWH-12809-023,NGP,NAGPUR JN,Maharashtra,MH,SB-MH,BRD,BHANDARA ROAD,Maharashtra,MH,SB-MH,0,INTRA-SB-MH,SB-MH,INTERMEDIATE_HALT,11:20,12:08,62.0,900.0,2
1048,Mumbai → Howrah,MUM-HWH,12809,HOWRAH MAIL,T2_SUPERFAST,24,TS-MUM-HWH-12809-024,BRD,BHANDARA ROAD,Maharashtra,MH,SB-MH,TMR,TUMSAR ROAD,Maharashtra,MH,SB-MH,0,INTRA-SB-MH,SB-MH,INTERMEDIATE_HALT,12:10,12:28,18.0,918.0,2
1049,Mumbai → Howrah,MUM-HWH,12809,HOWRAH MAIL,T2_SUPERFAST,25,TS-MUM-HWH-12809-025,TMR,TUMSAR ROAD,Maharashtra,MH,SB-MH,G,GONDIA JN,Maharashtra,MH,SB-MH,0,INTRA-SB-MH,SB-MH,INTERMEDIATE_HALT,12:30,13:10,50.0,968.0,2
1050,Mumbai → Howrah,MUM-HWH,12809,HOWRAH MAIL,T2_SUPERFAST,26,TS-MUM-HWH-12809-026,G,GONDIA JN,Maharashtra,MH,SB-MH,DGG,DONGARGARH,Chhattisgarh,CG,SB-CG,1,SB-MH->SB-CG,SB-XING-MH-CG,INTERMEDIATE_HALT,13:15,14:18,73.0,1041.0,2
1051,Mumbai → Howrah,MUM-HWH,12809,HOWRAH MAIL,T2_SUPERFAST,27,TS-MUM-HWH-12809-027,DGG,DONGARGARH,Chhattisgarh,CG,SB-CG,RJN,RAJNANDGAON,Chhattisgarh,CG,SB-CG,0,INTRA-SB-CG,SB-CG,INTERMEDIATE_HALT,14:20,14:43,31.0,1072.0,2
1052,Mumbai → Howrah,MUM-HWH,12809,HOWRAH MAIL,T2_SUPERFAST,28,TS-MUM-HWH-12809-028,RJN,RAJNANDGAON,Chhattisgarh,CG,SB-CG,DURG,DURG,Chhattisgarh,CG,SB-CG,0,INTRA-SB-CG,SB-CG,INTERMEDIATE_HALT,14:45,15:25,31.0,1103.0,2
1053,Mumbai → Howrah,MUM-HWH,12809,HOWRAH MAIL,T2_SUPERFAST,29,TS-MUM-HWH-12809-029,DURG,DURG,Chhattisgarh,CG,SB-CG,R,RAIPUR JN,Chhattisgarh,CG,SB-CG,0,INTRA-SB-CG,SB-CG,INTERMEDIATE_HALT,15:30,16:05,37.0,1140.0,2
1054,Mumbai → Howrah,MUM-HWH,12809,HOWRAH MAIL,T2_SUPERFAST,30,TS-MUM-HWH-12809-030,R,RAIPUR JN,Chhattisgarh,CG,SB-CG,BYT,BHATAPARA,Chhattisgarh,CG,SB-CG,0,INTRA-SB-CG,SB-CG,INTERMEDIATE_HALT,16:15,17:10,63.0,1203.0,2
1055,Mumbai → Howrah,MUM-HWH,12809,HOWRAH MAIL,T2_SUPERFAST,31,TS-MUM-HWH-12809-031,BYT,BHATAPARA,Chhattisgarh,CG,SB-CG,BSP,BILASPUR JN,Chhattisgarh,CG,SB-CG,0,INTRA-SB-CG,SB-CG,INTERMEDIATE_HALT,17:12,18:10,52.0,1255.0,2
1056,Mumbai → Howrah,MUM-HWH,12809,HOWRAH MAIL,T2_SUPERFAST,32,TS-MUM-HWH-12809-032,BSP,BILASPUR JN,Chhattisgarh,CG,SB-CG,CPH,CHAMPA JN,Chhattisgarh,CG,SB-CG,0,INTRA-SB-CG,SB-CG,INTERMEDIATE_HALT,18:25,19:13,53.0,1308.0,2
1057,Mumbai → Howrah,MUM-HWH,12809,HOWRAH MAIL,T2_SUPERFAST,33,TS-MUM-HWH-12809-033,CPH,CHAMPA JN,Chhattisgarh,CG,SB-CG,SKT,SAKTI,Chhattisgarh,CG,SB-CG,0,INTRA-SB-CG,SB-CG,INTERMEDIATE_HALT,19:15,19:35,30.0,1338.0,2
1058,Mumbai → Howrah,MUM-HWH,12809,HOWRAH MAIL,T2_SUPERFAST,34,TS-MUM-HWH-12809-034,SKT,SAKTI,Chhattisgarh,CG,SB-CG,KHS,KHARSIA,Chhattisgarh,CG,SB-CG,0,INTRA-SB-CG,SB-CG,INTERMEDIATE_HALT,19:37,19:53,16.0,1354.0,2
1059,Mumbai → Howrah,MUM-HWH,12809,HOWRAH MAIL,T2_SUPERFAST,35,TS-MUM-HWH-12809-035,KHS,KHARSIA,Chhattisgarh,CG,SB-CG,RIG,RAIGARH,Chhattisgarh,CG,SB-CG,0,INTRA-SB-CG,SB-CG,INTERMEDIATE_HALT,19:55,20:25,34.0,1388.0,2
1060,Mumbai → Howrah,MUM-HWH,12809,HOWRAH MAIL,T2_SUPERFAST,36,TS-MUM-HWH-12809-036,RIG,RAIGARH,Chhattisgarh,CG,SB-CG,BPH,BELPAHAR,Odisha,OD,SB-OD,1,SB-CG->SB-OD,SB-XING-CG-OD,INTERMEDIATE_HALT,20:30,21:05,51.0,1439.0,2
1061,Mumbai → Howrah,MUM-HWH,12809,HOWRAH MAIL,T2_SUPERFAST,37,TS-MUM-HWH-12809-037,BPH,BELPAHAR,Odisha,OD,SB-OD,BRJN,BRAJRAJNAGAR,Odisha,OD,SB-OD,0,INTRA-SB-OD,SB-OD,INTERMEDIATE_HALT,21:07,21:18,9.0,1448.0,2
1062,Mumbai → Howrah,MUM-HWH,12809,HOWRAH MAIL,T2_SUPERFAST,38,TS-MUM-HWH-12809-038,BRJN,BRAJRAJNAGAR,Odisha,OD,SB-OD,JSG,JHARSUGUDA JN,Odisha,OD,SB-OD,0,INTRA-SB-OD,SB-OD,INTERMEDIATE_HALT,21:20,21:50,11.0,1459.0,2
1063,Mumbai → Howrah,MUM-HWH,12809,HOWRAH MAIL,T2_SUPERFAST,39,TS-MUM-HWH-12809-039,JSG,JHARSUGUDA JN,Odisha,OD,SB-OD,ROU,ROURKELA,Odisha,OD,SB-OD,0,INTRA-SB-OD,SB-OD,INTERMEDIATE_HALT,21:55,23:10,102.0,1561.0,2
1064,Mumbai → Howrah,MUM-HWH,12809,HOWRAH MAIL,T2_SUPERFAST,40,TS-MUM-HWH-12809-040,ROU,ROURKELA,Odisha,OD,SB-OD,CKP,CHAKARADHARPUR,Jharkhand,JH,SB-JH,1,SB-OD->SB-JH,SB-XING-OD-JH,INTERMEDIATE_HALT,23:18,00:48,101.0,1662.0,3
1065,Mumbai → Howrah,MUM-HWH,12809,HOWRAH MAIL,T2_SUPERFAST,41,TS-MUM-HWH-12809-041,CKP,CHAKARADHARPUR,Jharkhand,JH,SB-JH,TATA,TATANAGAR JN,Jharkhand,JH,SB-JH,0,INTRA-SB-JH,SB-JH,INTERMEDIATE_HALT,00:55,01:45,62.0,1724.0,3
1066,Mumbai → Howrah,MUM-HWH,12809,HOWRAH MAIL,T2_SUPERFAST,42,TS-MUM-HWH-12809-042,TATA,TATANAGAR JN,Jharkhand,JH,SB-JH,KGP,KHARAGPUR JN,West Bengal,WB,SB-WB,1,SB-JH->SB-WB,SB-XING-JH-WB,INTERMEDIATE_HALT,01:50,03:50,135.0,1859.0,3
1067,Mumbai → Howrah,MUM-HWH,12809,HOWRAH MAIL,T2_SUPERFAST,43,TS-MUM-HWH-12809-043,KGP,KHARAGPUR JN,West Bengal,WB,SB-WB,SRC,SANTRAGACHI JN,West Bengal,WB,SB-WB,0,INTRA-SB-WB,SB-WB,INTERMEDIATE_HALT,03:55,05:20,108.0,1967.0,3
1068,Mumbai → Howrah,MUM-HWH,12809,HOWRAH MAIL,T2_SUPERFAST,44,TS-MUM-HWH-12809-044,SRC,SANTRAGACHI JN,West Bengal,WB,SB-WB,HWH,HOWRAH JN,West Bengal,WB,SB-WB,0,INTRA-SB-WB,SB-WB,HALTN_TO_DESTINATION,05:22,06:45,7.0,1974.0,3
1069,Mumbai → Howrah,MUM-HWH,12859,GITANJALI EXP,T2_SUPERFAST,1,TS-MUM-HWH-12859-001,CSMT,C SHIVAJI MAH T,Maharashtra,MH,SB-MH,DR,DADAR,Maharashtra,MH,SB-MH,0,INTRA-SB-MH,SB-MH,SOURCE_TO_HALT1,06:00,06:12,9.0,9.0,1
1070,Mumbai → Howrah,MUM-HWH,12859,GITANJALI EXP,T2_SUPERFAST,2,TS-MUM-HWH-12859-002,DR,DADAR,Maharashtra,MH,SB-MH,KYN,KALYAN JN,Maharashtra,MH,SB-MH,0,INTRA-SB-MH,SB-MH,INTERMEDIATE_HALT,06:15,06:52,44.0,53.0,1
1071,Mumbai → Howrah,MUM-HWH,12859,GITANJALI EXP,T2_SUPERFAST,3,TS-MUM-HWH-12859-003,KYN,KALYAN JN,Maharashtra,MH,SB-MH,IGP,IGATPURI,Maharashtra,MH,SB-MH,0,INTRA-SB-MH,SB-MH,INTERMEDIATE_HALT,06:55,08:42,83.0,136.0,1
1072,Mumbai → Howrah,MUM-HWH,12859,GITANJALI EXP,T2_SUPERFAST,4,TS-MUM-HWH-12859-004,IGP,IGATPURI,Maharashtra,MH,SB-MH,NK,NASIK ROAD,Maharashtra,MH,SB-MH,0,INTRA-SB-MH,SB-MH,INTERMEDIATE_HALT,08:47,09:25,51.0,187.0,1
1073,Mumbai → Howrah,MUM-HWH,12859,GITANJALI EXP,T2_SUPERFAST,5,TS-MUM-HWH-12859-005,NK,NASIK ROAD,Maharashtra,MH,SB-MH,JL,JALGAON JN,Maharashtra,MH,SB-MH,0,INTRA-SB-MH,SB-MH,INTERMEDIATE_HALT,09:30,11:58,233.0,420.0,1
1074,Mumbai → Howrah,MUM-HWH,12859,GITANJALI EXP,T2_SUPERFAST,6,TS-MUM-HWH-12859-006,JL,JALGAON JN,Maharashtra,MH,SB-MH,BSL,BHUSAVAL JN,Maharashtra,MH,SB-MH,0,INTRA-SB-MH,SB-MH,INTERMEDIATE_HALT,12:00,12:35,24.0,444.0,1
1075,Mumbai → Howrah,MUM-HWH,12859,GITANJALI EXP,T2_SUPERFAST,7,TS-MUM-HWH-12859-007,BSL,BHUSAVAL JN,Maharashtra,MH,SB-MH,MKU,MALKAPUR,Maharashtra,MH,SB-MH,0,INTRA-SB-MH,SB-MH,INTERMEDIATE_HALT,12:40,13:24,51.0,495.0,1
1076,Mumbai → Howrah,MUM-HWH,12859,GITANJALI EXP,T2_SUPERFAST,8,TS-MUM-HWH-12859-008,MKU,MALKAPUR,Maharashtra,MH,SB-MH,SEG,SHEGAON,Maharashtra,MH,SB-MH,0,INTRA-SB-MH,SB-MH,INTERMEDIATE_HALT,13:25,14:03,52.0,547.0,1
1077,Mumbai → Howrah,MUM-HWH,12859,GITANJALI EXP,T2_SUPERFAST,9,TS-MUM-HWH-12859-009,SEG,SHEGAON,Maharashtra,MH,SB-MH,AK,AKOLA JN,Maharashtra,MH,SB-MH,0,INTRA-SB-MH,SB-MH,INTERMEDIATE_HALT,14:05,14:30,37.0,584.0,1
1078,Mumbai → Howrah,MUM-HWH,12859,GITANJALI EXP,T2_SUPERFAST,10,TS-MUM-HWH-12859-010,AK,AKOLA JN,Maharashtra,MH,SB-MH,BD,BADNERA JN,Maharashtra,MH,SB-MH,0,INTRA-SB-MH,SB-MH,INTERMEDIATE_HALT,14:35,15:57,79.0,663.0,1
1079,Mumbai → Howrah,MUM-HWH,12859,GITANJALI EXP,T2_SUPERFAST,11,TS-MUM-HWH-12859-011,BD,BADNERA JN,Maharashtra,MH,SB-MH,WR,WARDHA JN,Maharashtra,MH,SB-MH,0,INTRA-SB-MH,SB-MH,INTERMEDIATE_HALT,16:00,17:13,96.0,759.0,1
1080,Mumbai → Howrah,MUM-HWH,12859,GITANJALI EXP,T2_SUPERFAST,12,TS-MUM-HWH-12859-012,WR,WARDHA JN,Maharashtra,MH,SB-MH,NGP,NAGPUR JN,Maharashtra,MH,SB-MH,0,INTRA-SB-MH,SB-MH,INTERMEDIATE_HALT,17:15,18:55,78.0,837.0,1
1081,Mumbai → Howrah,MUM-HWH,12859,GITANJALI EXP,T2_SUPERFAST,13,TS-MUM-HWH-12859-013,NGP,NAGPUR JN,Maharashtra,MH,SB-MH,BRD,BHANDARA ROAD,Maharashtra,MH,SB-MH,0,INTRA-SB-MH,SB-MH,INTERMEDIATE_HALT,19:00,19:46,63.0,900.0,1
1082,Mumbai → Howrah,MUM-HWH,12859,GITANJALI EXP,T2_SUPERFAST,14,TS-MUM-HWH-12859-014,BRD,BHANDARA ROAD,Maharashtra,MH,SB-MH,G,GONDIA JN,Maharashtra,MH,SB-MH,0,INTRA-SB-MH,SB-MH,INTERMEDIATE_HALT,19:48,20:38,68.0,968.0,1
1083,Mumbai → Howrah,MUM-HWH,12859,GITANJALI EXP,T2_SUPERFAST,15,TS-MUM-HWH-12859-015,G,GONDIA JN,Maharashtra,MH,SB-MH,RJN,RAJNANDGAON,Chhattisgarh,CG,SB-CG,1,SB-MH->SB-CG,SB-XING-MH-CG,INTERMEDIATE_HALT,20:40,22:03,104.0,1072.0,1
1084,Mumbai → Howrah,MUM-HWH,12859,GITANJALI EXP,T2_SUPERFAST,16,TS-MUM-HWH-12859-016,RJN,RAJNANDGAON,Chhattisgarh,CG,SB-CG,DURG,DURG,Chhattisgarh,CG,SB-CG,0,INTRA-SB-CG,SB-CG,INTERMEDIATE_HALT,22:05,22:50,31.0,1103.0,1
1085,Mumbai → Howrah,MUM-HWH,12859,GITANJALI EXP,T2_SUPERFAST,17,TS-MUM-HWH-12859-017,DURG,DURG,Chhattisgarh,CG,SB-CG,R,RAIPUR JN,Chhattisgarh,CG,SB-CG,0,INTRA-SB-CG,SB-CG,INTERMEDIATE_HALT,22:55,23:30,36.0,1139.0,1
1086,Mumbai → Howrah,MUM-HWH,12859,GITANJALI EXP,T2_SUPERFAST,18,TS-MUM-HWH-12859-018,R,RAIPUR JN,Chhattisgarh,CG,SB-CG,BSP,BILASPUR JN,Chhattisgarh,CG,SB-CG,0,INTRA-SB-CG,SB-CG,INTERMEDIATE_HALT,23:35,01:25,110.0,1249.0,2
1087,Mumbai → Howrah,MUM-HWH,12859,GITANJALI EXP,T2_SUPERFAST,19,TS-MUM-HWH-12859-019,BSP,BILASPUR JN,Chhattisgarh,CG,SB-CG,RIG,RAIGARH,Chhattisgarh,CG,SB-CG,0,INTRA-SB-CG,SB-CG,INTERMEDIATE_HALT,01:35,03:05,133.0,1382.0,2
1088,Mumbai → Howrah,MUM-HWH,12859,GITANJALI EXP,T2_SUPERFAST,20,TS-MUM-HWH-12859-020,RIG,RAIGARH,Chhattisgarh,CG,SB-CG,JSG,JHARSUGUDA JN,Odisha,OD,SB-OD,1,SB-CG->SB-OD,SB-XING-CG-OD,INTERMEDIATE_HALT,03:07,04:28,72.0,1454.0,2
1089,Mumbai → Howrah,MUM-HWH,12859,GITANJALI EXP,T2_SUPERFAST,21,TS-MUM-HWH-12859-021,JSG,JHARSUGUDA JN,Odisha,OD,SB-OD,ROU,ROURKELA,Odisha,OD,SB-OD,0,INTRA-SB-OD,SB-OD,INTERMEDIATE_HALT,04:30,05:47,101.0,1555.0,2
1090,Mumbai → Howrah,MUM-HWH,12859,GITANJALI EXP,T2_SUPERFAST,22,TS-MUM-HWH-12859-022,ROU,ROURKELA,Odisha,OD,SB-OD,CKP,CHAKARADHARPUR,Jharkhand,JH,SB-JH,1,SB-OD->SB-JH,SB-XING-OD-JH,INTERMEDIATE_HALT,05:55,07:18,101.0,1656.0,2
1091,Mumbai → Howrah,MUM-HWH,12859,GITANJALI EXP,T2_SUPERFAST,23,TS-MUM-HWH-12859-023,CKP,CHAKARADHARPUR,Jharkhand,JH,SB-JH,TATA,TATANAGAR JN,Jharkhand,JH,SB-JH,0,INTRA-SB-JH,SB-JH,INTERMEDIATE_HALT,07:20,08:13,63.0,1719.0,2
1092,Mumbai → Howrah,MUM-HWH,12859,GITANJALI EXP,T2_SUPERFAST,24,TS-MUM-HWH-12859-024,TATA,TATANAGAR JN,Jharkhand,JH,SB-JH,KGP,KHARAGPUR JN,West Bengal,WB,SB-WB,1,SB-JH->SB-WB,SB-XING-JH-WB,INTERMEDIATE_HALT,08:20,10:18,134.0,1853.0,2
1093,Mumbai → Howrah,MUM-HWH,12859,GITANJALI EXP,T2_SUPERFAST,25,TS-MUM-HWH-12859-025,KGP,KHARAGPUR JN,West Bengal,WB,SB-WB,SRC,SANTRAGACHI JN,West Bengal,WB,SB-WB,0,INTRA-SB-WB,SB-WB,INTERMEDIATE_HALT,10:23,11:48,108.0,1961.0,2
1094,Mumbai → Howrah,MUM-HWH,12859,GITANJALI EXP,T2_SUPERFAST,26,TS-MUM-HWH-12859-026,SRC,SANTRAGACHI JN,West Bengal,WB,SB-WB,HWH,HOWRAH JN,West Bengal,WB,SB-WB,0,INTRA-SB-WB,SB-WB,HALTN_TO_DESTINATION,11:50,13:50,8.0,1969.0,2
1095,Mumbai → Howrah,MUM-HWH,12869,CSMT HOWRAH EXP,T2_SUPERFAST,1,TS-MUM-HWH-12869-001,CSMT,C SHIVAJI MAH T,Maharashtra,MH,SB-MH,DR,DADAR,Maharashtra,MH,SB-MH,0,INTRA-SB-MH,SB-MH,SOURCE_TO_HALT1,11:05,11:17,9.0,9.0,1
1096,Mumbai → Howrah,MUM-HWH,12869,CSMT HOWRAH EXP,T2_SUPERFAST,2,TS-MUM-HWH-12869-002,DR,DADAR,Maharashtra,MH,SB-MH,KYN,KALYAN JN,Maharashtra,MH,SB-MH,0,INTRA-SB-MH,SB-MH,INTERMEDIATE_HALT,11:20,11:57,44.0,53.0,1
1097,Mumbai → Howrah,MUM-HWH,12869,CSMT HOWRAH EXP,T2_SUPERFAST,3,TS-MUM-HWH-12869-003,KYN,KALYAN JN,Maharashtra,MH,SB-MH,NK,NASIK ROAD,Maharashtra,MH,SB-MH,0,INTRA-SB-MH,SB-MH,INTERMEDIATE_HALT,12:00,14:37,134.0,187.0,1
1098,Mumbai → Howrah,MUM-HWH,12869,CSMT HOWRAH EXP,T2_SUPERFAST,4,TS-MUM-HWH-12869-004,NK,NASIK ROAD,Maharashtra,MH,SB-MH,BSL,BHUSAVAL JN,Maharashtra,MH,SB-MH,0,INTRA-SB-MH,SB-MH,INTERMEDIATE_HALT,14:40,17:55,257.0,444.0,1
1099,Mumbai → Howrah,MUM-HWH,12869,CSMT HOWRAH EXP,T2_SUPERFAST,5,TS-MUM-HWH-12869-005,BSL,BHUSAVAL JN,Maharashtra,MH,SB-MH,AK,AKOLA JN,Maharashtra,MH,SB-MH,0,INTRA-SB-MH,SB-MH,INTERMEDIATE_HALT,18:00,19:55,140.0,584.0,1
1100,Mumbai → Howrah,MUM-HWH,12869,CSMT HOWRAH EXP,T2_SUPERFAST,6,TS-MUM-HWH-12869-006,AK,AKOLA JN,Maharashtra,MH,SB-MH,BD,BADNERA JN,Maharashtra,MH,SB-MH,0,INTRA-SB-MH,SB-MH,INTERMEDIATE_HALT,20:00,21:40,79.0,663.0,1
1101,Mumbai → Howrah,MUM-HWH,12869,CSMT HOWRAH EXP,T2_SUPERFAST,7,TS-MUM-HWH-12869-007,BD,BADNERA JN,Maharashtra,MH,SB-MH,NGP,NAGPUR JN,Maharashtra,MH,SB-MH,0,INTRA-SB-MH,SB-MH,INTERMEDIATE_HALT,21:45,01:10,174.0,837.0,2
1102,Mumbai → Howrah,MUM-HWH,12869,CSMT HOWRAH EXP,T2_SUPERFAST,8,TS-MUM-HWH-12869-008,NGP,NAGPUR JN,Maharashtra,MH,SB-MH,G,GONDIA JN,Maharashtra,MH,SB-MH,0,INTRA-SB-MH,SB-MH,INTERMEDIATE_HALT,01:15,03:08,131.0,968.0,2
1103,Mumbai → Howrah,MUM-HWH,12869,CSMT HOWRAH EXP,T2_SUPERFAST,9,TS-MUM-HWH-12869-009,G,GONDIA JN,Maharashtra,MH,SB-MH,DURG,DURG,Chhattisgarh,CG,SB-CG,1,SB-MH->SB-CG,SB-XING-MH-CG,INTERMEDIATE_HALT,03:10,05:20,135.0,1103.0,2
1104,Mumbai → Howrah,MUM-HWH,12869,CSMT HOWRAH EXP,T2_SUPERFAST,10,TS-MUM-HWH-12869-010,DURG,DURG,Chhattisgarh,CG,SB-CG,R,RAIPUR JN,Chhattisgarh,CG,SB-CG,0,INTRA-SB-CG,SB-CG,INTERMEDIATE_HALT,05:25,06:00,36.0,1139.0,2
1105,Mumbai → Howrah,MUM-HWH,12869,CSMT HOWRAH EXP,T2_SUPERFAST,11,TS-MUM-HWH-12869-011,R,RAIPUR JN,Chhattisgarh,CG,SB-CG,BSP,BILASPUR JN,Chhattisgarh,CG,SB-CG,0,INTRA-SB-CG,SB-CG,INTERMEDIATE_HALT,06:05,07:45,110.0,1249.0,2
1106,Mumbai → Howrah,MUM-HWH,12869,CSMT HOWRAH EXP,T2_SUPERFAST,12,TS-MUM-HWH-12869-012,BSP,BILASPUR JN,Chhattisgarh,CG,SB-CG,JSG,JHARSUGUDA JN,Odisha,OD,SB-OD,1,SB-CG->SB-OD,SB-XING-CG-OD,INTERMEDIATE_HALT,08:00,11:03,205.0,1454.0,2
1107,Mumbai → Howrah,MUM-HWH,12869,CSMT HOWRAH EXP,T2_SUPERFAST,13,TS-MUM-HWH-12869-013,JSG,JHARSUGUDA JN,Odisha,OD,SB-OD,ROU,ROURKELA,Odisha,OD,SB-OD,0,INTRA-SB-OD,SB-OD,INTERMEDIATE_HALT,11:05,12:17,101.0,1555.0,2
1108,Mumbai → Howrah,MUM-HWH,12869,CSMT HOWRAH EXP,T2_SUPERFAST,14,TS-MUM-HWH-12869-014,ROU,ROURKELA,Odisha,OD,SB-OD,CKP,CHAKARADHARPUR,Jharkhand,JH,SB-JH,1,SB-OD->SB-JH,SB-XING-OD-JH,INTERMEDIATE_HALT,12:25,13:53,101.0,1656.0,2
1109,Mumbai → Howrah,MUM-HWH,12869,CSMT HOWRAH EXP,T2_SUPERFAST,15,TS-MUM-HWH-12869-015,CKP,CHAKARADHARPUR,Jharkhand,JH,SB-JH,TATA,TATANAGAR JN,Jharkhand,JH,SB-JH,0,INTRA-SB-JH,SB-JH,INTERMEDIATE_HALT,14:00,15:05,63.0,1719.0,2
1110,Mumbai → Howrah,MUM-HWH,12869,CSMT HOWRAH EXP,T2_SUPERFAST,16,TS-MUM-HWH-12869-016,TATA,TATANAGAR JN,Jharkhand,JH,SB-JH,KGP,KHARAGPUR JN,West Bengal,WB,SB-WB,1,SB-JH->SB-WB,SB-XING-JH-WB,INTERMEDIATE_HALT,15:10,17:30,134.0,1853.0,2
1111,Mumbai → Howrah,MUM-HWH,12869,CSMT HOWRAH EXP,T2_SUPERFAST,17,TS-MUM-HWH-12869-017,KGP,KHARAGPUR JN,West Bengal,WB,SB-WB,SRC,SANTRAGACHI JN,West Bengal,WB,SB-WB,0,INTRA-SB-WB,SB-WB,INTERMEDIATE_HALT,17:35,19:13,108.0,1961.0,2
1112,Mumbai → Howrah,MUM-HWH,12869,CSMT HOWRAH EXP,T2_SUPERFAST,18,TS-MUM-HWH-12869-018,SRC,SANTRAGACHI JN,West Bengal,WB,SB-WB,HWH,HOWRAH JN,West Bengal,WB,SB-WB,0,INTRA-SB-WB,SB-WB,HALTN_TO_DESTINATION,19:15,20:50,8.0,1969.0,2
1113,Mumbai → Howrah,MUM-HWH,18029,LTT SHALIMAR EXP,T3_EXPRESS_PASSENGER,1,TS-MUM-HWH-18029-001,LTT,LOKMANYATILAK,Maharashtra,MH,SB-MH,TNA,THANE,Maharashtra,MH,SB-MH,0,INTRA-SB-MH,SB-MH,SOURCE_TO_HALT1,22:00,22:22,17.0,17.0,1
1114,Mumbai → Howrah,MUM-HWH,18029,LTT SHALIMAR EXP,T3_EXPRESS_PASSENGER,2,TS-MUM-HWH-18029-002,TNA,THANE,Maharashtra,MH,SB-MH,KYN,KALYAN JN,Maharashtra,MH,SB-MH,0,INTRA-SB-MH,SB-MH,INTERMEDIATE_HALT,22:25,22:47,20.0,37.0,1
1115,Mumbai → Howrah,MUM-HWH,18029,LTT SHALIMAR EXP,T3_EXPRESS_PASSENGER,3,TS-MUM-HWH-18029-003,KYN,KALYAN JN,Maharashtra,MH,SB-MH,KSRA,KASARA,Maharashtra,MH,SB-MH,0,INTRA-SB-MH,SB-MH,INTERMEDIATE_HALT,22:50,23:59,68.0,105.0,2
1116,Mumbai → Howrah,MUM-HWH,18029,LTT SHALIMAR EXP,T3_EXPRESS_PASSENGER,4,TS-MUM-HWH-18029-004,KSRA,KASARA,Maharashtra,MH,SB-MH,IGP,IGATPURI,Maharashtra,MH,SB-MH,0,INTRA-SB-MH,SB-MH,INTERMEDIATE_HALT,00:01,00:32,16.0,121.0,2
1117,Mumbai → Howrah,MUM-HWH,18029,LTT SHALIMAR EXP,T3_EXPRESS_PASSENGER,5,TS-MUM-HWH-18029-005,IGP,IGATPURI,Maharashtra,MH,SB-MH,NK,NASIK ROAD,Maharashtra,MH,SB-MH,0,INTRA-SB-MH,SB-MH,INTERMEDIATE_HALT,00:37,01:20,50.0,171.0,2
1118,Mumbai → Howrah,MUM-HWH,18029,LTT SHALIMAR EXP,T3_EXPRESS_PASSENGER,6,TS-MUM-HWH-18029-006,NK,NASIK ROAD,Maharashtra,MH,SB-MH,MMR,MANMAD JN,Maharashtra,MH,SB-MH,0,INTRA-SB-MH,SB-MH,INTERMEDIATE_HALT,01:25,02:28,73.0,244.0,2
1119,Mumbai → Howrah,MUM-HWH,18029,LTT SHALIMAR EXP,T3_EXPRESS_PASSENGER,7,TS-MUM-HWH-18029-007,MMR,MANMAD JN,Maharashtra,MH,SB-MH,CSN,CHALISGAON JN,Maharashtra,MH,SB-MH,0,INTRA-SB-MH,SB-MH,INTERMEDIATE_HALT,02:30,03:18,68.0,312.0,2
1120,Mumbai → Howrah,MUM-HWH,18029,LTT SHALIMAR EXP,T3_EXPRESS_PASSENGER,8,TS-MUM-HWH-18029-008,CSN,CHALISGAON JN,Maharashtra,MH,SB-MH,PC,PACHORA JN,Maharashtra,MH,SB-MH,0,INTRA-SB-MH,SB-MH,INTERMEDIATE_HALT,03:20,03:48,45.0,357.0,2
1121,Mumbai → Howrah,MUM-HWH,18029,LTT SHALIMAR EXP,T3_EXPRESS_PASSENGER,9,TS-MUM-HWH-18029-009,PC,PACHORA JN,Maharashtra,MH,SB-MH,JL,JALGAON JN,Maharashtra,MH,SB-MH,0,INTRA-SB-MH,SB-MH,INTERMEDIATE_HALT,03:50,04:33,47.0,404.0,2
1122,Mumbai → Howrah,MUM-HWH,18029,LTT SHALIMAR EXP,T3_EXPRESS_PASSENGER,10,TS-MUM-HWH-18029-010,JL,JALGAON JN,Maharashtra,MH,SB-MH,BSL,BHUSAVAL JN,Maharashtra,MH,SB-MH,0,INTRA-SB-MH,SB-MH,INTERMEDIATE_HALT,04:35,05:05,24.0,428.0,2
1123,Mumbai → Howrah,MUM-HWH,18029,LTT SHALIMAR EXP,T3_EXPRESS_PASSENGER,11,TS-MUM-HWH-18029-011,BSL,BHUSAVAL JN,Maharashtra,MH,SB-MH,VNA,VARANGAON,Maharashtra,MH,SB-MH,0,INTRA-SB-MH,SB-MH,INTERMEDIATE_HALT,05:10,05:30,13.0,441.0,2
1124,Mumbai → Howrah,MUM-HWH,18029,LTT SHALIMAR EXP,T3_EXPRESS_PASSENGER,12,TS-MUM-HWH-18029-012,VNA,VARANGAON,Maharashtra,MH,SB-MH,BDWD,BODWAD,Maharashtra,MH,SB-MH,0,INTRA-SB-MH,SB-MH,INTERMEDIATE_HALT,05:31,05:50,18.0,459.0,2
1125,Mumbai → Howrah,MUM-HWH,18029,LTT SHALIMAR EXP,T3_EXPRESS_PASSENGER,13,TS-MUM-HWH-18029-013,BDWD,BODWAD,Maharashtra,MH,SB-MH,MKU,MALKAPUR,Maharashtra,MH,SB-MH,0,INTRA-SB-MH,SB-MH,INTERMEDIATE_HALT,05:52,06:08,20.0,479.0,2
1126,Mumbai → Howrah,MUM-HWH,18029,LTT SHALIMAR EXP,T3_EXPRESS_PASSENGER,14,TS-MUM-HWH-18029-014,MKU,MALKAPUR,Maharashtra,MH,SB-MH,NN,NANDURA,Maharashtra,MH,SB-MH,0,INTRA-SB-MH,SB-MH,INTERMEDIATE_HALT,06:10,06:30,28.0,507.0,2
1127,Mumbai → Howrah,MUM-HWH,18029,LTT SHALIMAR EXP,T3_EXPRESS_PASSENGER,15,TS-MUM-HWH-18029-015,NN,NANDURA,Maharashtra,MH,SB-MH,SEG,SHEGAON,Maharashtra,MH,SB-MH,0,INTRA-SB-MH,SB-MH,INTERMEDIATE_HALT,06:32,07:00,24.0,531.0,2
1128,Mumbai → Howrah,MUM-HWH,18029,LTT SHALIMAR EXP,T3_EXPRESS_PASSENGER,16,TS-MUM-HWH-18029-016,SEG,SHEGAON,Maharashtra,MH,SB-MH,AK,AKOLA JN,Maharashtra,MH,SB-MH,0,INTRA-SB-MH,SB-MH,INTERMEDIATE_HALT,07:02,08:17,38.0,569.0,2
1129,Mumbai → Howrah,MUM-HWH,18029,LTT SHALIMAR EXP,T3_EXPRESS_PASSENGER,17,TS-MUM-HWH-18029-017,AK,AKOLA JN,Maharashtra,MH,SB-MH,MZR,MURTAJAPUR JN,Maharashtra,MH,SB-MH,0,INTRA-SB-MH,SB-MH,INTERMEDIATE_HALT,08:22,08:48,37.0,606.0,2
1130,Mumbai → Howrah,MUM-HWH,18029,LTT SHALIMAR EXP,T3_EXPRESS_PASSENGER,18,TS-MUM-HWH-18029-018,MZR,MURTAJAPUR JN,Maharashtra,MH,SB-MH,BD,BADNERA JN,Maharashtra,MH,SB-MH,0,INTRA-SB-MH,SB-MH,INTERMEDIATE_HALT,08:50,09:35,41.0,647.0,2
1131,Mumbai → Howrah,MUM-HWH,18029,LTT SHALIMAR EXP,T3_EXPRESS_PASSENGER,19,TS-MUM-HWH-18029-019,BD,BADNERA JN,Maharashtra,MH,SB-MH,CND,CHANDUR,Maharashtra,MH,SB-MH,0,INTRA-SB-MH,SB-MH,INTERMEDIATE_HALT,09:40,10:04,30.0,677.0,2
1132,Mumbai → Howrah,MUM-HWH,18029,LTT SHALIMAR EXP,T3_EXPRESS_PASSENGER,20,TS-MUM-HWH-18029-020,CND,CHANDUR,Maharashtra,MH,SB-MH,DMN,DHAMANGAON,Maharashtra,MH,SB-MH,0,INTRA-SB-MH,SB-MH,INTERMEDIATE_HALT,10:05,10:16,16.0,693.0,2
1133,Mumbai → Howrah,MUM-HWH,18029,LTT SHALIMAR EXP,T3_EXPRESS_PASSENGER,21,TS-MUM-HWH-18029-021,DMN,DHAMANGAON,Maharashtra,MH,SB-MH,PLO,PULGAON JN,Maharashtra,MH,SB-MH,0,INTRA-SB-MH,SB-MH,INTERMEDIATE_HALT,10:17,10:34,20.0,713.0,2
1134,Mumbai → Howrah,MUM-HWH,18029,LTT SHALIMAR EXP,T3_EXPRESS_PASSENGER,22,TS-MUM-HWH-18029-022,PLO,PULGAON JN,Maharashtra,MH,SB-MH,WR,WARDHA JN,Maharashtra,MH,SB-MH,0,INTRA-SB-MH,SB-MH,INTERMEDIATE_HALT,10:35,11:10,30.0,743.0,2
1135,Mumbai → Howrah,MUM-HWH,18029,LTT SHALIMAR EXP,T3_EXPRESS_PASSENGER,23,TS-MUM-HWH-18029-023,WR,WARDHA JN,Maharashtra,MH,SB-MH,AJNI,AJNI,Maharashtra,MH,SB-MH,0,INTRA-SB-MH,SB-MH,INTERMEDIATE_HALT,11:12,12:11,75.0,818.0,2
1136,Mumbai → Howrah,MUM-HWH,18029,LTT SHALIMAR EXP,T3_EXPRESS_PASSENGER,24,TS-MUM-HWH-18029-024,AJNI,AJNI,Maharashtra,MH,SB-MH,NGP,NAGPUR JN,Maharashtra,MH,SB-MH,0,INTRA-SB-MH,SB-MH,INTERMEDIATE_HALT,12:12,13:05,3.0,821.0,2
1137,Mumbai → Howrah,MUM-HWH,18029,LTT SHALIMAR EXP,T3_EXPRESS_PASSENGER,25,TS-MUM-HWH-18029-025,NGP,NAGPUR JN,Maharashtra,MH,SB-MH,NITR,NETAJI SUBHASH CHANDRA BOSE ITWARI JN,Maharashtra,MH,SB-MH,0,INTRA-SB-MH,SB-MH,INTERMEDIATE_HALT,13:20,13:38,5.0,826.0,2
1138,Mumbai → Howrah,MUM-HWH,18029,LTT SHALIMAR EXP,T3_EXPRESS_PASSENGER,26,TS-MUM-HWH-18029-026,NITR,NETAJI SUBHASH CHANDRA BOSE ITWARI JN,Maharashtra,MH,SB-MH,KP,KAMPTEE,Maharashtra,MH,SB-MH,0,INTRA-SB-MH,SB-MH,INTERMEDIATE_HALT,13:40,13:56,10.0,836.0,2
1139,Mumbai → Howrah,MUM-HWH,18029,LTT SHALIMAR EXP,T3_EXPRESS_PASSENGER,27,TS-MUM-HWH-18029-027,KP,KAMPTEE,Maharashtra,MH,SB-MH,BRD,BHANDARA ROAD,Maharashtra,MH,SB-MH,0,INTRA-SB-MH,SB-MH,INTERMEDIATE_HALT,13:58,14:31,48.0,884.0,2
1140,Mumbai → Howrah,MUM-HWH,18029,LTT SHALIMAR EXP,T3_EXPRESS_PASSENGER,28,TS-MUM-HWH-18029-028,BRD,BHANDARA ROAD,Maharashtra,MH,SB-MH,TMR,TUMSAR ROAD,Maharashtra,MH,SB-MH,0,INTRA-SB-MH,SB-MH,INTERMEDIATE_HALT,14:33,14:53,18.0,902.0,2
1141,Mumbai → Howrah,MUM-HWH,18029,LTT SHALIMAR EXP,T3_EXPRESS_PASSENGER,29,TS-MUM-HWH-18029-029,TMR,TUMSAR ROAD,Maharashtra,MH,SB-MH,TRO,TIRORA,Maharashtra,MH,SB-MH,0,INTRA-SB-MH,SB-MH,INTERMEDIATE_HALT,14:55,15:10,20.0,922.0,2
1142,Mumbai → Howrah,MUM-HWH,18029,LTT SHALIMAR EXP,T3_EXPRESS_PASSENGER,30,TS-MUM-HWH-18029-030,TRO,TIRORA,Maharashtra,MH,SB-MH,G,GONDIA JN,Maharashtra,MH,SB-MH,0,INTRA-SB-MH,SB-MH,INTERMEDIATE_HALT,15:12,15:45,30.0,952.0,2
1143,Mumbai → Howrah,MUM-HWH,18029,LTT SHALIMAR EXP,T3_EXPRESS_PASSENGER,31,TS-MUM-HWH-18029-031,G,GONDIA JN,Maharashtra,MH,SB-MH,AGN,AMGAON,Maharashtra,MH,SB-MH,0,INTRA-SB-MH,SB-MH,INTERMEDIATE_HALT,15:55,16:13,22.0,974.0,2
1144,Mumbai → Howrah,MUM-HWH,18029,LTT SHALIMAR EXP,T3_EXPRESS_PASSENGER,32,TS-MUM-HWH-18029-032,AGN,AMGAON,Maharashtra,MH,SB-MH,SKS,SALEKASA,Maharashtra,MH,SB-MH,0,INTRA-SB-MH,SB-MH,INTERMEDIATE_HALT,16:15,16:28,15.0,989.0,2
1145,Mumbai → Howrah,MUM-HWH,18029,LTT SHALIMAR EXP,T3_EXPRESS_PASSENGER,33,TS-MUM-HWH-18029-033,SKS,SALEKASA,Maharashtra,MH,SB-MH,DGG,DONGARGARH,Chhattisgarh,CG,SB-CG,1,SB-MH->SB-CG,SB-XING-MH-CG,INTERMEDIATE_HALT,16:30,17:08,36.0,1025.0,2
1146,Mumbai → Howrah,MUM-HWH,18029,LTT SHALIMAR EXP,T3_EXPRESS_PASSENGER,34,TS-MUM-HWH-18029-034,DGG,DONGARGARH,Chhattisgarh,CG,SB-CG,RJN,RAJNANDGAON,Chhattisgarh,CG,SB-CG,0,INTRA-SB-CG,SB-CG,INTERMEDIATE_HALT,17:10,17:33,31.0,1056.0,2
1147,Mumbai → Howrah,MUM-HWH,18029,LTT SHALIMAR EXP,T3_EXPRESS_PASSENGER,35,TS-MUM-HWH-18029-035,RJN,RAJNANDGAON,Chhattisgarh,CG,SB-CG,DURG,DURG,Chhattisgarh,CG,SB-CG,0,INTRA-SB-CG,SB-CG,INTERMEDIATE_HALT,17:35,18:30,31.0,1087.0,2
1148,Mumbai → Howrah,MUM-HWH,18029,LTT SHALIMAR EXP,T3_EXPRESS_PASSENGER,36,TS-MUM-HWH-18029-036,DURG,DURG,Chhattisgarh,CG,SB-CG,BQR,BHILAINAGAR,Chhattisgarh,CG,SB-CG,0,INTRA-SB-CG,SB-CG,INTERMEDIATE_HALT,18:40,18:46,5.0,1092.0,2
1149,Mumbai → Howrah,MUM-HWH,18029,LTT SHALIMAR EXP,T3_EXPRESS_PASSENGER,37,TS-MUM-HWH-18029-037,BQR,BHILAINAGAR,Chhattisgarh,CG,SB-CG,BPHB,BHILAI POWER HOUSE,Chhattisgarh,CG,SB-CG,0,INTRA-SB-CG,SB-CG,INTERMEDIATE_HALT,18:48,18:54,5.0,1097.0,2
1150,Mumbai → Howrah,MUM-HWH,18029,LTT SHALIMAR EXP,T3_EXPRESS_PASSENGER,38,TS-MUM-HWH-18029-038,BPHB,BHILAI POWER HOUSE,Chhattisgarh,CG,SB-CG,BIA,BHILAI,Chhattisgarh,CG,SB-CG,0,INTRA-SB-CG,SB-CG,INTERMEDIATE_HALT,18:56,19:02,4.0,1101.0,2
1151,Mumbai → Howrah,MUM-HWH,18029,LTT SHALIMAR EXP,T3_EXPRESS_PASSENGER,39,TS-MUM-HWH-18029-039,BIA,BHILAI,Chhattisgarh,CG,SB-CG,DBEC,DEVBALODA CHARODA P.H.,Chhattisgarh,CG,SB-CG,0,INTRA-SB-CG,SB-CG,INTERMEDIATE_HALT,19:04,19:09,4.0,1105.0,2
1152,Mumbai → Howrah,MUM-HWH,18029,LTT SHALIMAR EXP,T3_EXPRESS_PASSENGER,40,TS-MUM-HWH-18029-040,DBEC,DEVBALODA CHARODA P.H.,Chhattisgarh,CG,SB-CG,R,RAIPUR JN,Chhattisgarh,CG,SB-CG,0,INTRA-SB-CG,SB-CG,INTERMEDIATE_HALT,19:11,19:40,19.0,1124.0,2
1153,Mumbai → Howrah,MUM-HWH,18029,LTT SHALIMAR EXP,T3_EXPRESS_PASSENGER,41,TS-MUM-HWH-18029-041,R,RAIPUR JN,Chhattisgarh,CG,SB-CG,TLD,TILDA,Chhattisgarh,CG,SB-CG,0,INTRA-SB-CG,SB-CG,INTERMEDIATE_HALT,19:50,20:21,37.0,1161.0,2
1154,Mumbai → Howrah,MUM-HWH,18029,LTT SHALIMAR EXP,T3_EXPRESS_PASSENGER,42,TS-MUM-HWH-18029-042,TLD,TILDA,Chhattisgarh,CG,SB-CG,BYT,BHATAPARA,Chhattisgarh,CG,SB-CG,0,INTRA-SB-CG,SB-CG,INTERMEDIATE_HALT,20:23,20:43,26.0,1187.0,2
1155,Mumbai → Howrah,MUM-HWH,18029,LTT SHALIMAR EXP,T3_EXPRESS_PASSENGER,43,TS-MUM-HWH-18029-043,BYT,BHATAPARA,Chhattisgarh,CG,SB-CG,BYL,BELHA,Chhattisgarh,CG,SB-CG,0,INTRA-SB-CG,SB-CG,INTERMEDIATE_HALT,20:45,21:13,31.0,1218.0,2
1156,Mumbai → Howrah,MUM-HWH,18029,LTT SHALIMAR EXP,T3_EXPRESS_PASSENGER,44,TS-MUM-HWH-18029-044,BYL,BELHA,Chhattisgarh,CG,SB-CG,BSP,BILASPUR JN,Chhattisgarh,CG,SB-CG,0,INTRA-SB-CG,SB-CG,INTERMEDIATE_HALT,21:15,21:50,15.0,1233.0,2
1157,Mumbai → Howrah,MUM-HWH,18029,LTT SHALIMAR EXP,T3_EXPRESS_PASSENGER,45,TS-MUM-HWH-18029-045,BSP,BILASPUR JN,Chhattisgarh,CG,SB-CG,AKT,AKALTARA,Chhattisgarh,CG,SB-CG,0,INTRA-SB-CG,SB-CG,INTERMEDIATE_HALT,22:05,22:27,27.0,1260.0,2
1158,Mumbai → Howrah,MUM-HWH,18029,LTT SHALIMAR EXP,T3_EXPRESS_PASSENGER,46,TS-MUM-HWH-18029-046,AKT,AKALTARA,Chhattisgarh,CG,SB-CG,NIA,JANJGIR NAILA,Chhattisgarh,CG,SB-CG,0,INTRA-SB-CG,SB-CG,INTERMEDIATE_HALT,22:29,22:42,15.0,1275.0,2
1159,Mumbai → Howrah,MUM-HWH,18029,LTT SHALIMAR EXP,T3_EXPRESS_PASSENGER,47,TS-MUM-HWH-18029-047,NIA,JANJGIR NAILA,Chhattisgarh,CG,SB-CG,CPH,CHAMPA JN,Chhattisgarh,CG,SB-CG,0,INTRA-SB-CG,SB-CG,INTERMEDIATE_HALT,22:44,23:00,11.0,1286.0,2
1160,Mumbai → Howrah,MUM-HWH,18029,LTT SHALIMAR EXP,T3_EXPRESS_PASSENGER,48,TS-MUM-HWH-18029-048,CPH,CHAMPA JN,Chhattisgarh,CG,SB-CG,SKT,SAKTI,Chhattisgarh,CG,SB-CG,0,INTRA-SB-CG,SB-CG,INTERMEDIATE_HALT,23:05,23:25,30.0,1316.0,2
1161,Mumbai → Howrah,MUM-HWH,18029,LTT SHALIMAR EXP,T3_EXPRESS_PASSENGER,49,TS-MUM-HWH-18029-049,SKT,SAKTI,Chhattisgarh,CG,SB-CG,KHS,KHARSIA,Chhattisgarh,CG,SB-CG,0,INTRA-SB-CG,SB-CG,INTERMEDIATE_HALT,23:27,23:40,16.0,1332.0,2
1162,Mumbai → Howrah,MUM-HWH,18029,LTT SHALIMAR EXP,T3_EXPRESS_PASSENGER,50,TS-MUM-HWH-18029-050,KHS,KHARSIA,Chhattisgarh,CG,SB-CG,RIG,RAIGARH,Chhattisgarh,CG,SB-CG,0,INTRA-SB-CG,SB-CG,INTERMEDIATE_HALT,23:42,00:13,34.0,1366.0,3
1163,Mumbai → Howrah,MUM-HWH,18029,LTT SHALIMAR EXP,T3_EXPRESS_PASSENGER,51,TS-MUM-HWH-18029-051,RIG,RAIGARH,Chhattisgarh,CG,SB-CG,BPH,BELPAHAR,Odisha,OD,SB-OD,1,SB-CG->SB-OD,SB-XING-CG-OD,INTERMEDIATE_HALT,00:18,01:03,51.0,1417.0,3
1164,Mumbai → Howrah,MUM-HWH,18029,LTT SHALIMAR EXP,T3_EXPRESS_PASSENGER,52,TS-MUM-HWH-18029-052,BPH,BELPAHAR,Odisha,OD,SB-OD,BRJN,BRAJRAJNAGAR,Odisha,OD,SB-OD,0,INTRA-SB-OD,SB-OD,INTERMEDIATE_HALT,01:05,01:16,9.0,1426.0,3
1165,Mumbai → Howrah,MUM-HWH,18029,LTT SHALIMAR EXP,T3_EXPRESS_PASSENGER,53,TS-MUM-HWH-18029-053,BRJN,BRAJRAJNAGAR,Odisha,OD,SB-OD,JSG,JHARSUGUDA JN,Odisha,OD,SB-OD,0,INTRA-SB-OD,SB-OD,INTERMEDIATE_HALT,01:18,01:45,12.0,1438.0,3
1166,Mumbai → Howrah,MUM-HWH,18029,LTT SHALIMAR EXP,T3_EXPRESS_PASSENGER,54,TS-MUM-HWH-18029-054,JSG,JHARSUGUDA JN,Odisha,OD,SB-OD,BMB,BAMRA,Madhya Pradesh,MP,SB-MP,1,SB-OD->SB-MP,SB-XING-OD-MP,INTERMEDIATE_HALT,01:50,02:19,37.0,1475.0,3
1167,Mumbai → Howrah,MUM-HWH,18029,LTT SHALIMAR EXP,T3_EXPRESS_PASSENGER,55,TS-MUM-HWH-18029-055,BMB,BAMRA,Madhya Pradesh,MP,SB-MP,GP,RAJ GANGPUR,Odisha,OD,SB-OD,1,SB-MP->SB-OD,SB-XING-MP-OD,INTERMEDIATE_HALT,02:20,02:46,34.0,1509.0,3
1168,Mumbai → Howrah,MUM-HWH,18029,LTT SHALIMAR EXP,T3_EXPRESS_PASSENGER,56,TS-MUM-HWH-18029-056,GP,RAJ GANGPUR,Odisha,OD,SB-OD,ROU,ROURKELA,Odisha,OD,SB-OD,0,INTRA-SB-OD,SB-OD,INTERMEDIATE_HALT,02:48,03:22,30.0,1539.0,3
1169,Mumbai → Howrah,MUM-HWH,18029,LTT SHALIMAR EXP,T3_EXPRESS_PASSENGER,57,TS-MUM-HWH-18029-057,ROU,ROURKELA,Odisha,OD,SB-OD,MOU,MANOHARPUR,Telangana,TS,SB-TS,1,SB-OD->SB-TS,SB-XING-OD-TS,INTERMEDIATE_HALT,03:30,04:05,40.0,1579.0,3
1170,Mumbai → Howrah,MUM-HWH,18029,LTT SHALIMAR EXP,T3_EXPRESS_PASSENGER,58,TS-MUM-HWH-18029-058,MOU,MANOHARPUR,Telangana,TS,SB-TS,GOL,GOILKERA,Jharkhand,JH,SB-JH,1,SB-TS->SB-JH,SB-XING-TS-JH,INTERMEDIATE_HALT,04:07,04:35,28.0,1607.0,3
1171,Mumbai → Howrah,MUM-HWH,18029,LTT SHALIMAR EXP,T3_EXPRESS_PASSENGER,59,TS-MUM-HWH-18029-059,GOL,GOILKERA,Jharkhand,JH,SB-JH,CKP,CHAKARADHARPUR,Jharkhand,JH,SB-JH,0,INTRA-SB-JH,SB-JH,INTERMEDIATE_HALT,04:37,05:08,33.0,1640.0,3
1172,Mumbai → Howrah,MUM-HWH,18029,LTT SHALIMAR EXP,T3_EXPRESS_PASSENGER,60,TS-MUM-HWH-18029-060,CKP,CHAKARADHARPUR,Jharkhand,JH,SB-JH,SINI,SINI JN,Jharkhand,JH,SB-JH,0,INTRA-SB-JH,SB-JH,INTERMEDIATE_HALT,05:15,05:43,36.0,1676.0,3
1173,Mumbai → Howrah,MUM-HWH,18029,LTT SHALIMAR EXP,T3_EXPRESS_PASSENGER,61,TS-MUM-HWH-18029-061,SINI,SINI JN,Jharkhand,JH,SB-JH,TATA,TATANAGAR JN,Jharkhand,JH,SB-JH,0,INTRA-SB-JH,SB-JH,INTERMEDIATE_HALT,05:45,06:15,27.0,1703.0,3
1174,Mumbai → Howrah,MUM-HWH,18029,LTT SHALIMAR EXP,T3_EXPRESS_PASSENGER,62,TS-MUM-HWH-18029-062,TATA,TATANAGAR JN,Jharkhand,JH,SB-JH,GUD,GALUDIH,Jharkhand,JH,SB-JH,0,INTRA-SB-JH,SB-JH,INTERMEDIATE_HALT,06:25,07:01,26.0,1729.0,3
1175,Mumbai → Howrah,MUM-HWH,18029,LTT SHALIMAR EXP,T3_EXPRESS_PASSENGER,63,TS-MUM-HWH-18029-063,GUD,GALUDIH,Jharkhand,JH,SB-JH,GTS,GHATSILA,Jharkhand,JH,SB-JH,0,INTRA-SB-JH,SB-JH,INTERMEDIATE_HALT,07:02,07:11,10.0,1739.0,3
1176,Mumbai → Howrah,MUM-HWH,18029,LTT SHALIMAR EXP,T3_EXPRESS_PASSENGER,64,TS-MUM-HWH-18029-064,GTS,GHATSILA,Jharkhand,JH,SB-JH,CKU,CHAKULIA,Jharkhand,JH,SB-JH,0,INTRA-SB-JH,SB-JH,INTERMEDIATE_HALT,07:12,07:34,31.0,1770.0,3
1177,Mumbai → Howrah,MUM-HWH,18029,LTT SHALIMAR EXP,T3_EXPRESS_PASSENGER,65,TS-MUM-HWH-18029-065,CKU,CHAKULIA,Jharkhand,JH,SB-JH,JGM,JHARGRAM,West Bengal,WB,SB-WB,1,SB-JH->SB-WB,SB-XING-JH-WB,INTERMEDIATE_HALT,07:36,08:08,29.0,1799.0,3
1178,Mumbai → Howrah,MUM-HWH,18029,LTT SHALIMAR EXP,T3_EXPRESS_PASSENGER,66,TS-MUM-HWH-18029-066,JGM,JHARGRAM,West Bengal,WB,SB-WB,KGP,KHARAGPUR JN,West Bengal,WB,SB-WB,0,INTRA-SB-WB,SB-WB,INTERMEDIATE_HALT,08:10,09:05,38.0,1837.0,3
1179,Mumbai → Howrah,MUM-HWH,18029,LTT SHALIMAR EXP,T3_EXPRESS_PASSENGER,67,TS-MUM-HWH-18029-067,KGP,KHARAGPUR JN,West Bengal,WB,SB-WB,PKU,PANSKURA,West Bengal,WB,SB-WB,0,INTRA-SB-WB,SB-WB,INTERMEDIATE_HALT,09:10,10:01,45.0,1882.0,3
1180,Mumbai → Howrah,MUM-HWH,18029,LTT SHALIMAR EXP,T3_EXPRESS_PASSENGER,68,TS-MUM-HWH-18029-068,PKU,PANSKURA,West Bengal,WB,SB-WB,MCA,MECHEDA,West Bengal,WB,SB-WB,0,INTRA-SB-WB,SB-WB,INTERMEDIATE_HALT,10:03,10:18,13.0,1895.0,3
1181,Mumbai → Howrah,MUM-HWH,18029,LTT SHALIMAR EXP,T3_EXPRESS_PASSENGER,69,TS-MUM-HWH-18029-069,MCA,MECHEDA,West Bengal,WB,SB-WB,ULB,ULUBARIA,West Bengal,WB,SB-WB,0,INTRA-SB-WB,SB-WB,INTERMEDIATE_HALT,10:20,10:35,26.0,1921.0,3
1182,Mumbai → Howrah,MUM-HWH,18029,LTT SHALIMAR EXP,T3_EXPRESS_PASSENGER,70,TS-MUM-HWH-18029-070,ULB,ULUBARIA,West Bengal,WB,SB-WB,SRC,SANTRAGACHI JN,West Bengal,WB,SB-WB,0,INTRA-SB-WB,SB-WB,INTERMEDIATE_HALT,10:36,11:18,25.0,1946.0,3
1183,Mumbai → Howrah,MUM-HWH,18029,LTT SHALIMAR EXP,T3_EXPRESS_PASSENGER,71,TS-MUM-HWH-18029-071,SRC,SANTRAGACHI JN,West Bengal,WB,SB-WB,SHM,SHALIMAR,West Bengal,WB,SB-WB,0,INTRA-SB-WB,SB-WB,HALTN_TO_DESTINATION,11:20,13:00,5.0,1951.0,3
1184,Mumbai → Howrah,MUM-HWH,12102,JANANESWARI EXP,T2_SUPERFAST,1,TS-MUM-HWH-12102-001,SHM,SHALIMAR,West Bengal,WB,SB-WB,SRC,SANTRAGACHI JN,West Bengal,WB,SB-WB,0,INTRA-SB-WB,SB-WB,SOURCE_TO_HALT1,20:15,20:28,5.0,5.0,1
1185,Mumbai → Howrah,MUM-HWH,12102,JANANESWARI EXP,T2_SUPERFAST,2,TS-MUM-HWH-12102-002,SRC,SANTRAGACHI JN,West Bengal,WB,SB-WB,KGP,KHARAGPUR JN,West Bengal,WB,SB-WB,0,INTRA-SB-WB,SB-WB,INTERMEDIATE_HALT,20:30,21:55,108.0,113.0,1
1186,Mumbai → Howrah,MUM-HWH,12102,JANANESWARI EXP,T2_SUPERFAST,3,TS-MUM-HWH-12102-003,KGP,KHARAGPUR JN,West Bengal,WB,SB-WB,TATA,TATANAGAR JN,Jharkhand,JH,SB-JH,1,SB-WB->SB-JH,SB-XING-WB-JH,INTERMEDIATE_HALT,22:00,00:05,135.0,248.0,2
1187,Mumbai → Howrah,MUM-HWH,12102,JANANESWARI EXP,T2_SUPERFAST,4,TS-MUM-HWH-12102-004,TATA,TATANAGAR JN,Jharkhand,JH,SB-JH,CKP,CHAKARADHARPUR,Jharkhand,JH,SB-JH,0,INTRA-SB-JH,SB-JH,INTERMEDIATE_HALT,00:10,01:00,62.0,310.0,2
1188,Mumbai → Howrah,MUM-HWH,12102,JANANESWARI EXP,T2_SUPERFAST,5,TS-MUM-HWH-12102-005,CKP,CHAKARADHARPUR,Jharkhand,JH,SB-JH,ROU,ROURKELA,Odisha,OD,SB-OD,1,SB-JH->SB-OD,SB-XING-JH-OD,INTERMEDIATE_HALT,01:05,02:30,101.0,411.0,2
1189,Mumbai → Howrah,MUM-HWH,12102,JANANESWARI EXP,T2_SUPERFAST,6,TS-MUM-HWH-12102-006,ROU,ROURKELA,Odisha,OD,SB-OD,JSG,JHARSUGUDA JN,Odisha,OD,SB-OD,0,INTRA-SB-OD,SB-OD,INTERMEDIATE_HALT,02:38,04:28,101.0,512.0,2
1190,Mumbai → Howrah,MUM-HWH,12102,JANANESWARI EXP,T2_SUPERFAST,7,TS-MUM-HWH-12102-007,JSG,JHARSUGUDA JN,Odisha,OD,SB-OD,BSP,BILASPUR JN,Chhattisgarh,CG,SB-CG,1,SB-OD->SB-CG,SB-XING-OD-CG,INTERMEDIATE_HALT,04:30,07:35,205.0,717.0,2
1191,Mumbai → Howrah,MUM-HWH,12102,JANANESWARI EXP,T2_SUPERFAST,8,TS-MUM-HWH-12102-008,BSP,BILASPUR JN,Chhattisgarh,CG,SB-CG,R,RAIPUR JN,Chhattisgarh,CG,SB-CG,0,INTRA-SB-CG,SB-CG,INTERMEDIATE_HALT,07:50,09:25,115.0,832.0,2
1192,Mumbai → Howrah,MUM-HWH,12102,JANANESWARI EXP,T2_SUPERFAST,9,TS-MUM-HWH-12102-009,R,RAIPUR JN,Chhattisgarh,CG,SB-CG,DURG,DURG,Chhattisgarh,CG,SB-CG,0,INTRA-SB-CG,SB-CG,INTERMEDIATE_HALT,09:30,10:20,38.0,870.0,2
1193,Mumbai → Howrah,MUM-HWH,12102,JANANESWARI EXP,T2_SUPERFAST,10,TS-MUM-HWH-12102-010,DURG,DURG,Chhattisgarh,CG,SB-CG,RJN,RAJNANDGAON,Chhattisgarh,CG,SB-CG,0,INTRA-SB-CG,SB-CG,INTERMEDIATE_HALT,10:25,10:46,31.0,901.0,2
1194,Mumbai → Howrah,MUM-HWH,12102,JANANESWARI EXP,T2_SUPERFAST,11,TS-MUM-HWH-12102-011,RJN,RAJNANDGAON,Chhattisgarh,CG,SB-CG,G,GONDIA JN,Maharashtra,MH,SB-MH,1,SB-CG->SB-MH,SB-XING-CG-MH,INTERMEDIATE_HALT,10:48,12:13,104.0,1005.0,2
1195,Mumbai → Howrah,MUM-HWH,12102,JANANESWARI EXP,T2_SUPERFAST,12,TS-MUM-HWH-12102-012,G,GONDIA JN,Maharashtra,MH,SB-MH,NGP,NAGPUR JN,Maharashtra,MH,SB-MH,0,INTRA-SB-MH,SB-MH,INTERMEDIATE_HALT,12:15,14:15,130.0,1135.0,2
1196,Mumbai → Howrah,MUM-HWH,12102,JANANESWARI EXP,T2_SUPERFAST,13,TS-MUM-HWH-12102-013,NGP,NAGPUR JN,Maharashtra,MH,SB-MH,BD,BADNERA JN,Maharashtra,MH,SB-MH,0,INTRA-SB-MH,SB-MH,INTERMEDIATE_HALT,14:20,17:07,174.0,1309.0,2
1197,Mumbai → Howrah,MUM-HWH,12102,JANANESWARI EXP,T2_SUPERFAST,14,TS-MUM-HWH-12102-014,BD,BADNERA JN,Maharashtra,MH,SB-MH,AK,AKOLA JN,Maharashtra,MH,SB-MH,0,INTRA-SB-MH,SB-MH,INTERMEDIATE_HALT,17:10,18:12,79.0,1388.0,2
1198,Mumbai → Howrah,MUM-HWH,12102,JANANESWARI EXP,T2_SUPERFAST,15,TS-MUM-HWH-12102-015,AK,AKOLA JN,Maharashtra,MH,SB-MH,BSL,BHUSAVAL JN,Maharashtra,MH,SB-MH,0,INTRA-SB-MH,SB-MH,INTERMEDIATE_HALT,18:15,20:30,140.0,1528.0,2
1199,Mumbai → Howrah,MUM-HWH,12102,JANANESWARI EXP,T2_SUPERFAST,16,TS-MUM-HWH-12102-016,BSL,BHUSAVAL JN,Maharashtra,MH,SB-MH,KYN,KALYAN JN,Maharashtra,MH,SB-MH,0,INTRA-SB-MH,SB-MH,INTERMEDIATE_HALT,20:35,02:32,392.0,1920.0,3
1200,Mumbai → Howrah,MUM-HWH,12102,JANANESWARI EXP,T2_SUPERFAST,17,TS-MUM-HWH-12102-017,KYN,KALYAN JN,Maharashtra,MH,SB-MH,LTT,LOKMANYATILAK,Maharashtra,MH,SB-MH,0,INTRA-SB-MH,SB-MH,HALTN_TO_DESTINATION,02:35,04:10,37.0,1957.0,3
1201,Mumbai → Howrah,MUM-HWH,12152,SAMARSATA EXP,T2_SUPERFAST,1,TS-MUM-HWH-12152-001,SHM,SHALIMAR,West Bengal,WB,SB-WB,SRC,SANTRAGACHI JN,West Bengal,WB,SB-WB,0,INTRA-SB-WB,SB-WB,SOURCE_TO_HALT1,19:25,19:38,5.0,5.0,1
1202,Mumbai → Howrah,MUM-HWH,12152,SAMARSATA EXP,T2_SUPERFAST,2,TS-MUM-HWH-12152-002,SRC,SANTRAGACHI JN,West Bengal,WB,SB-WB,KGP,KHARAGPUR JN,West Bengal,WB,SB-WB,0,INTRA-SB-WB,SB-WB,INTERMEDIATE_HALT,19:40,21:10,108.0,113.0,1
1203,Mumbai → Howrah,MUM-HWH,12152,SAMARSATA EXP,T2_SUPERFAST,3,TS-MUM-HWH-12152-003,KGP,KHARAGPUR JN,West Bengal,WB,SB-WB,MDN,MIDNAPORE,West Bengal,WB,SB-WB,0,INTRA-SB-WB,SB-WB,INTERMEDIATE_HALT,21:15,21:43,13.0,126.0,1
1204,Mumbai → Howrah,MUM-HWH,12152,SAMARSATA EXP,T2_SUPERFAST,4,TS-MUM-HWH-12152-004,MDN,MIDNAPORE,West Bengal,WB,SB-WB,BQA,BANKURA,West Bengal,WB,SB-WB,0,INTRA-SB-WB,SB-WB,INTERMEDIATE_HALT,21:45,23:18,102.0,228.0,1
1205,Mumbai → Howrah,MUM-HWH,12152,SAMARSATA EXP,T2_SUPERFAST,5,TS-MUM-HWH-12152-005,BQA,BANKURA,West Bengal,WB,SB-WB,ADRA,ADRA,West Bengal,WB,SB-WB,0,INTRA-SB-WB,SB-WB,INTERMEDIATE_HALT,23:20,00:05,53.0,281.0,2
1206,Mumbai → Howrah,MUM-HWH,12152,SAMARSATA EXP,T2_SUPERFAST,6,TS-MUM-HWH-12152-006,ADRA,ADRA,West Bengal,WB,SB-WB,PRR,PURULIA JN,West Bengal,WB,SB-WB,0,INTRA-SB-WB,SB-WB,INTERMEDIATE_HALT,00:10,00:55,40.0,321.0,2
1207,Mumbai → Howrah,MUM-HWH,12152,SAMARSATA EXP,T2_SUPERFAST,7,TS-MUM-HWH-12152-007,PRR,PURULIA JN,West Bengal,WB,SB-WB,CKP,CHAKARADHARPUR,Jharkhand,JH,SB-JH,1,SB-WB->SB-JH,SB-XING-WB-JH,INTERMEDIATE_HALT,01:00,02:55,116.0,437.0,2
1208,Mumbai → Howrah,MUM-HWH,12152,SAMARSATA EXP,T2_SUPERFAST,8,TS-MUM-HWH-12152-008,CKP,CHAKARADHARPUR,Jharkhand,JH,SB-JH,ROU,ROURKELA,Odisha,OD,SB-OD,1,SB-JH->SB-OD,SB-XING-JH-OD,INTERMEDIATE_HALT,02:57,04:22,101.0,538.0,2
1209,Mumbai → Howrah,MUM-HWH,12152,SAMARSATA EXP,T2_SUPERFAST,9,TS-MUM-HWH-12152-009,ROU,ROURKELA,Odisha,OD,SB-OD,JSG,JHARSUGUDA JN,Odisha,OD,SB-OD,0,INTRA-SB-OD,SB-OD,INTERMEDIATE_HALT,04:30,06:13,101.0,639.0,2
1210,Mumbai → Howrah,MUM-HWH,12152,SAMARSATA EXP,T2_SUPERFAST,10,TS-MUM-HWH-12152-010,JSG,JHARSUGUDA JN,Odisha,OD,SB-OD,RIG,RAIGARH,Chhattisgarh,CG,SB-CG,1,SB-OD->SB-CG,SB-XING-OD-CG,INTERMEDIATE_HALT,06:15,07:08,72.0,711.0,2
1211,Mumbai → Howrah,MUM-HWH,12152,SAMARSATA EXP,T2_SUPERFAST,11,TS-MUM-HWH-12152-011,RIG,RAIGARH,Chhattisgarh,CG,SB-CG,BSP,BILASPUR JN,Chhattisgarh,CG,SB-CG,0,INTRA-SB-CG,SB-CG,INTERMEDIATE_HALT,07:10,09:15,133.0,844.0,2
1212,Mumbai → Howrah,MUM-HWH,12152,SAMARSATA EXP,T2_SUPERFAST,12,TS-MUM-HWH-12152-012,BSP,BILASPUR JN,Chhattisgarh,CG,SB-CG,R,RAIPUR JN,Chhattisgarh,CG,SB-CG,0,INTRA-SB-CG,SB-CG,INTERMEDIATE_HALT,09:30,11:00,115.0,959.0,2
1213,Mumbai → Howrah,MUM-HWH,12152,SAMARSATA EXP,T2_SUPERFAST,13,TS-MUM-HWH-12152-013,R,RAIPUR JN,Chhattisgarh,CG,SB-CG,DURG,DURG,Chhattisgarh,CG,SB-CG,0,INTRA-SB-CG,SB-CG,INTERMEDIATE_HALT,11:05,12:05,37.0,996.0,2
1214,Mumbai → Howrah,MUM-HWH,12152,SAMARSATA EXP,T2_SUPERFAST,14,TS-MUM-HWH-12152-014,DURG,DURG,Chhattisgarh,CG,SB-CG,RJN,RAJNANDGAON,Chhattisgarh,CG,SB-CG,0,INTRA-SB-CG,SB-CG,INTERMEDIATE_HALT,12:10,12:34,31.0,1027.0,2
1215,Mumbai → Howrah,MUM-HWH,12152,SAMARSATA EXP,T2_SUPERFAST,15,TS-MUM-HWH-12152-015,RJN,RAJNANDGAON,Chhattisgarh,CG,SB-CG,G,GONDIA JN,Maharashtra,MH,SB-MH,1,SB-CG->SB-MH,SB-XING-CG-MH,INTERMEDIATE_HALT,12:36,13:58,105.0,1132.0,2
1216,Mumbai → Howrah,MUM-HWH,12152,SAMARSATA EXP,T2_SUPERFAST,16,TS-MUM-HWH-12152-016,G,GONDIA JN,Maharashtra,MH,SB-MH,NGP,NAGPUR JN,Maharashtra,MH,SB-MH,0,INTRA-SB-MH,SB-MH,INTERMEDIATE_HALT,14:00,16:20,130.0,1262.0,2
1217,Mumbai → Howrah,MUM-HWH,12152,SAMARSATA EXP,T2_SUPERFAST,17,TS-MUM-HWH-12152-017,NGP,NAGPUR JN,Maharashtra,MH,SB-MH,BD,BADNERA JN,Maharashtra,MH,SB-MH,0,INTRA-SB-MH,SB-MH,INTERMEDIATE_HALT,16:25,19:13,174.0,1436.0,2
1218,Mumbai → Howrah,MUM-HWH,12152,SAMARSATA EXP,T2_SUPERFAST,18,TS-MUM-HWH-12152-018,BD,BADNERA JN,Maharashtra,MH,SB-MH,AK,AKOLA JN,Maharashtra,MH,SB-MH,0,INTRA-SB-MH,SB-MH,INTERMEDIATE_HALT,19:15,20:12,79.0,1515.0,2
1219,Mumbai → Howrah,MUM-HWH,12152,SAMARSATA EXP,T2_SUPERFAST,19,TS-MUM-HWH-12152-019,AK,AKOLA JN,Maharashtra,MH,SB-MH,BSL,BHUSAVAL JN,Maharashtra,MH,SB-MH,0,INTRA-SB-MH,SB-MH,INTERMEDIATE_HALT,20:15,22:25,140.0,1655.0,2
1220,Mumbai → Howrah,MUM-HWH,12152,SAMARSATA EXP,T2_SUPERFAST,20,TS-MUM-HWH-12152-020,BSL,BHUSAVAL JN,Maharashtra,MH,SB-MH,NK,NASIK ROAD,Maharashtra,MH,SB-MH,0,INTRA-SB-MH,SB-MH,INTERMEDIATE_HALT,22:30,01:52,257.0,1912.0,3
1221,Mumbai → Howrah,MUM-HWH,12152,SAMARSATA EXP,T2_SUPERFAST,21,TS-MUM-HWH-12152-021,NK,NASIK ROAD,Maharashtra,MH,SB-MH,KYN,KALYAN JN,Maharashtra,MH,SB-MH,0,INTRA-SB-MH,SB-MH,INTERMEDIATE_HALT,01:55,04:22,134.0,2046.0,3
1222,Mumbai → Howrah,MUM-HWH,12152,SAMARSATA EXP,T2_SUPERFAST,22,TS-MUM-HWH-12152-022,KYN,KALYAN JN,Maharashtra,MH,SB-MH,LTT,LOKMANYATILAK,Maharashtra,MH,SB-MH,0,INTRA-SB-MH,SB-MH,HALTN_TO_DESTINATION,04:25,05:30,37.0,2083.0,3
1223,Mumbai → Howrah,MUM-HWH,12262,CSMT DURONTO EX,T1_PREMIUM,1,TS-MUM-HWH-12262-001,HWH,HOWRAH JN,West Bengal,WB,SB-WB,TATA,TATANAGAR JN,Jharkhand,JH,SB-JH,1,SB-WB->SB-JH,SB-XING-WB-JH,SOURCE_TO_HALT1,05:35,08:38,250.0,250.0,1
1224,Mumbai → Howrah,MUM-HWH,12262,CSMT DURONTO EX,T1_PREMIUM,2,TS-MUM-HWH-12262-002,TATA,TATANAGAR JN,Jharkhand,JH,SB-JH,BSP,BILASPUR JN,Chhattisgarh,CG,SB-CG,1,SB-JH->SB-CG,SB-XING-JH-CG,INTERMEDIATE_HALT,08:48,14:55,469.0,719.0,1
1225,Mumbai → Howrah,MUM-HWH,12262,CSMT DURONTO EX,T1_PREMIUM,3,TS-MUM-HWH-12262-003,BSP,BILASPUR JN,Chhattisgarh,CG,SB-CG,R,RAIPUR JN,Chhattisgarh,CG,SB-CG,0,INTRA-SB-CG,SB-CG,INTERMEDIATE_HALT,15:05,16:35,110.0,829.0,1
1226,Mumbai → Howrah,MUM-HWH,12262,CSMT DURONTO EX,T1_PREMIUM,4,TS-MUM-HWH-12262-004,R,RAIPUR JN,Chhattisgarh,CG,SB-CG,NGP,NAGPUR JN,Maharashtra,MH,SB-MH,1,SB-CG->SB-MH,SB-XING-CG-MH,INTERMEDIATE_HALT,16:37,20:50,303.0,1132.0,1
1227,Mumbai → Howrah,MUM-HWH,12262,CSMT DURONTO EX,T1_PREMIUM,5,TS-MUM-HWH-12262-005,NGP,NAGPUR JN,Maharashtra,MH,SB-MH,AK,AKOLA JN,Maharashtra,MH,SB-MH,0,INTRA-SB-MH,SB-MH,INTERMEDIATE_HALT,20:55,23:53,253.0,1385.0,1
1228,Mumbai → Howrah,MUM-HWH,12262,CSMT DURONTO EX,T1_PREMIUM,6,TS-MUM-HWH-12262-006,AK,AKOLA JN,Maharashtra,MH,SB-MH,BSL,BHUSAVAL JN,Maharashtra,MH,SB-MH,0,INTRA-SB-MH,SB-MH,INTERMEDIATE_HALT,23:55,01:25,140.0,1525.0,2
1229,Mumbai → Howrah,MUM-HWH,12262,CSMT DURONTO EX,T1_PREMIUM,7,TS-MUM-HWH-12262-007,BSL,BHUSAVAL JN,Maharashtra,MH,SB-MH,KYN,KALYAN JN,Maharashtra,MH,SB-MH,0,INTRA-SB-MH,SB-MH,INTERMEDIATE_HALT,01:30,07:00,391.0,1916.0,2
1230,Mumbai → Howrah,MUM-HWH,12262,CSMT DURONTO EX,T1_PREMIUM,8,TS-MUM-HWH-12262-008,KYN,KALYAN JN,Maharashtra,MH,SB-MH,CSMT,C SHIVAJI MAH T,Maharashtra,MH,SB-MH,0,INTRA-SB-MH,SB-MH,HALTN_TO_DESTINATION,07:02,08:15,53.0,1969.0,2
1231,Mumbai → Howrah,MUM-HWH,12321,MUMBAI MAIL,T2_SUPERFAST,1,TS-MUM-HWH-12321-001,HWH,HOWRAH JN,West Bengal,WB,SB-WB,BWN,BARDHAMAN,West Bengal,WB,SB-WB,0,INTRA-SB-WB,SB-WB,SOURCE_TO_HALT1,23:40,00:32,95.0,95.0,2
1232,Mumbai → Howrah,MUM-HWH,12321,MUMBAI MAIL,T2_SUPERFAST,2,TS-MUM-HWH-12321-002,BWN,BARDHAMAN,West Bengal,WB,SB-WB,PAN,PANAGARH,West Bengal,WB,SB-WB,0,INTRA-SB-WB,SB-WB,INTERMEDIATE_HALT,00:34,01:20,48.0,143.0,2
1233,Mumbai → Howrah,MUM-HWH,12321,MUMBAI MAIL,T2_SUPERFAST,3,TS-MUM-HWH-12321-003,PAN,PANAGARH,West Bengal,WB,SB-WB,DGR,DURGAPUR,West Bengal,WB,SB-WB,0,INTRA-SB-WB,SB-WB,INTERMEDIATE_HALT,01:22,01:35,15.0,158.0,2
1234,Mumbai → Howrah,MUM-HWH,12321,MUMBAI MAIL,T2_SUPERFAST,4,TS-MUM-HWH-12321-004,DGR,DURGAPUR,West Bengal,WB,SB-WB,RNG,RANIGANJ,West Bengal,WB,SB-WB,0,INTRA-SB-WB,SB-WB,INTERMEDIATE_HALT,01:37,01:54,24.0,182.0,2
1235,Mumbai → Howrah,MUM-HWH,12321,MUMBAI MAIL,T2_SUPERFAST,5,TS-MUM-HWH-12321-005,RNG,RANIGANJ,West Bengal,WB,SB-WB,ASN,ASANSOL JN,West Bengal,WB,SB-WB,0,INTRA-SB-WB,SB-WB,INTERMEDIATE_HALT,01:56,02:10,18.0,200.0,2
1236,Mumbai → Howrah,MUM-HWH,12321,MUMBAI MAIL,T2_SUPERFAST,6,TS-MUM-HWH-12321-006,ASN,ASANSOL JN,West Bengal,WB,SB-WB,BRR,BARAKAR,West Bengal,WB,SB-WB,0,INTRA-SB-WB,SB-WB,INTERMEDIATE_HALT,02:15,02:33,16.0,216.0,2
1237,Mumbai → Howrah,MUM-HWH,12321,MUMBAI MAIL,T2_SUPERFAST,7,TS-MUM-HWH-12321-007,BRR,BARAKAR,West Bengal,WB,SB-WB,DHN,DHANBAD JN,Jharkhand,JH,SB-JH,1,SB-WB->SB-JH,SB-XING-WB-JH,INTERMEDIATE_HALT,02:35,03:40,42.0,258.0,2
1238,Mumbai → Howrah,MUM-HWH,12321,MUMBAI MAIL,T2_SUPERFAST,8,TS-MUM-HWH-12321-008,DHN,DHANBAD JN,Jharkhand,JH,SB-JH,GMO,NSC BOSE J GOMO,Jharkhand,JH,SB-JH,0,INTRA-SB-JH,SB-JH,INTERMEDIATE_HALT,03:45,04:09,30.0,288.0,2
1239,Mumbai → Howrah,MUM-HWH,12321,MUMBAI MAIL,T2_SUPERFAST,9,TS-MUM-HWH-12321-009,GMO,NSC BOSE J GOMO,Jharkhand,JH,SB-JH,PNME,PARASNATH,Jharkhand,JH,SB-JH,0,INTRA-SB-JH,SB-JH,INTERMEDIATE_HALT,04:14,04:28,18.0,306.0,2
1240,Mumbai → Howrah,MUM-HWH,12321,MUMBAI MAIL,T2_SUPERFAST,10,TS-MUM-HWH-12321-010,PNME,PARASNATH,Jharkhand,JH,SB-JH,HZD,HAZARIBAGH RD,Jharkhand,JH,SB-JH,0,INTRA-SB-JH,SB-JH,INTERMEDIATE_HALT,04:30,04:50,27.0,333.0,2
1241,Mumbai → Howrah,MUM-HWH,12321,MUMBAI MAIL,T2_SUPERFAST,11,TS-MUM-HWH-12321-011,HZD,HAZARIBAGH RD,Jharkhand,JH,SB-JH,PSB,PARSABAD,Jharkhand,JH,SB-JH,0,INTRA-SB-JH,SB-JH,INTERMEDIATE_HALT,04:52,05:03,22.0,355.0,2
1242,Mumbai → Howrah,MUM-HWH,12321,MUMBAI MAIL,T2_SUPERFAST,12,TS-MUM-HWH-12321-012,PSB,PARSABAD,Jharkhand,JH,SB-JH,KQR,KODERMA,Jharkhand,JH,SB-JH,0,INTRA-SB-JH,SB-JH,INTERMEDIATE_HALT,05:05,05:21,26.0,381.0,2
1243,Mumbai → Howrah,MUM-HWH,12321,MUMBAI MAIL,T2_SUPERFAST,13,TS-MUM-HWH-12321-013,KQR,KODERMA,Jharkhand,JH,SB-JH,GAYA,GAYA JN,Bihar,BR,SB-BR,1,SB-JH->SB-BR,SB-XING-JH-BR,INTERMEDIATE_HALT,05:23,06:45,76.0,457.0,2
1244,Mumbai → Howrah,MUM-HWH,12321,MUMBAI MAIL,T2_SUPERFAST,14,TS-MUM-HWH-12321-014,GAYA,GAYA JN,Bihar,BR,SB-BR,AUBR,ANUGRAHA N ROAD,Bihar,BR,SB-BR,0,INTRA-SB-BR,SB-BR,INTERMEDIATE_HALT,06:50,07:36,69.0,526.0,2
1245,Mumbai → Howrah,MUM-HWH,12321,MUMBAI MAIL,T2_SUPERFAST,15,TS-MUM-HWH-12321-015,AUBR,ANUGRAHA N ROAD,Bihar,BR,SB-BR,DOS,DEHRI ON SONE,Bihar,BR,SB-BR,0,INTRA-SB-BR,SB-BR,INTERMEDIATE_HALT,07:38,07:56,16.0,542.0,2
1246,Mumbai → Howrah,MUM-HWH,12321,MUMBAI MAIL,T2_SUPERFAST,16,TS-MUM-HWH-12321-016,DOS,DEHRI ON SONE,Bihar,BR,SB-BR,SSM,SASARAM,Bihar,BR,SB-BR,0,INTRA-SB-BR,SB-BR,INTERMEDIATE_HALT,07:58,08:13,18.0,560.0,2
1247,Mumbai → Howrah,MUM-HWH,12321,MUMBAI MAIL,T2_SUPERFAST,17,TS-MUM-HWH-12321-017,SSM,SASARAM,Bihar,BR,SB-BR,BBU,BHABUA ROAD,Bihar,BR,SB-BR,0,INTRA-SB-BR,SB-BR,INTERMEDIATE_HALT,08:15,08:48,48.0,608.0,2
1248,Mumbai → Howrah,MUM-HWH,12321,MUMBAI MAIL,T2_SUPERFAST,18,TS-MUM-HWH-12321-018,BBU,BHABUA ROAD,Bihar,BR,SB-BR,DDU,PT.DEEN DAYAL UPADHYAYA JN,Uttar Pradesh,UP,SB-UP,1,SB-BR->SB-UP,SB-XING-BR-UP,INTERMEDIATE_HALT,08:50,10:03,53.0,661.0,2
1249,Mumbai → Howrah,MUM-HWH,12321,MUMBAI MAIL,T2_SUPERFAST,19,TS-MUM-HWH-12321-019,DDU,PT.DEEN DAYAL UPADHYAYA JN,Uttar Pradesh,UP,SB-UP,CAR,CHUNAR,Uttar Pradesh,UP,SB-UP,0,INTRA-SB-UP,SB-UP,INTERMEDIATE_HALT,10:10,11:05,32.0,693.0,2
1250,Mumbai → Howrah,MUM-HWH,12321,MUMBAI MAIL,T2_SUPERFAST,20,TS-MUM-HWH-12321-020,CAR,CHUNAR,Uttar Pradesh,UP,SB-UP,MZP,MIRZAPUR,Uttar Pradesh,UP,SB-UP,0,INTRA-SB-UP,SB-UP,INTERMEDIATE_HALT,11:07,11:40,31.0,724.0,2
1251,Mumbai → Howrah,MUM-HWH,12321,MUMBAI MAIL,T2_SUPERFAST,21,TS-MUM-HWH-12321-021,MZP,MIRZAPUR,Uttar Pradesh,UP,SB-UP,BDL,VINDHYACHAL,Uttar Pradesh,UP,SB-UP,0,INTRA-SB-UP,SB-UP,INTERMEDIATE_HALT,11:45,11:58,7.0,731.0,2
1252,Mumbai → Howrah,MUM-HWH,12321,MUMBAI MAIL,T2_SUPERFAST,22,TS-MUM-HWH-12321-022,BDL,VINDHYACHAL,Uttar Pradesh,UP,SB-UP,PCOI,PRAYAGRAJ CHHEOKI,Uttar Pradesh,UP,SB-UP,0,INTRA-SB-UP,SB-UP,INTERMEDIATE_HALT,12:00,13:10,74.0,805.0,2
1253,Mumbai → Howrah,MUM-HWH,12321,MUMBAI MAIL,T2_SUPERFAST,23,TS-MUM-HWH-12321-023,PCOI,PRAYAGRAJ CHHEOKI,Uttar Pradesh,UP,SB-UP,SRJ,SHANKARGARH,Madhya Pradesh,MP,SB-MP,1,SB-UP->SB-MP,SB-XING-UP-MP,INTERMEDIATE_HALT,13:15,14:04,37.0,842.0,2
1254,Mumbai → Howrah,MUM-HWH,12321,MUMBAI MAIL,T2_SUPERFAST,24,TS-MUM-HWH-12321-024,SRJ,SHANKARGARH,Madhya Pradesh,MP,SB-MP,MKP,MANIKPUR JN,Uttar Pradesh,UP,SB-UP,1,SB-MP->SB-UP,SB-XING-MP-UP,INTERMEDIATE_HALT,14:05,15:33,55.0,897.0,2
1255,Mumbai → Howrah,MUM-HWH,12321,MUMBAI MAIL,T2_SUPERFAST,25,TS-MUM-HWH-12321-025,MKP,MANIKPUR JN,Uttar Pradesh,UP,SB-UP,STA,SATNA,Madhya Pradesh,MP,SB-MP,1,SB-UP->SB-MP,SB-XING-UP-MP,INTERMEDIATE_HALT,15:35,16:30,78.0,975.0,2
1256,Mumbai → Howrah,MUM-HWH,12321,MUMBAI MAIL,T2_SUPERFAST,26,TS-MUM-HWH-12321-026,STA,SATNA,Madhya Pradesh,MP,SB-MP,MYR,MAIHAR,Madhya Pradesh,MP,SB-MP,0,INTRA-SB-MP,SB-MP,INTERMEDIATE_HALT,16:35,16:58,35.0,1010.0,2
1257,Mumbai → Howrah,MUM-HWH,12321,MUMBAI MAIL,T2_SUPERFAST,27,TS-MUM-HWH-12321-027,MYR,MAIHAR,Madhya Pradesh,MP,SB-MP,KTE,KATNI,Madhya Pradesh,MP,SB-MP,0,INTRA-SB-MP,SB-MP,INTERMEDIATE_HALT,17:00,17:45,63.0,1073.0,2
1258,Mumbai → Howrah,MUM-HWH,12321,MUMBAI MAIL,T2_SUPERFAST,28,TS-MUM-HWH-12321-028,KTE,KATNI,Madhya Pradesh,MP,SB-MP,JBP,JABALPUR,Madhya Pradesh,MP,SB-MP,0,INTRA-SB-MP,SB-MP,INTERMEDIATE_HALT,17:50,19:05,91.0,1164.0,2
1259,Mumbai → Howrah,MUM-HWH,12321,MUMBAI MAIL,T2_SUPERFAST,29,TS-MUM-HWH-12321-029,JBP,JABALPUR,Madhya Pradesh,MP,SB-MP,SRID,SRIDHAM,Madhya Pradesh,MP,SB-MP,0,INTRA-SB-MP,SB-MP,INTERMEDIATE_HALT,19:15,19:58,53.0,1217.0,2
1260,Mumbai → Howrah,MUM-HWH,12321,MUMBAI MAIL,T2_SUPERFAST,30,TS-MUM-HWH-12321-030,SRID,SRIDHAM,Madhya Pradesh,MP,SB-MP,NU,NARSINGHPUR,Maharashtra,MH,SB-MH,1,SB-MP->SB-MH,SB-XING-MP-MH,INTERMEDIATE_HALT,20:00,20:28,31.0,1248.0,2
1261,Mumbai → Howrah,MUM-HWH,12321,MUMBAI MAIL,T2_SUPERFAST,31,TS-MUM-HWH-12321-031,NU,NARSINGHPUR,Maharashtra,MH,SB-MH,KY,KARELI,Madhya Pradesh,MP,SB-MP,1,SB-MH->SB-MP,SB-XING-MH-MP,INTERMEDIATE_HALT,20:30,20:43,15.0,1263.0,2
1262,Mumbai → Howrah,MUM-HWH,12321,MUMBAI MAIL,T2_SUPERFAST,32,TS-MUM-HWH-12321-032,KY,KARELI,Madhya Pradesh,MP,SB-MP,GAR,GADARWARA,Madhya Pradesh,MP,SB-MP,0,INTRA-SB-MP,SB-MP,INTERMEDIATE_HALT,20:45,21:03,29.0,1292.0,2
1263,Mumbai → Howrah,MUM-HWH,12321,MUMBAI MAIL,T2_SUPERFAST,33,TS-MUM-HWH-12321-033,GAR,GADARWARA,Madhya Pradesh,MP,SB-MP,PPI,PIPARIYA,Madhya Pradesh,MP,SB-MP,0,INTRA-SB-MP,SB-MP,INTERMEDIATE_HALT,21:05,21:38,49.0,1341.0,2
1264,Mumbai → Howrah,MUM-HWH,12321,MUMBAI MAIL,T2_SUPERFAST,34,TS-MUM-HWH-12321-034,PPI,PIPARIYA,Madhya Pradesh,MP,SB-MP,ET,ITARSI JN,Madhya Pradesh,MP,SB-MP,0,INTRA-SB-MP,SB-MP,INTERMEDIATE_HALT,21:40,23:40,68.0,1409.0,2
1265,Mumbai → Howrah,MUM-HWH,12321,MUMBAI MAIL,T2_SUPERFAST,35,TS-MUM-HWH-12321-035,ET,ITARSI JN,Madhya Pradesh,MP,SB-MP,HD,HARDA,Madhya Pradesh,MP,SB-MP,0,INTRA-SB-MP,SB-MP,INTERMEDIATE_HALT,23:50,00:35,75.0,1484.0,3
1266,Mumbai → Howrah,MUM-HWH,12321,MUMBAI MAIL,T2_SUPERFAST,36,TS-MUM-HWH-12321-036,HD,HARDA,Madhya Pradesh,MP,SB-MP,KNW,KHANDWA JN,Madhya Pradesh,MP,SB-MP,0,INTRA-SB-MP,SB-MP,INTERMEDIATE_HALT,00:37,02:22,102.0,1586.0,3
1267,Mumbai → Howrah,MUM-HWH,12321,MUMBAI MAIL,T2_SUPERFAST,37,TS-MUM-HWH-12321-037,KNW,KHANDWA JN,Madhya Pradesh,MP,SB-MP,BAU,BURHANPUR,Madhya Pradesh,MP,SB-MP,0,INTRA-SB-MP,SB-MP,INTERMEDIATE_HALT,02:25,03:13,69.0,1655.0,3
1268,Mumbai → Howrah,MUM-HWH,12321,MUMBAI MAIL,T2_SUPERFAST,38,TS-MUM-HWH-12321-038,BAU,BURHANPUR,Madhya Pradesh,MP,SB-MP,BSL,BHUSAVAL JN,Maharashtra,MH,SB-MH,1,SB-MP->SB-MH,SB-XING-MP-MH,INTERMEDIATE_HALT,03:15,04:20,55.0,1710.0,3
1269,Mumbai → Howrah,MUM-HWH,12321,MUMBAI MAIL,T2_SUPERFAST,39,TS-MUM-HWH-12321-039,BSL,BHUSAVAL JN,Maharashtra,MH,SB-MH,JL,JALGAON JN,Maharashtra,MH,SB-MH,0,INTRA-SB-MH,SB-MH,INTERMEDIATE_HALT,04:25,04:50,24.0,1734.0,3
1270,Mumbai → Howrah,MUM-HWH,12321,MUMBAI MAIL,T2_SUPERFAST,40,TS-MUM-HWH-12321-040,JL,JALGAON JN,Maharashtra,MH,SB-MH,CSN,CHALISGAON JN,Maharashtra,MH,SB-MH,0,INTRA-SB-MH,SB-MH,INTERMEDIATE_HALT,04:52,05:54,92.0,1826.0,3
1271,Mumbai → Howrah,MUM-HWH,12321,MUMBAI MAIL,T2_SUPERFAST,41,TS-MUM-HWH-12321-041,CSN,CHALISGAON JN,Maharashtra,MH,SB-MH,MMR,MANMAD JN,Maharashtra,MH,SB-MH,0,INTRA-SB-MH,SB-MH,INTERMEDIATE_HALT,05:55,06:53,68.0,1894.0,3
1272,Mumbai → Howrah,MUM-HWH,12321,MUMBAI MAIL,T2_SUPERFAST,42,TS-MUM-HWH-12321-042,MMR,MANMAD JN,Maharashtra,MH,SB-MH,NK,NASIK ROAD,Maharashtra,MH,SB-MH,0,INTRA-SB-MH,SB-MH,INTERMEDIATE_HALT,06:55,07:55,73.0,1967.0,3
1273,Mumbai → Howrah,MUM-HWH,12321,MUMBAI MAIL,T2_SUPERFAST,43,TS-MUM-HWH-12321-043,NK,NASIK ROAD,Maharashtra,MH,SB-MH,KYN,KALYAN JN,Maharashtra,MH,SB-MH,0,INTRA-SB-MH,SB-MH,INTERMEDIATE_HALT,08:00,11:37,134.0,2101.0,3
1274,Mumbai → Howrah,MUM-HWH,12321,MUMBAI MAIL,T2_SUPERFAST,44,TS-MUM-HWH-12321-044,KYN,KALYAN JN,Maharashtra,MH,SB-MH,DR,DADAR,Maharashtra,MH,SB-MH,0,INTRA-SB-MH,SB-MH,INTERMEDIATE_HALT,11:40,12:40,44.0,2145.0,3
1275,Mumbai → Howrah,MUM-HWH,12321,MUMBAI MAIL,T2_SUPERFAST,45,TS-MUM-HWH-12321-045,DR,DADAR,Maharashtra,MH,SB-MH,CSMT,C SHIVAJI MAH T,Maharashtra,MH,SB-MH,0,INTRA-SB-MH,SB-MH,HALTN_TO_DESTINATION,12:43,13:15,9.0,2154.0,3
1276,Mumbai → Howrah,MUM-HWH,12810,HWH CSMT MAIL,T2_SUPERFAST,1,TS-MUM-HWH-12810-001,HWH,HOWRAH JN,West Bengal,WB,SB-WB,KGP,KHARAGPUR JN,West Bengal,WB,SB-WB,0,INTRA-SB-WB,SB-WB,SOURCE_TO_HALT1,19:30,21:05,116.0,116.0,1
1277,Mumbai → Howrah,MUM-HWH,12810,HWH CSMT MAIL,T2_SUPERFAST,2,TS-MUM-HWH-12810-002,KGP,KHARAGPUR JN,West Bengal,WB,SB-WB,TATA,TATANAGAR JN,Jharkhand,JH,SB-JH,1,SB-WB->SB-JH,SB-XING-WB-JH,INTERMEDIATE_HALT,21:10,23:02,134.0,250.0,1
1278,Mumbai → Howrah,MUM-HWH,12810,HWH CSMT MAIL,T2_SUPERFAST,3,TS-MUM-HWH-12810-003,TATA,TATANAGAR JN,Jharkhand,JH,SB-JH,CKP,CHAKARADHARPUR,Jharkhand,JH,SB-JH,0,INTRA-SB-JH,SB-JH,INTERMEDIATE_HALT,23:07,23:55,62.0,312.0,2
1279,Mumbai → Howrah,MUM-HWH,12810,HWH CSMT MAIL,T2_SUPERFAST,4,TS-MUM-HWH-12810-004,CKP,CHAKARADHARPUR,Jharkhand,JH,SB-JH,ROU,ROURKELA,Odisha,OD,SB-OD,1,SB-JH->SB-OD,SB-XING-JH-OD,INTERMEDIATE_HALT,00:02,01:27,101.0,413.0,2
1280,Mumbai → Howrah,MUM-HWH,12810,HWH CSMT MAIL,T2_SUPERFAST,5,TS-MUM-HWH-12810-005,ROU,ROURKELA,Odisha,OD,SB-OD,JSG,JHARSUGUDA JN,Odisha,OD,SB-OD,0,INTRA-SB-OD,SB-OD,INTERMEDIATE_HALT,01:35,03:20,102.0,515.0,2
1281,Mumbai → Howrah,MUM-HWH,12810,HWH CSMT MAIL,T2_SUPERFAST,6,TS-MUM-HWH-12810-006,JSG,JHARSUGUDA JN,Odisha,OD,SB-OD,BRJN,BRAJRAJNAGAR,Odisha,OD,SB-OD,0,INTRA-SB-OD,SB-OD,INTERMEDIATE_HALT,03:25,03:43,11.0,526.0,2
1282,Mumbai → Howrah,MUM-HWH,12810,HWH CSMT MAIL,T2_SUPERFAST,7,TS-MUM-HWH-12810-007,BRJN,BRAJRAJNAGAR,Odisha,OD,SB-OD,BPH,BELPAHAR,Odisha,OD,SB-OD,0,INTRA-SB-OD,SB-OD,INTERMEDIATE_HALT,03:45,03:54,10.0,536.0,2
1283,Mumbai → Howrah,MUM-HWH,12810,HWH CSMT MAIL,T2_SUPERFAST,8,TS-MUM-HWH-12810-008,BPH,BELPAHAR,Odisha,OD,SB-OD,RIG,RAIGARH,Chhattisgarh,CG,SB-CG,1,SB-OD->SB-CG,SB-XING-OD-CG,INTERMEDIATE_HALT,03:56,04:30,51.0,587.0,2
1284,Mumbai → Howrah,MUM-HWH,12810,HWH CSMT MAIL,T2_SUPERFAST,9,TS-MUM-HWH-12810-009,RIG,RAIGARH,Chhattisgarh,CG,SB-CG,KHS,KHARSIA,Chhattisgarh,CG,SB-CG,0,INTRA-SB-CG,SB-CG,INTERMEDIATE_HALT,04:35,05:00,34.0,621.0,2
1285,Mumbai → Howrah,MUM-HWH,12810,HWH CSMT MAIL,T2_SUPERFAST,10,TS-MUM-HWH-12810-010,KHS,KHARSIA,Chhattisgarh,CG,SB-CG,SKT,SAKTI,Chhattisgarh,CG,SB-CG,0,INTRA-SB-CG,SB-CG,INTERMEDIATE_HALT,05:02,05:13,16.0,637.0,2
1286,Mumbai → Howrah,MUM-HWH,12810,HWH CSMT MAIL,T2_SUPERFAST,11,TS-MUM-HWH-12810-011,SKT,SAKTI,Chhattisgarh,CG,SB-CG,CPH,CHAMPA JN,Chhattisgarh,CG,SB-CG,0,INTRA-SB-CG,SB-CG,INTERMEDIATE_HALT,05:15,05:38,30.0,667.0,2
1287,Mumbai → Howrah,MUM-HWH,12810,HWH CSMT MAIL,T2_SUPERFAST,12,TS-MUM-HWH-12810-012,CPH,CHAMPA JN,Chhattisgarh,CG,SB-CG,BSP,BILASPUR JN,Chhattisgarh,CG,SB-CG,0,INTRA-SB-CG,SB-CG,INTERMEDIATE_HALT,05:40,06:50,52.0,719.0,2
1288,Mumbai → Howrah,MUM-HWH,12810,HWH CSMT MAIL,T2_SUPERFAST,13,TS-MUM-HWH-12810-013,BSP,BILASPUR JN,Chhattisgarh,CG,SB-CG,BYT,BHATAPARA,Chhattisgarh,CG,SB-CG,0,INTRA-SB-CG,SB-CG,INTERMEDIATE_HALT,07:05,07:43,46.0,765.0,2
1289,Mumbai → Howrah,MUM-HWH,12810,HWH CSMT MAIL,T2_SUPERFAST,14,TS-MUM-HWH-12810-014,BYT,BHATAPARA,Chhattisgarh,CG,SB-CG,R,RAIPUR JN,Chhattisgarh,CG,SB-CG,0,INTRA-SB-CG,SB-CG,INTERMEDIATE_HALT,07:45,08:40,64.0,829.0,2
1290,Mumbai → Howrah,MUM-HWH,12810,HWH CSMT MAIL,T2_SUPERFAST,15,TS-MUM-HWH-12810-015,R,RAIPUR JN,Chhattisgarh,CG,SB-CG,DURG,DURG,Chhattisgarh,CG,SB-CG,0,INTRA-SB-CG,SB-CG,INTERMEDIATE_HALT,08:45,09:35,37.0,866.0,2
1291,Mumbai → Howrah,MUM-HWH,12810,HWH CSMT MAIL,T2_SUPERFAST,16,TS-MUM-HWH-12810-016,DURG,DURG,Chhattisgarh,CG,SB-CG,RJN,RAJNANDGAON,Chhattisgarh,CG,SB-CG,0,INTRA-SB-CG,SB-CG,INTERMEDIATE_HALT,09:40,10:01,31.0,897.0,2
1292,Mumbai → Howrah,MUM-HWH,12810,HWH CSMT MAIL,T2_SUPERFAST,17,TS-MUM-HWH-12810-017,RJN,RAJNANDGAON,Chhattisgarh,CG,SB-CG,DGG,DONGARGARH,Chhattisgarh,CG,SB-CG,0,INTRA-SB-CG,SB-CG,INTERMEDIATE_HALT,10:03,10:28,31.0,928.0,2
1293,Mumbai → Howrah,MUM-HWH,12810,HWH CSMT MAIL,T2_SUPERFAST,18,TS-MUM-HWH-12810-018,DGG,DONGARGARH,Chhattisgarh,CG,SB-CG,G,GONDIA JN,Maharashtra,MH,SB-MH,1,SB-CG->SB-MH,SB-XING-CG-MH,INTERMEDIATE_HALT,10:30,11:38,73.0,1001.0,2
1294,Mumbai → Howrah,MUM-HWH,12810,HWH CSMT MAIL,T2_SUPERFAST,19,TS-MUM-HWH-12810-019,G,GONDIA JN,Maharashtra,MH,SB-MH,TMR,TUMSAR ROAD,Maharashtra,MH,SB-MH,0,INTRA-SB-MH,SB-MH,INTERMEDIATE_HALT,11:40,12:14,50.0,1051.0,2
1295,Mumbai → Howrah,MUM-HWH,12810,HWH CSMT MAIL,T2_SUPERFAST,20,TS-MUM-HWH-12810-020,TMR,TUMSAR ROAD,Maharashtra,MH,SB-MH,BRD,BHANDARA ROAD,Maharashtra,MH,SB-MH,0,INTRA-SB-MH,SB-MH,INTERMEDIATE_HALT,12:16,12:30,18.0,1069.0,2
1296,Mumbai → Howrah,MUM-HWH,12810,HWH CSMT MAIL,T2_SUPERFAST,21,TS-MUM-HWH-12810-021,BRD,BHANDARA ROAD,Maharashtra,MH,SB-MH,NGP,NAGPUR JN,Maharashtra,MH,SB-MH,0,INTRA-SB-MH,SB-MH,INTERMEDIATE_HALT,12:32,13:55,62.0,1131.0,2
1297,Mumbai → Howrah,MUM-HWH,12810,HWH CSMT MAIL,T2_SUPERFAST,22,TS-MUM-HWH-12810-022,NGP,NAGPUR JN,Maharashtra,MH,SB-MH,SEGM,SEVAGRAM,Maharashtra,MH,SB-MH,0,INTRA-SB-MH,SB-MH,INTERMEDIATE_HALT,14:00,14:59,77.0,1208.0,2
1298,Mumbai → Howrah,MUM-HWH,12810,HWH CSMT MAIL,T2_SUPERFAST,23,TS-MUM-HWH-12810-023,SEGM,SEVAGRAM,Maharashtra,MH,SB-MH,WR,WARDHA JN,Maharashtra,MH,SB-MH,0,INTRA-SB-MH,SB-MH,INTERMEDIATE_HALT,15:00,15:04,2.0,1210.0,2
1299,Mumbai → Howrah,MUM-HWH,12810,HWH CSMT MAIL,T2_SUPERFAST,24,TS-MUM-HWH-12810-024,WR,WARDHA JN,Maharashtra,MH,SB-MH,PLO,PULGAON JN,Maharashtra,MH,SB-MH,0,INTRA-SB-MH,SB-MH,INTERMEDIATE_HALT,15:06,15:29,30.0,1240.0,2
1300,Mumbai → Howrah,MUM-HWH,12810,HWH CSMT MAIL,T2_SUPERFAST,25,TS-MUM-HWH-12810-025,PLO,PULGAON JN,Maharashtra,MH,SB-MH,DMN,DHAMANGAON,Maharashtra,MH,SB-MH,0,INTRA-SB-MH,SB-MH,INTERMEDIATE_HALT,15:30,15:42,20.0,1260.0,2
1301,Mumbai → Howrah,MUM-HWH,12810,HWH CSMT MAIL,T2_SUPERFAST,26,TS-MUM-HWH-12810-026,DMN,DHAMANGAON,Maharashtra,MH,SB-MH,BD,BADNERA JN,Maharashtra,MH,SB-MH,0,INTRA-SB-MH,SB-MH,INTERMEDIATE_HALT,15:43,17:22,45.0,1305.0,2
1302,Mumbai → Howrah,MUM-HWH,12810,HWH CSMT MAIL,T2_SUPERFAST,27,TS-MUM-HWH-12810-027,BD,BADNERA JN,Maharashtra,MH,SB-MH,MZR,MURTAJAPUR JN,Maharashtra,MH,SB-MH,0,INTRA-SB-MH,SB-MH,INTERMEDIATE_HALT,17:25,17:53,41.0,1346.0,2
1303,Mumbai → Howrah,MUM-HWH,12810,HWH CSMT MAIL,T2_SUPERFAST,28,TS-MUM-HWH-12810-028,MZR,MURTAJAPUR JN,Maharashtra,MH,SB-MH,AK,AKOLA JN,Maharashtra,MH,SB-MH,0,INTRA-SB-MH,SB-MH,INTERMEDIATE_HALT,17:55,18:25,38.0,1384.0,2
1304,Mumbai → Howrah,MUM-HWH,12810,HWH CSMT MAIL,T2_SUPERFAST,29,TS-MUM-HWH-12810-029,AK,AKOLA JN,Maharashtra,MH,SB-MH,SEG,SHEGAON,Maharashtra,MH,SB-MH,0,INTRA-SB-MH,SB-MH,INTERMEDIATE_HALT,18:30,18:58,37.0,1421.0,2
1305,Mumbai → Howrah,MUM-HWH,12810,HWH CSMT MAIL,T2_SUPERFAST,30,TS-MUM-HWH-12810-030,SEG,SHEGAON,Maharashtra,MH,SB-MH,JM,JALAMB JN,Maharashtra,MH,SB-MH,0,INTRA-SB-MH,SB-MH,INTERMEDIATE_HALT,19:00,19:09,13.0,1434.0,2
1306,Mumbai → Howrah,MUM-HWH,12810,HWH CSMT MAIL,T2_SUPERFAST,31,TS-MUM-HWH-12810-031,JM,JALAMB JN,Maharashtra,MH,SB-MH,NN,NANDURA,Maharashtra,MH,SB-MH,0,INTRA-SB-MH,SB-MH,INTERMEDIATE_HALT,19:10,19:20,12.0,1446.0,2
1307,Mumbai → Howrah,MUM-HWH,12810,HWH CSMT MAIL,T2_SUPERFAST,32,TS-MUM-HWH-12810-032,NN,NANDURA,Maharashtra,MH,SB-MH,MKU,MALKAPUR,Maharashtra,MH,SB-MH,0,INTRA-SB-MH,SB-MH,INTERMEDIATE_HALT,19:22,19:48,28.0,1474.0,2
1308,Mumbai → Howrah,MUM-HWH,12810,HWH CSMT MAIL,T2_SUPERFAST,33,TS-MUM-HWH-12810-033,MKU,MALKAPUR,Maharashtra,MH,SB-MH,BSL,BHUSAVAL JN,Maharashtra,MH,SB-MH,0,INTRA-SB-MH,SB-MH,INTERMEDIATE_HALT,19:50,20:40,50.0,1524.0,2
1309,Mumbai → Howrah,MUM-HWH,12810,HWH CSMT MAIL,T2_SUPERFAST,34,TS-MUM-HWH-12810-034,BSL,BHUSAVAL JN,Maharashtra,MH,SB-MH,JL,JALGAON JN,Maharashtra,MH,SB-MH,0,INTRA-SB-MH,SB-MH,INTERMEDIATE_HALT,20:45,21:10,25.0,1549.0,2
1310,Mumbai → Howrah,MUM-HWH,12810,HWH CSMT MAIL,T2_SUPERFAST,35,TS-MUM-HWH-12810-035,JL,JALGAON JN,Maharashtra,MH,SB-MH,CSN,CHALISGAON JN,Maharashtra,MH,SB-MH,0,INTRA-SB-MH,SB-MH,INTERMEDIATE_HALT,21:12,22:15,92.0,1641.0,2
1311,Mumbai → Howrah,MUM-HWH,12810,HWH CSMT MAIL,T2_SUPERFAST,36,TS-MUM-HWH-12810-036,CSN,CHALISGAON JN,Maharashtra,MH,SB-MH,MMR,MANMAD JN,Maharashtra,MH,SB-MH,0,INTRA-SB-MH,SB-MH,INTERMEDIATE_HALT,22:17,23:18,67.0,1708.0,2
1312,Mumbai → Howrah,MUM-HWH,12810,HWH CSMT MAIL,T2_SUPERFAST,37,TS-MUM-HWH-12810-037,MMR,MANMAD JN,Maharashtra,MH,SB-MH,NK,NASIK ROAD,Maharashtra,MH,SB-MH,0,INTRA-SB-MH,SB-MH,INTERMEDIATE_HALT,23:20,00:20,74.0,1782.0,3
1313,Mumbai → Howrah,MUM-HWH,12810,HWH CSMT MAIL,T2_SUPERFAST,38,TS-MUM-HWH-12810-038,NK,NASIK ROAD,Maharashtra,MH,SB-MH,DVL,DEVLALI,Maharashtra,MH,SB-MH,0,INTRA-SB-MH,SB-MH,INTERMEDIATE_HALT,00:25,00:30,5.0,1787.0,3
1314,Mumbai → Howrah,MUM-HWH,12810,HWH CSMT MAIL,T2_SUPERFAST,39,TS-MUM-HWH-12810-039,DVL,DEVLALI,Maharashtra,MH,SB-MH,IGP,IGATPURI,Maharashtra,MH,SB-MH,0,INTRA-SB-MH,SB-MH,INTERMEDIATE_HALT,00:31,01:32,45.0,1832.0,3
1315,Mumbai → Howrah,MUM-HWH,12810,HWH CSMT MAIL,T2_SUPERFAST,40,TS-MUM-HWH-12810-040,IGP,IGATPURI,Maharashtra,MH,SB-MH,KYN,KALYAN JN,Maharashtra,MH,SB-MH,0,INTRA-SB-MH,SB-MH,INTERMEDIATE_HALT,01:37,03:07,83.0,1915.0,3
1316,Mumbai → Howrah,MUM-HWH,12810,HWH CSMT MAIL,T2_SUPERFAST,41,TS-MUM-HWH-12810-041,KYN,KALYAN JN,Maharashtra,MH,SB-MH,DR,DADAR,Maharashtra,MH,SB-MH,0,INTRA-SB-MH,SB-MH,INTERMEDIATE_HALT,03:10,03:52,45.0,1960.0,3
1317,Mumbai → Howrah,MUM-HWH,12810,HWH CSMT MAIL,T2_SUPERFAST,42,TS-MUM-HWH-12810-042,DR,DADAR,Maharashtra,MH,SB-MH,CSMT,C SHIVAJI MAH T,Maharashtra,MH,SB-MH,0,INTRA-SB-MH,SB-MH,HALTN_TO_DESTINATION,03:55,04:25,9.0,1969.0,3
1318,Mumbai → Howrah,MUM-HWH,12860,GITANJALI EXP,T2_SUPERFAST,1,TS-MUM-HWH-12860-001,HWH,HOWRAH JN,West Bengal,WB,SB-WB,KGP,KHARAGPUR JN,West Bengal,WB,SB-WB,0,INTRA-SB-WB,SB-WB,SOURCE_TO_HALT1,13:40,15:15,116.0,116.0,1
1319,Mumbai → Howrah,MUM-HWH,12860,GITANJALI EXP,T2_SUPERFAST,2,TS-MUM-HWH-12860-002,KGP,KHARAGPUR JN,West Bengal,WB,SB-WB,TATA,TATANAGAR JN,Jharkhand,JH,SB-JH,1,SB-WB->SB-JH,SB-XING-WB-JH,INTERMEDIATE_HALT,15:20,17:03,134.0,250.0,1
1320,Mumbai → Howrah,MUM-HWH,12860,GITANJALI EXP,T2_SUPERFAST,3,TS-MUM-HWH-12860-003,TATA,TATANAGAR JN,Jharkhand,JH,SB-JH,CKP,CHAKARADHARPUR,Jharkhand,JH,SB-JH,0,INTRA-SB-JH,SB-JH,INTERMEDIATE_HALT,17:10,18:03,62.0,312.0,1
1321,Mumbai → Howrah,MUM-HWH,12860,GITANJALI EXP,T2_SUPERFAST,4,TS-MUM-HWH-12860-004,CKP,CHAKARADHARPUR,Jharkhand,JH,SB-JH,ROU,ROURKELA,Odisha,OD,SB-OD,1,SB-JH->SB-OD,SB-XING-JH-OD,INTERMEDIATE_HALT,18:05,19:32,101.0,413.0,1
1322,Mumbai → Howrah,MUM-HWH,12860,GITANJALI EXP,T2_SUPERFAST,5,TS-MUM-HWH-12860-005,ROU,ROURKELA,Odisha,OD,SB-OD,JSG,JHARSUGUDA JN,Odisha,OD,SB-OD,0,INTRA-SB-OD,SB-OD,INTERMEDIATE_HALT,19:40,21:48,102.0,515.0,1
1323,Mumbai → Howrah,MUM-HWH,12860,GITANJALI EXP,T2_SUPERFAST,6,TS-MUM-HWH-12860-006,JSG,JHARSUGUDA JN,Odisha,OD,SB-OD,RIG,RAIGARH,Chhattisgarh,CG,SB-CG,1,SB-OD->SB-CG,SB-XING-OD-CG,INTERMEDIATE_HALT,21:50,22:48,72.0,587.0,1
1324,Mumbai → Howrah,MUM-HWH,12860,GITANJALI EXP,T2_SUPERFAST,7,TS-MUM-HWH-12860-007,RIG,RAIGARH,Chhattisgarh,CG,SB-CG,BSP,BILASPUR JN,Chhattisgarh,CG,SB-CG,0,INTRA-SB-CG,SB-CG,INTERMEDIATE_HALT,22:50,01:00,132.0,719.0,2
1325,Mumbai → Howrah,MUM-HWH,12860,GITANJALI EXP,T2_SUPERFAST,8,TS-MUM-HWH-12860-008,BSP,BILASPUR JN,Chhattisgarh,CG,SB-CG,R,RAIPUR JN,Chhattisgarh,CG,SB-CG,0,INTRA-SB-CG,SB-CG,INTERMEDIATE_HALT,01:10,02:40,110.0,829.0,2
1326,Mumbai → Howrah,MUM-HWH,12860,GITANJALI EXP,T2_SUPERFAST,9,TS-MUM-HWH-12860-009,R,RAIPUR JN,Chhattisgarh,CG,SB-CG,DURG,DURG,Chhattisgarh,CG,SB-CG,0,INTRA-SB-CG,SB-CG,INTERMEDIATE_HALT,02:45,03:40,38.0,867.0,2
1327,Mumbai → Howrah,MUM-HWH,12860,GITANJALI EXP,T2_SUPERFAST,10,TS-MUM-HWH-12860-010,DURG,DURG,Chhattisgarh,CG,SB-CG,RJN,RAJNANDGAON,Chhattisgarh,CG,SB-CG,0,INTRA-SB-CG,SB-CG,INTERMEDIATE_HALT,03:45,04:06,30.0,897.0,2
1328,Mumbai → Howrah,MUM-HWH,12860,GITANJALI EXP,T2_SUPERFAST,11,TS-MUM-HWH-12860-011,RJN,RAJNANDGAON,Chhattisgarh,CG,SB-CG,G,GONDIA JN,Maharashtra,MH,SB-MH,1,SB-CG->SB-MH,SB-XING-CG-MH,INTERMEDIATE_HALT,04:08,05:33,105.0,1002.0,2
1329,Mumbai → Howrah,MUM-HWH,12860,GITANJALI EXP,T2_SUPERFAST,12,TS-MUM-HWH-12860-012,G,GONDIA JN,Maharashtra,MH,SB-MH,BRD,BHANDARA ROAD,Maharashtra,MH,SB-MH,0,INTRA-SB-MH,SB-MH,INTERMEDIATE_HALT,05:35,06:20,68.0,1070.0,2
1330,Mumbai → Howrah,MUM-HWH,12860,GITANJALI EXP,T2_SUPERFAST,13,TS-MUM-HWH-12860-013,BRD,BHANDARA ROAD,Maharashtra,MH,SB-MH,NGP,NAGPUR JN,Maharashtra,MH,SB-MH,0,INTRA-SB-MH,SB-MH,INTERMEDIATE_HALT,06:22,07:40,62.0,1132.0,2
1331,Mumbai → Howrah,MUM-HWH,12860,GITANJALI EXP,T2_SUPERFAST,14,TS-MUM-HWH-12860-014,NGP,NAGPUR JN,Maharashtra,MH,SB-MH,WR,WARDHA JN,Maharashtra,MH,SB-MH,0,INTRA-SB-MH,SB-MH,INTERMEDIATE_HALT,07:45,08:48,79.0,1211.0,2
1332,Mumbai → Howrah,MUM-HWH,12860,GITANJALI EXP,T2_SUPERFAST,15,TS-MUM-HWH-12860-015,WR,WARDHA JN,Maharashtra,MH,SB-MH,BD,BADNERA JN,Maharashtra,MH,SB-MH,0,INTRA-SB-MH,SB-MH,INTERMEDIATE_HALT,08:50,10:27,95.0,1306.0,2
1333,Mumbai → Howrah,MUM-HWH,12860,GITANJALI EXP,T2_SUPERFAST,16,TS-MUM-HWH-12860-016,BD,BADNERA JN,Maharashtra,MH,SB-MH,AK,AKOLA JN,Maharashtra,MH,SB-MH,0,INTRA-SB-MH,SB-MH,INTERMEDIATE_HALT,10:30,11:25,79.0,1385.0,2
1334,Mumbai → Howrah,MUM-HWH,12860,GITANJALI EXP,T2_SUPERFAST,17,TS-MUM-HWH-12860-017,AK,AKOLA JN,Maharashtra,MH,SB-MH,SEG,SHEGAON,Maharashtra,MH,SB-MH,0,INTRA-SB-MH,SB-MH,INTERMEDIATE_HALT,11:30,11:58,37.0,1422.0,2
1335,Mumbai → Howrah,MUM-HWH,12860,GITANJALI EXP,T2_SUPERFAST,18,TS-MUM-HWH-12860-018,SEG,SHEGAON,Maharashtra,MH,SB-MH,MKU,MALKAPUR,Maharashtra,MH,SB-MH,0,INTRA-SB-MH,SB-MH,INTERMEDIATE_HALT,12:00,12:38,53.0,1475.0,2
1336,Mumbai → Howrah,MUM-HWH,12860,GITANJALI EXP,T2_SUPERFAST,19,TS-MUM-HWH-12860-019,MKU,MALKAPUR,Maharashtra,MH,SB-MH,BSL,BHUSAVAL JN,Maharashtra,MH,SB-MH,0,INTRA-SB-MH,SB-MH,INTERMEDIATE_HALT,12:40,13:40,50.0,1525.0,2
1337,Mumbai → Howrah,MUM-HWH,12860,GITANJALI EXP,T2_SUPERFAST,20,TS-MUM-HWH-12860-020,BSL,BHUSAVAL JN,Maharashtra,MH,SB-MH,JL,JALGAON JN,Maharashtra,MH,SB-MH,0,INTRA-SB-MH,SB-MH,INTERMEDIATE_HALT,13:45,14:10,25.0,1550.0,2
1338,Mumbai → Howrah,MUM-HWH,12860,GITANJALI EXP,T2_SUPERFAST,21,TS-MUM-HWH-12860-021,JL,JALGAON JN,Maharashtra,MH,SB-MH,NK,NASIK ROAD,Maharashtra,MH,SB-MH,0,INTRA-SB-MH,SB-MH,INTERMEDIATE_HALT,14:12,17:05,232.0,1782.0,2
1339,Mumbai → Howrah,MUM-HWH,12860,GITANJALI EXP,T2_SUPERFAST,22,TS-MUM-HWH-12860-022,NK,NASIK ROAD,Maharashtra,MH,SB-MH,IGP,IGATPURI,Maharashtra,MH,SB-MH,0,INTRA-SB-MH,SB-MH,INTERMEDIATE_HALT,17:10,18:10,51.0,1833.0,2
1340,Mumbai → Howrah,MUM-HWH,12860,GITANJALI EXP,T2_SUPERFAST,23,TS-MUM-HWH-12860-023,IGP,IGATPURI,Maharashtra,MH,SB-MH,KYN,KALYAN JN,Maharashtra,MH,SB-MH,0,INTRA-SB-MH,SB-MH,INTERMEDIATE_HALT,18:15,20:02,83.0,1916.0,2
1341,Mumbai → Howrah,MUM-HWH,12860,GITANJALI EXP,T2_SUPERFAST,24,TS-MUM-HWH-12860-024,KYN,KALYAN JN,Maharashtra,MH,SB-MH,DR,DADAR,Maharashtra,MH,SB-MH,0,INTRA-SB-MH,SB-MH,INTERMEDIATE_HALT,20:05,20:47,45.0,1961.0,2
1342,Mumbai → Howrah,MUM-HWH,12860,GITANJALI EXP,T2_SUPERFAST,25,TS-MUM-HWH-12860-025,DR,DADAR,Maharashtra,MH,SB-MH,CSMT,C SHIVAJI MAH T,Maharashtra,MH,SB-MH,0,INTRA-SB-MH,SB-MH,HALTN_TO_DESTINATION,20:50,22:45,8.0,1969.0,2
1343,Mumbai → Howrah,MUM-HWH,12870,HWH CSMT SF EXP,T2_SUPERFAST,1,TS-MUM-HWH-12870-001,HWH,HOWRAH JN,West Bengal,WB,SB-WB,KGP,KHARAGPUR JN,West Bengal,WB,SB-WB,0,INTRA-SB-WB,SB-WB,SOURCE_TO_HALT1,13:55,15:30,116.0,116.0,1
1344,Mumbai → Howrah,MUM-HWH,12870,HWH CSMT SF EXP,T2_SUPERFAST,2,TS-MUM-HWH-12870-002,KGP,KHARAGPUR JN,West Bengal,WB,SB-WB,TATA,TATANAGAR JN,Jharkhand,JH,SB-JH,1,SB-WB->SB-JH,SB-XING-WB-JH,INTERMEDIATE_HALT,15:35,17:23,134.0,250.0,1
1345,Mumbai → Howrah,MUM-HWH,12870,HWH CSMT SF EXP,T2_SUPERFAST,3,TS-MUM-HWH-12870-003,TATA,TATANAGAR JN,Jharkhand,JH,SB-JH,CKP,CHAKARADHARPUR,Jharkhand,JH,SB-JH,0,INTRA-SB-JH,SB-JH,INTERMEDIATE_HALT,17:28,18:18,62.0,312.0,1
1346,Mumbai → Howrah,MUM-HWH,12870,HWH CSMT SF EXP,T2_SUPERFAST,4,TS-MUM-HWH-12870-004,CKP,CHAKARADHARPUR,Jharkhand,JH,SB-JH,ROU,ROURKELA,Odisha,OD,SB-OD,1,SB-JH->SB-OD,SB-XING-JH-OD,INTERMEDIATE_HALT,18:25,19:52,101.0,413.0,1
1347,Mumbai → Howrah,MUM-HWH,12870,HWH CSMT SF EXP,T2_SUPERFAST,5,TS-MUM-HWH-12870-005,ROU,ROURKELA,Odisha,OD,SB-OD,JSG,JHARSUGUDA JN,Odisha,OD,SB-OD,0,INTRA-SB-OD,SB-OD,INTERMEDIATE_HALT,20:00,22:03,102.0,515.0,1
1348,Mumbai → Howrah,MUM-HWH,12870,HWH CSMT SF EXP,T2_SUPERFAST,6,TS-MUM-HWH-12870-006,JSG,JHARSUGUDA JN,Odisha,OD,SB-OD,BSP,BILASPUR JN,Chhattisgarh,CG,SB-CG,1,SB-OD->SB-CG,SB-XING-OD-CG,INTERMEDIATE_HALT,22:05,01:15,204.0,719.0,2
1349,Mumbai → Howrah,MUM-HWH,12870,HWH CSMT SF EXP,T2_SUPERFAST,7,TS-MUM-HWH-12870-007,BSP,BILASPUR JN,Chhattisgarh,CG,SB-CG,R,RAIPUR JN,Chhattisgarh,CG,SB-CG,0,INTRA-SB-CG,SB-CG,INTERMEDIATE_HALT,01:25,02:55,110.0,829.0,2
1350,Mumbai → Howrah,MUM-HWH,12870,HWH CSMT SF EXP,T2_SUPERFAST,8,TS-MUM-HWH-12870-008,R,RAIPUR JN,Chhattisgarh,CG,SB-CG,DURG,DURG,Chhattisgarh,CG,SB-CG,0,INTRA-SB-CG,SB-CG,INTERMEDIATE_HALT,03:00,03:55,38.0,867.0,2
1351,Mumbai → Howrah,MUM-HWH,12870,HWH CSMT SF EXP,T2_SUPERFAST,9,TS-MUM-HWH-12870-009,DURG,DURG,Chhattisgarh,CG,SB-CG,G,GONDIA JN,Maharashtra,MH,SB-MH,1,SB-CG->SB-MH,SB-XING-CG-MH,INTERMEDIATE_HALT,04:00,05:48,135.0,1002.0,2
1352,Mumbai → Howrah,MUM-HWH,12870,HWH CSMT SF EXP,T2_SUPERFAST,10,TS-MUM-HWH-12870-010,G,GONDIA JN,Maharashtra,MH,SB-MH,NGP,NAGPUR JN,Maharashtra,MH,SB-MH,0,INTRA-SB-MH,SB-MH,INTERMEDIATE_HALT,05:50,08:00,130.0,1132.0,2
1353,Mumbai → Howrah,MUM-HWH,12870,HWH CSMT SF EXP,T2_SUPERFAST,11,TS-MUM-HWH-12870-011,NGP,NAGPUR JN,Maharashtra,MH,SB-MH,BD,BADNERA JN,Maharashtra,MH,SB-MH,0,INTRA-SB-MH,SB-MH,INTERMEDIATE_HALT,08:10,11:12,174.0,1306.0,2
1354,Mumbai → Howrah,MUM-HWH,12870,HWH CSMT SF EXP,T2_SUPERFAST,12,TS-MUM-HWH-12870-012,BD,BADNERA JN,Maharashtra,MH,SB-MH,AK,AKOLA JN,Maharashtra,MH,SB-MH,0,INTRA-SB-MH,SB-MH,INTERMEDIATE_HALT,11:15,12:13,79.0,1385.0,2
1355,Mumbai → Howrah,MUM-HWH,12870,HWH CSMT SF EXP,T2_SUPERFAST,13,TS-MUM-HWH-12870-013,AK,AKOLA JN,Maharashtra,MH,SB-MH,BSL,BHUSAVAL JN,Maharashtra,MH,SB-MH,0,INTRA-SB-MH,SB-MH,INTERMEDIATE_HALT,12:15,14:20,140.0,1525.0,2
1356,Mumbai → Howrah,MUM-HWH,12870,HWH CSMT SF EXP,T2_SUPERFAST,14,TS-MUM-HWH-12870-014,BSL,BHUSAVAL JN,Maharashtra,MH,SB-MH,NK,NASIK ROAD,Maharashtra,MH,SB-MH,0,INTRA-SB-MH,SB-MH,INTERMEDIATE_HALT,14:25,17:47,257.0,1782.0,2
1357,Mumbai → Howrah,MUM-HWH,12870,HWH CSMT SF EXP,T2_SUPERFAST,15,TS-MUM-HWH-12870-015,NK,NASIK ROAD,Maharashtra,MH,SB-MH,KYN,KALYAN JN,Maharashtra,MH,SB-MH,0,INTRA-SB-MH,SB-MH,INTERMEDIATE_HALT,17:50,21:40,134.0,1916.0,2
1358,Mumbai → Howrah,MUM-HWH,12870,HWH CSMT SF EXP,T2_SUPERFAST,16,TS-MUM-HWH-12870-016,KYN,KALYAN JN,Maharashtra,MH,SB-MH,DR,DADAR,Maharashtra,MH,SB-MH,0,INTRA-SB-MH,SB-MH,INTERMEDIATE_HALT,21:43,22:29,45.0,1961.0,2
1359,Mumbai → Howrah,MUM-HWH,12870,HWH CSMT SF EXP,T2_SUPERFAST,17,TS-MUM-HWH-12870-017,DR,DADAR,Maharashtra,MH,SB-MH,CSMT,C SHIVAJI MAH T,Maharashtra,MH,SB-MH,0,INTRA-SB-MH,SB-MH,HALTN_TO_DESTINATION,22:32,23:45,8.0,1969.0,2
1360,Mumbai → Howrah,MUM-HWH,18030,SHM LTT EXPRESS,T3_EXPRESS_PASSENGER,1,TS-MUM-HWH-18030-001,SHM,SHALIMAR,West Bengal,WB,SB-WB,SRC,SANTRAGACHI JN,West Bengal,WB,SB-WB,0,INTRA-SB-WB,SB-WB,SOURCE_TO_HALT1,15:00,15:15,5.0,5.0,1
1361,Mumbai → Howrah,MUM-HWH,18030,SHM LTT EXPRESS,T3_EXPRESS_PASSENGER,2,TS-MUM-HWH-18030-002,SRC,SANTRAGACHI JN,West Bengal,WB,SB-WB,ULB,ULUBARIA,West Bengal,WB,SB-WB,0,INTRA-SB-WB,SB-WB,INTERMEDIATE_HALT,15:17,15:41,25.0,30.0,1
1362,Mumbai → Howrah,MUM-HWH,18030,SHM LTT EXPRESS,T3_EXPRESS_PASSENGER,3,TS-MUM-HWH-18030-003,ULB,ULUBARIA,West Bengal,WB,SB-WB,MCA,MECHEDA,West Bengal,WB,SB-WB,0,INTRA-SB-WB,SB-WB,INTERMEDIATE_HALT,15:43,16:05,26.0,56.0,1
1363,Mumbai → Howrah,MUM-HWH,18030,SHM LTT EXPRESS,T3_EXPRESS_PASSENGER,4,TS-MUM-HWH-18030-004,MCA,MECHEDA,West Bengal,WB,SB-WB,PKU,PANSKURA,West Bengal,WB,SB-WB,0,INTRA-SB-WB,SB-WB,INTERMEDIATE_HALT,16:10,16:28,13.0,69.0,1
1364,Mumbai → Howrah,MUM-HWH,18030,SHM LTT EXPRESS,T3_EXPRESS_PASSENGER,5,TS-MUM-HWH-18030-005,PKU,PANSKURA,West Bengal,WB,SB-WB,KGP,KHARAGPUR JN,West Bengal,WB,SB-WB,0,INTRA-SB-WB,SB-WB,INTERMEDIATE_HALT,16:33,17:20,44.0,113.0,1
1365,Mumbai → Howrah,MUM-HWH,18030,SHM LTT EXPRESS,T3_EXPRESS_PASSENGER,6,TS-MUM-HWH-18030-006,KGP,KHARAGPUR JN,West Bengal,WB,SB-WB,JGM,JHARGRAM,West Bengal,WB,SB-WB,0,INTRA-SB-WB,SB-WB,INTERMEDIATE_HALT,17:25,18:08,39.0,152.0,1
1366,Mumbai → Howrah,MUM-HWH,18030,SHM LTT EXPRESS,T3_EXPRESS_PASSENGER,7,TS-MUM-HWH-18030-007,JGM,JHARGRAM,West Bengal,WB,SB-WB,CKU,CHAKULIA,Jharkhand,JH,SB-JH,1,SB-WB->SB-JH,SB-XING-WB-JH,INTERMEDIATE_HALT,18:10,18:33,29.0,181.0,1
1367,Mumbai → Howrah,MUM-HWH,18030,SHM LTT EXPRESS,T3_EXPRESS_PASSENGER,8,TS-MUM-HWH-18030-008,CKU,CHAKULIA,Jharkhand,JH,SB-JH,GTS,GHATSILA,Jharkhand,JH,SB-JH,0,INTRA-SB-JH,SB-JH,INTERMEDIATE_HALT,18:35,18:58,30.0,211.0,1
1368,Mumbai → Howrah,MUM-HWH,18030,SHM LTT EXPRESS,T3_EXPRESS_PASSENGER,9,TS-MUM-HWH-18030-009,GTS,GHATSILA,Jharkhand,JH,SB-JH,GUD,GALUDIH,Jharkhand,JH,SB-JH,0,INTRA-SB-JH,SB-JH,INTERMEDIATE_HALT,19:00,19:10,10.0,221.0,1
1369,Mumbai → Howrah,MUM-HWH,18030,SHM LTT EXPRESS,T3_EXPRESS_PASSENGER,10,TS-MUM-HWH-18030-010,GUD,GALUDIH,Jharkhand,JH,SB-JH,TATA,TATANAGAR JN,Jharkhand,JH,SB-JH,0,INTRA-SB-JH,SB-JH,INTERMEDIATE_HALT,19:11,19:53,27.0,248.0,1
1370,Mumbai → Howrah,MUM-HWH,18030,SHM LTT EXPRESS,T3_EXPRESS_PASSENGER,11,TS-MUM-HWH-18030-011,TATA,TATANAGAR JN,Jharkhand,JH,SB-JH,SINI,SINI JN,Jharkhand,JH,SB-JH,0,INTRA-SB-JH,SB-JH,INTERMEDIATE_HALT,19:58,20:21,26.0,274.0,1
1371,Mumbai → Howrah,MUM-HWH,18030,SHM LTT EXPRESS,T3_EXPRESS_PASSENGER,12,TS-MUM-HWH-18030-012,SINI,SINI JN,Jharkhand,JH,SB-JH,CKP,CHAKARADHARPUR,Jharkhand,JH,SB-JH,0,INTRA-SB-JH,SB-JH,INTERMEDIATE_HALT,20:23,20:58,36.0,310.0,1
1372,Mumbai → Howrah,MUM-HWH,18030,SHM LTT EXPRESS,T3_EXPRESS_PASSENGER,13,TS-MUM-HWH-18030-013,CKP,CHAKARADHARPUR,Jharkhand,JH,SB-JH,GOL,GOILKERA,Jharkhand,JH,SB-JH,0,INTRA-SB-JH,SB-JH,INTERMEDIATE_HALT,21:05,21:28,34.0,344.0,1
1373,Mumbai → Howrah,MUM-HWH,18030,SHM LTT EXPRESS,T3_EXPRESS_PASSENGER,14,TS-MUM-HWH-18030-014,GOL,GOILKERA,Jharkhand,JH,SB-JH,MOU,MANOHARPUR,Telangana,TS,SB-TS,1,SB-JH->SB-TS,SB-XING-JH-TS,INTERMEDIATE_HALT,21:30,21:55,27.0,371.0,1
1374,Mumbai → Howrah,MUM-HWH,18030,SHM LTT EXPRESS,T3_EXPRESS_PASSENGER,15,TS-MUM-HWH-18030-015,MOU,MANOHARPUR,Telangana,TS,SB-TS,ROU,ROURKELA,Odisha,OD,SB-OD,1,SB-TS->SB-OD,SB-XING-TS-OD,INTERMEDIATE_HALT,21:57,22:40,40.0,411.0,1
1375,Mumbai → Howrah,MUM-HWH,18030,SHM LTT EXPRESS,T3_EXPRESS_PASSENGER,16,TS-MUM-HWH-18030-016,ROU,ROURKELA,Odisha,OD,SB-OD,GP,RAJ GANGPUR,Odisha,OD,SB-OD,0,INTRA-SB-OD,SB-OD,INTERMEDIATE_HALT,22:48,23:11,30.0,441.0,1
1376,Mumbai → Howrah,MUM-HWH,18030,SHM LTT EXPRESS,T3_EXPRESS_PASSENGER,17,TS-MUM-HWH-18030-017,GP,RAJ GANGPUR,Odisha,OD,SB-OD,BMB,BAMRA,Madhya Pradesh,MP,SB-MP,1,SB-OD->SB-MP,SB-XING-OD-MP,INTERMEDIATE_HALT,23:13,23:39,35.0,476.0,1
1377,Mumbai → Howrah,MUM-HWH,18030,SHM LTT EXPRESS,T3_EXPRESS_PASSENGER,18,TS-MUM-HWH-18030-018,BMB,BAMRA,Madhya Pradesh,MP,SB-MP,JSG,JHARSUGUDA JN,Odisha,OD,SB-OD,1,SB-MP->SB-OD,SB-XING-MP-OD,INTERMEDIATE_HALT,23:40,00:35,36.0,512.0,2
1378,Mumbai → Howrah,MUM-HWH,18030,SHM LTT EXPRESS,T3_EXPRESS_PASSENGER,19,TS-MUM-HWH-18030-019,JSG,JHARSUGUDA JN,Odisha,OD,SB-OD,BRJN,BRAJRAJNAGAR,Odisha,OD,SB-OD,0,INTRA-SB-OD,SB-OD,INTERMEDIATE_HALT,00:40,00:58,12.0,524.0,2
1379,Mumbai → Howrah,MUM-HWH,18030,SHM LTT EXPRESS,T3_EXPRESS_PASSENGER,20,TS-MUM-HWH-18030-020,BRJN,BRAJRAJNAGAR,Odisha,OD,SB-OD,BPH,BELPAHAR,Odisha,OD,SB-OD,0,INTRA-SB-OD,SB-OD,INTERMEDIATE_HALT,01:00,01:09,9.0,533.0,2
1380,Mumbai → Howrah,MUM-HWH,18030,SHM LTT EXPRESS,T3_EXPRESS_PASSENGER,21,TS-MUM-HWH-18030-021,BPH,BELPAHAR,Odisha,OD,SB-OD,RIG,RAIGARH,Chhattisgarh,CG,SB-CG,1,SB-OD->SB-CG,SB-XING-OD-CG,INTERMEDIATE_HALT,01:11,01:48,51.0,584.0,2
1381,Mumbai → Howrah,MUM-HWH,18030,SHM LTT EXPRESS,T3_EXPRESS_PASSENGER,22,TS-MUM-HWH-18030-022,RIG,RAIGARH,Chhattisgarh,CG,SB-CG,KHS,KHARSIA,Chhattisgarh,CG,SB-CG,0,INTRA-SB-CG,SB-CG,INTERMEDIATE_HALT,01:53,02:20,34.0,618.0,2
1382,Mumbai → Howrah,MUM-HWH,18030,SHM LTT EXPRESS,T3_EXPRESS_PASSENGER,23,TS-MUM-HWH-18030-023,KHS,KHARSIA,Chhattisgarh,CG,SB-CG,SKT,SAKTI,Chhattisgarh,CG,SB-CG,0,INTRA-SB-CG,SB-CG,INTERMEDIATE_HALT,02:22,02:35,16.0,634.0,2
1383,Mumbai → Howrah,MUM-HWH,18030,SHM LTT EXPRESS,T3_EXPRESS_PASSENGER,24,TS-MUM-HWH-18030-024,SKT,SAKTI,Chhattisgarh,CG,SB-CG,CPH,CHAMPA JN,Chhattisgarh,CG,SB-CG,0,INTRA-SB-CG,SB-CG,INTERMEDIATE_HALT,02:37,03:01,30.0,664.0,2
1384,Mumbai → Howrah,MUM-HWH,18030,SHM LTT EXPRESS,T3_EXPRESS_PASSENGER,25,TS-MUM-HWH-18030-025,CPH,CHAMPA JN,Chhattisgarh,CG,SB-CG,NIA,JANJGIR NAILA,Chhattisgarh,CG,SB-CG,0,INTRA-SB-CG,SB-CG,INTERMEDIATE_HALT,03:06,03:20,11.0,675.0,2
1385,Mumbai → Howrah,MUM-HWH,18030,SHM LTT EXPRESS,T3_EXPRESS_PASSENGER,26,TS-MUM-HWH-18030-026,NIA,JANJGIR NAILA,Chhattisgarh,CG,SB-CG,AKT,AKALTARA,Chhattisgarh,CG,SB-CG,0,INTRA-SB-CG,SB-CG,INTERMEDIATE_HALT,03:22,03:34,15.0,690.0,2
1386,Mumbai → Howrah,MUM-HWH,18030,SHM LTT EXPRESS,T3_EXPRESS_PASSENGER,27,TS-MUM-HWH-18030-027,AKT,AKALTARA,Chhattisgarh,CG,SB-CG,BSP,BILASPUR JN,Chhattisgarh,CG,SB-CG,0,INTRA-SB-CG,SB-CG,INTERMEDIATE_HALT,03:36,04:20,27.0,717.0,2
1387,Mumbai → Howrah,MUM-HWH,18030,SHM LTT EXPRESS,T3_EXPRESS_PASSENGER,28,TS-MUM-HWH-18030-028,BSP,BILASPUR JN,Chhattisgarh,CG,SB-CG,BYL,BELHA,Chhattisgarh,CG,SB-CG,0,INTRA-SB-CG,SB-CG,INTERMEDIATE_HALT,04:35,04:53,15.0,732.0,2
1388,Mumbai → Howrah,MUM-HWH,18030,SHM LTT EXPRESS,T3_EXPRESS_PASSENGER,29,TS-MUM-HWH-18030-029,BYL,BELHA,Chhattisgarh,CG,SB-CG,BYT,BHATAPARA,Chhattisgarh,CG,SB-CG,0,INTRA-SB-CG,SB-CG,INTERMEDIATE_HALT,04:55,05:17,31.0,763.0,2
1389,Mumbai → Howrah,MUM-HWH,18030,SHM LTT EXPRESS,T3_EXPRESS_PASSENGER,30,TS-MUM-HWH-18030-030,BYT,BHATAPARA,Chhattisgarh,CG,SB-CG,TLD,TILDA,Chhattisgarh,CG,SB-CG,0,INTRA-SB-CG,SB-CG,INTERMEDIATE_HALT,05:19,05:41,26.0,789.0,2
1390,Mumbai → Howrah,MUM-HWH,18030,SHM LTT EXPRESS,T3_EXPRESS_PASSENGER,31,TS-MUM-HWH-18030-031,TLD,TILDA,Chhattisgarh,CG,SB-CG,R,RAIPUR JN,Chhattisgarh,CG,SB-CG,0,INTRA-SB-CG,SB-CG,INTERMEDIATE_HALT,05:43,06:25,38.0,827.0,2
1391,Mumbai → Howrah,MUM-HWH,18030,SHM LTT EXPRESS,T3_EXPRESS_PASSENGER,32,TS-MUM-HWH-18030-032,R,RAIPUR JN,Chhattisgarh,CG,SB-CG,DBEC,DEVBALODA CHARODA P.H.,Chhattisgarh,CG,SB-CG,0,INTRA-SB-CG,SB-CG,INTERMEDIATE_HALT,06:35,06:55,18.0,845.0,2
1392,Mumbai → Howrah,MUM-HWH,18030,SHM LTT EXPRESS,T3_EXPRESS_PASSENGER,33,TS-MUM-HWH-18030-033,DBEC,DEVBALODA CHARODA P.H.,Chhattisgarh,CG,SB-CG,BIA,BHILAI,Chhattisgarh,CG,SB-CG,0,INTRA-SB-CG,SB-CG,INTERMEDIATE_HALT,06:57,07:03,4.0,849.0,2
1393,Mumbai → Howrah,MUM-HWH,18030,SHM LTT EXPRESS,T3_EXPRESS_PASSENGER,34,TS-MUM-HWH-18030-034,BIA,BHILAI,Chhattisgarh,CG,SB-CG,BPHB,BHILAI POWER HOUSE,Chhattisgarh,CG,SB-CG,0,INTRA-SB-CG,SB-CG,INTERMEDIATE_HALT,07:05,07:11,4.0,853.0,2
1394,Mumbai → Howrah,MUM-HWH,18030,SHM LTT EXPRESS,T3_EXPRESS_PASSENGER,35,TS-MUM-HWH-18030-035,BPHB,BHILAI POWER HOUSE,Chhattisgarh,CG,SB-CG,BQR,BHILAINAGAR,Chhattisgarh,CG,SB-CG,0,INTRA-SB-CG,SB-CG,INTERMEDIATE_HALT,07:13,07:20,5.0,858.0,2
1395,Mumbai → Howrah,MUM-HWH,18030,SHM LTT EXPRESS,T3_EXPRESS_PASSENGER,36,TS-MUM-HWH-18030-036,BQR,BHILAINAGAR,Chhattisgarh,CG,SB-CG,DURG,DURG,Chhattisgarh,CG,SB-CG,0,INTRA-SB-CG,SB-CG,INTERMEDIATE_HALT,07:22,07:40,5.0,863.0,2
1396,Mumbai → Howrah,MUM-HWH,18030,SHM LTT EXPRESS,T3_EXPRESS_PASSENGER,37,TS-MUM-HWH-18030-037,DURG,DURG,Chhattisgarh,CG,SB-CG,RJN,RAJNANDGAON,Chhattisgarh,CG,SB-CG,0,INTRA-SB-CG,SB-CG,INTERMEDIATE_HALT,07:50,08:10,31.0,894.0,2
1397,Mumbai → Howrah,MUM-HWH,18030,SHM LTT EXPRESS,T3_EXPRESS_PASSENGER,38,TS-MUM-HWH-18030-038,RJN,RAJNANDGAON,Chhattisgarh,CG,SB-CG,DGG,DONGARGARH,Chhattisgarh,CG,SB-CG,0,INTRA-SB-CG,SB-CG,INTERMEDIATE_HALT,08:15,08:38,31.0,925.0,2
1398,Mumbai → Howrah,MUM-HWH,18030,SHM LTT EXPRESS,T3_EXPRESS_PASSENGER,39,TS-MUM-HWH-18030-039,DGG,DONGARGARH,Chhattisgarh,CG,SB-CG,SKS,SALEKASA,Maharashtra,MH,SB-MH,1,SB-CG->SB-MH,SB-XING-CG-MH,INTERMEDIATE_HALT,08:40,09:11,36.0,961.0,2
1399,Mumbai → Howrah,MUM-HWH,18030,SHM LTT EXPRESS,T3_EXPRESS_PASSENGER,40,TS-MUM-HWH-18030-040,SKS,SALEKASA,Maharashtra,MH,SB-MH,AGN,AMGAON,Maharashtra,MH,SB-MH,0,INTRA-SB-MH,SB-MH,INTERMEDIATE_HALT,09:13,09:26,15.0,976.0,2
1400,Mumbai → Howrah,MUM-HWH,18030,SHM LTT EXPRESS,T3_EXPRESS_PASSENGER,41,TS-MUM-HWH-18030-041,AGN,AMGAON,Maharashtra,MH,SB-MH,G,GONDIA JN,Maharashtra,MH,SB-MH,0,INTRA-SB-MH,SB-MH,INTERMEDIATE_HALT,09:28,10:00,22.0,998.0,2
1401,Mumbai → Howrah,MUM-HWH,18030,SHM LTT EXPRESS,T3_EXPRESS_PASSENGER,42,TS-MUM-HWH-18030-042,G,GONDIA JN,Maharashtra,MH,SB-MH,TRO,TIRORA,Maharashtra,MH,SB-MH,0,INTRA-SB-MH,SB-MH,INTERMEDIATE_HALT,10:10,10:32,30.0,1028.0,2
1402,Mumbai → Howrah,MUM-HWH,18030,SHM LTT EXPRESS,T3_EXPRESS_PASSENGER,43,TS-MUM-HWH-18030-043,TRO,TIRORA,Maharashtra,MH,SB-MH,TMR,TUMSAR ROAD,Maharashtra,MH,SB-MH,0,INTRA-SB-MH,SB-MH,INTERMEDIATE_HALT,10:34,10:50,20.0,1048.0,2
1403,Mumbai → Howrah,MUM-HWH,18030,SHM LTT EXPRESS,T3_EXPRESS_PASSENGER,44,TS-MUM-HWH-18030-044,TMR,TUMSAR ROAD,Maharashtra,MH,SB-MH,BRD,BHANDARA ROAD,Maharashtra,MH,SB-MH,0,INTRA-SB-MH,SB-MH,INTERMEDIATE_HALT,10:52,11:08,18.0,1066.0,2
1404,Mumbai → Howrah,MUM-HWH,18030,SHM LTT EXPRESS,T3_EXPRESS_PASSENGER,45,TS-MUM-HWH-18030-045,BRD,BHANDARA ROAD,Maharashtra,MH,SB-MH,KP,KAMPTEE,Maharashtra,MH,SB-MH,0,INTRA-SB-MH,SB-MH,INTERMEDIATE_HALT,11:10,12:08,48.0,1114.0,2
1405,Mumbai → Howrah,MUM-HWH,18030,SHM LTT EXPRESS,T3_EXPRESS_PASSENGER,46,TS-MUM-HWH-18030-046,KP,KAMPTEE,Maharashtra,MH,SB-MH,NITR,NETAJI SUBHASH CHANDRA BOSE ITWARI JN,Maharashtra,MH,SB-MH,0,INTRA-SB-MH,SB-MH,INTERMEDIATE_HALT,12:10,12:30,11.0,1125.0,2
1406,Mumbai → Howrah,MUM-HWH,18030,SHM LTT EXPRESS,T3_EXPRESS_PASSENGER,47,TS-MUM-HWH-18030-047,NITR,NETAJI SUBHASH CHANDRA BOSE ITWARI JN,Maharashtra,MH,SB-MH,NGP,NAGPUR JN,Maharashtra,MH,SB-MH,0,INTRA-SB-MH,SB-MH,INTERMEDIATE_HALT,12:32,13:15,4.0,1129.0,2
1407,Mumbai → Howrah,MUM-HWH,18030,SHM LTT EXPRESS,T3_EXPRESS_PASSENGER,48,TS-MUM-HWH-18030-048,NGP,NAGPUR JN,Maharashtra,MH,SB-MH,AJNI,AJNI,Maharashtra,MH,SB-MH,0,INTRA-SB-MH,SB-MH,INTERMEDIATE_HALT,13:35,13:44,3.0,1132.0,2
1408,Mumbai → Howrah,MUM-HWH,18030,SHM LTT EXPRESS,T3_EXPRESS_PASSENGER,49,TS-MUM-HWH-18030-049,AJNI,AJNI,Maharashtra,MH,SB-MH,WR,WARDHA JN,Maharashtra,MH,SB-MH,0,INTRA-SB-MH,SB-MH,INTERMEDIATE_HALT,13:45,14:48,76.0,1208.0,2
1409,Mumbai → Howrah,MUM-HWH,18030,SHM LTT EXPRESS,T3_EXPRESS_PASSENGER,50,TS-MUM-HWH-18030-050,WR,WARDHA JN,Maharashtra,MH,SB-MH,PLO,PULGAON JN,Maharashtra,MH,SB-MH,0,INTRA-SB-MH,SB-MH,INTERMEDIATE_HALT,14:50,15:14,29.0,1237.0,2
1410,Mumbai → Howrah,MUM-HWH,18030,SHM LTT EXPRESS,T3_EXPRESS_PASSENGER,51,TS-MUM-HWH-18030-051,PLO,PULGAON JN,Maharashtra,MH,SB-MH,DMN,DHAMANGAON,Maharashtra,MH,SB-MH,0,INTRA-SB-MH,SB-MH,INTERMEDIATE_HALT,15:15,15:33,20.0,1257.0,2
1411,Mumbai → Howrah,MUM-HWH,18030,SHM LTT EXPRESS,T3_EXPRESS_PASSENGER,52,TS-MUM-HWH-18030-052,DMN,DHAMANGAON,Maharashtra,MH,SB-MH,CND,CHANDUR,Maharashtra,MH,SB-MH,0,INTRA-SB-MH,SB-MH,INTERMEDIATE_HALT,15:34,15:47,17.0,1274.0,2
1412,Mumbai → Howrah,MUM-HWH,18030,SHM LTT EXPRESS,T3_EXPRESS_PASSENGER,53,TS-MUM-HWH-18030-053,CND,CHANDUR,Maharashtra,MH,SB-MH,BD,BADNERA JN,Maharashtra,MH,SB-MH,0,INTRA-SB-MH,SB-MH,INTERMEDIATE_HALT,15:48,16:42,29.0,1303.0,2
1413,Mumbai → Howrah,MUM-HWH,18030,SHM LTT EXPRESS,T3_EXPRESS_PASSENGER,54,TS-MUM-HWH-18030-054,BD,BADNERA JN,Maharashtra,MH,SB-MH,MZR,MURTAJAPUR JN,Maharashtra,MH,SB-MH,0,INTRA-SB-MH,SB-MH,INTERMEDIATE_HALT,16:45,17:13,41.0,1344.0,2
1414,Mumbai → Howrah,MUM-HWH,18030,SHM LTT EXPRESS,T3_EXPRESS_PASSENGER,55,TS-MUM-HWH-18030-055,MZR,MURTAJAPUR JN,Maharashtra,MH,SB-MH,AK,AKOLA JN,Maharashtra,MH,SB-MH,0,INTRA-SB-MH,SB-MH,INTERMEDIATE_HALT,17:15,17:50,38.0,1382.0,2
1415,Mumbai → Howrah,MUM-HWH,18030,SHM LTT EXPRESS,T3_EXPRESS_PASSENGER,56,TS-MUM-HWH-18030-056,AK,AKOLA JN,Maharashtra,MH,SB-MH,SEG,SHEGAON,Maharashtra,MH,SB-MH,0,INTRA-SB-MH,SB-MH,INTERMEDIATE_HALT,17:55,18:18,37.0,1419.0,2
1416,Mumbai → Howrah,MUM-HWH,18030,SHM LTT EXPRESS,T3_EXPRESS_PASSENGER,57,TS-MUM-HWH-18030-057,SEG,SHEGAON,Maharashtra,MH,SB-MH,NN,NANDURA,Maharashtra,MH,SB-MH,0,INTRA-SB-MH,SB-MH,INTERMEDIATE_HALT,18:20,18:38,24.0,1443.0,2
1417,Mumbai → Howrah,MUM-HWH,18030,SHM LTT EXPRESS,T3_EXPRESS_PASSENGER,58,TS-MUM-HWH-18030-058,NN,NANDURA,Maharashtra,MH,SB-MH,MKU,MALKAPUR,Maharashtra,MH,SB-MH,0,INTRA-SB-MH,SB-MH,INTERMEDIATE_HALT,18:40,19:03,28.0,1471.0,2
1418,Mumbai → Howrah,MUM-HWH,18030,SHM LTT EXPRESS,T3_EXPRESS_PASSENGER,59,TS-MUM-HWH-18030-059,MKU,MALKAPUR,Maharashtra,MH,SB-MH,BDWD,BODWAD,Maharashtra,MH,SB-MH,0,INTRA-SB-MH,SB-MH,INTERMEDIATE_HALT,19:05,19:19,20.0,1491.0,2
1419,Mumbai → Howrah,MUM-HWH,18030,SHM LTT EXPRESS,T3_EXPRESS_PASSENGER,60,TS-MUM-HWH-18030-060,BDWD,BODWAD,Maharashtra,MH,SB-MH,BSL,BHUSAVAL JN,Maharashtra,MH,SB-MH,0,INTRA-SB-MH,SB-MH,INTERMEDIATE_HALT,19:20,20:20,31.0,1522.0,2
1420,Mumbai → Howrah,MUM-HWH,18030,SHM LTT EXPRESS,T3_EXPRESS_PASSENGER,61,TS-MUM-HWH-18030-061,BSL,BHUSAVAL JN,Maharashtra,MH,SB-MH,JL,JALGAON JN,Maharashtra,MH,SB-MH,0,INTRA-SB-MH,SB-MH,INTERMEDIATE_HALT,20:25,20:53,24.0,1546.0,2
1421,Mumbai → Howrah,MUM-HWH,18030,SHM LTT EXPRESS,T3_EXPRESS_PASSENGER,62,TS-MUM-HWH-18030-062,JL,JALGAON JN,Maharashtra,MH,SB-MH,PC,PACHORA JN,Maharashtra,MH,SB-MH,0,INTRA-SB-MH,SB-MH,INTERMEDIATE_HALT,20:55,21:26,48.0,1594.0,2
1422,Mumbai → Howrah,MUM-HWH,18030,SHM LTT EXPRESS,T3_EXPRESS_PASSENGER,63,TS-MUM-HWH-18030-063,PC,PACHORA JN,Maharashtra,MH,SB-MH,CSN,CHALISGAON JN,Maharashtra,MH,SB-MH,0,INTRA-SB-MH,SB-MH,INTERMEDIATE_HALT,21:27,22:00,45.0,1639.0,2
1423,Mumbai → Howrah,MUM-HWH,18030,SHM LTT EXPRESS,T3_EXPRESS_PASSENGER,64,TS-MUM-HWH-18030-064,CSN,CHALISGAON JN,Maharashtra,MH,SB-MH,MMR,MANMAD JN,Maharashtra,MH,SB-MH,0,INTRA-SB-MH,SB-MH,INTERMEDIATE_HALT,22:02,23:00,67.0,1706.0,2
1424,Mumbai → Howrah,MUM-HWH,18030,SHM LTT EXPRESS,T3_EXPRESS_PASSENGER,65,TS-MUM-HWH-18030-065,MMR,MANMAD JN,Maharashtra,MH,SB-MH,NK,NASIK ROAD,Maharashtra,MH,SB-MH,0,INTRA-SB-MH,SB-MH,INTERMEDIATE_HALT,23:02,00:02,73.0,1779.0,3
1425,Mumbai → Howrah,MUM-HWH,18030,SHM LTT EXPRESS,T3_EXPRESS_PASSENGER,66,TS-MUM-HWH-18030-066,NK,NASIK ROAD,Maharashtra,MH,SB-MH,IGP,IGATPURI,Maharashtra,MH,SB-MH,0,INTRA-SB-MH,SB-MH,INTERMEDIATE_HALT,00:07,01:22,51.0,1830.0,3
1426,Mumbai → Howrah,MUM-HWH,18030,SHM LTT EXPRESS,T3_EXPRESS_PASSENGER,67,TS-MUM-HWH-18030-067,IGP,IGATPURI,Maharashtra,MH,SB-MH,KSRA,KASARA,Maharashtra,MH,SB-MH,0,INTRA-SB-MH,SB-MH,INTERMEDIATE_HALT,01:27,01:58,16.0,1846.0,3
1427,Mumbai → Howrah,MUM-HWH,18030,SHM LTT EXPRESS,T3_EXPRESS_PASSENGER,68,TS-MUM-HWH-18030-068,KSRA,KASARA,Maharashtra,MH,SB-MH,KYN,KALYAN JN,Maharashtra,MH,SB-MH,0,INTRA-SB-MH,SB-MH,INTERMEDIATE_HALT,02:00,02:58,67.0,1913.0,3
1428,Mumbai → Howrah,MUM-HWH,18030,SHM LTT EXPRESS,T3_EXPRESS_PASSENGER,69,TS-MUM-HWH-18030-069,KYN,KALYAN JN,Maharashtra,MH,SB-MH,TNA,THANE,Maharashtra,MH,SB-MH,0,INTRA-SB-MH,SB-MH,INTERMEDIATE_HALT,03:00,03:20,20.0,1933.0,3
1429,Mumbai → Howrah,MUM-HWH,18030,SHM LTT EXPRESS,T3_EXPRESS_PASSENGER,70,TS-MUM-HWH-18030-070,TNA,THANE,Maharashtra,MH,SB-MH,LTT,LOKMANYATILAK,Maharashtra,MH,SB-MH,0,INTRA-SB-MH,SB-MH,HALTN_TO_DESTINATION,03:22,04:20,17.0,1950.0,3
1430,Howrah → Chennai,HWH-MAS,12839,CHENNAI MAIL,T2_SUPERFAST,1,TS-HWH-MAS-12839-001,HWH,HOWRAH JN,West Bengal,WB,SB-WB,KGP,KHARAGPUR JN,West Bengal,WB,SB-WB,0,INTRA-SB-WB,SB-WB,SOURCE_TO_HALT1,23:45,01:20,116.0,116.0,2
1431,Howrah → Chennai,HWH-MAS,12839,CHENNAI MAIL,T2_SUPERFAST,2,TS-HWH-MAS-12839-002,KGP,KHARAGPUR JN,West Bengal,WB,SB-WB,BLS,BALASORE,Odisha,OD,SB-OD,1,SB-WB->SB-OD,SB-XING-WB-OD,INTERMEDIATE_HALT,01:25,02:45,121.0,237.0,2
1432,Howrah → Chennai,HWH-MAS,12839,CHENNAI MAIL,T2_SUPERFAST,3,TS-HWH-MAS-12839-003,BLS,BALASORE,Odisha,OD,SB-OD,BHC,BHADRAKH,Odisha,OD,SB-OD,0,INTRA-SB-OD,SB-OD,INTERMEDIATE_HALT,02:50,03:50,59.0,296.0,2
1433,Howrah → Chennai,HWH-MAS,12839,CHENNAI MAIL,T2_SUPERFAST,4,TS-HWH-MAS-12839-004,BHC,BHADRAKH,Odisha,OD,SB-OD,JJKR,JAJPUR K ROAD,Odisha,OD,SB-OD,0,INTRA-SB-OD,SB-OD,INTERMEDIATE_HALT,03:52,04:23,43.0,339.0,2
1434,Howrah → Chennai,HWH-MAS,12839,CHENNAI MAIL,T2_SUPERFAST,5,TS-HWH-MAS-12839-005,JJKR,JAJPUR K ROAD,Odisha,OD,SB-OD,CTC,CUTTACK,Odisha,OD,SB-OD,0,INTRA-SB-OD,SB-OD,INTERMEDIATE_HALT,04:25,05:20,72.0,411.0,2
1435,Howrah → Chennai,HWH-MAS,12839,CHENNAI MAIL,T2_SUPERFAST,6,TS-HWH-MAS-12839-006,CTC,CUTTACK,Odisha,OD,SB-OD,BBS,BHUBANESWAR,Odisha,OD,SB-OD,0,INTRA-SB-OD,SB-OD,INTERMEDIATE_HALT,05:25,05:55,27.0,438.0,2
1436,Howrah → Chennai,HWH-MAS,12839,CHENNAI MAIL,T2_SUPERFAST,7,TS-HWH-MAS-12839-007,BBS,BHUBANESWAR,Odisha,OD,SB-OD,KUR,KHURDA ROAD JN,Odisha,OD,SB-OD,0,INTRA-SB-OD,SB-OD,INTERMEDIATE_HALT,06:00,06:30,19.0,457.0,2
1437,Howrah → Chennai,HWH-MAS,12839,CHENNAI MAIL,T2_SUPERFAST,8,TS-HWH-MAS-12839-008,KUR,KHURDA ROAD JN,Odisha,OD,SB-OD,BALU,BALUGAN,Odisha,OD,SB-OD,0,INTRA-SB-OD,SB-OD,INTERMEDIATE_HALT,06:50,07:28,71.0,528.0,2
1438,Howrah → Chennai,HWH-MAS,12839,CHENNAI MAIL,T2_SUPERFAST,9,TS-HWH-MAS-12839-009,BALU,BALUGAN,Odisha,OD,SB-OD,CAP,CHATRAPUR,Odisha,OD,SB-OD,0,INTRA-SB-OD,SB-OD,INTERMEDIATE_HALT,07:30,08:08,55.0,583.0,2
1439,Howrah → Chennai,HWH-MAS,12839,CHENNAI MAIL,T2_SUPERFAST,10,TS-HWH-MAS-12839-010,CAP,CHATRAPUR,Odisha,OD,SB-OD,BAM,BRAHMAPUR,Odisha,OD,SB-OD,0,INTRA-SB-OD,SB-OD,INTERMEDIATE_HALT,08:10,08:20,21.0,604.0,2
1440,Howrah → Chennai,HWH-MAS,12839,CHENNAI MAIL,T2_SUPERFAST,11,TS-HWH-MAS-12839-011,BAM,BRAHMAPUR,Odisha,OD,SB-OD,IPM,ICHCHPURAM,Andhra Pradesh,AP,SB-AP,1,SB-OD->SB-AP,SB-XING-OD-AP,INTERMEDIATE_HALT,08:25,08:53,24.0,628.0,2
1441,Howrah → Chennai,HWH-MAS,12839,CHENNAI MAIL,T2_SUPERFAST,12,TS-HWH-MAS-12839-012,IPM,ICHCHPURAM,Andhra Pradesh,AP,SB-AP,SPT,SOMPETA,Andhra Pradesh,AP,SB-AP,0,INTRA-SB-AP,SB-AP,INTERMEDIATE_HALT,08:55,09:13,18.0,646.0,2
1442,Howrah → Chennai,HWH-MAS,12839,CHENNAI MAIL,T2_SUPERFAST,13,TS-HWH-MAS-12839-013,SPT,SOMPETA,Andhra Pradesh,AP,SB-AP,PSA,PALASA,Andhra Pradesh,AP,SB-AP,0,INTRA-SB-AP,SB-AP,INTERMEDIATE_HALT,09:15,10:22,32.0,678.0,2
1443,Howrah → Chennai,HWH-MAS,12839,CHENNAI MAIL,T2_SUPERFAST,14,TS-HWH-MAS-12839-014,PSA,PALASA,Andhra Pradesh,AP,SB-AP,NWP,NAUPADA JN,Andhra Pradesh,AP,SB-AP,0,INTRA-SB-AP,SB-AP,INTERMEDIATE_HALT,10:24,10:53,26.0,704.0,2
1444,Howrah → Chennai,HWH-MAS,12839,CHENNAI MAIL,T2_SUPERFAST,15,TS-HWH-MAS-12839-015,NWP,NAUPADA JN,Andhra Pradesh,AP,SB-AP,CHE,SRIKAKULAM ROAD,Andhra Pradesh,AP,SB-AP,0,INTRA-SB-AP,SB-AP,INTERMEDIATE_HALT,10:55,11:30,47.0,751.0,2
1445,Howrah → Chennai,HWH-MAS,12839,CHENNAI MAIL,T2_SUPERFAST,16,TS-HWH-MAS-12839-016,CHE,SRIKAKULAM ROAD,Andhra Pradesh,AP,SB-AP,CPP,CHIPURUPALLE,Andhra Pradesh,AP,SB-AP,0,INTRA-SB-AP,SB-AP,INTERMEDIATE_HALT,11:32,11:58,39.0,790.0,2
1446,Howrah → Chennai,HWH-MAS,12839,CHENNAI MAIL,T2_SUPERFAST,17,TS-HWH-MAS-12839-017,CPP,CHIPURUPALLE,Andhra Pradesh,AP,SB-AP,VZM,VIZIANAGRAM JN,Andhra Pradesh,AP,SB-AP,0,INTRA-SB-AP,SB-AP,INTERMEDIATE_HALT,12:00,12:35,30.0,820.0,2
1447,Howrah → Chennai,HWH-MAS,12839,CHENNAI MAIL,T2_SUPERFAST,18,TS-HWH-MAS-12839-018,VZM,VIZIANAGRAM JN,Andhra Pradesh,AP,SB-AP,VSKP,VISAKHAPATNAM,Andhra Pradesh,AP,SB-AP,0,INTRA-SB-AP,SB-AP,INTERMEDIATE_HALT,12:40,13:50,61.0,881.0,2
1448,Howrah → Chennai,HWH-MAS,12839,CHENNAI MAIL,T2_SUPERFAST,19,TS-HWH-MAS-12839-019,VSKP,VISAKHAPATNAM,Andhra Pradesh,AP,SB-AP,AKP,ANAKAPALLE,Andhra Pradesh,AP,SB-AP,0,INTRA-SB-AP,SB-AP,INTERMEDIATE_HALT,14:10,14:59,33.0,914.0,2
1449,Howrah → Chennai,HWH-MAS,12839,CHENNAI MAIL,T2_SUPERFAST,20,TS-HWH-MAS-12839-020,AKP,ANAKAPALLE,Andhra Pradesh,AP,SB-AP,TUNI,TUNI,Andhra Pradesh,AP,SB-AP,0,INTRA-SB-AP,SB-AP,INTERMEDIATE_HALT,15:00,15:44,64.0,978.0,2
1450,Howrah → Chennai,HWH-MAS,12839,CHENNAI MAIL,T2_SUPERFAST,21,TS-HWH-MAS-12839-021,TUNI,TUNI,Andhra Pradesh,AP,SB-AP,ANV,ANNAVARAM,Andhra Pradesh,AP,SB-AP,0,INTRA-SB-AP,SB-AP,INTERMEDIATE_HALT,15:45,16:09,17.0,995.0,2
1451,Howrah → Chennai,HWH-MAS,12839,CHENNAI MAIL,T2_SUPERFAST,22,TS-HWH-MAS-12839-022,ANV,ANNAVARAM,Andhra Pradesh,AP,SB-AP,SLO,SAMALKOT JN,Andhra Pradesh,AP,SB-AP,0,INTRA-SB-AP,SB-AP,INTERMEDIATE_HALT,16:10,16:44,37.0,1032.0,2
1452,Howrah → Chennai,HWH-MAS,12839,CHENNAI MAIL,T2_SUPERFAST,23,TS-HWH-MAS-12839-023,SLO,SAMALKOT JN,Andhra Pradesh,AP,SB-AP,RJY,RAJAMUNDRY,Andhra Pradesh,AP,SB-AP,0,INTRA-SB-AP,SB-AP,INTERMEDIATE_HALT,16:45,17:28,50.0,1082.0,2
1453,Howrah → Chennai,HWH-MAS,12839,CHENNAI MAIL,T2_SUPERFAST,24,TS-HWH-MAS-12839-024,RJY,RAJAMUNDRY,Andhra Pradesh,AP,SB-AP,NDD,NIDADAVOLU JN,Andhra Pradesh,AP,SB-AP,0,INTRA-SB-AP,SB-AP,INTERMEDIATE_HALT,17:30,17:58,22.0,1104.0,2
1454,Howrah → Chennai,HWH-MAS,12839,CHENNAI MAIL,T2_SUPERFAST,25,TS-HWH-MAS-12839-025,NDD,NIDADAVOLU JN,Andhra Pradesh,AP,SB-AP,TDD,TADEPALLIGUDEM,Andhra Pradesh,AP,SB-AP,0,INTRA-SB-AP,SB-AP,INTERMEDIATE_HALT,18:00,18:29,20.0,1124.0,2
1455,Howrah → Chennai,HWH-MAS,12839,CHENNAI MAIL,T2_SUPERFAST,26,TS-HWH-MAS-12839-026,TDD,TADEPALLIGUDEM,Andhra Pradesh,AP,SB-AP,EE,ELURU,Andhra Pradesh,AP,SB-AP,0,INTRA-SB-AP,SB-AP,INTERMEDIATE_HALT,18:30,18:59,48.0,1172.0,2
1456,Howrah → Chennai,HWH-MAS,12839,CHENNAI MAIL,T2_SUPERFAST,27,TS-HWH-MAS-12839-027,EE,ELURU,Andhra Pradesh,AP,SB-AP,BZA,VIJAYAWADA JN,Andhra Pradesh,AP,SB-AP,0,INTRA-SB-AP,SB-AP,INTERMEDIATE_HALT,19:00,20:10,59.0,1231.0,2
1457,Howrah → Chennai,HWH-MAS,12839,CHENNAI MAIL,T2_SUPERFAST,28,TS-HWH-MAS-12839-028,BZA,VIJAYAWADA JN,Andhra Pradesh,AP,SB-AP,TEL,TENALI JN,Andhra Pradesh,AP,SB-AP,0,INTRA-SB-AP,SB-AP,INTERMEDIATE_HALT,20:20,20:49,32.0,1263.0,2
1458,Howrah → Chennai,HWH-MAS,12839,CHENNAI MAIL,T2_SUPERFAST,29,TS-HWH-MAS-12839-029,TEL,TENALI JN,Andhra Pradesh,AP,SB-AP,BPP,BAPATLA,Andhra Pradesh,AP,SB-AP,0,INTRA-SB-AP,SB-AP,INTERMEDIATE_HALT,20:50,21:24,42.0,1305.0,2
1459,Howrah → Chennai,HWH-MAS,12839,CHENNAI MAIL,T2_SUPERFAST,30,TS-HWH-MAS-12839-030,BPP,BAPATLA,Andhra Pradesh,AP,SB-AP,CLX,CHIRALA,Andhra Pradesh,AP,SB-AP,0,INTRA-SB-AP,SB-AP,INTERMEDIATE_HALT,21:25,21:44,15.0,1320.0,2
1460,Howrah → Chennai,HWH-MAS,12839,CHENNAI MAIL,T2_SUPERFAST,31,TS-HWH-MAS-12839-031,CLX,CHIRALA,Andhra Pradesh,AP,SB-AP,OGL,ONGOLE,Andhra Pradesh,AP,SB-AP,0,INTRA-SB-AP,SB-AP,INTERMEDIATE_HALT,21:45,22:24,50.0,1370.0,2
1461,Howrah → Chennai,HWH-MAS,12839,CHENNAI MAIL,T2_SUPERFAST,32,TS-HWH-MAS-12839-032,OGL,ONGOLE,Andhra Pradesh,AP,SB-AP,NLR,NELLORE,Andhra Pradesh,AP,SB-AP,0,INTRA-SB-AP,SB-AP,INTERMEDIATE_HALT,22:25,00:04,116.0,1486.0,3
1462,Howrah → Chennai,HWH-MAS,12839,CHENNAI MAIL,T2_SUPERFAST,33,TS-HWH-MAS-12839-033,NLR,NELLORE,Andhra Pradesh,AP,SB-AP,GDR,GUDUR JN,Andhra Pradesh,AP,SB-AP,0,INTRA-SB-AP,SB-AP,INTERMEDIATE_HALT,00:05,00:48,38.0,1524.0,3
1463,Howrah → Chennai,HWH-MAS,12839,CHENNAI MAIL,T2_SUPERFAST,34,TS-HWH-MAS-12839-034,GDR,GUDUR JN,Andhra Pradesh,AP,SB-AP,MAS,PURATCHI THALAIVAR DR. MGR CTL,Tamil Nadu,TN,SB-TN,1,SB-AP->SB-TN,SB-XING-AP-TN,HALTN_TO_DESTINATION,00:50,03:20,135.0,1659.0,3
1464,Howrah → Chennai,HWH-MAS,12841,COROMANDAL EXP,T2_SUPERFAST,1,TS-HWH-MAS-12841-001,HWH,HOWRAH JN,West Bengal,WB,SB-WB,SRC,SANTRAGACHI JN,West Bengal,WB,SB-WB,0,INTRA-SB-WB,SB-WB,SOURCE_TO_HALT1,15:10,15:30,7.0,7.0,1
1465,Howrah → Chennai,HWH-MAS,12841,COROMANDAL EXP,T2_SUPERFAST,2,TS-HWH-MAS-12841-002,SRC,SANTRAGACHI JN,West Bengal,WB,SB-WB,KGP,KHARAGPUR JN,West Bengal,WB,SB-WB,0,INTRA-SB-WB,SB-WB,INTERMEDIATE_HALT,15:32,16:55,109.0,116.0,1
1466,Howrah → Chennai,HWH-MAS,12841,COROMANDAL EXP,T2_SUPERFAST,3,TS-HWH-MAS-12841-003,KGP,KHARAGPUR JN,West Bengal,WB,SB-WB,BLS,BALASORE,Odisha,OD,SB-OD,1,SB-WB->SB-OD,SB-XING-WB-OD,INTERMEDIATE_HALT,17:00,18:15,121.0,237.0,1
1467,Howrah → Chennai,HWH-MAS,12841,COROMANDAL EXP,T2_SUPERFAST,4,TS-HWH-MAS-12841-004,BLS,BALASORE,Odisha,OD,SB-OD,BHC,BHADRAKH,Odisha,OD,SB-OD,0,INTRA-SB-OD,SB-OD,INTERMEDIATE_HALT,18:20,19:18,59.0,296.0,1
1468,Howrah → Chennai,HWH-MAS,12841,COROMANDAL EXP,T2_SUPERFAST,5,TS-HWH-MAS-12841-005,BHC,BHADRAKH,Odisha,OD,SB-OD,JJKR,JAJPUR K ROAD,Odisha,OD,SB-OD,0,INTRA-SB-OD,SB-OD,INTERMEDIATE_HALT,19:20,19:55,43.0,339.0,1
1469,Howrah → Chennai,HWH-MAS,12841,COROMANDAL EXP,T2_SUPERFAST,6,TS-HWH-MAS-12841-006,JJKR,JAJPUR K ROAD,Odisha,OD,SB-OD,CTC,CUTTACK,Odisha,OD,SB-OD,0,INTRA-SB-OD,SB-OD,INTERMEDIATE_HALT,19:57,21:08,72.0,411.0,1
1470,Howrah → Chennai,HWH-MAS,12841,COROMANDAL EXP,T2_SUPERFAST,7,TS-HWH-MAS-12841-007,CTC,CUTTACK,Odisha,OD,SB-OD,BBS,BHUBANESWAR,Odisha,OD,SB-OD,0,INTRA-SB-OD,SB-OD,INTERMEDIATE_HALT,21:13,21:50,27.0,438.0,1
1471,Howrah → Chennai,HWH-MAS,12841,COROMANDAL EXP,T2_SUPERFAST,8,TS-HWH-MAS-12841-008,BBS,BHUBANESWAR,Odisha,OD,SB-OD,KUR,KHURDA ROAD JN,Odisha,OD,SB-OD,0,INTRA-SB-OD,SB-OD,INTERMEDIATE_HALT,21:55,22:00,19.0,457.0,1
1472,Howrah → Chennai,HWH-MAS,12841,COROMANDAL EXP,T2_SUPERFAST,9,TS-HWH-MAS-12841-009,KUR,KHURDA ROAD JN,Odisha,OD,SB-OD,BAM,BRAHMAPUR,Odisha,OD,SB-OD,0,INTRA-SB-OD,SB-OD,INTERMEDIATE_HALT,22:10,00:03,147.0,604.0,2
1473,Howrah → Chennai,HWH-MAS,12841,COROMANDAL EXP,T2_SUPERFAST,10,TS-HWH-MAS-12841-010,BAM,BRAHMAPUR,Odisha,OD,SB-OD,VSKP,VISAKHAPATNAM,Andhra Pradesh,AP,SB-AP,1,SB-OD->SB-AP,SB-XING-OD-AP,INTERMEDIATE_HALT,00:05,04:20,277.0,881.0,2
1474,Howrah → Chennai,HWH-MAS,12841,COROMANDAL EXP,T2_SUPERFAST,11,TS-HWH-MAS-12841-011,VSKP,VISAKHAPATNAM,Andhra Pradesh,AP,SB-AP,RJY,RAJAMUNDRY,Andhra Pradesh,AP,SB-AP,0,INTRA-SB-AP,SB-AP,INTERMEDIATE_HALT,04:40,07:13,201.0,1082.0,2
1475,Howrah → Chennai,HWH-MAS,12841,COROMANDAL EXP,T2_SUPERFAST,12,TS-HWH-MAS-12841-012,RJY,RAJAMUNDRY,Andhra Pradesh,AP,SB-AP,TDD,TADEPALLIGUDEM,Andhra Pradesh,AP,SB-AP,0,INTRA-SB-AP,SB-AP,INTERMEDIATE_HALT,07:15,08:04,42.0,1124.0,2
1476,Howrah → Chennai,HWH-MAS,12841,COROMANDAL EXP,T2_SUPERFAST,13,TS-HWH-MAS-12841-013,TDD,TADEPALLIGUDEM,Andhra Pradesh,AP,SB-AP,EE,ELURU,Andhra Pradesh,AP,SB-AP,0,INTRA-SB-AP,SB-AP,INTERMEDIATE_HALT,08:05,08:44,48.0,1172.0,2
1477,Howrah → Chennai,HWH-MAS,12841,COROMANDAL EXP,T2_SUPERFAST,14,TS-HWH-MAS-12841-014,EE,ELURU,Andhra Pradesh,AP,SB-AP,BZA,VIJAYAWADA JN,Andhra Pradesh,AP,SB-AP,0,INTRA-SB-AP,SB-AP,INTERMEDIATE_HALT,08:45,10:10,59.0,1231.0,2
1478,Howrah → Chennai,HWH-MAS,12841,COROMANDAL EXP,T2_SUPERFAST,15,TS-HWH-MAS-12841-015,BZA,VIJAYAWADA JN,Andhra Pradesh,AP,SB-AP,MAS,PURATCHI THALAIVAR DR. MGR CTL,Tamil Nadu,TN,SB-TN,1,SB-AP->SB-TN,SB-XING-AP-TN,HALTN_TO_DESTINATION,10:20,17:00,428.0,1659.0,2
1479,Howrah → Chennai,HWH-MAS,16108,TBM AMRIT BHARAT,T3_EXPRESS_PASSENGER,1,TS-HWH-MAS-16108-001,SRC,SANTRAGACHI JN,West Bengal,WB,SB-WB,KGP,KHARAGPUR JN,West Bengal,WB,SB-WB,0,INTRA-SB-WB,SB-WB,SOURCE_TO_HALT1,23:55,01:40,109.0,109.0,2
1480,Howrah → Chennai,HWH-MAS,16108,TBM AMRIT BHARAT,T3_EXPRESS_PASSENGER,2,TS-HWH-MAS-16108-002,KGP,KHARAGPUR JN,West Bengal,WB,SB-WB,BLS,BALASORE,Odisha,OD,SB-OD,1,SB-WB->SB-OD,SB-XING-WB-OD,INTERMEDIATE_HALT,01:45,03:12,121.0,230.0,2
1481,Howrah → Chennai,HWH-MAS,16108,TBM AMRIT BHARAT,T3_EXPRESS_PASSENGER,3,TS-HWH-MAS-16108-003,BLS,BALASORE,Odisha,OD,SB-OD,BHC,BHADRAKH,Odisha,OD,SB-OD,0,INTRA-SB-OD,SB-OD,INTERMEDIATE_HALT,03:17,03:50,59.0,289.0,2
1482,Howrah → Chennai,HWH-MAS,16108,TBM AMRIT BHARAT,T3_EXPRESS_PASSENGER,4,TS-HWH-MAS-16108-004,BHC,BHADRAKH,Odisha,OD,SB-OD,JJKR,JAJPUR K ROAD,Odisha,OD,SB-OD,0,INTRA-SB-OD,SB-OD,INTERMEDIATE_HALT,03:52,04:41,43.0,332.0,2
1483,Howrah → Chennai,HWH-MAS,16108,TBM AMRIT BHARAT,T3_EXPRESS_PASSENGER,5,TS-HWH-MAS-16108-005,JJKR,JAJPUR K ROAD,Odisha,OD,SB-OD,CTC,CUTTACK,Odisha,OD,SB-OD,0,INTRA-SB-OD,SB-OD,INTERMEDIATE_HALT,04:43,06:25,72.0,404.0,2
1484,Howrah → Chennai,HWH-MAS,16108,TBM AMRIT BHARAT,T3_EXPRESS_PASSENGER,6,TS-HWH-MAS-16108-006,CTC,CUTTACK,Odisha,OD,SB-OD,BBS,BHUBANESWAR,Odisha,OD,SB-OD,0,INTRA-SB-OD,SB-OD,INTERMEDIATE_HALT,06:30,07:50,27.0,431.0,2
1485,Howrah → Chennai,HWH-MAS,16108,TBM AMRIT BHARAT,T3_EXPRESS_PASSENGER,7,TS-HWH-MAS-16108-007,BBS,BHUBANESWAR,Odisha,OD,SB-OD,KUR,KHURDA ROAD JN,Odisha,OD,SB-OD,0,INTRA-SB-OD,SB-OD,INTERMEDIATE_HALT,07:55,08:15,19.0,450.0,2
1486,Howrah → Chennai,HWH-MAS,16108,TBM AMRIT BHARAT,T3_EXPRESS_PASSENGER,8,TS-HWH-MAS-16108-008,KUR,KHURDA ROAD JN,Odisha,OD,SB-OD,BALU,BALUGAN,Odisha,OD,SB-OD,0,INTRA-SB-OD,SB-OD,INTERMEDIATE_HALT,08:35,09:28,71.0,521.0,2
1487,Howrah → Chennai,HWH-MAS,16108,TBM AMRIT BHARAT,T3_EXPRESS_PASSENGER,9,TS-HWH-MAS-16108-009,BALU,BALUGAN,Odisha,OD,SB-OD,BAM,BRAHMAPUR,Odisha,OD,SB-OD,0,INTRA-SB-OD,SB-OD,INTERMEDIATE_HALT,09:30,10:00,76.0,597.0,2
1488,Howrah → Chennai,HWH-MAS,16108,TBM AMRIT BHARAT,T3_EXPRESS_PASSENGER,10,TS-HWH-MAS-16108-010,BAM,BRAHMAPUR,Odisha,OD,SB-OD,PSA,PALASA,Andhra Pradesh,AP,SB-AP,1,SB-OD->SB-AP,SB-XING-OD-AP,INTERMEDIATE_HALT,10:05,12:48,74.0,671.0,2
1489,Howrah → Chennai,HWH-MAS,16108,TBM AMRIT BHARAT,T3_EXPRESS_PASSENGER,11,TS-HWH-MAS-16108-011,PSA,PALASA,Andhra Pradesh,AP,SB-AP,CHE,SRIKAKULAM ROAD,Andhra Pradesh,AP,SB-AP,0,INTRA-SB-AP,SB-AP,INTERMEDIATE_HALT,12:50,13:43,73.0,744.0,2
1490,Howrah → Chennai,HWH-MAS,16108,TBM AMRIT BHARAT,T3_EXPRESS_PASSENGER,12,TS-HWH-MAS-16108-012,CHE,SRIKAKULAM ROAD,Andhra Pradesh,AP,SB-AP,VZM,VIZIANAGRAM JN,Andhra Pradesh,AP,SB-AP,0,INTRA-SB-AP,SB-AP,INTERMEDIATE_HALT,13:45,15:10,69.0,813.0,2
1491,Howrah → Chennai,HWH-MAS,16108,TBM AMRIT BHARAT,T3_EXPRESS_PASSENGER,13,TS-HWH-MAS-16108-013,VZM,VIZIANAGRAM JN,Andhra Pradesh,AP,SB-AP,KTV,KOTTAVALASA,Andhra Pradesh,AP,SB-AP,0,INTRA-SB-AP,SB-AP,INTERMEDIATE_HALT,15:20,15:45,35.0,848.0,2
1492,Howrah → Chennai,HWH-MAS,16108,TBM AMRIT BHARAT,T3_EXPRESS_PASSENGER,14,TS-HWH-MAS-16108-014,KTV,KOTTAVALASA,Andhra Pradesh,AP,SB-AP,PDT,PENDURTI,Andhra Pradesh,AP,SB-AP,0,INTRA-SB-AP,SB-AP,INTERMEDIATE_HALT,15:47,15:55,9.0,857.0,2
1493,Howrah → Chennai,HWH-MAS,16108,TBM AMRIT BHARAT,T3_EXPRESS_PASSENGER,15,TS-HWH-MAS-16108-015,PDT,PENDURTI,Andhra Pradesh,AP,SB-AP,DVD,DUVVADA,Andhra Pradesh,AP,SB-AP,0,INTRA-SB-AP,SB-AP,INTERMEDIATE_HALT,15:57,17:08,21.0,878.0,2
1494,Howrah → Chennai,HWH-MAS,16108,TBM AMRIT BHARAT,T3_EXPRESS_PASSENGER,16,TS-HWH-MAS-16108-016,DVD,DUVVADA,Andhra Pradesh,AP,SB-AP,AKP,ANAKAPALLE,Andhra Pradesh,AP,SB-AP,0,INTRA-SB-AP,SB-AP,INTERMEDIATE_HALT,17:10,17:28,16.0,894.0,2
1495,Howrah → Chennai,HWH-MAS,16108,TBM AMRIT BHARAT,T3_EXPRESS_PASSENGER,17,TS-HWH-MAS-16108-017,AKP,ANAKAPALLE,Andhra Pradesh,AP,SB-AP,SLO,SAMALKOT JN,Andhra Pradesh,AP,SB-AP,0,INTRA-SB-AP,SB-AP,INTERMEDIATE_HALT,17:30,19:28,117.0,1011.0,2
1496,Howrah → Chennai,HWH-MAS,16108,TBM AMRIT BHARAT,T3_EXPRESS_PASSENGER,18,TS-HWH-MAS-16108-018,SLO,SAMALKOT JN,Andhra Pradesh,AP,SB-AP,RJY,RAJAMUNDRY,Andhra Pradesh,AP,SB-AP,0,INTRA-SB-AP,SB-AP,INTERMEDIATE_HALT,19:30,21:13,50.0,1061.0,2
1497,Howrah → Chennai,HWH-MAS,16108,TBM AMRIT BHARAT,T3_EXPRESS_PASSENGER,19,TS-HWH-MAS-16108-019,RJY,RAJAMUNDRY,Andhra Pradesh,AP,SB-AP,EE,ELURU,Andhra Pradesh,AP,SB-AP,0,INTRA-SB-AP,SB-AP,INTERMEDIATE_HALT,21:15,22:23,90.0,1151.0,2
1498,Howrah → Chennai,HWH-MAS,16108,TBM AMRIT BHARAT,T3_EXPRESS_PASSENGER,20,TS-HWH-MAS-16108-020,EE,ELURU,Andhra Pradesh,AP,SB-AP,BZA,VIJAYAWADA JN,Andhra Pradesh,AP,SB-AP,0,INTRA-SB-AP,SB-AP,INTERMEDIATE_HALT,22:25,00:05,60.0,1211.0,3
1499,Howrah → Chennai,HWH-MAS,16108,TBM AMRIT BHARAT,T3_EXPRESS_PASSENGER,21,TS-HWH-MAS-16108-021,BZA,VIJAYAWADA JN,Andhra Pradesh,AP,SB-AP,TEL,TENALI JN,Andhra Pradesh,AP,SB-AP,0,INTRA-SB-AP,SB-AP,INTERMEDIATE_HALT,00:15,00:38,31.0,1242.0,3
1500,Howrah → Chennai,HWH-MAS,16108,TBM AMRIT BHARAT,T3_EXPRESS_PASSENGER,22,TS-HWH-MAS-16108-022,TEL,TENALI JN,Andhra Pradesh,AP,SB-AP,CLX,CHIRALA,Andhra Pradesh,AP,SB-AP,0,INTRA-SB-AP,SB-AP,INTERMEDIATE_HALT,00:40,01:28,58.0,1300.0,3
1501,Howrah → Chennai,HWH-MAS,16108,TBM AMRIT BHARAT,T3_EXPRESS_PASSENGER,23,TS-HWH-MAS-16108-023,CLX,CHIRALA,Andhra Pradesh,AP,SB-AP,OGL,ONGOLE,Andhra Pradesh,AP,SB-AP,0,INTRA-SB-AP,SB-AP,INTERMEDIATE_HALT,01:30,02:08,49.0,1349.0,3
1502,Howrah → Chennai,HWH-MAS,16108,TBM AMRIT BHARAT,T3_EXPRESS_PASSENGER,24,TS-HWH-MAS-16108-024,OGL,ONGOLE,Andhra Pradesh,AP,SB-AP,NLR,NELLORE,Andhra Pradesh,AP,SB-AP,0,INTRA-SB-AP,SB-AP,INTERMEDIATE_HALT,02:10,04:18,116.0,1465.0,3
1503,Howrah → Chennai,HWH-MAS,16108,TBM AMRIT BHARAT,T3_EXPRESS_PASSENGER,25,TS-HWH-MAS-16108-025,NLR,NELLORE,Andhra Pradesh,AP,SB-AP,SPE,SULLURUPETA,Andhra Pradesh,AP,SB-AP,0,INTRA-SB-AP,SB-AP,INTERMEDIATE_HALT,04:20,06:08,93.0,1558.0,3
1504,Howrah → Chennai,HWH-MAS,16108,TBM AMRIT BHARAT,T3_EXPRESS_PASSENGER,26,TS-HWH-MAS-16108-026,SPE,SULLURUPETA,Andhra Pradesh,AP,SB-AP,MS,CHENNAI EGMORE,Tamil Nadu,TN,SB-TN,1,SB-AP->SB-TN,SB-XING-AP-TN,INTERMEDIATE_HALT,06:10,08:10,86.0,1644.0,3
1505,Howrah → Chennai,HWH-MAS,16108,TBM AMRIT BHARAT,T3_EXPRESS_PASSENGER,27,TS-HWH-MAS-16108-027,MS,CHENNAI EGMORE,Tamil Nadu,TN,SB-TN,TBM,TAMBARAM,Tamil Nadu,TN,SB-TN,0,INTRA-SB-TN,SB-TN,HALTN_TO_DESTINATION,08:15,09:05,25.0,1669.0,3
1506,Howrah → Chennai,HWH-MAS,18041,SHM MAS EXP,T3_EXPRESS_PASSENGER,1,TS-HWH-MAS-18041-001,SHM,SHALIMAR,West Bengal,WB,SB-WB,SRC,SANTRAGACHI JN,West Bengal,WB,SB-WB,0,INTRA-SB-WB,SB-WB,SOURCE_TO_HALT1,14:45,15:00,5.0,5.0,1
1507,Howrah → Chennai,HWH-MAS,18041,SHM MAS EXP,T3_EXPRESS_PASSENGER,2,TS-HWH-MAS-18041-002,SRC,SANTRAGACHI JN,West Bengal,WB,SB-WB,KGP,KHARAGPUR JN,West Bengal,WB,SB-WB,0,INTRA-SB-WB,SB-WB,INTERMEDIATE_HALT,15:02,16:25,108.0,113.0,1
1508,Howrah → Chennai,HWH-MAS,18041,SHM MAS EXP,T3_EXPRESS_PASSENGER,3,TS-HWH-MAS-18041-003,KGP,KHARAGPUR JN,West Bengal,WB,SB-WB,BLS,BALASORE,Odisha,OD,SB-OD,1,SB-WB->SB-OD,SB-XING-WB-OD,INTERMEDIATE_HALT,16:30,17:58,121.0,234.0,1
1509,Howrah → Chennai,HWH-MAS,18041,SHM MAS EXP,T3_EXPRESS_PASSENGER,4,TS-HWH-MAS-18041-004,BLS,BALASORE,Odisha,OD,SB-OD,BHC,BHADRAKH,Odisha,OD,SB-OD,0,INTRA-SB-OD,SB-OD,INTERMEDIATE_HALT,18:00,18:50,59.0,293.0,1
1510,Howrah → Chennai,HWH-MAS,18041,SHM MAS EXP,T3_EXPRESS_PASSENGER,5,TS-HWH-MAS-18041-005,BHC,BHADRAKH,Odisha,OD,SB-OD,CTC,CUTTACK,Odisha,OD,SB-OD,0,INTRA-SB-OD,SB-OD,INTERMEDIATE_HALT,18:52,20:39,116.0,409.0,1
1511,Howrah → Chennai,HWH-MAS,18041,SHM MAS EXP,T3_EXPRESS_PASSENGER,6,TS-HWH-MAS-18041-006,CTC,CUTTACK,Odisha,OD,SB-OD,BBS,BHUBANESWAR,Odisha,OD,SB-OD,0,INTRA-SB-OD,SB-OD,INTERMEDIATE_HALT,20:44,21:10,27.0,436.0,1
1512,Howrah → Chennai,HWH-MAS,18041,SHM MAS EXP,T3_EXPRESS_PASSENGER,7,TS-HWH-MAS-18041-007,BBS,BHUBANESWAR,Odisha,OD,SB-OD,KUR,KHURDA ROAD JN,Odisha,OD,SB-OD,0,INTRA-SB-OD,SB-OD,INTERMEDIATE_HALT,21:15,21:30,19.0,455.0,1
1513,Howrah → Chennai,HWH-MAS,18041,SHM MAS EXP,T3_EXPRESS_PASSENGER,8,TS-HWH-MAS-18041-008,KUR,KHURDA ROAD JN,Odisha,OD,SB-OD,BAM,BRAHMAPUR,Odisha,OD,SB-OD,0,INTRA-SB-OD,SB-OD,INTERMEDIATE_HALT,21:40,23:23,147.0,602.0,1
1514,Howrah → Chennai,HWH-MAS,18041,SHM MAS EXP,T3_EXPRESS_PASSENGER,9,TS-HWH-MAS-18041-009,BAM,BRAHMAPUR,Odisha,OD,SB-OD,VZM,VIZIANAGRAM JN,Andhra Pradesh,AP,SB-AP,1,SB-OD->SB-AP,SB-XING-OD-AP,INTERMEDIATE_HALT,23:25,02:40,216.0,818.0,2
1515,Howrah → Chennai,HWH-MAS,18041,SHM MAS EXP,T3_EXPRESS_PASSENGER,10,TS-HWH-MAS-18041-010,VZM,VIZIANAGRAM JN,Andhra Pradesh,AP,SB-AP,DVD,DUVVADA,Andhra Pradesh,AP,SB-AP,0,INTRA-SB-AP,SB-AP,INTERMEDIATE_HALT,02:50,04:40,65.0,883.0,2
1516,Howrah → Chennai,HWH-MAS,18041,SHM MAS EXP,T3_EXPRESS_PASSENGER,11,TS-HWH-MAS-18041-011,DVD,DUVVADA,Andhra Pradesh,AP,SB-AP,SLO,SAMALKOT JN,Andhra Pradesh,AP,SB-AP,0,INTRA-SB-AP,SB-AP,INTERMEDIATE_HALT,04:42,05:58,133.0,1016.0,2
1517,Howrah → Chennai,HWH-MAS,18041,SHM MAS EXP,T3_EXPRESS_PASSENGER,12,TS-HWH-MAS-18041-012,SLO,SAMALKOT JN,Andhra Pradesh,AP,SB-AP,RJY,RAJAMUNDRY,Andhra Pradesh,AP,SB-AP,0,INTRA-SB-AP,SB-AP,INTERMEDIATE_HALT,06:00,06:43,50.0,1066.0,2
1518,Howrah → Chennai,HWH-MAS,18041,SHM MAS EXP,T3_EXPRESS_PASSENGER,13,TS-HWH-MAS-18041-013,RJY,RAJAMUNDRY,Andhra Pradesh,AP,SB-AP,BZA,VIJAYAWADA JN,Andhra Pradesh,AP,SB-AP,0,INTRA-SB-AP,SB-AP,INTERMEDIATE_HALT,06:45,09:30,149.0,1215.0,2
1519,Howrah → Chennai,HWH-MAS,18041,SHM MAS EXP,T3_EXPRESS_PASSENGER,14,TS-HWH-MAS-18041-014,BZA,VIJAYAWADA JN,Andhra Pradesh,AP,SB-AP,OGL,ONGOLE,Andhra Pradesh,AP,SB-AP,0,INTRA-SB-AP,SB-AP,INTERMEDIATE_HALT,09:40,11:38,139.0,1354.0,2
1520,Howrah → Chennai,HWH-MAS,18041,SHM MAS EXP,T3_EXPRESS_PASSENGER,15,TS-HWH-MAS-18041-015,OGL,ONGOLE,Andhra Pradesh,AP,SB-AP,NLR,NELLORE,Andhra Pradesh,AP,SB-AP,0,INTRA-SB-AP,SB-AP,INTERMEDIATE_HALT,11:40,13:08,116.0,1470.0,2
1521,Howrah → Chennai,HWH-MAS,18041,SHM MAS EXP,T3_EXPRESS_PASSENGER,16,TS-HWH-MAS-18041-016,NLR,NELLORE,Andhra Pradesh,AP,SB-AP,MAS,PURATCHI THALAIVAR DR. MGR CTL,Tamil Nadu,TN,SB-TN,1,SB-AP->SB-TN,SB-XING-AP-TN,HALTN_TO_DESTINATION,13:10,16:45,174.0,1644.0,2
1522,Howrah → Chennai,HWH-MAS,22807,MAS SUF AC EXP,T2_SUPERFAST,1,TS-HWH-MAS-22807-001,SRC,SANTRAGACHI JN,West Bengal,WB,SB-WB,KGP,KHARAGPUR JN,West Bengal,WB,SB-WB,0,INTRA-SB-WB,SB-WB,SOURCE_TO_HALT1,17:55,19:15,108.0,108.0,1
1523,Howrah → Chennai,HWH-MAS,22807,MAS SUF AC EXP,T2_SUPERFAST,2,TS-HWH-MAS-22807-002,KGP,KHARAGPUR JN,West Bengal,WB,SB-WB,BLS,BALASORE,Odisha,OD,SB-OD,1,SB-WB->SB-OD,SB-XING-WB-OD,INTERMEDIATE_HALT,19:20,20:40,121.0,229.0,1
1524,Howrah → Chennai,HWH-MAS,22807,MAS SUF AC EXP,T2_SUPERFAST,3,TS-HWH-MAS-22807-003,BLS,BALASORE,Odisha,OD,SB-OD,BHC,BHADRAKH,Odisha,OD,SB-OD,0,INTRA-SB-OD,SB-OD,INTERMEDIATE_HALT,20:45,21:35,59.0,288.0,1
1525,Howrah → Chennai,HWH-MAS,22807,MAS SUF AC EXP,T2_SUPERFAST,4,TS-HWH-MAS-22807-004,BHC,BHADRAKH,Odisha,OD,SB-OD,CTC,CUTTACK,Odisha,OD,SB-OD,0,INTRA-SB-OD,SB-OD,INTERMEDIATE_HALT,21:37,23:25,116.0,404.0,1
1526,Howrah → Chennai,HWH-MAS,22807,MAS SUF AC EXP,T2_SUPERFAST,5,TS-HWH-MAS-22807-005,CTC,CUTTACK,Odisha,OD,SB-OD,BBS,BHUBANESWAR,Odisha,OD,SB-OD,0,INTRA-SB-OD,SB-OD,INTERMEDIATE_HALT,23:30,23:58,27.0,431.0,2
1527,Howrah → Chennai,HWH-MAS,22807,MAS SUF AC EXP,T2_SUPERFAST,6,TS-HWH-MAS-22807-006,BBS,BHUBANESWAR,Odisha,OD,SB-OD,KUR,KHURDA ROAD JN,Odisha,OD,SB-OD,0,INTRA-SB-OD,SB-OD,INTERMEDIATE_HALT,00:03,00:20,19.0,450.0,2
1528,Howrah → Chennai,HWH-MAS,22807,MAS SUF AC EXP,T2_SUPERFAST,7,TS-HWH-MAS-22807-007,KUR,KHURDA ROAD JN,Odisha,OD,SB-OD,VZM,VIZIANAGRAM JN,Andhra Pradesh,AP,SB-AP,1,SB-OD->SB-AP,SB-XING-OD-AP,INTERMEDIATE_HALT,00:30,05:40,363.0,813.0,2
1529,Howrah → Chennai,HWH-MAS,22807,MAS SUF AC EXP,T2_SUPERFAST,8,TS-HWH-MAS-22807-008,VZM,VIZIANAGRAM JN,Andhra Pradesh,AP,SB-AP,VSKP,VISAKHAPATNAM,Andhra Pradesh,AP,SB-AP,0,INTRA-SB-AP,SB-AP,INTERMEDIATE_HALT,05:45,07:00,61.0,874.0,2
1530,Howrah → Chennai,HWH-MAS,22807,MAS SUF AC EXP,T2_SUPERFAST,9,TS-HWH-MAS-22807-009,VSKP,VISAKHAPATNAM,Andhra Pradesh,AP,SB-AP,SLO,SAMALKOT JN,Andhra Pradesh,AP,SB-AP,0,INTRA-SB-AP,SB-AP,INTERMEDIATE_HALT,07:20,09:33,150.0,1024.0,2
1531,Howrah → Chennai,HWH-MAS,22807,MAS SUF AC EXP,T2_SUPERFAST,10,TS-HWH-MAS-22807-010,SLO,SAMALKOT JN,Andhra Pradesh,AP,SB-AP,RJY,RAJAMUNDRY,Andhra Pradesh,AP,SB-AP,0,INTRA-SB-AP,SB-AP,INTERMEDIATE_HALT,09:35,10:13,50.0,1074.0,2
1532,Howrah → Chennai,HWH-MAS,22807,MAS SUF AC EXP,T2_SUPERFAST,11,TS-HWH-MAS-22807-011,RJY,RAJAMUNDRY,Andhra Pradesh,AP,SB-AP,TDD,TADEPALLIGUDEM,Andhra Pradesh,AP,SB-AP,0,INTRA-SB-AP,SB-AP,INTERMEDIATE_HALT,10:15,10:58,43.0,1117.0,2
1533,Howrah → Chennai,HWH-MAS,22807,MAS SUF AC EXP,T2_SUPERFAST,12,TS-HWH-MAS-22807-012,TDD,TADEPALLIGUDEM,Andhra Pradesh,AP,SB-AP,BZA,VIJAYAWADA JN,Andhra Pradesh,AP,SB-AP,0,INTRA-SB-AP,SB-AP,INTERMEDIATE_HALT,11:00,13:00,107.0,1224.0,2
1534,Howrah → Chennai,HWH-MAS,22807,MAS SUF AC EXP,T2_SUPERFAST,13,TS-HWH-MAS-22807-013,BZA,VIJAYAWADA JN,Andhra Pradesh,AP,SB-AP,OGL,ONGOLE,Andhra Pradesh,AP,SB-AP,0,INTRA-SB-AP,SB-AP,INTERMEDIATE_HALT,13:10,15:28,138.0,1362.0,2
1535,Howrah → Chennai,HWH-MAS,22807,MAS SUF AC EXP,T2_SUPERFAST,14,TS-HWH-MAS-22807-014,OGL,ONGOLE,Andhra Pradesh,AP,SB-AP,NLR,NELLORE,Andhra Pradesh,AP,SB-AP,0,INTRA-SB-AP,SB-AP,INTERMEDIATE_HALT,15:30,17:03,116.0,1478.0,2
1536,Howrah → Chennai,HWH-MAS,22807,MAS SUF AC EXP,T2_SUPERFAST,15,TS-HWH-MAS-22807-015,NLR,NELLORE,Andhra Pradesh,AP,SB-AP,GDR,GUDUR JN,Andhra Pradesh,AP,SB-AP,0,INTRA-SB-AP,SB-AP,INTERMEDIATE_HALT,17:05,17:38,39.0,1517.0,2
1537,Howrah → Chennai,HWH-MAS,22807,MAS SUF AC EXP,T2_SUPERFAST,16,TS-HWH-MAS-22807-016,GDR,GUDUR JN,Andhra Pradesh,AP,SB-AP,SPE,SULLURUPETA,Andhra Pradesh,AP,SB-AP,0,INTRA-SB-AP,SB-AP,INTERMEDIATE_HALT,17:40,18:18,54.0,1571.0,2
1538,Howrah → Chennai,HWH-MAS,22807,MAS SUF AC EXP,T2_SUPERFAST,17,TS-HWH-MAS-22807-017,SPE,SULLURUPETA,Andhra Pradesh,AP,SB-AP,MAS,PURATCHI THALAIVAR DR. MGR CTL,Tamil Nadu,TN,SB-TN,1,SB-AP->SB-TN,SB-XING-AP-TN,HALTN_TO_DESTINATION,18:20,20:20,81.0,1652.0,2
1539,Howrah → Chennai,HWH-MAS,22825,SHM MAS SF EXP,T2_SUPERFAST,1,TS-HWH-MAS-22825-001,SHM,SHALIMAR,West Bengal,WB,SB-WB,SRC,SANTRAGACHI JN,West Bengal,WB,SB-WB,0,INTRA-SB-WB,SB-WB,SOURCE_TO_HALT1,12:10,12:26,5.0,5.0,1
1540,Howrah → Chennai,HWH-MAS,22825,SHM MAS SF EXP,T2_SUPERFAST,2,TS-HWH-MAS-22825-002,SRC,SANTRAGACHI JN,West Bengal,WB,SB-WB,KGP,KHARAGPUR JN,West Bengal,WB,SB-WB,0,INTRA-SB-WB,SB-WB,INTERMEDIATE_HALT,12:28,13:50,108.0,113.0,1
1541,Howrah → Chennai,HWH-MAS,22825,SHM MAS SF EXP,T2_SUPERFAST,3,TS-HWH-MAS-22825-003,KGP,KHARAGPUR JN,West Bengal,WB,SB-WB,JER,JALESWAR,Odisha,OD,SB-OD,1,SB-WB->SB-OD,SB-XING-WB-OD,INTERMEDIATE_HALT,13:55,14:50,74.0,187.0,1
1542,Howrah → Chennai,HWH-MAS,22825,SHM MAS SF EXP,T2_SUPERFAST,4,TS-HWH-MAS-22825-004,JER,JALESWAR,Odisha,OD,SB-OD,BLS,BALASORE,Odisha,OD,SB-OD,0,INTRA-SB-OD,SB-OD,INTERMEDIATE_HALT,14:52,15:30,47.0,234.0,1
1543,Howrah → Chennai,HWH-MAS,22825,SHM MAS SF EXP,T2_SUPERFAST,5,TS-HWH-MAS-22825-005,BLS,BALASORE,Odisha,OD,SB-OD,BHC,BHADRAKH,Odisha,OD,SB-OD,0,INTRA-SB-OD,SB-OD,INTERMEDIATE_HALT,15:35,16:18,59.0,293.0,1
1544,Howrah → Chennai,HWH-MAS,22825,SHM MAS SF EXP,T2_SUPERFAST,6,TS-HWH-MAS-22825-006,BHC,BHADRAKH,Odisha,OD,SB-OD,JJKR,JAJPUR K ROAD,Odisha,OD,SB-OD,0,INTRA-SB-OD,SB-OD,INTERMEDIATE_HALT,16:20,16:56,44.0,337.0,1
1545,Howrah → Chennai,HWH-MAS,22825,SHM MAS SF EXP,T2_SUPERFAST,7,TS-HWH-MAS-22825-007,JJKR,JAJPUR K ROAD,Odisha,OD,SB-OD,CTC,CUTTACK,Odisha,OD,SB-OD,0,INTRA-SB-OD,SB-OD,INTERMEDIATE_HALT,16:58,17:50,72.0,409.0,1
1546,Howrah → Chennai,HWH-MAS,22825,SHM MAS SF EXP,T2_SUPERFAST,8,TS-HWH-MAS-22825-008,CTC,CUTTACK,Odisha,OD,SB-OD,BBS,BHUBANESWAR,Odisha,OD,SB-OD,0,INTRA-SB-OD,SB-OD,INTERMEDIATE_HALT,17:55,18:10,27.0,436.0,1
1547,Howrah → Chennai,HWH-MAS,22825,SHM MAS SF EXP,T2_SUPERFAST,9,TS-HWH-MAS-22825-009,BBS,BHUBANESWAR,Odisha,OD,SB-OD,KUR,KHURDA ROAD JN,Odisha,OD,SB-OD,0,INTRA-SB-OD,SB-OD,INTERMEDIATE_HALT,18:15,18:35,19.0,455.0,1
1548,Howrah → Chennai,HWH-MAS,22825,SHM MAS SF EXP,T2_SUPERFAST,10,TS-HWH-MAS-22825-010,KUR,KHURDA ROAD JN,Odisha,OD,SB-OD,BAM,BRAHMAPUR,Odisha,OD,SB-OD,0,INTRA-SB-OD,SB-OD,INTERMEDIATE_HALT,18:50,20:30,147.0,602.0,1
1549,Howrah → Chennai,HWH-MAS,22825,SHM MAS SF EXP,T2_SUPERFAST,11,TS-HWH-MAS-22825-011,BAM,BRAHMAPUR,Odisha,OD,SB-OD,PSA,PALASA,Andhra Pradesh,AP,SB-AP,1,SB-OD->SB-AP,SB-XING-OD-AP,INTERMEDIATE_HALT,20:35,22:30,74.0,676.0,1
1550,Howrah → Chennai,HWH-MAS,22825,SHM MAS SF EXP,T2_SUPERFAST,12,TS-HWH-MAS-22825-012,PSA,PALASA,Andhra Pradesh,AP,SB-AP,VZM,VIZIANAGRAM JN,Andhra Pradesh,AP,SB-AP,0,INTRA-SB-AP,SB-AP,INTERMEDIATE_HALT,22:32,00:20,142.0,818.0,2
1551,Howrah → Chennai,HWH-MAS,22825,SHM MAS SF EXP,T2_SUPERFAST,13,TS-HWH-MAS-22825-013,VZM,VIZIANAGRAM JN,Andhra Pradesh,AP,SB-AP,VSKP,VISAKHAPATNAM,Andhra Pradesh,AP,SB-AP,0,INTRA-SB-AP,SB-AP,INTERMEDIATE_HALT,00:25,01:20,61.0,879.0,2
1552,Howrah → Chennai,HWH-MAS,22825,SHM MAS SF EXP,T2_SUPERFAST,14,TS-HWH-MAS-22825-014,VSKP,VISAKHAPATNAM,Andhra Pradesh,AP,SB-AP,SLO,SAMALKOT JN,Andhra Pradesh,AP,SB-AP,0,INTRA-SB-AP,SB-AP,INTERMEDIATE_HALT,01:40,03:49,150.0,1029.0,2
1553,Howrah → Chennai,HWH-MAS,22825,SHM MAS SF EXP,T2_SUPERFAST,15,TS-HWH-MAS-22825-015,SLO,SAMALKOT JN,Andhra Pradesh,AP,SB-AP,RJY,RAJAMUNDRY,Andhra Pradesh,AP,SB-AP,0,INTRA-SB-AP,SB-AP,INTERMEDIATE_HALT,03:50,04:34,50.0,1079.0,2
1554,Howrah → Chennai,HWH-MAS,22825,SHM MAS SF EXP,T2_SUPERFAST,16,TS-HWH-MAS-22825-016,RJY,RAJAMUNDRY,Andhra Pradesh,AP,SB-AP,EE,ELURU,Andhra Pradesh,AP,SB-AP,0,INTRA-SB-AP,SB-AP,INTERMEDIATE_HALT,04:35,05:59,90.0,1169.0,2
1555,Howrah → Chennai,HWH-MAS,22825,SHM MAS SF EXP,T2_SUPERFAST,17,TS-HWH-MAS-22825-017,EE,ELURU,Andhra Pradesh,AP,SB-AP,BZA,VIJAYAWADA JN,Andhra Pradesh,AP,SB-AP,0,INTRA-SB-AP,SB-AP,INTERMEDIATE_HALT,06:00,07:00,60.0,1229.0,2
1556,Howrah → Chennai,HWH-MAS,22825,SHM MAS SF EXP,T2_SUPERFAST,18,TS-HWH-MAS-22825-018,BZA,VIJAYAWADA JN,Andhra Pradesh,AP,SB-AP,OGL,ONGOLE,Andhra Pradesh,AP,SB-AP,0,INTRA-SB-AP,SB-AP,INTERMEDIATE_HALT,07:10,09:09,138.0,1367.0,2
1557,Howrah → Chennai,HWH-MAS,22825,SHM MAS SF EXP,T2_SUPERFAST,19,TS-HWH-MAS-22825-019,OGL,ONGOLE,Andhra Pradesh,AP,SB-AP,NLR,NELLORE,Andhra Pradesh,AP,SB-AP,0,INTRA-SB-AP,SB-AP,INTERMEDIATE_HALT,09:10,10:38,116.0,1483.0,2
1558,Howrah → Chennai,HWH-MAS,22825,SHM MAS SF EXP,T2_SUPERFAST,20,TS-HWH-MAS-22825-020,NLR,NELLORE,Andhra Pradesh,AP,SB-AP,GDR,GUDUR JN,Andhra Pradesh,AP,SB-AP,0,INTRA-SB-AP,SB-AP,INTERMEDIATE_HALT,10:40,11:23,39.0,1522.0,2
1559,Howrah → Chennai,HWH-MAS,22825,SHM MAS SF EXP,T2_SUPERFAST,21,TS-HWH-MAS-22825-021,GDR,GUDUR JN,Andhra Pradesh,AP,SB-AP,NYP,NAYUDUPETA,Andhra Pradesh,AP,SB-AP,0,INTRA-SB-AP,SB-AP,INTERMEDIATE_HALT,11:25,11:49,27.0,1549.0,2
1560,Howrah → Chennai,HWH-MAS,22825,SHM MAS SF EXP,T2_SUPERFAST,22,TS-HWH-MAS-22825-022,NYP,NAYUDUPETA,Andhra Pradesh,AP,SB-AP,SPE,SULLURUPETA,Andhra Pradesh,AP,SB-AP,0,INTRA-SB-AP,SB-AP,INTERMEDIATE_HALT,11:50,12:08,27.0,1576.0,2
1561,Howrah → Chennai,HWH-MAS,22825,SHM MAS SF EXP,T2_SUPERFAST,23,TS-HWH-MAS-22825-023,SPE,SULLURUPETA,Andhra Pradesh,AP,SB-AP,MAS,PURATCHI THALAIVAR DR. MGR CTL,Tamil Nadu,TN,SB-TN,1,SB-AP->SB-TN,SB-XING-AP-TN,HALTN_TO_DESTINATION,12:10,14:05,81.0,1657.0,2
1562,Howrah → Chennai,HWH-MAS,22841,SRC TBM ANTYODAYA EXPRESS,T2_SUPERFAST,1,TS-HWH-MAS-22841-001,SRC,SANTRAGACHI JN,West Bengal,WB,SB-WB,KGP,KHARAGPUR JN,West Bengal,WB,SB-WB,0,INTRA-SB-WB,SB-WB,SOURCE_TO_HALT1,17:55,19:15,108.0,108.0,1
1563,Howrah → Chennai,HWH-MAS,22841,SRC TBM ANTYODAYA EXPRESS,T2_SUPERFAST,2,TS-HWH-MAS-22841-002,KGP,KHARAGPUR JN,West Bengal,WB,SB-WB,BLS,BALASORE,Odisha,OD,SB-OD,1,SB-WB->SB-OD,SB-XING-WB-OD,INTERMEDIATE_HALT,19:20,20:43,121.0,229.0,1
1564,Howrah → Chennai,HWH-MAS,22841,SRC TBM ANTYODAYA EXPRESS,T2_SUPERFAST,3,TS-HWH-MAS-22841-003,BLS,BALASORE,Odisha,OD,SB-OD,BHC,BHADRAKH,Odisha,OD,SB-OD,0,INTRA-SB-OD,SB-OD,INTERMEDIATE_HALT,20:45,21:35,59.0,288.0,1
1565,Howrah → Chennai,HWH-MAS,22841,SRC TBM ANTYODAYA EXPRESS,T2_SUPERFAST,4,TS-HWH-MAS-22841-004,BHC,BHADRAKH,Odisha,OD,SB-OD,JJKR,JAJPUR K ROAD,Odisha,OD,SB-OD,0,INTRA-SB-OD,SB-OD,INTERMEDIATE_HALT,21:37,22:15,44.0,332.0,1
1566,Howrah → Chennai,HWH-MAS,22841,SRC TBM ANTYODAYA EXPRESS,T2_SUPERFAST,5,TS-HWH-MAS-22841-005,JJKR,JAJPUR K ROAD,Odisha,OD,SB-OD,CTC,CUTTACK,Odisha,OD,SB-OD,0,INTRA-SB-OD,SB-OD,INTERMEDIATE_HALT,22:17,23:25,72.0,404.0,1
1567,Howrah → Chennai,HWH-MAS,22841,SRC TBM ANTYODAYA EXPRESS,T2_SUPERFAST,6,TS-HWH-MAS-22841-006,CTC,CUTTACK,Odisha,OD,SB-OD,BBS,BHUBANESWAR,Odisha,OD,SB-OD,0,INTRA-SB-OD,SB-OD,INTERMEDIATE_HALT,23:30,23:58,27.0,431.0,2
1568,Howrah → Chennai,HWH-MAS,22841,SRC TBM ANTYODAYA EXPRESS,T2_SUPERFAST,7,TS-HWH-MAS-22841-007,BBS,BHUBANESWAR,Odisha,OD,SB-OD,KUR,KHURDA ROAD JN,Odisha,OD,SB-OD,0,INTRA-SB-OD,SB-OD,INTERMEDIATE_HALT,00:03,00:20,19.0,450.0,2
1569,Howrah → Chennai,HWH-MAS,22841,SRC TBM ANTYODAYA EXPRESS,T2_SUPERFAST,8,TS-HWH-MAS-22841-008,KUR,KHURDA ROAD JN,Odisha,OD,SB-OD,BALU,BALUGAN,Odisha,OD,SB-OD,0,INTRA-SB-OD,SB-OD,INTERMEDIATE_HALT,00:30,01:19,71.0,521.0,2
1570,Howrah → Chennai,HWH-MAS,22841,SRC TBM ANTYODAYA EXPRESS,T2_SUPERFAST,9,TS-HWH-MAS-22841-009,BALU,BALUGAN,Odisha,OD,SB-OD,CAP,CHATRAPUR,Odisha,OD,SB-OD,0,INTRA-SB-OD,SB-OD,INTERMEDIATE_HALT,01:20,01:49,54.0,575.0,2
1571,Howrah → Chennai,HWH-MAS,22841,SRC TBM ANTYODAYA EXPRESS,T2_SUPERFAST,10,TS-HWH-MAS-22841-010,CAP,CHATRAPUR,Odisha,OD,SB-OD,BAM,BRAHMAPUR,Odisha,OD,SB-OD,0,INTRA-SB-OD,SB-OD,INTERMEDIATE_HALT,01:50,02:08,22.0,597.0,2
1572,Howrah → Chennai,HWH-MAS,22841,SRC TBM ANTYODAYA EXPRESS,T2_SUPERFAST,11,TS-HWH-MAS-22841-011,BAM,BRAHMAPUR,Odisha,OD,SB-OD,SPT,SOMPETA,Andhra Pradesh,AP,SB-AP,1,SB-OD->SB-AP,SB-XING-OD-AP,INTERMEDIATE_HALT,02:10,02:39,42.0,639.0,2
1573,Howrah → Chennai,HWH-MAS,22841,SRC TBM ANTYODAYA EXPRESS,T2_SUPERFAST,12,TS-HWH-MAS-22841-012,SPT,SOMPETA,Andhra Pradesh,AP,SB-AP,PSA,PALASA,Andhra Pradesh,AP,SB-AP,0,INTRA-SB-AP,SB-AP,INTERMEDIATE_HALT,02:40,03:55,32.0,671.0,2
1574,Howrah → Chennai,HWH-MAS,22841,SRC TBM ANTYODAYA EXPRESS,T2_SUPERFAST,13,TS-HWH-MAS-22841-013,PSA,PALASA,Andhra Pradesh,AP,SB-AP,CHE,SRIKAKULAM ROAD,Andhra Pradesh,AP,SB-AP,0,INTRA-SB-AP,SB-AP,INTERMEDIATE_HALT,03:57,04:53,72.0,743.0,2
1575,Howrah → Chennai,HWH-MAS,22841,SRC TBM ANTYODAYA EXPRESS,T2_SUPERFAST,14,TS-HWH-MAS-22841-014,CHE,SRIKAKULAM ROAD,Andhra Pradesh,AP,SB-AP,VZM,VIZIANAGRAM JN,Andhra Pradesh,AP,SB-AP,0,INTRA-SB-AP,SB-AP,INTERMEDIATE_HALT,04:55,05:40,70.0,813.0,2
1576,Howrah → Chennai,HWH-MAS,22841,SRC TBM ANTYODAYA EXPRESS,T2_SUPERFAST,15,TS-HWH-MAS-22841-015,VZM,VIZIANAGRAM JN,Andhra Pradesh,AP,SB-AP,VSKP,VISAKHAPATNAM,Andhra Pradesh,AP,SB-AP,0,INTRA-SB-AP,SB-AP,INTERMEDIATE_HALT,05:45,07:00,61.0,874.0,2
1577,Howrah → Chennai,HWH-MAS,22841,SRC TBM ANTYODAYA EXPRESS,T2_SUPERFAST,16,TS-HWH-MAS-22841-016,VSKP,VISAKHAPATNAM,Andhra Pradesh,AP,SB-AP,DVD,DUVVADA,Andhra Pradesh,AP,SB-AP,0,INTRA-SB-AP,SB-AP,INTERMEDIATE_HALT,07:20,07:50,17.0,891.0,2
1578,Howrah → Chennai,HWH-MAS,22841,SRC TBM ANTYODAYA EXPRESS,T2_SUPERFAST,17,TS-HWH-MAS-22841-017,DVD,DUVVADA,Andhra Pradesh,AP,SB-AP,AKP,ANAKAPALLE,Andhra Pradesh,AP,SB-AP,0,INTRA-SB-AP,SB-AP,INTERMEDIATE_HALT,07:52,08:08,16.0,907.0,2
1579,Howrah → Chennai,HWH-MAS,22841,SRC TBM ANTYODAYA EXPRESS,T2_SUPERFAST,18,TS-HWH-MAS-22841-018,AKP,ANAKAPALLE,Andhra Pradesh,AP,SB-AP,SLO,SAMALKOT JN,Andhra Pradesh,AP,SB-AP,0,INTRA-SB-AP,SB-AP,INTERMEDIATE_HALT,08:10,09:34,117.0,1024.0,2
1580,Howrah → Chennai,HWH-MAS,22841,SRC TBM ANTYODAYA EXPRESS,T2_SUPERFAST,19,TS-HWH-MAS-22841-019,SLO,SAMALKOT JN,Andhra Pradesh,AP,SB-AP,RJY,RAJAMUNDRY,Andhra Pradesh,AP,SB-AP,0,INTRA-SB-AP,SB-AP,INTERMEDIATE_HALT,09:35,10:13,50.0,1074.0,2
1581,Howrah → Chennai,HWH-MAS,22841,SRC TBM ANTYODAYA EXPRESS,T2_SUPERFAST,20,TS-HWH-MAS-22841-020,RJY,RAJAMUNDRY,Andhra Pradesh,AP,SB-AP,EE,ELURU,Andhra Pradesh,AP,SB-AP,0,INTRA-SB-AP,SB-AP,INTERMEDIATE_HALT,10:15,11:39,90.0,1164.0,2
1582,Howrah → Chennai,HWH-MAS,22841,SRC TBM ANTYODAYA EXPRESS,T2_SUPERFAST,21,TS-HWH-MAS-22841-021,EE,ELURU,Andhra Pradesh,AP,SB-AP,BZA,VIJAYAWADA JN,Andhra Pradesh,AP,SB-AP,0,INTRA-SB-AP,SB-AP,INTERMEDIATE_HALT,11:40,13:05,60.0,1224.0,2
1583,Howrah → Chennai,HWH-MAS,22841,SRC TBM ANTYODAYA EXPRESS,T2_SUPERFAST,22,TS-HWH-MAS-22841-022,BZA,VIJAYAWADA JN,Andhra Pradesh,AP,SB-AP,CLX,CHIRALA,Andhra Pradesh,AP,SB-AP,0,INTRA-SB-AP,SB-AP,INTERMEDIATE_HALT,13:15,14:38,89.0,1313.0,2
1584,Howrah → Chennai,HWH-MAS,22841,SRC TBM ANTYODAYA EXPRESS,T2_SUPERFAST,23,TS-HWH-MAS-22841-023,CLX,CHIRALA,Andhra Pradesh,AP,SB-AP,OGL,ONGOLE,Andhra Pradesh,AP,SB-AP,0,INTRA-SB-AP,SB-AP,INTERMEDIATE_HALT,14:40,15:28,49.0,1362.0,2
1585,Howrah → Chennai,HWH-MAS,22841,SRC TBM ANTYODAYA EXPRESS,T2_SUPERFAST,24,TS-HWH-MAS-22841-024,OGL,ONGOLE,Andhra Pradesh,AP,SB-AP,NLR,NELLORE,Andhra Pradesh,AP,SB-AP,0,INTRA-SB-AP,SB-AP,INTERMEDIATE_HALT,15:30,17:04,116.0,1478.0,2
1586,Howrah → Chennai,HWH-MAS,22841,SRC TBM ANTYODAYA EXPRESS,T2_SUPERFAST,25,TS-HWH-MAS-22841-025,NLR,NELLORE,Andhra Pradesh,AP,SB-AP,GDR,GUDUR JN,Andhra Pradesh,AP,SB-AP,0,INTRA-SB-AP,SB-AP,INTERMEDIATE_HALT,17:05,17:38,39.0,1517.0,2
1587,Howrah → Chennai,HWH-MAS,22841,SRC TBM ANTYODAYA EXPRESS,T2_SUPERFAST,26,TS-HWH-MAS-22841-026,GDR,GUDUR JN,Andhra Pradesh,AP,SB-AP,SPE,SULLURUPETA,Andhra Pradesh,AP,SB-AP,0,INTRA-SB-AP,SB-AP,INTERMEDIATE_HALT,17:40,18:18,54.0,1571.0,2
1588,Howrah → Chennai,HWH-MAS,22841,SRC TBM ANTYODAYA EXPRESS,T2_SUPERFAST,27,TS-HWH-MAS-22841-027,SPE,SULLURUPETA,Andhra Pradesh,AP,SB-AP,MS,CHENNAI EGMORE,Tamil Nadu,TN,SB-TN,1,SB-AP->SB-TN,SB-XING-AP-TN,INTERMEDIATE_HALT,18:20,20:35,87.0,1658.0,2
1589,Howrah → Chennai,HWH-MAS,22841,SRC TBM ANTYODAYA EXPRESS,T2_SUPERFAST,28,TS-HWH-MAS-22841-028,MS,CHENNAI EGMORE,Tamil Nadu,TN,SB-TN,TBM,TAMBARAM,Tamil Nadu,TN,SB-TN,0,INTRA-SB-TN,SB-TN,HALTN_TO_DESTINATION,20:40,21:30,24.0,1682.0,2
1590,Howrah → Chennai,HWH-MAS,12840,MAS HWH SF MAIL,T2_SUPERFAST,1,TS-HWH-MAS-12840-001,MAS,PURATCHI THALAIVAR DR. MGR CTL,Tamil Nadu,TN,SB-TN,GDR,GUDUR JN,Andhra Pradesh,AP,SB-AP,1,SB-TN->SB-AP,SB-XING-TN-AP,SOURCE_TO_HALT1,19:00,20:48,135.0,135.0,1
1591,Howrah → Chennai,HWH-MAS,12840,MAS HWH SF MAIL,T2_SUPERFAST,2,TS-HWH-MAS-12840-002,GDR,GUDUR JN,Andhra Pradesh,AP,SB-AP,NLR,NELLORE,Andhra Pradesh,AP,SB-AP,0,INTRA-SB-AP,SB-AP,INTERMEDIATE_HALT,20:50,21:18,39.0,174.0,1
1592,Howrah → Chennai,HWH-MAS,12840,MAS HWH SF MAIL,T2_SUPERFAST,3,TS-HWH-MAS-12840-003,NLR,NELLORE,Andhra Pradesh,AP,SB-AP,OGL,ONGOLE,Andhra Pradesh,AP,SB-AP,0,INTRA-SB-AP,SB-AP,INTERMEDIATE_HALT,21:20,22:58,116.0,290.0,1
1593,Howrah → Chennai,HWH-MAS,12840,MAS HWH SF MAIL,T2_SUPERFAST,4,TS-HWH-MAS-12840-004,OGL,ONGOLE,Andhra Pradesh,AP,SB-AP,CLX,CHIRALA,Andhra Pradesh,AP,SB-AP,0,INTRA-SB-AP,SB-AP,INTERMEDIATE_HALT,23:00,23:38,49.0,339.0,1
1594,Howrah → Chennai,HWH-MAS,12840,MAS HWH SF MAIL,T2_SUPERFAST,5,TS-HWH-MAS-12840-005,CLX,CHIRALA,Andhra Pradesh,AP,SB-AP,BPP,BAPATLA,Andhra Pradesh,AP,SB-AP,0,INTRA-SB-AP,SB-AP,INTERMEDIATE_HALT,23:40,23:53,15.0,354.0,1
1595,Howrah → Chennai,HWH-MAS,12840,MAS HWH SF MAIL,T2_SUPERFAST,6,TS-HWH-MAS-12840-006,BPP,BAPATLA,Andhra Pradesh,AP,SB-AP,TEL,TENALI JN,Andhra Pradesh,AP,SB-AP,0,INTRA-SB-AP,SB-AP,INTERMEDIATE_HALT,23:55,00:38,43.0,397.0,2
1596,Howrah → Chennai,HWH-MAS,12840,MAS HWH SF MAIL,T2_SUPERFAST,7,TS-HWH-MAS-12840-007,TEL,TENALI JN,Andhra Pradesh,AP,SB-AP,BZA,VIJAYAWADA JN,Andhra Pradesh,AP,SB-AP,0,INTRA-SB-AP,SB-AP,INTERMEDIATE_HALT,00:40,01:20,31.0,428.0,2
1597,Howrah → Chennai,HWH-MAS,12840,MAS HWH SF MAIL,T2_SUPERFAST,8,TS-HWH-MAS-12840-008,BZA,VIJAYAWADA JN,Andhra Pradesh,AP,SB-AP,EE,ELURU,Andhra Pradesh,AP,SB-AP,0,INTRA-SB-AP,SB-AP,INTERMEDIATE_HALT,01:30,02:19,60.0,488.0,2
1598,Howrah → Chennai,HWH-MAS,12840,MAS HWH SF MAIL,T2_SUPERFAST,9,TS-HWH-MAS-12840-009,EE,ELURU,Andhra Pradesh,AP,SB-AP,TDD,TADEPALLIGUDEM,Andhra Pradesh,AP,SB-AP,0,INTRA-SB-AP,SB-AP,INTERMEDIATE_HALT,02:20,02:59,47.0,535.0,2
1599,Howrah → Chennai,HWH-MAS,12840,MAS HWH SF MAIL,T2_SUPERFAST,10,TS-HWH-MAS-12840-010,TDD,TADEPALLIGUDEM,Andhra Pradesh,AP,SB-AP,NDD,NIDADAVOLU JN,Andhra Pradesh,AP,SB-AP,0,INTRA-SB-AP,SB-AP,INTERMEDIATE_HALT,03:00,03:34,20.0,555.0,2
1600,Howrah → Chennai,HWH-MAS,12840,MAS HWH SF MAIL,T2_SUPERFAST,11,TS-HWH-MAS-12840-011,NDD,NIDADAVOLU JN,Andhra Pradesh,AP,SB-AP,RJY,RAJAMUNDRY,Andhra Pradesh,AP,SB-AP,0,INTRA-SB-AP,SB-AP,INTERMEDIATE_HALT,03:35,04:08,22.0,577.0,2
1601,Howrah → Chennai,HWH-MAS,12840,MAS HWH SF MAIL,T2_SUPERFAST,12,TS-HWH-MAS-12840-012,RJY,RAJAMUNDRY,Andhra Pradesh,AP,SB-AP,SLO,SAMALKOT JN,Andhra Pradesh,AP,SB-AP,0,INTRA-SB-AP,SB-AP,INTERMEDIATE_HALT,04:10,04:49,51.0,628.0,2
1602,Howrah → Chennai,HWH-MAS,12840,MAS HWH SF MAIL,T2_SUPERFAST,13,TS-HWH-MAS-12840-013,SLO,SAMALKOT JN,Andhra Pradesh,AP,SB-AP,ANV,ANNAVARAM,Andhra Pradesh,AP,SB-AP,0,INTRA-SB-AP,SB-AP,INTERMEDIATE_HALT,04:50,05:19,37.0,665.0,2
1603,Howrah → Chennai,HWH-MAS,12840,MAS HWH SF MAIL,T2_SUPERFAST,14,TS-HWH-MAS-12840-014,ANV,ANNAVARAM,Andhra Pradesh,AP,SB-AP,TUNI,TUNI,Andhra Pradesh,AP,SB-AP,0,INTRA-SB-AP,SB-AP,INTERMEDIATE_HALT,05:20,05:39,16.0,681.0,2
1604,Howrah → Chennai,HWH-MAS,12840,MAS HWH SF MAIL,T2_SUPERFAST,15,TS-HWH-MAS-12840-015,TUNI,TUNI,Andhra Pradesh,AP,SB-AP,AKP,ANAKAPALLE,Andhra Pradesh,AP,SB-AP,0,INTRA-SB-AP,SB-AP,INTERMEDIATE_HALT,05:40,06:24,64.0,745.0,2
1605,Howrah → Chennai,HWH-MAS,12840,MAS HWH SF MAIL,T2_SUPERFAST,16,TS-HWH-MAS-12840-016,AKP,ANAKAPALLE,Andhra Pradesh,AP,SB-AP,VSKP,VISAKHAPATNAM,Andhra Pradesh,AP,SB-AP,0,INTRA-SB-AP,SB-AP,INTERMEDIATE_HALT,06:25,07:50,33.0,778.0,2
1606,Howrah → Chennai,HWH-MAS,12840,MAS HWH SF MAIL,T2_SUPERFAST,17,TS-HWH-MAS-12840-017,VSKP,VISAKHAPATNAM,Andhra Pradesh,AP,SB-AP,VZM,VIZIANAGRAM JN,Andhra Pradesh,AP,SB-AP,0,INTRA-SB-AP,SB-AP,INTERMEDIATE_HALT,08:10,08:55,61.0,839.0,2
1607,Howrah → Chennai,HWH-MAS,12840,MAS HWH SF MAIL,T2_SUPERFAST,18,TS-HWH-MAS-12840-018,VZM,VIZIANAGRAM JN,Andhra Pradesh,AP,SB-AP,CPP,CHIPURUPALLE,Andhra Pradesh,AP,SB-AP,0,INTRA-SB-AP,SB-AP,INTERMEDIATE_HALT,09:00,09:25,31.0,870.0,2
1608,Howrah → Chennai,HWH-MAS,12840,MAS HWH SF MAIL,T2_SUPERFAST,19,TS-HWH-MAS-12840-019,CPP,CHIPURUPALLE,Andhra Pradesh,AP,SB-AP,CHE,SRIKAKULAM ROAD,Andhra Pradesh,AP,SB-AP,0,INTRA-SB-AP,SB-AP,INTERMEDIATE_HALT,09:27,09:58,38.0,908.0,2
1609,Howrah → Chennai,HWH-MAS,12840,MAS HWH SF MAIL,T2_SUPERFAST,20,TS-HWH-MAS-12840-020,CHE,SRIKAKULAM ROAD,Andhra Pradesh,AP,SB-AP,NWP,NAUPADA JN,Andhra Pradesh,AP,SB-AP,0,INTRA-SB-AP,SB-AP,INTERMEDIATE_HALT,10:00,10:33,48.0,956.0,2
1610,Howrah → Chennai,HWH-MAS,12840,MAS HWH SF MAIL,T2_SUPERFAST,21,TS-HWH-MAS-12840-021,NWP,NAUPADA JN,Andhra Pradesh,AP,SB-AP,PSA,PALASA,Andhra Pradesh,AP,SB-AP,0,INTRA-SB-AP,SB-AP,INTERMEDIATE_HALT,10:35,11:28,25.0,981.0,2
1611,Howrah → Chennai,HWH-MAS,12840,MAS HWH SF MAIL,T2_SUPERFAST,22,TS-HWH-MAS-12840-022,PSA,PALASA,Andhra Pradesh,AP,SB-AP,SPT,SOMPETA,Andhra Pradesh,AP,SB-AP,0,INTRA-SB-AP,SB-AP,INTERMEDIATE_HALT,11:30,11:49,32.0,1013.0,2
1612,Howrah → Chennai,HWH-MAS,12840,MAS HWH SF MAIL,T2_SUPERFAST,23,TS-HWH-MAS-12840-023,SPT,SOMPETA,Andhra Pradesh,AP,SB-AP,IPM,ICHCHPURAM,Andhra Pradesh,AP,SB-AP,0,INTRA-SB-AP,SB-AP,INTERMEDIATE_HALT,11:51,12:04,18.0,1031.0,2
1613,Howrah → Chennai,HWH-MAS,12840,MAS HWH SF MAIL,T2_SUPERFAST,24,TS-HWH-MAS-12840-024,IPM,ICHCHPURAM,Andhra Pradesh,AP,SB-AP,BAM,BRAHMAPUR,Odisha,OD,SB-OD,1,SB-AP->SB-OD,SB-XING-AP-OD,INTERMEDIATE_HALT,12:06,12:20,24.0,1055.0,2
1614,Howrah → Chennai,HWH-MAS,12840,MAS HWH SF MAIL,T2_SUPERFAST,25,TS-HWH-MAS-12840-025,BAM,BRAHMAPUR,Odisha,OD,SB-OD,CAP,CHATRAPUR,Odisha,OD,SB-OD,0,INTRA-SB-OD,SB-OD,INTERMEDIATE_HALT,12:25,12:38,22.0,1077.0,2
1615,Howrah → Chennai,HWH-MAS,12840,MAS HWH SF MAIL,T2_SUPERFAST,26,TS-HWH-MAS-12840-026,CAP,CHATRAPUR,Odisha,OD,SB-OD,BALU,BALUGAN,Odisha,OD,SB-OD,0,INTRA-SB-OD,SB-OD,INTERMEDIATE_HALT,12:40,13:18,54.0,1131.0,2
1616,Howrah → Chennai,HWH-MAS,12840,MAS HWH SF MAIL,T2_SUPERFAST,27,TS-HWH-MAS-12840-027,BALU,BALUGAN,Odisha,OD,SB-OD,KUR,KHURDA ROAD JN,Odisha,OD,SB-OD,0,INTRA-SB-OD,SB-OD,INTERMEDIATE_HALT,13:20,14:00,71.0,1202.0,2
1617,Howrah → Chennai,HWH-MAS,12840,MAS HWH SF MAIL,T2_SUPERFAST,28,TS-HWH-MAS-12840-028,KUR,KHURDA ROAD JN,Odisha,OD,SB-OD,BBS,BHUBANESWAR,Odisha,OD,SB-OD,0,INTRA-SB-OD,SB-OD,INTERMEDIATE_HALT,14:20,14:45,19.0,1221.0,2
1618,Howrah → Chennai,HWH-MAS,12840,MAS HWH SF MAIL,T2_SUPERFAST,29,TS-HWH-MAS-12840-029,BBS,BHUBANESWAR,Odisha,OD,SB-OD,CTC,CUTTACK,Odisha,OD,SB-OD,0,INTRA-SB-OD,SB-OD,INTERMEDIATE_HALT,14:50,15:25,27.0,1248.0,2
1619,Howrah → Chennai,HWH-MAS,12840,MAS HWH SF MAIL,T2_SUPERFAST,30,TS-HWH-MAS-12840-030,CTC,CUTTACK,Odisha,OD,SB-OD,JJKR,JAJPUR K ROAD,Odisha,OD,SB-OD,0,INTRA-SB-OD,SB-OD,INTERMEDIATE_HALT,15:30,16:43,72.0,1320.0,2
1620,Howrah → Chennai,HWH-MAS,12840,MAS HWH SF MAIL,T2_SUPERFAST,31,TS-HWH-MAS-12840-031,JJKR,JAJPUR K ROAD,Odisha,OD,SB-OD,BHC,BHADRAKH,Odisha,OD,SB-OD,0,INTRA-SB-OD,SB-OD,INTERMEDIATE_HALT,16:45,17:48,44.0,1364.0,2
1621,Howrah → Chennai,HWH-MAS,12840,MAS HWH SF MAIL,T2_SUPERFAST,32,TS-HWH-MAS-12840-032,BHC,BHADRAKH,Odisha,OD,SB-OD,BLS,BALASORE,Odisha,OD,SB-OD,0,INTRA-SB-OD,SB-OD,INTERMEDIATE_HALT,17:50,18:40,59.0,1423.0,2
1622,Howrah → Chennai,HWH-MAS,12840,MAS HWH SF MAIL,T2_SUPERFAST,33,TS-HWH-MAS-12840-033,BLS,BALASORE,Odisha,OD,SB-OD,KGP,KHARAGPUR JN,West Bengal,WB,SB-WB,1,SB-OD->SB-WB,SB-XING-OD-WB,INTERMEDIATE_HALT,18:45,20:20,120.0,1543.0,2
1623,Howrah → Chennai,HWH-MAS,12840,MAS HWH SF MAIL,T2_SUPERFAST,34,TS-HWH-MAS-12840-034,KGP,KHARAGPUR JN,West Bengal,WB,SB-WB,SRC,SANTRAGACHI JN,West Bengal,WB,SB-WB,0,INTRA-SB-WB,SB-WB,INTERMEDIATE_HALT,20:25,21:58,109.0,1652.0,2
1624,Howrah → Chennai,HWH-MAS,12840,MAS HWH SF MAIL,T2_SUPERFAST,35,TS-HWH-MAS-12840-035,SRC,SANTRAGACHI JN,West Bengal,WB,SB-WB,HWH,HOWRAH JN,West Bengal,WB,SB-WB,0,INTRA-SB-WB,SB-WB,HALTN_TO_DESTINATION,22:00,23:20,7.0,1659.0,2
1625,Howrah → Chennai,HWH-MAS,12842,COROMANDEL EXP,T2_SUPERFAST,1,TS-HWH-MAS-12842-001,MAS,PURATCHI THALAIVAR DR. MGR CTL,Tamil Nadu,TN,SB-TN,OGL,ONGOLE,Andhra Pradesh,AP,SB-AP,1,SB-TN->SB-AP,SB-XING-TN-AP,SOURCE_TO_HALT1,07:00,10:58,290.0,290.0,1
1626,Howrah → Chennai,HWH-MAS,12842,COROMANDEL EXP,T2_SUPERFAST,2,TS-HWH-MAS-12842-002,OGL,ONGOLE,Andhra Pradesh,AP,SB-AP,BZA,VIJAYAWADA JN,Andhra Pradesh,AP,SB-AP,0,INTRA-SB-AP,SB-AP,INTERMEDIATE_HALT,11:00,13:05,138.0,428.0,1
1627,Howrah → Chennai,HWH-MAS,12842,COROMANDEL EXP,T2_SUPERFAST,3,TS-HWH-MAS-12842-003,BZA,VIJAYAWADA JN,Andhra Pradesh,AP,SB-AP,EE,ELURU,Andhra Pradesh,AP,SB-AP,0,INTRA-SB-AP,SB-AP,INTERMEDIATE_HALT,13:15,14:09,60.0,488.0,1
1628,Howrah → Chennai,HWH-MAS,12842,COROMANDEL EXP,T2_SUPERFAST,4,TS-HWH-MAS-12842-004,EE,ELURU,Andhra Pradesh,AP,SB-AP,TDD,TADEPALLIGUDEM,Andhra Pradesh,AP,SB-AP,0,INTRA-SB-AP,SB-AP,INTERMEDIATE_HALT,14:10,14:49,47.0,535.0,1
1629,Howrah → Chennai,HWH-MAS,12842,COROMANDEL EXP,T2_SUPERFAST,5,TS-HWH-MAS-12842-005,TDD,TADEPALLIGUDEM,Andhra Pradesh,AP,SB-AP,RJY,RAJAMUNDRY,Andhra Pradesh,AP,SB-AP,0,INTRA-SB-AP,SB-AP,INTERMEDIATE_HALT,14:50,15:38,42.0,577.0,1
1630,Howrah → Chennai,HWH-MAS,12842,COROMANDEL EXP,T2_SUPERFAST,6,TS-HWH-MAS-12842-006,RJY,RAJAMUNDRY,Andhra Pradesh,AP,SB-AP,VSKP,VISAKHAPATNAM,Andhra Pradesh,AP,SB-AP,0,INTRA-SB-AP,SB-AP,INTERMEDIATE_HALT,15:40,19:25,201.0,778.0,1
1631,Howrah → Chennai,HWH-MAS,12842,COROMANDEL EXP,T2_SUPERFAST,7,TS-HWH-MAS-12842-007,VSKP,VISAKHAPATNAM,Andhra Pradesh,AP,SB-AP,BAM,BRAHMAPUR,Odisha,OD,SB-OD,1,SB-AP->SB-OD,SB-XING-AP-OD,INTERMEDIATE_HALT,19:45,23:48,277.0,1055.0,1
1632,Howrah → Chennai,HWH-MAS,12842,COROMANDEL EXP,T2_SUPERFAST,8,TS-HWH-MAS-12842-008,BAM,BRAHMAPUR,Odisha,OD,SB-OD,KUR,KHURDA ROAD JN,Odisha,OD,SB-OD,0,INTRA-SB-OD,SB-OD,INTERMEDIATE_HALT,23:50,01:20,147.0,1202.0,2
1633,Howrah → Chennai,HWH-MAS,12842,COROMANDEL EXP,T2_SUPERFAST,9,TS-HWH-MAS-12842-009,KUR,KHURDA ROAD JN,Odisha,OD,SB-OD,BBS,BHUBANESWAR,Odisha,OD,SB-OD,0,INTRA-SB-OD,SB-OD,INTERMEDIATE_HALT,01:30,01:55,19.0,1221.0,2
1634,Howrah → Chennai,HWH-MAS,12842,COROMANDEL EXP,T2_SUPERFAST,10,TS-HWH-MAS-12842-010,BBS,BHUBANESWAR,Odisha,OD,SB-OD,CTC,CUTTACK,Odisha,OD,SB-OD,0,INTRA-SB-OD,SB-OD,INTERMEDIATE_HALT,02:00,02:30,27.0,1248.0,2
1635,Howrah → Chennai,HWH-MAS,12842,COROMANDEL EXP,T2_SUPERFAST,11,TS-HWH-MAS-12842-011,CTC,CUTTACK,Odisha,OD,SB-OD,JJKR,JAJPUR K ROAD,Odisha,OD,SB-OD,0,INTRA-SB-OD,SB-OD,INTERMEDIATE_HALT,02:35,03:23,72.0,1320.0,2
1636,Howrah → Chennai,HWH-MAS,12842,COROMANDEL EXP,T2_SUPERFAST,12,TS-HWH-MAS-12842-012,JJKR,JAJPUR K ROAD,Odisha,OD,SB-OD,BHC,BHADRAKH,Odisha,OD,SB-OD,0,INTRA-SB-OD,SB-OD,INTERMEDIATE_HALT,03:25,05:10,44.0,1364.0,2
1637,Howrah → Chennai,HWH-MAS,12842,COROMANDEL EXP,T2_SUPERFAST,13,TS-HWH-MAS-12842-013,BHC,BHADRAKH,Odisha,OD,SB-OD,BLS,BALASORE,Odisha,OD,SB-OD,0,INTRA-SB-OD,SB-OD,INTERMEDIATE_HALT,05:12,05:48,59.0,1423.0,2
1638,Howrah → Chennai,HWH-MAS,12842,COROMANDEL EXP,T2_SUPERFAST,14,TS-HWH-MAS-12842-014,BLS,BALASORE,Odisha,OD,SB-OD,KGP,KHARAGPUR JN,West Bengal,WB,SB-WB,1,SB-OD->SB-WB,SB-XING-OD-WB,INTERMEDIATE_HALT,05:53,07:35,120.0,1543.0,2
1639,Howrah → Chennai,HWH-MAS,12842,COROMANDEL EXP,T2_SUPERFAST,15,TS-HWH-MAS-12842-015,KGP,KHARAGPUR JN,West Bengal,WB,SB-WB,SRC,SANTRAGACHI JN,West Bengal,WB,SB-WB,0,INTRA-SB-WB,SB-WB,INTERMEDIATE_HALT,07:40,09:48,109.0,1652.0,2
1640,Howrah → Chennai,HWH-MAS,12842,COROMANDEL EXP,T2_SUPERFAST,16,TS-HWH-MAS-12842-016,SRC,SANTRAGACHI JN,West Bengal,WB,SB-WB,HWH,HOWRAH JN,West Bengal,WB,SB-WB,0,INTRA-SB-WB,SB-WB,HALTN_TO_DESTINATION,09:50,11:00,7.0,1659.0,2
1641,Howrah → Chennai,HWH-MAS,16107,SRC AMRIT BHARAT,T3_EXPRESS_PASSENGER,1,TS-HWH-MAS-16107-001,TBM,TAMBARAM,Tamil Nadu,TN,SB-TN,MS,CHENNAI EGMORE,Tamil Nadu,TN,SB-TN,0,INTRA-SB-TN,SB-TN,SOURCE_TO_HALT1,15:30,16:00,25.0,25.0,1
1642,Howrah → Chennai,HWH-MAS,16107,SRC AMRIT BHARAT,T3_EXPRESS_PASSENGER,2,TS-HWH-MAS-16107-002,MS,CHENNAI EGMORE,Tamil Nadu,TN,SB-TN,SPE,SULLURUPETA,Andhra Pradesh,AP,SB-AP,1,SB-TN->SB-AP,SB-XING-TN-AP,INTERMEDIATE_HALT,16:05,17:43,86.0,111.0,1
1643,Howrah → Chennai,HWH-MAS,16107,SRC AMRIT BHARAT,T3_EXPRESS_PASSENGER,3,TS-HWH-MAS-16107-003,SPE,SULLURUPETA,Andhra Pradesh,AP,SB-AP,NLR,NELLORE,Andhra Pradesh,AP,SB-AP,0,INTRA-SB-AP,SB-AP,INTERMEDIATE_HALT,17:45,18:48,93.0,204.0,1
1644,Howrah → Chennai,HWH-MAS,16107,SRC AMRIT BHARAT,T3_EXPRESS_PASSENGER,4,TS-HWH-MAS-16107-004,NLR,NELLORE,Andhra Pradesh,AP,SB-AP,OGL,ONGOLE,Andhra Pradesh,AP,SB-AP,0,INTRA-SB-AP,SB-AP,INTERMEDIATE_HALT,18:50,20:48,116.0,320.0,1
1645,Howrah → Chennai,HWH-MAS,16107,SRC AMRIT BHARAT,T3_EXPRESS_PASSENGER,5,TS-HWH-MAS-16107-005,OGL,ONGOLE,Andhra Pradesh,AP,SB-AP,CLX,CHIRALA,Andhra Pradesh,AP,SB-AP,0,INTRA-SB-AP,SB-AP,INTERMEDIATE_HALT,20:50,21:43,50.0,370.0,1
1646,Howrah → Chennai,HWH-MAS,16107,SRC AMRIT BHARAT,T3_EXPRESS_PASSENGER,6,TS-HWH-MAS-16107-006,CLX,CHIRALA,Andhra Pradesh,AP,SB-AP,TEL,TENALI JN,Andhra Pradesh,AP,SB-AP,0,INTRA-SB-AP,SB-AP,INTERMEDIATE_HALT,21:45,22:28,57.0,427.0,1
1647,Howrah → Chennai,HWH-MAS,16107,SRC AMRIT BHARAT,T3_EXPRESS_PASSENGER,7,TS-HWH-MAS-16107-007,TEL,TENALI JN,Andhra Pradesh,AP,SB-AP,BZA,VIJAYAWADA JN,Andhra Pradesh,AP,SB-AP,0,INTRA-SB-AP,SB-AP,INTERMEDIATE_HALT,22:30,23:10,32.0,459.0,1
1648,Howrah → Chennai,HWH-MAS,16107,SRC AMRIT BHARAT,T3_EXPRESS_PASSENGER,8,TS-HWH-MAS-16107-008,BZA,VIJAYAWADA JN,Andhra Pradesh,AP,SB-AP,EE,ELURU,Andhra Pradesh,AP,SB-AP,0,INTRA-SB-AP,SB-AP,INTERMEDIATE_HALT,23:20,00:18,59.0,518.0,2
1649,Howrah → Chennai,HWH-MAS,16107,SRC AMRIT BHARAT,T3_EXPRESS_PASSENGER,9,TS-HWH-MAS-16107-009,EE,ELURU,Andhra Pradesh,AP,SB-AP,RJY,RAJAMUNDRY,Andhra Pradesh,AP,SB-AP,0,INTRA-SB-AP,SB-AP,INTERMEDIATE_HALT,00:20,01:38,90.0,608.0,2
1650,Howrah → Chennai,HWH-MAS,16107,SRC AMRIT BHARAT,T3_EXPRESS_PASSENGER,10,TS-HWH-MAS-16107-010,RJY,RAJAMUNDRY,Andhra Pradesh,AP,SB-AP,SLO,SAMALKOT JN,Andhra Pradesh,AP,SB-AP,0,INTRA-SB-AP,SB-AP,INTERMEDIATE_HALT,01:40,02:28,50.0,658.0,2
1651,Howrah → Chennai,HWH-MAS,16107,SRC AMRIT BHARAT,T3_EXPRESS_PASSENGER,11,TS-HWH-MAS-16107-011,SLO,SAMALKOT JN,Andhra Pradesh,AP,SB-AP,AKP,ANAKAPALLE,Andhra Pradesh,AP,SB-AP,0,INTRA-SB-AP,SB-AP,INTERMEDIATE_HALT,02:30,04:03,117.0,775.0,2
1652,Howrah → Chennai,HWH-MAS,16107,SRC AMRIT BHARAT,T3_EXPRESS_PASSENGER,12,TS-HWH-MAS-16107-012,AKP,ANAKAPALLE,Andhra Pradesh,AP,SB-AP,DVD,DUVVADA,Andhra Pradesh,AP,SB-AP,0,INTRA-SB-AP,SB-AP,INTERMEDIATE_HALT,04:05,04:50,16.0,791.0,2
1653,Howrah → Chennai,HWH-MAS,16107,SRC AMRIT BHARAT,T3_EXPRESS_PASSENGER,13,TS-HWH-MAS-16107-013,DVD,DUVVADA,Andhra Pradesh,AP,SB-AP,PDT,PENDURTI,Andhra Pradesh,AP,SB-AP,0,INTRA-SB-AP,SB-AP,INTERMEDIATE_HALT,04:52,05:33,22.0,813.0,2
1654,Howrah → Chennai,HWH-MAS,16107,SRC AMRIT BHARAT,T3_EXPRESS_PASSENGER,14,TS-HWH-MAS-16107-014,PDT,PENDURTI,Andhra Pradesh,AP,SB-AP,KTV,KOTTAVALASA,Andhra Pradesh,AP,SB-AP,0,INTRA-SB-AP,SB-AP,INTERMEDIATE_HALT,05:35,05:43,9.0,822.0,2
1655,Howrah → Chennai,HWH-MAS,16107,SRC AMRIT BHARAT,T3_EXPRESS_PASSENGER,15,TS-HWH-MAS-16107-015,KTV,KOTTAVALASA,Andhra Pradesh,AP,SB-AP,VZM,VIZIANAGRAM JN,Andhra Pradesh,AP,SB-AP,0,INTRA-SB-AP,SB-AP,INTERMEDIATE_HALT,05:45,06:10,34.0,856.0,2
1656,Howrah → Chennai,HWH-MAS,16107,SRC AMRIT BHARAT,T3_EXPRESS_PASSENGER,16,TS-HWH-MAS-16107-016,VZM,VIZIANAGRAM JN,Andhra Pradesh,AP,SB-AP,CHE,SRIKAKULAM ROAD,Andhra Pradesh,AP,SB-AP,0,INTRA-SB-AP,SB-AP,INTERMEDIATE_HALT,06:20,07:33,70.0,926.0,2
1657,Howrah → Chennai,HWH-MAS,16107,SRC AMRIT BHARAT,T3_EXPRESS_PASSENGER,17,TS-HWH-MAS-16107-017,CHE,SRIKAKULAM ROAD,Andhra Pradesh,AP,SB-AP,PSA,PALASA,Andhra Pradesh,AP,SB-AP,0,INTRA-SB-AP,SB-AP,INTERMEDIATE_HALT,07:35,09:03,72.0,998.0,2
1658,Howrah → Chennai,HWH-MAS,16107,SRC AMRIT BHARAT,T3_EXPRESS_PASSENGER,18,TS-HWH-MAS-16107-018,PSA,PALASA,Andhra Pradesh,AP,SB-AP,BAM,BRAHMAPUR,Odisha,OD,SB-OD,1,SB-AP->SB-OD,SB-XING-AP-OD,INTERMEDIATE_HALT,09:05,09:59,74.0,1072.0,2
1659,Howrah → Chennai,HWH-MAS,16107,SRC AMRIT BHARAT,T3_EXPRESS_PASSENGER,19,TS-HWH-MAS-16107-019,BAM,BRAHMAPUR,Odisha,OD,SB-OD,BALU,BALUGAN,Odisha,OD,SB-OD,0,INTRA-SB-OD,SB-OD,INTERMEDIATE_HALT,10:01,11:05,76.0,1148.0,2
1660,Howrah → Chennai,HWH-MAS,16107,SRC AMRIT BHARAT,T3_EXPRESS_PASSENGER,20,TS-HWH-MAS-16107-020,BALU,BALUGAN,Odisha,OD,SB-OD,KUR,KHURDA ROAD JN,Odisha,OD,SB-OD,0,INTRA-SB-OD,SB-OD,INTERMEDIATE_HALT,11:07,11:35,71.0,1219.0,2
1661,Howrah → Chennai,HWH-MAS,16107,SRC AMRIT BHARAT,T3_EXPRESS_PASSENGER,21,TS-HWH-MAS-16107-021,KUR,KHURDA ROAD JN,Odisha,OD,SB-OD,BBS,BHUBANESWAR,Odisha,OD,SB-OD,0,INTRA-SB-OD,SB-OD,INTERMEDIATE_HALT,11:45,12:10,19.0,1238.0,2
1662,Howrah → Chennai,HWH-MAS,16107,SRC AMRIT BHARAT,T3_EXPRESS_PASSENGER,22,TS-HWH-MAS-16107-022,BBS,BHUBANESWAR,Odisha,OD,SB-OD,CTC,CUTTACK,Odisha,OD,SB-OD,0,INTRA-SB-OD,SB-OD,INTERMEDIATE_HALT,12:15,12:50,27.0,1265.0,2
1663,Howrah → Chennai,HWH-MAS,16107,SRC AMRIT BHARAT,T3_EXPRESS_PASSENGER,23,TS-HWH-MAS-16107-023,CTC,CUTTACK,Odisha,OD,SB-OD,JJKR,JAJPUR K ROAD,Odisha,OD,SB-OD,0,INTRA-SB-OD,SB-OD,INTERMEDIATE_HALT,12:55,13:37,72.0,1337.0,2
1664,Howrah → Chennai,HWH-MAS,16107,SRC AMRIT BHARAT,T3_EXPRESS_PASSENGER,24,TS-HWH-MAS-16107-024,JJKR,JAJPUR K ROAD,Odisha,OD,SB-OD,BHC,BHADRAKH,Odisha,OD,SB-OD,0,INTRA-SB-OD,SB-OD,INTERMEDIATE_HALT,13:39,15:03,44.0,1381.0,2
1665,Howrah → Chennai,HWH-MAS,16107,SRC AMRIT BHARAT,T3_EXPRESS_PASSENGER,25,TS-HWH-MAS-16107-025,BHC,BHADRAKH,Odisha,OD,SB-OD,BLS,BALASORE,Odisha,OD,SB-OD,0,INTRA-SB-OD,SB-OD,INTERMEDIATE_HALT,15:05,15:58,59.0,1440.0,2
1666,Howrah → Chennai,HWH-MAS,16107,SRC AMRIT BHARAT,T3_EXPRESS_PASSENGER,26,TS-HWH-MAS-16107-026,BLS,BALASORE,Odisha,OD,SB-OD,KGP,KHARAGPUR JN,West Bengal,WB,SB-WB,1,SB-OD->SB-WB,SB-XING-OD-WB,INTERMEDIATE_HALT,16:00,17:45,121.0,1561.0,2
1667,Howrah → Chennai,HWH-MAS,16107,SRC AMRIT BHARAT,T3_EXPRESS_PASSENGER,27,TS-HWH-MAS-16107-027,KGP,KHARAGPUR JN,West Bengal,WB,SB-WB,SRC,SANTRAGACHI JN,West Bengal,WB,SB-WB,0,INTRA-SB-WB,SB-WB,HALTN_TO_DESTINATION,17:50,20:15,108.0,1669.0,2
1668,Howrah → Chennai,HWH-MAS,18042,MAS SHM EXPRESS,T3_EXPRESS_PASSENGER,1,TS-HWH-MAS-18042-001,MAS,PURATCHI THALAIVAR DR. MGR CTL,Tamil Nadu,TN,SB-TN,NLR,NELLORE,Andhra Pradesh,AP,SB-AP,1,SB-TN->SB-AP,SB-XING-TN-AP,SOURCE_TO_HALT1,18:45,22:33,174.0,174.0,1
1669,Howrah → Chennai,HWH-MAS,18042,MAS SHM EXPRESS,T3_EXPRESS_PASSENGER,2,TS-HWH-MAS-18042-002,NLR,NELLORE,Andhra Pradesh,AP,SB-AP,OGL,ONGOLE,Andhra Pradesh,AP,SB-AP,0,INTRA-SB-AP,SB-AP,INTERMEDIATE_HALT,22:35,00:03,116.0,290.0,2
1670,Howrah → Chennai,HWH-MAS,18042,MAS SHM EXPRESS,T3_EXPRESS_PASSENGER,3,TS-HWH-MAS-18042-003,OGL,ONGOLE,Andhra Pradesh,AP,SB-AP,BZA,VIJAYAWADA JN,Andhra Pradesh,AP,SB-AP,0,INTRA-SB-AP,SB-AP,INTERMEDIATE_HALT,00:05,02:33,138.0,428.0,2
1671,Howrah → Chennai,HWH-MAS,18042,MAS SHM EXPRESS,T3_EXPRESS_PASSENGER,4,TS-HWH-MAS-18042-004,BZA,VIJAYAWADA JN,Andhra Pradesh,AP,SB-AP,RJY,RAJAMUNDRY,Andhra Pradesh,AP,SB-AP,0,INTRA-SB-AP,SB-AP,INTERMEDIATE_HALT,02:35,05:58,149.0,577.0,2
1672,Howrah → Chennai,HWH-MAS,18042,MAS SHM EXPRESS,T3_EXPRESS_PASSENGER,5,TS-HWH-MAS-18042-005,RJY,RAJAMUNDRY,Andhra Pradesh,AP,SB-AP,SLO,SAMALKOT JN,Andhra Pradesh,AP,SB-AP,0,INTRA-SB-AP,SB-AP,INTERMEDIATE_HALT,06:00,06:43,51.0,628.0,2
1673,Howrah → Chennai,HWH-MAS,18042,MAS SHM EXPRESS,T3_EXPRESS_PASSENGER,6,TS-HWH-MAS-18042-006,SLO,SAMALKOT JN,Andhra Pradesh,AP,SB-AP,DVD,DUVVADA,Andhra Pradesh,AP,SB-AP,0,INTRA-SB-AP,SB-AP,INTERMEDIATE_HALT,06:45,09:33,133.0,761.0,2
1674,Howrah → Chennai,HWH-MAS,18042,MAS SHM EXPRESS,T3_EXPRESS_PASSENGER,7,TS-HWH-MAS-18042-007,DVD,DUVVADA,Andhra Pradesh,AP,SB-AP,VZM,VIZIANAGRAM JN,Andhra Pradesh,AP,SB-AP,0,INTRA-SB-AP,SB-AP,INTERMEDIATE_HALT,09:35,11:00,65.0,826.0,2
1675,Howrah → Chennai,HWH-MAS,18042,MAS SHM EXPRESS,T3_EXPRESS_PASSENGER,8,TS-HWH-MAS-18042-008,VZM,VIZIANAGRAM JN,Andhra Pradesh,AP,SB-AP,BAM,BRAHMAPUR,Odisha,OD,SB-OD,1,SB-AP->SB-OD,SB-XING-AP-OD,INTERMEDIATE_HALT,11:20,14:35,216.0,1042.0,2
1676,Howrah → Chennai,HWH-MAS,18042,MAS SHM EXPRESS,T3_EXPRESS_PASSENGER,9,TS-HWH-MAS-18042-009,BAM,BRAHMAPUR,Odisha,OD,SB-OD,KUR,KHURDA ROAD JN,Odisha,OD,SB-OD,0,INTRA-SB-OD,SB-OD,INTERMEDIATE_HALT,14:40,16:40,147.0,1189.0,2
1677,Howrah → Chennai,HWH-MAS,18042,MAS SHM EXPRESS,T3_EXPRESS_PASSENGER,10,TS-HWH-MAS-18042-010,KUR,KHURDA ROAD JN,Odisha,OD,SB-OD,BBS,BHUBANESWAR,Odisha,OD,SB-OD,0,INTRA-SB-OD,SB-OD,INTERMEDIATE_HALT,16:45,17:25,19.0,1208.0,2
1678,Howrah → Chennai,HWH-MAS,18042,MAS SHM EXPRESS,T3_EXPRESS_PASSENGER,11,TS-HWH-MAS-18042-011,BBS,BHUBANESWAR,Odisha,OD,SB-OD,CTC,CUTTACK,Odisha,OD,SB-OD,0,INTRA-SB-OD,SB-OD,INTERMEDIATE_HALT,17:30,18:45,27.0,1235.0,2
1679,Howrah → Chennai,HWH-MAS,18042,MAS SHM EXPRESS,T3_EXPRESS_PASSENGER,12,TS-HWH-MAS-18042-012,CTC,CUTTACK,Odisha,OD,SB-OD,BHC,BHADRAKH,Odisha,OD,SB-OD,0,INTRA-SB-OD,SB-OD,INTERMEDIATE_HALT,18:50,22:25,115.0,1350.0,2
1680,Howrah → Chennai,HWH-MAS,18042,MAS SHM EXPRESS,T3_EXPRESS_PASSENGER,13,TS-HWH-MAS-18042-013,BHC,BHADRAKH,Odisha,OD,SB-OD,BLS,BALASORE,Odisha,OD,SB-OD,0,INTRA-SB-OD,SB-OD,INTERMEDIATE_HALT,22:27,23:31,59.0,1409.0,2
1681,Howrah → Chennai,HWH-MAS,18042,MAS SHM EXPRESS,T3_EXPRESS_PASSENGER,14,TS-HWH-MAS-18042-014,BLS,BALASORE,Odisha,OD,SB-OD,KGP,KHARAGPUR JN,West Bengal,WB,SB-WB,1,SB-OD->SB-WB,SB-XING-OD-WB,INTERMEDIATE_HALT,23:33,01:07,121.0,1530.0,3
1682,Howrah → Chennai,HWH-MAS,18042,MAS SHM EXPRESS,T3_EXPRESS_PASSENGER,15,TS-HWH-MAS-18042-015,KGP,KHARAGPUR JN,West Bengal,WB,SB-WB,SRC,SANTRAGACHI JN,West Bengal,WB,SB-WB,0,INTRA-SB-WB,SB-WB,INTERMEDIATE_HALT,01:15,02:45,109.0,1639.0,3
1683,Howrah → Chennai,HWH-MAS,18042,MAS SHM EXPRESS,T3_EXPRESS_PASSENGER,16,TS-HWH-MAS-18042-016,SRC,SANTRAGACHI JN,West Bengal,WB,SB-WB,SHM,SHALIMAR,West Bengal,WB,SB-WB,0,INTRA-SB-WB,SB-WB,HALTN_TO_DESTINATION,02:47,04:00,5.0,1644.0,3
1684,Howrah → Chennai,HWH-MAS,22808,SRC AC SF EXP,T2_SUPERFAST,1,TS-HWH-MAS-22808-001,MAS,PURATCHI THALAIVAR DR. MGR CTL,Tamil Nadu,TN,SB-TN,SPE,SULLURUPETA,Andhra Pradesh,AP,SB-AP,1,SB-TN->SB-AP,SB-XING-TN-AP,SOURCE_TO_HALT1,08:15,09:23,80.0,80.0,1
1685,Howrah → Chennai,HWH-MAS,22808,SRC AC SF EXP,T2_SUPERFAST,2,TS-HWH-MAS-22808-002,SPE,SULLURUPETA,Andhra Pradesh,AP,SB-AP,GDR,GUDUR JN,Andhra Pradesh,AP,SB-AP,0,INTRA-SB-AP,SB-AP,INTERMEDIATE_HALT,09:25,10:13,55.0,135.0,1
1686,Howrah → Chennai,HWH-MAS,22808,SRC AC SF EXP,T2_SUPERFAST,3,TS-HWH-MAS-22808-003,GDR,GUDUR JN,Andhra Pradesh,AP,SB-AP,NLR,NELLORE,Andhra Pradesh,AP,SB-AP,0,INTRA-SB-AP,SB-AP,INTERMEDIATE_HALT,10:15,10:43,39.0,174.0,1
1687,Howrah → Chennai,HWH-MAS,22808,SRC AC SF EXP,T2_SUPERFAST,4,TS-HWH-MAS-22808-004,NLR,NELLORE,Andhra Pradesh,AP,SB-AP,OGL,ONGOLE,Andhra Pradesh,AP,SB-AP,0,INTRA-SB-AP,SB-AP,INTERMEDIATE_HALT,10:45,12:13,116.0,290.0,1
1688,Howrah → Chennai,HWH-MAS,22808,SRC AC SF EXP,T2_SUPERFAST,5,TS-HWH-MAS-22808-005,OGL,ONGOLE,Andhra Pradesh,AP,SB-AP,BZA,VIJAYAWADA JN,Andhra Pradesh,AP,SB-AP,0,INTRA-SB-AP,SB-AP,INTERMEDIATE_HALT,12:15,14:20,138.0,428.0,1
1689,Howrah → Chennai,HWH-MAS,22808,SRC AC SF EXP,T2_SUPERFAST,6,TS-HWH-MAS-22808-006,BZA,VIJAYAWADA JN,Andhra Pradesh,AP,SB-AP,TDD,TADEPALLIGUDEM,Andhra Pradesh,AP,SB-AP,0,INTRA-SB-AP,SB-AP,INTERMEDIATE_HALT,14:30,16:03,107.0,535.0,1
1690,Howrah → Chennai,HWH-MAS,22808,SRC AC SF EXP,T2_SUPERFAST,7,TS-HWH-MAS-22808-007,TDD,TADEPALLIGUDEM,Andhra Pradesh,AP,SB-AP,RJY,RAJAMUNDRY,Andhra Pradesh,AP,SB-AP,0,INTRA-SB-AP,SB-AP,INTERMEDIATE_HALT,16:05,16:48,42.0,577.0,1
1691,Howrah → Chennai,HWH-MAS,22808,SRC AC SF EXP,T2_SUPERFAST,8,TS-HWH-MAS-22808-008,RJY,RAJAMUNDRY,Andhra Pradesh,AP,SB-AP,SLO,SAMALKOT JN,Andhra Pradesh,AP,SB-AP,0,INTRA-SB-AP,SB-AP,INTERMEDIATE_HALT,16:50,17:33,51.0,628.0,1
1692,Howrah → Chennai,HWH-MAS,22808,SRC AC SF EXP,T2_SUPERFAST,9,TS-HWH-MAS-22808-009,SLO,SAMALKOT JN,Andhra Pradesh,AP,SB-AP,VSKP,VISAKHAPATNAM,Andhra Pradesh,AP,SB-AP,0,INTRA-SB-AP,SB-AP,INTERMEDIATE_HALT,17:35,20:30,150.0,778.0,1
1693,Howrah → Chennai,HWH-MAS,22808,SRC AC SF EXP,T2_SUPERFAST,10,TS-HWH-MAS-22808-010,VSKP,VISAKHAPATNAM,Andhra Pradesh,AP,SB-AP,VZM,VIZIANAGRAM JN,Andhra Pradesh,AP,SB-AP,0,INTRA-SB-AP,SB-AP,INTERMEDIATE_HALT,20:50,21:35,61.0,839.0,1
1694,Howrah → Chennai,HWH-MAS,22808,SRC AC SF EXP,T2_SUPERFAST,11,TS-HWH-MAS-22808-011,VZM,VIZIANAGRAM JN,Andhra Pradesh,AP,SB-AP,KUR,KHURDA ROAD JN,Odisha,OD,SB-OD,1,SB-AP->SB-OD,SB-XING-AP-OD,INTERMEDIATE_HALT,21:40,02:30,363.0,1202.0,2
1695,Howrah → Chennai,HWH-MAS,22808,SRC AC SF EXP,T2_SUPERFAST,12,TS-HWH-MAS-22808-012,KUR,KHURDA ROAD JN,Odisha,OD,SB-OD,BBS,BHUBANESWAR,Odisha,OD,SB-OD,0,INTRA-SB-OD,SB-OD,INTERMEDIATE_HALT,02:40,03:05,19.0,1221.0,2
1696,Howrah → Chennai,HWH-MAS,22808,SRC AC SF EXP,T2_SUPERFAST,13,TS-HWH-MAS-22808-013,BBS,BHUBANESWAR,Odisha,OD,SB-OD,CTC,CUTTACK,Odisha,OD,SB-OD,0,INTRA-SB-OD,SB-OD,INTERMEDIATE_HALT,03:10,03:30,27.0,1248.0,2
1697,Howrah → Chennai,HWH-MAS,22808,SRC AC SF EXP,T2_SUPERFAST,14,TS-HWH-MAS-22808-014,CTC,CUTTACK,Odisha,OD,SB-OD,BHC,BHADRAKH,Odisha,OD,SB-OD,0,INTRA-SB-OD,SB-OD,INTERMEDIATE_HALT,03:35,05:55,116.0,1364.0,2
1698,Howrah → Chennai,HWH-MAS,22808,SRC AC SF EXP,T2_SUPERFAST,15,TS-HWH-MAS-22808-015,BHC,BHADRAKH,Odisha,OD,SB-OD,BLS,BALASORE,Odisha,OD,SB-OD,0,INTRA-SB-OD,SB-OD,INTERMEDIATE_HALT,05:57,06:35,59.0,1423.0,2
1699,Howrah → Chennai,HWH-MAS,22808,SRC AC SF EXP,T2_SUPERFAST,16,TS-HWH-MAS-22808-016,BLS,BALASORE,Odisha,OD,SB-OD,KGP,KHARAGPUR JN,West Bengal,WB,SB-WB,1,SB-OD->SB-WB,SB-XING-OD-WB,INTERMEDIATE_HALT,06:37,08:25,120.0,1543.0,2
1700,Howrah → Chennai,HWH-MAS,22808,SRC AC SF EXP,T2_SUPERFAST,17,TS-HWH-MAS-22808-017,KGP,KHARAGPUR JN,West Bengal,WB,SB-WB,SRC,SANTRAGACHI JN,West Bengal,WB,SB-WB,0,INTRA-SB-WB,SB-WB,HALTN_TO_DESTINATION,08:30,10:55,109.0,1652.0,2
1701,Howrah → Chennai,HWH-MAS,22826,MAS SHM SF EXP,T2_SUPERFAST,1,TS-HWH-MAS-22826-001,MAS,PURATCHI THALAIVAR DR. MGR CTL,Tamil Nadu,TN,SB-TN,SPE,SULLURUPETA,Andhra Pradesh,AP,SB-AP,1,SB-TN->SB-AP,SB-XING-TN-AP,SOURCE_TO_HALT1,19:50,21:03,80.0,80.0,1
1702,Howrah → Chennai,HWH-MAS,22826,MAS SHM SF EXP,T2_SUPERFAST,2,TS-HWH-MAS-22826-002,SPE,SULLURUPETA,Andhra Pradesh,AP,SB-AP,NYP,NAYUDUPETA,Andhra Pradesh,AP,SB-AP,0,INTRA-SB-AP,SB-AP,INTERMEDIATE_HALT,21:05,21:28,28.0,108.0,1
1703,Howrah → Chennai,HWH-MAS,22826,MAS SHM SF EXP,T2_SUPERFAST,3,TS-HWH-MAS-22826-003,NYP,NAYUDUPETA,Andhra Pradesh,AP,SB-AP,GDR,GUDUR JN,Andhra Pradesh,AP,SB-AP,0,INTRA-SB-AP,SB-AP,INTERMEDIATE_HALT,21:30,21:53,27.0,135.0,1
1704,Howrah → Chennai,HWH-MAS,22826,MAS SHM SF EXP,T2_SUPERFAST,4,TS-HWH-MAS-22826-004,GDR,GUDUR JN,Andhra Pradesh,AP,SB-AP,NLR,NELLORE,Andhra Pradesh,AP,SB-AP,0,INTRA-SB-AP,SB-AP,INTERMEDIATE_HALT,21:55,22:23,39.0,174.0,1
1705,Howrah → Chennai,HWH-MAS,22826,MAS SHM SF EXP,T2_SUPERFAST,5,TS-HWH-MAS-22826-005,NLR,NELLORE,Andhra Pradesh,AP,SB-AP,OGL,ONGOLE,Andhra Pradesh,AP,SB-AP,0,INTRA-SB-AP,SB-AP,INTERMEDIATE_HALT,22:25,23:53,116.0,290.0,1
1706,Howrah → Chennai,HWH-MAS,22826,MAS SHM SF EXP,T2_SUPERFAST,6,TS-HWH-MAS-22826-006,OGL,ONGOLE,Andhra Pradesh,AP,SB-AP,BZA,VIJAYAWADA JN,Andhra Pradesh,AP,SB-AP,0,INTRA-SB-AP,SB-AP,INTERMEDIATE_HALT,23:55,02:05,138.0,428.0,2
1707,Howrah → Chennai,HWH-MAS,22826,MAS SHM SF EXP,T2_SUPERFAST,7,TS-HWH-MAS-22826-007,BZA,VIJAYAWADA JN,Andhra Pradesh,AP,SB-AP,EE,ELURU,Andhra Pradesh,AP,SB-AP,0,INTRA-SB-AP,SB-AP,INTERMEDIATE_HALT,02:15,02:59,60.0,488.0,2
1708,Howrah → Chennai,HWH-MAS,22826,MAS SHM SF EXP,T2_SUPERFAST,8,TS-HWH-MAS-22826-008,EE,ELURU,Andhra Pradesh,AP,SB-AP,RJY,RAJAMUNDRY,Andhra Pradesh,AP,SB-AP,0,INTRA-SB-AP,SB-AP,INTERMEDIATE_HALT,03:00,04:53,89.0,577.0,2
1709,Howrah → Chennai,HWH-MAS,22826,MAS SHM SF EXP,T2_SUPERFAST,9,TS-HWH-MAS-22826-009,RJY,RAJAMUNDRY,Andhra Pradesh,AP,SB-AP,SLO,SAMALKOT JN,Andhra Pradesh,AP,SB-AP,0,INTRA-SB-AP,SB-AP,INTERMEDIATE_HALT,04:55,05:48,51.0,628.0,2
1710,Howrah → Chennai,HWH-MAS,22826,MAS SHM SF EXP,T2_SUPERFAST,10,TS-HWH-MAS-22826-010,SLO,SAMALKOT JN,Andhra Pradesh,AP,SB-AP,VSKP,VISAKHAPATNAM,Andhra Pradesh,AP,SB-AP,0,INTRA-SB-AP,SB-AP,INTERMEDIATE_HALT,05:50,08:50,150.0,778.0,2
1711,Howrah → Chennai,HWH-MAS,22826,MAS SHM SF EXP,T2_SUPERFAST,11,TS-HWH-MAS-22826-011,VSKP,VISAKHAPATNAM,Andhra Pradesh,AP,SB-AP,VZM,VIZIANAGRAM JN,Andhra Pradesh,AP,SB-AP,0,INTRA-SB-AP,SB-AP,INTERMEDIATE_HALT,09:10,09:55,61.0,839.0,2
1712,Howrah → Chennai,HWH-MAS,22826,MAS SHM SF EXP,T2_SUPERFAST,12,TS-HWH-MAS-22826-012,VZM,VIZIANAGRAM JN,Andhra Pradesh,AP,SB-AP,PSA,PALASA,Andhra Pradesh,AP,SB-AP,0,INTRA-SB-AP,SB-AP,INTERMEDIATE_HALT,10:00,12:13,142.0,981.0,2
1713,Howrah → Chennai,HWH-MAS,22826,MAS SHM SF EXP,T2_SUPERFAST,13,TS-HWH-MAS-22826-013,PSA,PALASA,Andhra Pradesh,AP,SB-AP,BAM,BRAHMAPUR,Odisha,OD,SB-OD,1,SB-AP->SB-OD,SB-XING-AP-OD,INTERMEDIATE_HALT,12:15,13:10,74.0,1055.0,2
1714,Howrah → Chennai,HWH-MAS,22826,MAS SHM SF EXP,T2_SUPERFAST,14,TS-HWH-MAS-22826-014,BAM,BRAHMAPUR,Odisha,OD,SB-OD,KUR,KHURDA ROAD JN,Odisha,OD,SB-OD,0,INTRA-SB-OD,SB-OD,INTERMEDIATE_HALT,13:15,15:05,147.0,1202.0,2
1715,Howrah → Chennai,HWH-MAS,22826,MAS SHM SF EXP,T2_SUPERFAST,15,TS-HWH-MAS-22826-015,KUR,KHURDA ROAD JN,Odisha,OD,SB-OD,BBS,BHUBANESWAR,Odisha,OD,SB-OD,0,INTRA-SB-OD,SB-OD,INTERMEDIATE_HALT,15:25,15:45,19.0,1221.0,2
1716,Howrah → Chennai,HWH-MAS,22826,MAS SHM SF EXP,T2_SUPERFAST,16,TS-HWH-MAS-22826-016,BBS,BHUBANESWAR,Odisha,OD,SB-OD,CTC,CUTTACK,Odisha,OD,SB-OD,0,INTRA-SB-OD,SB-OD,INTERMEDIATE_HALT,15:50,16:25,27.0,1248.0,2
1717,Howrah → Chennai,HWH-MAS,22826,MAS SHM SF EXP,T2_SUPERFAST,17,TS-HWH-MAS-22826-017,CTC,CUTTACK,Odisha,OD,SB-OD,JJKR,JAJPUR K ROAD,Odisha,OD,SB-OD,0,INTRA-SB-OD,SB-OD,INTERMEDIATE_HALT,16:30,17:11,72.0,1320.0,2
1718,Howrah → Chennai,HWH-MAS,22826,MAS SHM SF EXP,T2_SUPERFAST,18,TS-HWH-MAS-22826-018,JJKR,JAJPUR K ROAD,Odisha,OD,SB-OD,BHC,BHADRAKH,Odisha,OD,SB-OD,0,INTRA-SB-OD,SB-OD,INTERMEDIATE_HALT,17:13,19:00,44.0,1364.0,2
1719,Howrah → Chennai,HWH-MAS,22826,MAS SHM SF EXP,T2_SUPERFAST,19,TS-HWH-MAS-22826-019,BHC,BHADRAKH,Odisha,OD,SB-OD,BLS,BALASORE,Odisha,OD,SB-OD,0,INTRA-SB-OD,SB-OD,INTERMEDIATE_HALT,19:02,19:44,59.0,1423.0,2
1720,Howrah → Chennai,HWH-MAS,22826,MAS SHM SF EXP,T2_SUPERFAST,20,TS-HWH-MAS-22826-020,BLS,BALASORE,Odisha,OD,SB-OD,JER,JALESWAR,Odisha,OD,SB-OD,0,INTRA-SB-OD,SB-OD,INTERMEDIATE_HALT,19:46,20:32,47.0,1470.0,2
1721,Howrah → Chennai,HWH-MAS,22826,MAS SHM SF EXP,T2_SUPERFAST,21,TS-HWH-MAS-22826-021,JER,JALESWAR,Odisha,OD,SB-OD,KGP,KHARAGPUR JN,West Bengal,WB,SB-WB,1,SB-OD->SB-WB,SB-XING-OD-WB,INTERMEDIATE_HALT,20:34,21:20,73.0,1543.0,2
1722,Howrah → Chennai,HWH-MAS,22826,MAS SHM SF EXP,T2_SUPERFAST,22,TS-HWH-MAS-22826-022,KGP,KHARAGPUR JN,West Bengal,WB,SB-WB,SRC,SANTRAGACHI JN,West Bengal,WB,SB-WB,0,INTRA-SB-WB,SB-WB,INTERMEDIATE_HALT,21:25,23:03,109.0,1652.0,2
1723,Howrah → Chennai,HWH-MAS,22826,MAS SHM SF EXP,T2_SUPERFAST,23,TS-HWH-MAS-22826-023,SRC,SANTRAGACHI JN,West Bengal,WB,SB-WB,SHM,SHALIMAR,West Bengal,WB,SB-WB,0,INTRA-SB-WB,SB-WB,HALTN_TO_DESTINATION,23:05,00:05,5.0,1657.0,3
1724,Howrah → Chennai,HWH-MAS,22842,TBM SRC ANTYODAYA EXPRESS,T2_SUPERFAST,1,TS-HWH-MAS-22842-001,TBM,TAMBARAM,Tamil Nadu,TN,SB-TN,MS,CHENNAI EGMORE,Tamil Nadu,TN,SB-TN,0,INTRA-SB-TN,SB-TN,SOURCE_TO_HALT1,07:15,07:45,25.0,25.0,1
1725,Howrah → Chennai,HWH-MAS,22842,TBM SRC ANTYODAYA EXPRESS,T2_SUPERFAST,2,TS-HWH-MAS-22842-002,MS,CHENNAI EGMORE,Tamil Nadu,TN,SB-TN,SPE,SULLURUPETA,Andhra Pradesh,AP,SB-AP,1,SB-TN->SB-AP,SB-XING-TN-AP,INTERMEDIATE_HALT,07:50,09:23,86.0,111.0,1
1726,Howrah → Chennai,HWH-MAS,22842,TBM SRC ANTYODAYA EXPRESS,T2_SUPERFAST,3,TS-HWH-MAS-22842-003,SPE,SULLURUPETA,Andhra Pradesh,AP,SB-AP,GDR,GUDUR JN,Andhra Pradesh,AP,SB-AP,0,INTRA-SB-AP,SB-AP,INTERMEDIATE_HALT,09:25,10:13,55.0,166.0,1
1727,Howrah → Chennai,HWH-MAS,22842,TBM SRC ANTYODAYA EXPRESS,T2_SUPERFAST,4,TS-HWH-MAS-22842-004,GDR,GUDUR JN,Andhra Pradesh,AP,SB-AP,NLR,NELLORE,Andhra Pradesh,AP,SB-AP,0,INTRA-SB-AP,SB-AP,INTERMEDIATE_HALT,10:15,10:43,38.0,204.0,1
1728,Howrah → Chennai,HWH-MAS,22842,TBM SRC ANTYODAYA EXPRESS,T2_SUPERFAST,5,TS-HWH-MAS-22842-005,NLR,NELLORE,Andhra Pradesh,AP,SB-AP,OGL,ONGOLE,Andhra Pradesh,AP,SB-AP,0,INTRA-SB-AP,SB-AP,INTERMEDIATE_HALT,10:45,12:13,116.0,320.0,1
1729,Howrah → Chennai,HWH-MAS,22842,TBM SRC ANTYODAYA EXPRESS,T2_SUPERFAST,6,TS-HWH-MAS-22842-006,OGL,ONGOLE,Andhra Pradesh,AP,SB-AP,CLX,CHIRALA,Andhra Pradesh,AP,SB-AP,0,INTRA-SB-AP,SB-AP,INTERMEDIATE_HALT,12:15,12:58,50.0,370.0,1
1730,Howrah → Chennai,HWH-MAS,22842,TBM SRC ANTYODAYA EXPRESS,T2_SUPERFAST,7,TS-HWH-MAS-22842-007,CLX,CHIRALA,Andhra Pradesh,AP,SB-AP,BZA,VIJAYAWADA JN,Andhra Pradesh,AP,SB-AP,0,INTRA-SB-AP,SB-AP,INTERMEDIATE_HALT,13:00,14:20,89.0,459.0,1
1731,Howrah → Chennai,HWH-MAS,22842,TBM SRC ANTYODAYA EXPRESS,T2_SUPERFAST,8,TS-HWH-MAS-22842-008,BZA,VIJAYAWADA JN,Andhra Pradesh,AP,SB-AP,EE,ELURU,Andhra Pradesh,AP,SB-AP,0,INTRA-SB-AP,SB-AP,INTERMEDIATE_HALT,14:30,15:23,59.0,518.0,1
1732,Howrah → Chennai,HWH-MAS,22842,TBM SRC ANTYODAYA EXPRESS,T2_SUPERFAST,9,TS-HWH-MAS-22842-009,EE,ELURU,Andhra Pradesh,AP,SB-AP,RJY,RAJAMUNDRY,Andhra Pradesh,AP,SB-AP,0,INTRA-SB-AP,SB-AP,INTERMEDIATE_HALT,15:25,16:48,90.0,608.0,1
1733,Howrah → Chennai,HWH-MAS,22842,TBM SRC ANTYODAYA EXPRESS,T2_SUPERFAST,10,TS-HWH-MAS-22842-010,RJY,RAJAMUNDRY,Andhra Pradesh,AP,SB-AP,SLO,SAMALKOT JN,Andhra Pradesh,AP,SB-AP,0,INTRA-SB-AP,SB-AP,INTERMEDIATE_HALT,16:50,17:33,50.0,658.0,1
1734,Howrah → Chennai,HWH-MAS,22842,TBM SRC ANTYODAYA EXPRESS,T2_SUPERFAST,11,TS-HWH-MAS-22842-011,SLO,SAMALKOT JN,Andhra Pradesh,AP,SB-AP,AKP,ANAKAPALLE,Andhra Pradesh,AP,SB-AP,0,INTRA-SB-AP,SB-AP,INTERMEDIATE_HALT,17:35,18:58,117.0,775.0,1
1735,Howrah → Chennai,HWH-MAS,22842,TBM SRC ANTYODAYA EXPRESS,T2_SUPERFAST,12,TS-HWH-MAS-22842-012,AKP,ANAKAPALLE,Andhra Pradesh,AP,SB-AP,DVD,DUVVADA,Andhra Pradesh,AP,SB-AP,0,INTRA-SB-AP,SB-AP,INTERMEDIATE_HALT,19:00,19:50,16.0,791.0,1
1736,Howrah → Chennai,HWH-MAS,22842,TBM SRC ANTYODAYA EXPRESS,T2_SUPERFAST,13,TS-HWH-MAS-22842-013,DVD,DUVVADA,Andhra Pradesh,AP,SB-AP,VSKP,VISAKHAPATNAM,Andhra Pradesh,AP,SB-AP,0,INTRA-SB-AP,SB-AP,INTERMEDIATE_HALT,19:52,20:30,18.0,809.0,1
1737,Howrah → Chennai,HWH-MAS,22842,TBM SRC ANTYODAYA EXPRESS,T2_SUPERFAST,14,TS-HWH-MAS-22842-014,VSKP,VISAKHAPATNAM,Andhra Pradesh,AP,SB-AP,VZM,VIZIANAGRAM JN,Andhra Pradesh,AP,SB-AP,0,INTRA-SB-AP,SB-AP,INTERMEDIATE_HALT,20:50,21:35,61.0,870.0,1
1738,Howrah → Chennai,HWH-MAS,22842,TBM SRC ANTYODAYA EXPRESS,T2_SUPERFAST,15,TS-HWH-MAS-22842-015,VZM,VIZIANAGRAM JN,Andhra Pradesh,AP,SB-AP,CHE,SRIKAKULAM ROAD,Andhra Pradesh,AP,SB-AP,0,INTRA-SB-AP,SB-AP,INTERMEDIATE_HALT,21:40,22:28,69.0,939.0,1
1739,Howrah → Chennai,HWH-MAS,22842,TBM SRC ANTYODAYA EXPRESS,T2_SUPERFAST,16,TS-HWH-MAS-22842-016,CHE,SRIKAKULAM ROAD,Andhra Pradesh,AP,SB-AP,PSA,PALASA,Andhra Pradesh,AP,SB-AP,0,INTRA-SB-AP,SB-AP,INTERMEDIATE_HALT,22:30,23:48,73.0,1012.0,1
1740,Howrah → Chennai,HWH-MAS,22842,TBM SRC ANTYODAYA EXPRESS,T2_SUPERFAST,17,TS-HWH-MAS-22842-017,PSA,PALASA,Andhra Pradesh,AP,SB-AP,SPT,SOMPETA,Andhra Pradesh,AP,SB-AP,0,INTRA-SB-AP,SB-AP,INTERMEDIATE_HALT,23:50,00:09,31.0,1043.0,2
1741,Howrah → Chennai,HWH-MAS,22842,TBM SRC ANTYODAYA EXPRESS,T2_SUPERFAST,18,TS-HWH-MAS-22842-018,SPT,SOMPETA,Andhra Pradesh,AP,SB-AP,BAM,BRAHMAPUR,Odisha,OD,SB-OD,1,SB-AP->SB-OD,SB-XING-AP-OD,INTERMEDIATE_HALT,00:10,00:33,43.0,1086.0,2
1742,Howrah → Chennai,HWH-MAS,22842,TBM SRC ANTYODAYA EXPRESS,T2_SUPERFAST,19,TS-HWH-MAS-22842-019,BAM,BRAHMAPUR,Odisha,OD,SB-OD,CAP,CHATRAPUR,Odisha,OD,SB-OD,0,INTRA-SB-OD,SB-OD,INTERMEDIATE_HALT,00:35,00:53,21.0,1107.0,2
1743,Howrah → Chennai,HWH-MAS,22842,TBM SRC ANTYODAYA EXPRESS,T2_SUPERFAST,20,TS-HWH-MAS-22842-020,CAP,CHATRAPUR,Odisha,OD,SB-OD,BALU,BALUGAN,Odisha,OD,SB-OD,0,INTRA-SB-OD,SB-OD,INTERMEDIATE_HALT,00:55,01:33,55.0,1162.0,2
1744,Howrah → Chennai,HWH-MAS,22842,TBM SRC ANTYODAYA EXPRESS,T2_SUPERFAST,21,TS-HWH-MAS-22842-021,BALU,BALUGAN,Odisha,OD,SB-OD,KUR,KHURDA ROAD JN,Odisha,OD,SB-OD,0,INTRA-SB-OD,SB-OD,INTERMEDIATE_HALT,01:35,02:30,71.0,1233.0,2
1745,Howrah → Chennai,HWH-MAS,22842,TBM SRC ANTYODAYA EXPRESS,T2_SUPERFAST,22,TS-HWH-MAS-22842-022,KUR,KHURDA ROAD JN,Odisha,OD,SB-OD,BBS,BHUBANESWAR,Odisha,OD,SB-OD,0,INTRA-SB-OD,SB-OD,INTERMEDIATE_HALT,02:40,03:05,18.0,1251.0,2
1746,Howrah → Chennai,HWH-MAS,22842,TBM SRC ANTYODAYA EXPRESS,T2_SUPERFAST,23,TS-HWH-MAS-22842-023,BBS,BHUBANESWAR,Odisha,OD,SB-OD,CTC,CUTTACK,Odisha,OD,SB-OD,0,INTRA-SB-OD,SB-OD,INTERMEDIATE_HALT,03:10,03:30,28.0,1279.0,2
1747,Howrah → Chennai,HWH-MAS,22842,TBM SRC ANTYODAYA EXPRESS,T2_SUPERFAST,24,TS-HWH-MAS-22842-024,CTC,CUTTACK,Odisha,OD,SB-OD,JJKR,JAJPUR K ROAD,Odisha,OD,SB-OD,0,INTRA-SB-OD,SB-OD,INTERMEDIATE_HALT,03:35,04:38,72.0,1351.0,2
1748,Howrah → Chennai,HWH-MAS,22842,TBM SRC ANTYODAYA EXPRESS,T2_SUPERFAST,25,TS-HWH-MAS-22842-025,JJKR,JAJPUR K ROAD,Odisha,OD,SB-OD,BHC,BHADRAKH,Odisha,OD,SB-OD,0,INTRA-SB-OD,SB-OD,INTERMEDIATE_HALT,04:40,05:55,43.0,1394.0,2
1749,Howrah → Chennai,HWH-MAS,22842,TBM SRC ANTYODAYA EXPRESS,T2_SUPERFAST,26,TS-HWH-MAS-22842-026,BHC,BHADRAKH,Odisha,OD,SB-OD,BLS,BALASORE,Odisha,OD,SB-OD,0,INTRA-SB-OD,SB-OD,INTERMEDIATE_HALT,05:57,06:35,59.0,1453.0,2
1750,Howrah → Chennai,HWH-MAS,22842,TBM SRC ANTYODAYA EXPRESS,T2_SUPERFAST,27,TS-HWH-MAS-22842-027,BLS,BALASORE,Odisha,OD,SB-OD,KGP,KHARAGPUR JN,West Bengal,WB,SB-WB,1,SB-OD->SB-WB,SB-XING-OD-WB,INTERMEDIATE_HALT,06:37,08:25,121.0,1574.0,2
1751,Howrah → Chennai,HWH-MAS,22842,TBM SRC ANTYODAYA EXPRESS,T2_SUPERFAST,28,TS-HWH-MAS-22842-028,KGP,KHARAGPUR JN,West Bengal,WB,SB-WB,SRC,SANTRAGACHI JN,West Bengal,WB,SB-WB,0,INTRA-SB-WB,SB-WB,HALTN_TO_DESTINATION,08:30,10:55,109.0,1683.0,2
1752,Howrah → Guwahati,HWH-GHY,12345,SARAIGHAT EXP,T2_SUPERFAST,1,TS-HWH-GHY-12345-001,HWH,HOWRAH JN,West Bengal,WB,SB-WB,BWN,BARDHAMAN,West Bengal,WB,SB-WB,0,INTRA-SB-WB,SB-WB,SOURCE_TO_HALT1,16:05,16:57,95.0,95.0,1
1753,Howrah → Guwahati,HWH-GHY,12345,SARAIGHAT EXP,T2_SUPERFAST,2,TS-HWH-GHY-12345-002,BWN,BARDHAMAN,West Bengal,WB,SB-WB,BHP,BOLPUR S NIKTN,West Bengal,WB,SB-WB,0,INTRA-SB-WB,SB-WB,INTERMEDIATE_HALT,16:59,17:48,51.0,146.0,1
1754,Howrah → Guwahati,HWH-GHY,12345,SARAIGHAT EXP,T2_SUPERFAST,3,TS-HWH-GHY-12345-003,BHP,BOLPUR S NIKTN,West Bengal,WB,SB-WB,SNT,SAINTHIA,West Bengal,WB,SB-WB,0,INTRA-SB-WB,SB-WB,INTERMEDIATE_HALT,17:53,18:19,33.0,179.0,1
1755,Howrah → Guwahati,HWH-GHY,12345,SARAIGHAT EXP,T2_SUPERFAST,4,TS-HWH-GHY-12345-004,SNT,SAINTHIA,West Bengal,WB,SB-WB,RPH,RAMPUR HAT,West Bengal,WB,SB-WB,0,INTRA-SB-WB,SB-WB,INTERMEDIATE_HALT,18:21,18:50,28.0,207.0,1
1756,Howrah → Guwahati,HWH-GHY,12345,SARAIGHAT EXP,T2_SUPERFAST,5,TS-HWH-GHY-12345-005,RPH,RAMPUR HAT,West Bengal,WB,SB-WB,NFK,NEW FARAKKA JN,West Bengal,WB,SB-WB,0,INTRA-SB-WB,SB-WB,INTERMEDIATE_HALT,18:52,20:31,88.0,295.0,1
1757,Howrah → Guwahati,HWH-GHY,12345,SARAIGHAT EXP,T2_SUPERFAST,6,TS-HWH-GHY-12345-006,NFK,NEW FARAKKA JN,West Bengal,WB,SB-WB,MLDT,MALDA TOWN,West Bengal,WB,SB-WB,0,INTRA-SB-WB,SB-WB,INTERMEDIATE_HALT,20:33,21:20,34.0,329.0,1
1758,Howrah → Guwahati,HWH-GHY,12345,SARAIGHAT EXP,T2_SUPERFAST,7,TS-HWH-GHY-12345-007,MLDT,MALDA TOWN,West Bengal,WB,SB-WB,KNE,KISHANGANJ,Bihar,BR,SB-BR,1,SB-WB->SB-BR,SB-XING-WB-BR,INTERMEDIATE_HALT,21:30,23:28,145.0,474.0,1
1759,Howrah → Guwahati,HWH-GHY,12345,SARAIGHAT EXP,T2_SUPERFAST,8,TS-HWH-GHY-12345-008,KNE,KISHANGANJ,Bihar,BR,SB-BR,NJP,NEW JALPAIGURI,West Bengal,WB,SB-WB,1,SB-BR->SB-WB,SB-XING-BR-WB,INTERMEDIATE_HALT,23:30,01:05,88.0,562.0,2
1760,Howrah → Guwahati,HWH-GHY,12345,SARAIGHAT EXP,T2_SUPERFAST,9,TS-HWH-GHY-12345-009,NJP,NEW JALPAIGURI,West Bengal,WB,SB-WB,DQG,DHUPGURI,West Bengal,WB,SB-WB,0,INTRA-SB-WB,SB-WB,INTERMEDIATE_HALT,01:15,02:20,65.0,627.0,2
1761,Howrah → Guwahati,HWH-GHY,12345,SARAIGHAT EXP,T2_SUPERFAST,10,TS-HWH-GHY-12345-010,DQG,DHUPGURI,West Bengal,WB,SB-WB,FLK,FALAKATA,West Bengal,WB,SB-WB,0,INTRA-SB-WB,SB-WB,INTERMEDIATE_HALT,02:22,02:46,23.0,650.0,2
1762,Howrah → Guwahati,HWH-GHY,12345,SARAIGHAT EXP,T2_SUPERFAST,11,TS-HWH-GHY-12345-011,FLK,FALAKATA,West Bengal,WB,SB-WB,NCB,NEW COOCH BEHAR,West Bengal,WB,SB-WB,0,INTRA-SB-WB,SB-WB,INTERMEDIATE_HALT,02:48,03:18,38.0,688.0,2
1763,Howrah → Guwahati,HWH-GHY,12345,SARAIGHAT EXP,T2_SUPERFAST,12,TS-HWH-GHY-12345-012,NCB,NEW COOCH BEHAR,West Bengal,WB,SB-WB,NOQ,NEW ALIPURDUAR,West Bengal,WB,SB-WB,0,INTRA-SB-WB,SB-WB,INTERMEDIATE_HALT,03:20,03:40,18.0,706.0,2
1764,Howrah → Guwahati,HWH-GHY,12345,SARAIGHAT EXP,T2_SUPERFAST,13,TS-HWH-GHY-12345-013,NOQ,NEW ALIPURDUAR,West Bengal,WB,SB-WB,KOJ,KOKRAJHAR,Assam,AS,SB-AS,1,SB-WB->SB-AS,SB-XING-WB-AS,INTERMEDIATE_HALT,03:42,04:38,79.0,785.0,2
1765,Howrah → Guwahati,HWH-GHY,12345,SARAIGHAT EXP,T2_SUPERFAST,14,TS-HWH-GHY-12345-014,KOJ,KOKRAJHAR,Assam,AS,SB-AS,NBQ,NEW BONGAIGAON,Assam,AS,SB-AS,0,INTRA-SB-AS,SB-AS,INTERMEDIATE_HALT,04:40,05:45,31.0,816.0,2
1766,Howrah → Guwahati,HWH-GHY,12345,SARAIGHAT EXP,T2_SUPERFAST,15,TS-HWH-GHY-12345-015,NBQ,NEW BONGAIGAON,Assam,AS,SB-AS,GLPT,GOALPARA TOWN,Assam,AS,SB-AS,0,INTRA-SB-AS,SB-AS,INTERMEDIATE_HALT,05:55,06:35,51.0,867.0,2
1767,Howrah → Guwahati,HWH-GHY,12345,SARAIGHAT EXP,T2_SUPERFAST,16,TS-HWH-GHY-12345-016,GLPT,GOALPARA TOWN,Assam,AS,SB-AS,KYQ,KAMAKHYA,Assam,AS,SB-AS,0,INTRA-SB-AS,SB-AS,INTERMEDIATE_HALT,06:37,08:58,125.0,992.0,2
1768,Howrah → Guwahati,HWH-GHY,12345,SARAIGHAT EXP,T2_SUPERFAST,17,TS-HWH-GHY-12345-017,KYQ,KAMAKHYA,Assam,AS,SB-AS,GHY,GUWAHATI,Assam,AS,SB-AS,0,INTRA-SB-AS,SB-AS,HALTN_TO_DESTINATION,09:03,09:40,6.0,998.0,2
1769,Howrah → Guwahati,HWH-GHY,12517,GHY GARIB RATH,T3_EXPRESS_PASSENGER,1,TS-HWH-GHY-12517-001,KOAA,KOLKATTA TERMINAL,West Bengal,WB,SB-WB,BDC,BANDEL,West Bengal,WB,SB-WB,0,INTRA-SB-WB,SB-WB,SOURCE_TO_HALT1,21:45,22:54,43.0,43.0,1
1770,Howrah → Guwahati,HWH-GHY,12517,GHY GARIB RATH,T3_EXPRESS_PASSENGER,2,TS-HWH-GHY-12517-002,BDC,BANDEL,West Bengal,WB,SB-WB,NDAE,NABADWIP DHAM,West Bengal,WB,SB-WB,0,INTRA-SB-WB,SB-WB,INTERMEDIATE_HALT,22:56,23:38,66.0,109.0,1
1771,Howrah → Guwahati,HWH-GHY,12517,GHY GARIB RATH,T3_EXPRESS_PASSENGER,3,TS-HWH-GHY-12517-003,NDAE,NABADWIP DHAM,West Bengal,WB,SB-WB,KWAE,KATWA,West Bengal,WB,SB-WB,0,INTRA-SB-WB,SB-WB,INTERMEDIATE_HALT,23:40,00:18,39.0,148.0,2
1772,Howrah → Guwahati,HWH-GHY,12517,GHY GARIB RATH,T3_EXPRESS_PASSENGER,4,TS-HWH-GHY-12517-004,KWAE,KATWA,West Bengal,WB,SB-WB,AZ,AZIMGANJ JN,West Bengal,WB,SB-WB,0,INTRA-SB-WB,SB-WB,INTERMEDIATE_HALT,00:20,01:45,73.0,221.0,2
1773,Howrah → Guwahati,HWH-GHY,12517,GHY GARIB RATH,T3_EXPRESS_PASSENGER,5,TS-HWH-GHY-12517-005,AZ,AZIMGANJ JN,West Bengal,WB,SB-WB,JRLE,JANGIPUR ROAD,West Bengal,WB,SB-WB,0,INTRA-SB-WB,SB-WB,INTERMEDIATE_HALT,01:50,02:16,35.0,256.0,2
1774,Howrah → Guwahati,HWH-GHY,12517,GHY GARIB RATH,T3_EXPRESS_PASSENGER,6,TS-HWH-GHY-12517-006,JRLE,JANGIPUR ROAD,West Bengal,WB,SB-WB,NILE,NIMITITA,West Bengal,WB,SB-WB,0,INTRA-SB-WB,SB-WB,INTERMEDIATE_HALT,02:17,02:36,20.0,276.0,2
1775,Howrah → Guwahati,HWH-GHY,12517,GHY GARIB RATH,T3_EXPRESS_PASSENGER,7,TS-HWH-GHY-12517-007,NILE,NIMITITA,West Bengal,WB,SB-WB,MLDT,MALDA TOWN,West Bengal,WB,SB-WB,0,INTRA-SB-WB,SB-WB,INTERMEDIATE_HALT,02:38,03:50,62.0,338.0,2
1776,Howrah → Guwahati,HWH-GHY,12517,GHY GARIB RATH,T3_EXPRESS_PASSENGER,8,TS-HWH-GHY-12517-008,MLDT,MALDA TOWN,West Bengal,WB,SB-WB,KNE,KISHANGANJ,Bihar,BR,SB-BR,1,SB-WB->SB-BR,SB-XING-WB-BR,INTERMEDIATE_HALT,04:00,05:58,145.0,483.0,2
1777,Howrah → Guwahati,HWH-GHY,12517,GHY GARIB RATH,T3_EXPRESS_PASSENGER,9,TS-HWH-GHY-12517-009,KNE,KISHANGANJ,Bihar,BR,SB-BR,NJP,NEW JALPAIGURI,West Bengal,WB,SB-WB,1,SB-BR->SB-WB,SB-XING-BR-WB,INTERMEDIATE_HALT,06:00,07:25,87.0,570.0,2
1778,Howrah → Guwahati,HWH-GHY,12517,GHY GARIB RATH,T3_EXPRESS_PASSENGER,10,TS-HWH-GHY-12517-010,NJP,NEW JALPAIGURI,West Bengal,WB,SB-WB,NCB,NEW COOCH BEHAR,West Bengal,WB,SB-WB,0,INTRA-SB-WB,SB-WB,INTERMEDIATE_HALT,07:35,09:40,127.0,697.0,2
1779,Howrah → Guwahati,HWH-GHY,12517,GHY GARIB RATH,T3_EXPRESS_PASSENGER,11,TS-HWH-GHY-12517-011,NCB,NEW COOCH BEHAR,West Bengal,WB,SB-WB,NOQ,NEW ALIPURDUAR,West Bengal,WB,SB-WB,0,INTRA-SB-WB,SB-WB,INTERMEDIATE_HALT,09:42,10:00,18.0,715.0,2
1780,Howrah → Guwahati,HWH-GHY,12517,GHY GARIB RATH,T3_EXPRESS_PASSENGER,12,TS-HWH-GHY-12517-012,NOQ,NEW ALIPURDUAR,West Bengal,WB,SB-WB,KOJ,KOKRAJHAR,Assam,AS,SB-AS,1,SB-WB->SB-AS,SB-XING-WB-AS,INTERMEDIATE_HALT,10:02,11:18,78.0,793.0,2
1781,Howrah → Guwahati,HWH-GHY,12517,GHY GARIB RATH,T3_EXPRESS_PASSENGER,13,TS-HWH-GHY-12517-013,KOJ,KOKRAJHAR,Assam,AS,SB-AS,NBQ,NEW BONGAIGAON,Assam,AS,SB-AS,0,INTRA-SB-AS,SB-AS,INTERMEDIATE_HALT,11:20,11:55,32.0,825.0,2
1782,Howrah → Guwahati,HWH-GHY,12517,GHY GARIB RATH,T3_EXPRESS_PASSENGER,14,TS-HWH-GHY-12517-014,NBQ,NEW BONGAIGAON,Assam,AS,SB-AS,GLPT,GOALPARA TOWN,Assam,AS,SB-AS,0,INTRA-SB-AS,SB-AS,INTERMEDIATE_HALT,11:57,12:38,51.0,876.0,2
1783,Howrah → Guwahati,HWH-GHY,12517,GHY GARIB RATH,T3_EXPRESS_PASSENGER,15,TS-HWH-GHY-12517-015,GLPT,GOALPARA TOWN,Assam,AS,SB-AS,GHY,GUWAHATI,Assam,AS,SB-AS,0,INTRA-SB-AS,SB-AS,HALTN_TO_DESTINATION,12:40,15:55,131.0,1007.0,2
1784,Howrah → Guwahati,HWH-GHY,27575,VANDE BHARAT SL,T1_PREMIUM,1,TS-HWH-GHY-27575-001,HWH,HOWRAH JN,West Bengal,WB,SB-WB,BDC,BANDEL,West Bengal,WB,SB-WB,0,INTRA-SB-WB,SB-WB,SOURCE_TO_HALT1,18:20,18:56,39.0,39.0,1
1785,Howrah → Guwahati,HWH-GHY,27575,VANDE BHARAT SL,T1_PREMIUM,2,TS-HWH-GHY-27575-002,BDC,BANDEL,West Bengal,WB,SB-WB,NDAE,NABADWIP DHAM,West Bengal,WB,SB-WB,0,INTRA-SB-WB,SB-WB,INTERMEDIATE_HALT,18:58,19:36,66.0,105.0,1
1786,Howrah → Guwahati,HWH-GHY,27575,VANDE BHARAT SL,T1_PREMIUM,3,TS-HWH-GHY-27575-003,NDAE,NABADWIP DHAM,West Bengal,WB,SB-WB,KWAE,KATWA,West Bengal,WB,SB-WB,0,INTRA-SB-WB,SB-WB,INTERMEDIATE_HALT,19:38,20:03,39.0,144.0,1
1787,Howrah → Guwahati,HWH-GHY,27575,VANDE BHARAT SL,T1_PREMIUM,4,TS-HWH-GHY-27575-004,KWAE,KATWA,West Bengal,WB,SB-WB,AZ,AZIMGANJ JN,West Bengal,WB,SB-WB,0,INTRA-SB-WB,SB-WB,INTERMEDIATE_HALT,20:05,20:50,73.0,217.0,1
1788,Howrah → Guwahati,HWH-GHY,27575,VANDE BHARAT SL,T1_PREMIUM,5,TS-HWH-GHY-27575-005,AZ,AZIMGANJ JN,West Bengal,WB,SB-WB,NFK,NEW FARAKKA JN,West Bengal,WB,SB-WB,0,INTRA-SB-WB,SB-WB,INTERMEDIATE_HALT,20:55,21:48,82.0,299.0,1
1789,Howrah → Guwahati,HWH-GHY,27575,VANDE BHARAT SL,T1_PREMIUM,6,TS-HWH-GHY-27575-006,NFK,NEW FARAKKA JN,West Bengal,WB,SB-WB,MLDT,MALDA TOWN,West Bengal,WB,SB-WB,0,INTRA-SB-WB,SB-WB,INTERMEDIATE_HALT,21:50,22:50,35.0,334.0,1
1790,Howrah → Guwahati,HWH-GHY,27575,VANDE BHARAT SL,T1_PREMIUM,7,TS-HWH-GHY-27575-007,MLDT,MALDA TOWN,West Bengal,WB,SB-WB,AUB,ALUABARI ROAD,West Bengal,WB,SB-WB,0,INTRA-SB-WB,SB-WB,INTERMEDIATE_HALT,23:00,00:58,176.0,510.0,2
1791,Howrah → Guwahati,HWH-GHY,27575,VANDE BHARAT SL,T1_PREMIUM,8,TS-HWH-GHY-27575-008,AUB,ALUABARI ROAD,West Bengal,WB,SB-WB,NJP,NEW JALPAIGURI,West Bengal,WB,SB-WB,0,INTRA-SB-WB,SB-WB,INTERMEDIATE_HALT,01:00,01:40,56.0,566.0,2
1792,Howrah → Guwahati,HWH-GHY,27575,VANDE BHARAT SL,T1_PREMIUM,9,TS-HWH-GHY-27575-009,NJP,NEW JALPAIGURI,West Bengal,WB,SB-WB,JPE,JALPAIGURI ROAD,West Bengal,WB,SB-WB,0,INTRA-SB-WB,SB-WB,INTERMEDIATE_HALT,01:50,02:20,34.0,600.0,2
1793,Howrah → Guwahati,HWH-GHY,27575,VANDE BHARAT SL,T1_PREMIUM,10,TS-HWH-GHY-27575-010,JPE,JALPAIGURI ROAD,West Bengal,WB,SB-WB,NCB,NEW COOCH BEHAR,West Bengal,WB,SB-WB,0,INTRA-SB-WB,SB-WB,INTERMEDIATE_HALT,02:22,03:30,93.0,693.0,2
1794,Howrah → Guwahati,HWH-GHY,27575,VANDE BHARAT SL,T1_PREMIUM,11,TS-HWH-GHY-27575-011,NCB,NEW COOCH BEHAR,West Bengal,WB,SB-WB,NOQ,NEW ALIPURDUAR,West Bengal,WB,SB-WB,0,INTRA-SB-WB,SB-WB,INTERMEDIATE_HALT,03:35,03:48,18.0,711.0,2
1795,Howrah → Guwahati,HWH-GHY,27575,VANDE BHARAT SL,T1_PREMIUM,12,TS-HWH-GHY-27575-012,NOQ,NEW ALIPURDUAR,West Bengal,WB,SB-WB,NBQ,NEW BONGAIGAON,Assam,AS,SB-AS,1,SB-WB->SB-AS,SB-XING-WB-AS,INTERMEDIATE_HALT,03:50,05:20,110.0,821.0,2
1796,Howrah → Guwahati,HWH-GHY,27575,VANDE BHARAT SL,T1_PREMIUM,13,TS-HWH-GHY-27575-013,NBQ,NEW BONGAIGAON,Assam,AS,SB-AS,RNY,RANGIYA JN,Assam,AS,SB-AS,0,INTRA-SB-AS,SB-AS,INTERMEDIATE_HALT,05:22,06:50,109.0,930.0,2
1797,Howrah → Guwahati,HWH-GHY,27575,VANDE BHARAT SL,T1_PREMIUM,14,TS-HWH-GHY-27575-014,RNY,RANGIYA JN,Assam,AS,SB-AS,KYQ,KAMAKHYA,Assam,AS,SB-AS,0,INTRA-SB-AS,SB-AS,HALTN_TO_DESTINATION,06:52,08:20,41.0,971.0,2
1798,Howrah → Guwahati,HWH-GHY,12346,SARAIGHAT EXP,T2_SUPERFAST,1,TS-HWH-GHY-12346-001,GHY,GUWAHATI,Assam,AS,SB-AS,KYQ,KAMAKHYA,Assam,AS,SB-AS,0,INTRA-SB-AS,SB-AS,SOURCE_TO_HALT1,12:40,12:55,6.0,6.0,1
1799,Howrah → Guwahati,HWH-GHY,12346,SARAIGHAT EXP,T2_SUPERFAST,2,TS-HWH-GHY-12346-002,KYQ,KAMAKHYA,Assam,AS,SB-AS,GLPT,GOALPARA TOWN,Assam,AS,SB-AS,0,INTRA-SB-AS,SB-AS,INTERMEDIATE_HALT,13:00,14:38,125.0,131.0,1
1800,Howrah → Guwahati,HWH-GHY,12346,SARAIGHAT EXP,T2_SUPERFAST,3,TS-HWH-GHY-12346-003,GLPT,GOALPARA TOWN,Assam,AS,SB-AS,NBQ,NEW BONGAIGAON,Assam,AS,SB-AS,0,INTRA-SB-AS,SB-AS,INTERMEDIATE_HALT,14:40,15:30,51.0,182.0,1
1801,Howrah → Guwahati,HWH-GHY,12346,SARAIGHAT EXP,T2_SUPERFAST,4,TS-HWH-GHY-12346-004,NBQ,NEW BONGAIGAON,Assam,AS,SB-AS,KOJ,KOKRAJHAR,Assam,AS,SB-AS,0,INTRA-SB-AS,SB-AS,INTERMEDIATE_HALT,15:40,16:00,32.0,214.0,1
1802,Howrah → Guwahati,HWH-GHY,12346,SARAIGHAT EXP,T2_SUPERFAST,5,TS-HWH-GHY-12346-005,KOJ,KOKRAJHAR,Assam,AS,SB-AS,NOQ,NEW ALIPURDUAR,West Bengal,WB,SB-WB,1,SB-AS->SB-WB,SB-XING-AS-WB,INTERMEDIATE_HALT,16:02,17:05,78.0,292.0,1
1803,Howrah → Guwahati,HWH-GHY,12346,SARAIGHAT EXP,T2_SUPERFAST,6,TS-HWH-GHY-12346-006,NOQ,NEW ALIPURDUAR,West Bengal,WB,SB-WB,NCB,NEW COOCH BEHAR,West Bengal,WB,SB-WB,0,INTRA-SB-WB,SB-WB,INTERMEDIATE_HALT,17:07,17:30,18.0,310.0,1
1804,Howrah → Guwahati,HWH-GHY,12346,SARAIGHAT EXP,T2_SUPERFAST,7,TS-HWH-GHY-12346-007,NCB,NEW COOCH BEHAR,West Bengal,WB,SB-WB,FLK,FALAKATA,West Bengal,WB,SB-WB,0,INTRA-SB-WB,SB-WB,INTERMEDIATE_HALT,17:32,18:02,39.0,349.0,1
1805,Howrah → Guwahati,HWH-GHY,12346,SARAIGHAT EXP,T2_SUPERFAST,8,TS-HWH-GHY-12346-008,FLK,FALAKATA,West Bengal,WB,SB-WB,DQG,DHUPGURI,West Bengal,WB,SB-WB,0,INTRA-SB-WB,SB-WB,INTERMEDIATE_HALT,18:04,18:28,22.0,371.0,1
1806,Howrah → Guwahati,HWH-GHY,12346,SARAIGHAT EXP,T2_SUPERFAST,9,TS-HWH-GHY-12346-009,DQG,DHUPGURI,West Bengal,WB,SB-WB,NJP,NEW JALPAIGURI,West Bengal,WB,SB-WB,0,INTRA-SB-WB,SB-WB,INTERMEDIATE_HALT,18:30,19:55,66.0,437.0,1
1807,Howrah → Guwahati,HWH-GHY,12346,SARAIGHAT EXP,T2_SUPERFAST,10,TS-HWH-GHY-12346-010,NJP,NEW JALPAIGURI,West Bengal,WB,SB-WB,KNE,KISHANGANJ,Bihar,BR,SB-BR,1,SB-WB->SB-BR,SB-XING-WB-BR,INTERMEDIATE_HALT,20:05,21:05,87.0,524.0,1
1808,Howrah → Guwahati,HWH-GHY,12346,SARAIGHAT EXP,T2_SUPERFAST,11,TS-HWH-GHY-12346-011,KNE,KISHANGANJ,Bihar,BR,SB-BR,MLDT,MALDA TOWN,West Bengal,WB,SB-WB,1,SB-BR->SB-WB,SB-XING-BR-WB,INTERMEDIATE_HALT,21:07,23:38,145.0,669.0,1
1809,Howrah → Guwahati,HWH-GHY,12346,SARAIGHAT EXP,T2_SUPERFAST,12,TS-HWH-GHY-12346-012,MLDT,MALDA TOWN,West Bengal,WB,SB-WB,NFK,NEW FARAKKA JN,West Bengal,WB,SB-WB,0,INTRA-SB-WB,SB-WB,INTERMEDIATE_HALT,23:48,00:20,35.0,704.0,2
1810,Howrah → Guwahati,HWH-GHY,12346,SARAIGHAT EXP,T2_SUPERFAST,13,TS-HWH-GHY-12346-013,NFK,NEW FARAKKA JN,West Bengal,WB,SB-WB,RPH,RAMPUR HAT,West Bengal,WB,SB-WB,0,INTRA-SB-WB,SB-WB,INTERMEDIATE_HALT,00:22,01:38,87.0,791.0,2
1811,Howrah → Guwahati,HWH-GHY,12346,SARAIGHAT EXP,T2_SUPERFAST,14,TS-HWH-GHY-12346-014,RPH,RAMPUR HAT,West Bengal,WB,SB-WB,SNT,SAINTHIA,West Bengal,WB,SB-WB,0,INTRA-SB-WB,SB-WB,INTERMEDIATE_HALT,01:40,02:02,28.0,819.0,2
1812,Howrah → Guwahati,HWH-GHY,12346,SARAIGHAT EXP,T2_SUPERFAST,15,TS-HWH-GHY-12346-015,SNT,SAINTHIA,West Bengal,WB,SB-WB,BHP,BOLPUR S NIKTN,West Bengal,WB,SB-WB,0,INTRA-SB-WB,SB-WB,INTERMEDIATE_HALT,02:04,02:29,33.0,852.0,2
1813,Howrah → Guwahati,HWH-GHY,12346,SARAIGHAT EXP,T2_SUPERFAST,16,TS-HWH-GHY-12346-016,BHP,BOLPUR S NIKTN,West Bengal,WB,SB-WB,BWN,BARDHAMAN,West Bengal,WB,SB-WB,0,INTRA-SB-WB,SB-WB,INTERMEDIATE_HALT,02:31,03:28,51.0,903.0,2
1814,Howrah → Guwahati,HWH-GHY,12346,SARAIGHAT EXP,T2_SUPERFAST,17,TS-HWH-GHY-12346-017,BWN,BARDHAMAN,West Bengal,WB,SB-WB,HWH,HOWRAH JN,West Bengal,WB,SB-WB,0,INTRA-SB-WB,SB-WB,HALTN_TO_DESTINATION,03:30,05:20,95.0,998.0,2
1815,Howrah → Guwahati,HWH-GHY,12518,KOAA GARIB RATH,T3_EXPRESS_PASSENGER,1,TS-HWH-GHY-12518-001,GHY,GUWAHATI,Assam,AS,SB-AS,GLPT,GOALPARA TOWN,Assam,AS,SB-AS,0,INTRA-SB-AS,SB-AS,SOURCE_TO_HALT1,21:00,22:48,131.0,131.0,1
1816,Howrah → Guwahati,HWH-GHY,12518,KOAA GARIB RATH,T3_EXPRESS_PASSENGER,2,TS-HWH-GHY-12518-002,GLPT,GOALPARA TOWN,Assam,AS,SB-AS,NBQ,NEW BONGAIGAON,Assam,AS,SB-AS,0,INTRA-SB-AS,SB-AS,INTERMEDIATE_HALT,22:50,23:48,51.0,182.0,1
1817,Howrah → Guwahati,HWH-GHY,12518,KOAA GARIB RATH,T3_EXPRESS_PASSENGER,3,TS-HWH-GHY-12518-003,NBQ,NEW BONGAIGAON,Assam,AS,SB-AS,KOJ,KOKRAJHAR,Assam,AS,SB-AS,0,INTRA-SB-AS,SB-AS,INTERMEDIATE_HALT,23:50,00:30,32.0,214.0,2
1818,Howrah → Guwahati,HWH-GHY,12518,KOAA GARIB RATH,T3_EXPRESS_PASSENGER,4,TS-HWH-GHY-12518-004,KOJ,KOKRAJHAR,Assam,AS,SB-AS,NOQ,NEW ALIPURDUAR,West Bengal,WB,SB-WB,1,SB-AS->SB-WB,SB-XING-AS-WB,INTERMEDIATE_HALT,00:32,01:28,78.0,292.0,2
1819,Howrah → Guwahati,HWH-GHY,12518,KOAA GARIB RATH,T3_EXPRESS_PASSENGER,5,TS-HWH-GHY-12518-005,NOQ,NEW ALIPURDUAR,West Bengal,WB,SB-WB,NCB,NEW COOCH BEHAR,West Bengal,WB,SB-WB,0,INTRA-SB-WB,SB-WB,INTERMEDIATE_HALT,01:30,01:53,18.0,310.0,2
1820,Howrah → Guwahati,HWH-GHY,12518,KOAA GARIB RATH,T3_EXPRESS_PASSENGER,6,TS-HWH-GHY-12518-006,NCB,NEW COOCH BEHAR,West Bengal,WB,SB-WB,NJP,NEW JALPAIGURI,West Bengal,WB,SB-WB,0,INTRA-SB-WB,SB-WB,INTERMEDIATE_HALT,01:55,04:25,127.0,437.0,2
1821,Howrah → Guwahati,HWH-GHY,12518,KOAA GARIB RATH,T3_EXPRESS_PASSENGER,7,TS-HWH-GHY-12518-007,NJP,NEW JALPAIGURI,West Bengal,WB,SB-WB,KNE,KISHANGANJ,Bihar,BR,SB-BR,1,SB-WB->SB-BR,SB-XING-WB-BR,INTERMEDIATE_HALT,04:35,05:36,87.0,524.0,2
1822,Howrah → Guwahati,HWH-GHY,12518,KOAA GARIB RATH,T3_EXPRESS_PASSENGER,8,TS-HWH-GHY-12518-008,KNE,KISHANGANJ,Bihar,BR,SB-BR,MLDT,MALDA TOWN,West Bengal,WB,SB-WB,1,SB-BR->SB-WB,SB-XING-BR-WB,INTERMEDIATE_HALT,05:38,08:05,145.0,669.0,2
1823,Howrah → Guwahati,HWH-GHY,12518,KOAA GARIB RATH,T3_EXPRESS_PASSENGER,9,TS-HWH-GHY-12518-009,MLDT,MALDA TOWN,West Bengal,WB,SB-WB,NILE,NIMITITA,West Bengal,WB,SB-WB,0,INTRA-SB-WB,SB-WB,INTERMEDIATE_HALT,08:15,09:10,62.0,731.0,2
1824,Howrah → Guwahati,HWH-GHY,12518,KOAA GARIB RATH,T3_EXPRESS_PASSENGER,10,TS-HWH-GHY-12518-010,NILE,NIMITITA,West Bengal,WB,SB-WB,JRLE,JANGIPUR ROAD,West Bengal,WB,SB-WB,0,INTRA-SB-WB,SB-WB,INTERMEDIATE_HALT,09:12,09:25,20.0,751.0,2
1825,Howrah → Guwahati,HWH-GHY,12518,KOAA GARIB RATH,T3_EXPRESS_PASSENGER,11,TS-HWH-GHY-12518-011,JRLE,JANGIPUR ROAD,West Bengal,WB,SB-WB,AZ,AZIMGANJ JN,West Bengal,WB,SB-WB,0,INTRA-SB-WB,SB-WB,INTERMEDIATE_HALT,09:26,10:25,35.0,786.0,2
1826,Howrah → Guwahati,HWH-GHY,12518,KOAA GARIB RATH,T3_EXPRESS_PASSENGER,12,TS-HWH-GHY-12518-012,AZ,AZIMGANJ JN,West Bengal,WB,SB-WB,KWAE,KATWA,West Bengal,WB,SB-WB,0,INTRA-SB-WB,SB-WB,INTERMEDIATE_HALT,10:27,11:24,73.0,859.0,2
1827,Howrah → Guwahati,HWH-GHY,12518,KOAA GARIB RATH,T3_EXPRESS_PASSENGER,13,TS-HWH-GHY-12518-013,KWAE,KATWA,West Bengal,WB,SB-WB,NDAE,NABADWIP DHAM,West Bengal,WB,SB-WB,0,INTRA-SB-WB,SB-WB,INTERMEDIATE_HALT,11:26,11:54,39.0,898.0,2
1828,Howrah → Guwahati,HWH-GHY,12518,KOAA GARIB RATH,T3_EXPRESS_PASSENGER,14,TS-HWH-GHY-12518-014,NDAE,NABADWIP DHAM,West Bengal,WB,SB-WB,BDC,BANDEL,West Bengal,WB,SB-WB,0,INTRA-SB-WB,SB-WB,INTERMEDIATE_HALT,11:56,13:00,66.0,964.0,2
1829,Howrah → Guwahati,HWH-GHY,12518,KOAA GARIB RATH,T3_EXPRESS_PASSENGER,15,TS-HWH-GHY-12518-015,BDC,BANDEL,West Bengal,WB,SB-WB,KOAA,KOLKATTA TERMINAL,West Bengal,WB,SB-WB,0,INTRA-SB-WB,SB-WB,HALTN_TO_DESTINATION,13:02,14:35,43.0,1007.0,2
1830,Howrah → Guwahati,HWH-GHY,27576,VANDE BHARAT SL,T1_PREMIUM,1,TS-HWH-GHY-27576-001,KYQ,KAMAKHYA,Assam,AS,SB-AS,RNY,RANGIYA JN,Assam,AS,SB-AS,0,INTRA-SB-AS,SB-AS,SOURCE_TO_HALT1,18:15,18:48,41.0,41.0,1
1831,Howrah → Guwahati,HWH-GHY,27576,VANDE BHARAT SL,T1_PREMIUM,2,TS-HWH-GHY-27576-002,RNY,RANGIYA JN,Assam,AS,SB-AS,NBQ,NEW BONGAIGAON,Assam,AS,SB-AS,0,INTRA-SB-AS,SB-AS,INTERMEDIATE_HALT,18:50,20:08,109.0,150.0,1
1832,Howrah → Guwahati,HWH-GHY,27576,VANDE BHARAT SL,T1_PREMIUM,3,TS-HWH-GHY-27576-003,NBQ,NEW BONGAIGAON,Assam,AS,SB-AS,NOQ,NEW ALIPURDUAR,West Bengal,WB,SB-WB,1,SB-AS->SB-WB,SB-XING-AS-WB,INTERMEDIATE_HALT,20:10,21:23,110.0,260.0,1
1833,Howrah → Guwahati,HWH-GHY,27576,VANDE BHARAT SL,T1_PREMIUM,4,TS-HWH-GHY-27576-004,NOQ,NEW ALIPURDUAR,West Bengal,WB,SB-WB,NCB,NEW COOCH BEHAR,West Bengal,WB,SB-WB,0,INTRA-SB-WB,SB-WB,INTERMEDIATE_HALT,21:25,21:40,18.0,278.0,1
1834,Howrah → Guwahati,HWH-GHY,27576,VANDE BHARAT SL,T1_PREMIUM,5,TS-HWH-GHY-27576-005,NCB,NEW COOCH BEHAR,West Bengal,WB,SB-WB,JPE,JALPAIGURI ROAD,West Bengal,WB,SB-WB,0,INTRA-SB-WB,SB-WB,INTERMEDIATE_HALT,21:45,22:55,93.0,371.0,1
1835,Howrah → Guwahati,HWH-GHY,27576,VANDE BHARAT SL,T1_PREMIUM,6,TS-HWH-GHY-27576-006,JPE,JALPAIGURI ROAD,West Bengal,WB,SB-WB,NJP,NEW JALPAIGURI,West Bengal,WB,SB-WB,0,INTRA-SB-WB,SB-WB,INTERMEDIATE_HALT,22:57,23:30,34.0,405.0,1
1836,Howrah → Guwahati,HWH-GHY,27576,VANDE BHARAT SL,T1_PREMIUM,7,TS-HWH-GHY-27576-007,NJP,NEW JALPAIGURI,West Bengal,WB,SB-WB,AUB,ALUABARI ROAD,West Bengal,WB,SB-WB,0,INTRA-SB-WB,SB-WB,INTERMEDIATE_HALT,23:40,00:22,56.0,461.0,2
1837,Howrah → Guwahati,HWH-GHY,27576,VANDE BHARAT SL,T1_PREMIUM,8,TS-HWH-GHY-27576-008,AUB,ALUABARI ROAD,West Bengal,WB,SB-WB,MLDT,MALDA TOWN,West Bengal,WB,SB-WB,0,INTRA-SB-WB,SB-WB,INTERMEDIATE_HALT,00:24,03:25,176.0,637.0,2
1838,Howrah → Guwahati,HWH-GHY,27576,VANDE BHARAT SL,T1_PREMIUM,9,TS-HWH-GHY-27576-009,MLDT,MALDA TOWN,West Bengal,WB,SB-WB,NFK,NEW FARAKKA JN,West Bengal,WB,SB-WB,0,INTRA-SB-WB,SB-WB,INTERMEDIATE_HALT,03:35,04:02,35.0,672.0,2
1839,Howrah → Guwahati,HWH-GHY,27576,VANDE BHARAT SL,T1_PREMIUM,10,TS-HWH-GHY-27576-010,NFK,NEW FARAKKA JN,West Bengal,WB,SB-WB,AZ,AZIMGANJ JN,West Bengal,WB,SB-WB,0,INTRA-SB-WB,SB-WB,INTERMEDIATE_HALT,04:04,04:57,82.0,754.0,2
1840,Howrah → Guwahati,HWH-GHY,27576,VANDE BHARAT SL,T1_PREMIUM,11,TS-HWH-GHY-27576-011,AZ,AZIMGANJ JN,West Bengal,WB,SB-WB,KWAE,KATWA,West Bengal,WB,SB-WB,0,INTRA-SB-WB,SB-WB,INTERMEDIATE_HALT,05:02,05:46,73.0,827.0,2
1841,Howrah → Guwahati,HWH-GHY,27576,VANDE BHARAT SL,T1_PREMIUM,12,TS-HWH-GHY-27576-012,KWAE,KATWA,West Bengal,WB,SB-WB,NDAE,NABADWIP DHAM,West Bengal,WB,SB-WB,0,INTRA-SB-WB,SB-WB,INTERMEDIATE_HALT,05:48,06:13,39.0,866.0,2
1842,Howrah → Guwahati,HWH-GHY,27576,VANDE BHARAT SL,T1_PREMIUM,13,TS-HWH-GHY-27576-013,NDAE,NABADWIP DHAM,West Bengal,WB,SB-WB,BDC,BANDEL,West Bengal,WB,SB-WB,0,INTRA-SB-WB,SB-WB,INTERMEDIATE_HALT,06:15,06:58,66.0,932.0,2
1843,Howrah → Guwahati,HWH-GHY,27576,VANDE BHARAT SL,T1_PREMIUM,14,TS-HWH-GHY-27576-014,BDC,BANDEL,West Bengal,WB,SB-WB,HWH,HOWRAH JN,West Bengal,WB,SB-WB,0,INTRA-SB-WB,SB-WB,HALTN_TO_DESTINATION,07:00,08:15,39.0,971.0,2
